Antibody,Virus,Reference,Pubmed ID,IC50,IC80,ID50
10E8-0fH/0fL,6101_1,Georgiev et al. J Immunol 192:1100 (2014),24391217,0.515,,
10E8-0fH/0fL,92RW020_2,Georgiev et al. J Immunol 192:1100 (2014),24391217,8.99,,
10E8-0fH/0fL,BAL_01,Georgiev et al. J Immunol 192:1100 (2014),24391217,1.57,,
10E8-0fH/0fL,BG1168_1,Georgiev et al. J Immunol 192:1100 (2014),24391217,1.22,,
10E8-0fH/0fL,CAAN5342,Georgiev et al. J Immunol 192:1100 (2014),24391217,>50,,
10E8-0fH/0fL,DU156_12,Georgiev et al. J Immunol 192:1100 (2014),24391217,0.195,,
10E8-0fH/0fL,DU422_1,Georgiev et al. J Immunol 192:1100 (2014),24391217,1.67,,
10E8-0fH/0fL,JRCSF,Georgiev et al. J Immunol 192:1100 (2014),24391217,1.72,,
10E8-0fH/0fL,JRFL,Georgiev et al. J Immunol 192:1100 (2014),24391217,4.17,,
10E8-0fH/0fL,KER2018_11,Georgiev et al. J Immunol 192:1100 (2014),24391217,13.6,,
10E8-0fH/0fL,PVO_4,Georgiev et al. J Immunol 192:1100 (2014),24391217,4.04,,
10E8-0fH/0fL,Q168_A2,Georgiev et al. J Immunol 192:1100 (2014),24391217,6.92,,
10E8-0fH/0fL,Q23_17,Georgiev et al. J Immunol 192:1100 (2014),24391217,6.35,,
10E8-0fH/0fL,Q769_H5,Georgiev et al. J Immunol 192:1100 (2014),24391217,7.79,,
10E8-0fH/0fL,THRO4156,Georgiev et al. J Immunol 192:1100 (2014),24391217,0.18,,
10E8-0fH/0fL,TRJO4551_58,Georgiev et al. J Immunol 192:1100 (2014),24391217,11.1,,
10E8-0fH/0fL,TRO_11,Georgiev et al. J Immunol 192:1100 (2014),24391217,0.57,,
10E8-0fH/0fL,YU2,Georgiev et al. J Immunol 192:1100 (2014),24391217,10.4,,
10E8-0fH/0fL,ZA012_29,Georgiev et al. J Immunol 192:1100 (2014),24391217,4.94,,
10E8-0fH/0fL,ZM106_9,Georgiev et al. J Immunol 192:1100 (2014),24391217,>50,,
10E8-0fH/0fL,ZM55_28A,Georgiev et al. J Immunol 192:1100 (2014),24391217,10.1,,
10E8-0fH/4fL,6101_1,Georgiev et al. J Immunol 192:1100 (2014),24391217,0.113,,
10E8-0fH/4fL,92RW020_2,Georgiev et al. J Immunol 192:1100 (2014),24391217,2.4,,
10E8-0fH/4fL,BAL_01,Georgiev et al. J Immunol 192:1100 (2014),24391217,0.451,,
10E8-0fH/4fL,BG1168_1,Georgiev et al. J Immunol 192:1100 (2014),24391217,0.366,,
10E8-0fH/4fL,CAAN5342,Georgiev et al. J Immunol 192:1100 (2014),24391217,13.2,,
10E8-0fH/4fL,DU156_12,Georgiev et al. J Immunol 192:1100 (2014),24391217,0.09,,
10E8-0fH/4fL,DU422_1,Georgiev et al. J Immunol 192:1100 (2014),24391217,0.743,,
10E8-0fH/4fL,JRCSF,Georgiev et al. J Immunol 192:1100 (2014),24391217,0.344,,
10E8-0fH/4fL,JRFL,Georgiev et al. J Immunol 192:1100 (2014),24391217,1.49,,
10E8-0fH/4fL,KER2018_11,Georgiev et al. J Immunol 192:1100 (2014),24391217,5.52,,
10E8-0fH/4fL,PVO_4,Georgiev et al. J Immunol 192:1100 (2014),24391217,0.345,,
10E8-0fH/4fL,Q168_A2,Georgiev et al. J Immunol 192:1100 (2014),24391217,1.76,,
10E8-0fH/4fL,Q23_17,Georgiev et al. J Immunol 192:1100 (2014),24391217,2.16,,
10E8-0fH/4fL,Q769_H5,Georgiev et al. J Immunol 192:1100 (2014),24391217,1.04,,
10E8-0fH/4fL,THRO4156,Georgiev et al. J Immunol 192:1100 (2014),24391217,0.086,,
10E8-0fH/4fL,TRJO4551_58,Georgiev et al. J Immunol 192:1100 (2014),24391217,4.43,,
10E8-0fH/4fL,TRO_11,Georgiev et al. J Immunol 192:1100 (2014),24391217,0.102,,
10E8-0fH/4fL,YU2,Georgiev et al. J Immunol 192:1100 (2014),24391217,4.62,,
10E8-0fH/4fL,ZA012_29,Georgiev et al. J Immunol 192:1100 (2014),24391217,1.83,,
10E8-0fH/4fL,ZM106_9,Georgiev et al. J Immunol 192:1100 (2014),24391217,>50,,
10E8-0fH/4fL,ZM55_28A,Georgiev et al. J Immunol 192:1100 (2014),24391217,8.88,,
10E8-10fH/10fL,6101_1,Georgiev et al. J Immunol 192:1100 (2014),24391217,0.02,,
10E8-10fH/10fL,92RW020_2,Georgiev et al. J Immunol 192:1100 (2014),24391217,2.51,,
10E8-10fH/10fL,BAL_01,Georgiev et al. J Immunol 192:1100 (2014),24391217,0.848,,
10E8-10fH/10fL,BG1168_1,Georgiev et al. J Immunol 192:1100 (2014),24391217,0.525,,
10E8-10fH/10fL,CAAN5342,Georgiev et al. J Immunol 192:1100 (2014),24391217,4.73,,
10E8-10fH/10fL,DU156_12,Georgiev et al. J Immunol 192:1100 (2014),24391217,0.043,,
10E8-10fH/10fL,DU422_1,Georgiev et al. J Immunol 192:1100 (2014),24391217,0.288,,
10E8-10fH/10fL,JRCSF,Georgiev et al. J Immunol 192:1100 (2014),24391217,0.759,,
10E8-10fH/10fL,JRFL,Georgiev et al. J Immunol 192:1100 (2014),24391217,0.658,,
10E8-10fH/10fL,KER2018_11,Georgiev et al. J Immunol 192:1100 (2014),24391217,5.56,,
10E8-10fH/10fL,PVO_4,Georgiev et al. J Immunol 192:1100 (2014),24391217,2.51,,
10E8-10fH/10fL,Q168_A2,Georgiev et al. J Immunol 192:1100 (2014),24391217,1.56,,
10E8-10fH/10fL,Q23_17,Georgiev et al. J Immunol 192:1100 (2014),24391217,1.35,,
10E8-10fH/10fL,Q769_H5,Georgiev et al. J Immunol 192:1100 (2014),24391217,5.31,,
10E8-10fH/10fL,THRO4156,Georgiev et al. J Immunol 192:1100 (2014),24391217,0.14,,
10E8-10fH/10fL,TRJO4551_58,Georgiev et al. J Immunol 192:1100 (2014),24391217,1.13,,
10E8-10fH/10fL,TRO_11,Georgiev et al. J Immunol 192:1100 (2014),24391217,0.066,,
10E8-10fH/10fL,YU2,Georgiev et al. J Immunol 192:1100 (2014),24391217,4.6,,
10E8-10fH/10fL,ZA012_29,Georgiev et al. J Immunol 192:1100 (2014),24391217,1.29,,
10E8-10fH/10fL,ZM106_9,Georgiev et al. J Immunol 192:1100 (2014),24391217,26,,
10E8-10fH/10fL,ZM55_28A,Georgiev et al. J Immunol 192:1100 (2014),24391217,3.04,,
10E8-10fH/16fL,6101_1,Georgiev et al. J Immunol 192:1100 (2014),24391217,0.012,,
10E8-10fH/16fL,92RW020_2,Georgiev et al. J Immunol 192:1100 (2014),24391217,1.34,,
10E8-10fH/16fL,BAL_01,Georgiev et al. J Immunol 192:1100 (2014),24391217,0.469,,
10E8-10fH/16fL,BG1168_1,Georgiev et al. J Immunol 192:1100 (2014),24391217,0.331,,
10E8-10fH/16fL,CAAN5342,Georgiev et al. J Immunol 192:1100 (2014),24391217,3.64,,
10E8-10fH/16fL,DU156_12,Georgiev et al. J Immunol 192:1100 (2014),24391217,0.037,,
10E8-10fH/16fL,DU422_1,Georgiev et al. J Immunol 192:1100 (2014),24391217,0.153,,
10E8-10fH/16fL,JRCSF,Georgiev et al. J Immunol 192:1100 (2014),24391217,0.366,,
10E8-10fH/16fL,JRFL,Georgiev et al. J Immunol 192:1100 (2014),24391217,0.551,,
10E8-10fH/16fL,KER2018_11,Georgiev et al. J Immunol 192:1100 (2014),24391217,2.97,,
10E8-10fH/16fL,PVO_4,Georgiev et al. J Immunol 192:1100 (2014),24391217,0.431,,
10E8-10fH/16fL,Q168_A2,Georgiev et al. J Immunol 192:1100 (2014),24391217,0.7,,
10E8-10fH/16fL,Q23_17,Georgiev et al. J Immunol 192:1100 (2014),24391217,0.68,,
10E8-10fH/16fL,Q769_H5,Georgiev et al. J Immunol 192:1100 (2014),24391217,0.941,,
10E8-10fH/16fL,THRO4156,Georgiev et al. J Immunol 192:1100 (2014),24391217,0.084,,
10E8-10fH/16fL,TRJO4551_58,Georgiev et al. J Immunol 192:1100 (2014),24391217,1.27,,
10E8-10fH/16fL,TRO_11,Georgiev et al. J Immunol 192:1100 (2014),24391217,0.019,,
10E8-10fH/16fL,YU2,Georgiev et al. J Immunol 192:1100 (2014),24391217,4.01,,
10E8-10fH/16fL,ZA012_29,Georgiev et al. J Immunol 192:1100 (2014),24391217,0.422,,
10E8-10fH/16fL,ZM106_9,Georgiev et al. J Immunol 192:1100 (2014),24391217,>50,,
10E8-10fH/16fL,ZM55_28A,Georgiev et al. J Immunol 192:1100 (2014),24391217,3.11,,
10E8-10fH/4fL,6101_1,Georgiev et al. J Immunol 192:1100 (2014),24391217,0.028,,
10E8-10fH/4fL,92RW020_2,Georgiev et al. J Immunol 192:1100 (2014),24391217,8.09,,
10E8-10fH/4fL,BAL_01,Georgiev et al. J Immunol 192:1100 (2014),24391217,1.98,,
10E8-10fH/4fL,BG1168_1,Georgiev et al. J Immunol 192:1100 (2014),24391217,1.42,,
10E8-10fH/4fL,CAAN5342,Georgiev et al. J Immunol 192:1100 (2014),24391217,11.3,,
10E8-10fH/4fL,DU156_12,Georgiev et al. J Immunol 192:1100 (2014),24391217,0.101,,
10E8-10fH/4fL,DU422_1,Georgiev et al. J Immunol 192:1100 (2014),24391217,0.687,,
10E8-10fH/4fL,JRCSF,Georgiev et al. J Immunol 192:1100 (2014),24391217,1.85,,
10E8-10fH/4fL,JRFL,Georgiev et al. J Immunol 192:1100 (2014),24391217,2.38,,
10E8-10fH/4fL,KER2018_11,Georgiev et al. J Immunol 192:1100 (2014),24391217,15.1,,
10E8-10fH/4fL,PVO_4,Georgiev et al. J Immunol 192:1100 (2014),24391217,3.6,,
10E8-10fH/4fL,Q168_A2,Georgiev et al. J Immunol 192:1100 (2014),24391217,3.72,,
10E8-10fH/4fL,Q23_17,Georgiev et al. J Immunol 192:1100 (2014),24391217,1.95,,
10E8-10fH/4fL,Q769_H5,Georgiev et al. J Immunol 192:1100 (2014),24391217,13.7,,
10E8-10fH/4fL,THRO4156,Georgiev et al. J Immunol 192:1100 (2014),24391217,0.365,,
10E8-10fH/4fL,TRJO4551_58,Georgiev et al. J Immunol 192:1100 (2014),24391217,5.01,,
10E8-10fH/4fL,TRO_11,Georgiev et al. J Immunol 192:1100 (2014),24391217,0.074,,
10E8-10fH/4fL,YU2,Georgiev et al. J Immunol 192:1100 (2014),24391217,11.3,,
10E8-10fH/4fL,ZA012_29,Georgiev et al. J Immunol 192:1100 (2014),24391217,3.87,,
10E8-10fH/4fL,ZM106_9,Georgiev et al. J Immunol 192:1100 (2014),24391217,>50,,
10E8-10fH/4fL,ZM55_28A,Georgiev et al. J Immunol 192:1100 (2014),24391217,11.4,,
10E8-19fH/10fL,6101_1,Georgiev et al. J Immunol 192:1100 (2014),24391217,0.002,,
10E8-19fH/10fL,92RW020_2,Georgiev et al. J Immunol 192:1100 (2014),24391217,1.49,,
10E8-19fH/10fL,BAL_01,Georgiev et al. J Immunol 192:1100 (2014),24391217,0.235,,
10E8-19fH/10fL,BG1168_1,Georgiev et al. J Immunol 192:1100 (2014),24391217,0.371,,
10E8-19fH/10fL,CAAN5342,Georgiev et al. J Immunol 192:1100 (2014),24391217,1.5,,
10E8-19fH/10fL,DU156_12,Georgiev et al. J Immunol 192:1100 (2014),24391217,0.019,,
10E8-19fH/10fL,DU422_1,Georgiev et al. J Immunol 192:1100 (2014),24391217,0.25,,
10E8-19fH/10fL,JRCSF,Georgiev et al. J Immunol 192:1100 (2014),24391217,0.183,,
10E8-19fH/10fL,JRFL,Georgiev et al. J Immunol 192:1100 (2014),24391217,0.362,,
10E8-19fH/10fL,KER2018_11,Georgiev et al. J Immunol 192:1100 (2014),24391217,1.85,,
10E8-19fH/10fL,PVO_4,Georgiev et al. J Immunol 192:1100 (2014),24391217,1.19,,
10E8-19fH/10fL,Q168_A2,Georgiev et al. J Immunol 192:1100 (2014),24391217,0.699,,
10E8-19fH/10fL,Q23_17,Georgiev et al. J Immunol 192:1100 (2014),24391217,0.645,,
10E8-19fH/10fL,Q769_H5,Georgiev et al. J Immunol 192:1100 (2014),24391217,1.13,,
10E8-19fH/10fL,THRO4156,Georgiev et al. J Immunol 192:1100 (2014),24391217,0.043,,
10E8-19fH/10fL,TRJO4551_58,Georgiev et al. J Immunol 192:1100 (2014),24391217,1.06,,
10E8-19fH/10fL,TRO_11,Georgiev et al. J Immunol 192:1100 (2014),24391217,0.015,,
10E8-19fH/10fL,YU2,Georgiev et al. J Immunol 192:1100 (2014),24391217,1.4,,
10E8-19fH/10fL,ZA012_29,Georgiev et al. J Immunol 192:1100 (2014),24391217,1.16,,
10E8-19fH/10fL,ZM106_9,Georgiev et al. J Immunol 192:1100 (2014),24391217,>50,,
10E8-19fH/10fL,ZM55_28A,Georgiev et al. J Immunol 192:1100 (2014),24391217,3.3,,
10E8-19fH/16fL,6101_1,Georgiev et al. J Immunol 192:1100 (2014),24391217,0.006,,
10E8-19fH/16fL,92RW020_2,Georgiev et al. J Immunol 192:1100 (2014),24391217,1.05,,
10E8-19fH/16fL,BAL_01,Georgiev et al. J Immunol 192:1100 (2014),24391217,0.263,,
10E8-19fH/16fL,BG1168_1,Georgiev et al. J Immunol 192:1100 (2014),24391217,0.267,,
10E8-19fH/16fL,CAAN5342,Georgiev et al. J Immunol 192:1100 (2014),24391217,1.585,,
10E8-19fH/16fL,DU156_12,Georgiev et al. J Immunol 192:1100 (2014),24391217,0.022,,
10E8-19fH/16fL,DU422_1,Georgiev et al. J Immunol 192:1100 (2014),24391217,0.119,,
10E8-19fH/16fL,JRCSF,Georgiev et al. J Immunol 192:1100 (2014),24391217,0.146,,
10E8-19fH/16fL,JRFL,Georgiev et al. J Immunol 192:1100 (2014),24391217,0.292,,
10E8-19fH/16fL,KER2018_11,Georgiev et al. J Immunol 192:1100 (2014),24391217,1.62,,
10E8-19fH/16fL,PVO_4,Georgiev et al. J Immunol 192:1100 (2014),24391217,1.37,,
10E8-19fH/16fL,Q168_A2,Georgiev et al. J Immunol 192:1100 (2014),24391217,0.685,,
10E8-19fH/16fL,Q23_17,Georgiev et al. J Immunol 192:1100 (2014),24391217,0.631,,
10E8-19fH/16fL,Q769_H5,Georgiev et al. J Immunol 192:1100 (2014),24391217,0.292,,
10E8-19fH/16fL,THRO4156,Georgiev et al. J Immunol 192:1100 (2014),24391217,0.05,,
10E8-19fH/16fL,TRJO4551_58,Georgiev et al. J Immunol 192:1100 (2014),24391217,0.644,,
10E8-19fH/16fL,TRO_11,Georgiev et al. J Immunol 192:1100 (2014),24391217,0.021,,
10E8-19fH/16fL,YU2,Georgiev et al. J Immunol 192:1100 (2014),24391217,2.09,,
10E8-19fH/16fL,ZA012_29,Georgiev et al. J Immunol 192:1100 (2014),24391217,0.524,,
10E8-19fH/16fL,ZM106_9,Georgiev et al. J Immunol 192:1100 (2014),24391217,>50,,
10E8-19fH/16fL,ZM55_28A,Georgiev et al. J Immunol 192:1100 (2014),24391217,2.035,,
10E8-2fH/0fL,6101_1,Georgiev et al. J Immunol 192:1100 (2014),24391217,3.82,,
10E8-2fH/0fL,92RW020_2,Georgiev et al. J Immunol 192:1100 (2014),24391217,22.1,,
10E8-2fH/0fL,BAL_01,Georgiev et al. J Immunol 192:1100 (2014),24391217,1.27,,
10E8-2fH/0fL,BG1168_1,Georgiev et al. J Immunol 192:1100 (2014),24391217,2.15,,
10E8-2fH/0fL,CAAN5342,Georgiev et al. J Immunol 192:1100 (2014),24391217,>50,,
10E8-2fH/0fL,DU156_12,Georgiev et al. J Immunol 192:1100 (2014),24391217,0.263,,
10E8-2fH/0fL,DU422_1,Georgiev et al. J Immunol 192:1100 (2014),24391217,2.75,,
10E8-2fH/0fL,JRCSF,Georgiev et al. J Immunol 192:1100 (2014),24391217,0.749,,
10E8-2fH/0fL,JRFL,Georgiev et al. J Immunol 192:1100 (2014),24391217,5.11,,
10E8-2fH/0fL,KER2018_11,Georgiev et al. J Immunol 192:1100 (2014),24391217,>50,,
10E8-2fH/0fL,PVO_4,Georgiev et al. J Immunol 192:1100 (2014),24391217,9.2,,
10E8-2fH/0fL,Q168_A2,Georgiev et al. J Immunol 192:1100 (2014),24391217,16.7,,
10E8-2fH/0fL,Q23_17,Georgiev et al. J Immunol 192:1100 (2014),24391217,22.4,,
10E8-2fH/0fL,Q769_H5,Georgiev et al. J Immunol 192:1100 (2014),24391217,>50,,
10E8-2fH/0fL,THRO4156,Georgiev et al. J Immunol 192:1100 (2014),24391217,0.281,,
10E8-2fH/0fL,TRJO4551_58,Georgiev et al. J Immunol 192:1100 (2014),24391217,23.8,,
10E8-2fH/0fL,TRO_11,Georgiev et al. J Immunol 192:1100 (2014),24391217,3.32,,
10E8-2fH/0fL,YU2,Georgiev et al. J Immunol 192:1100 (2014),24391217,14.5,,
10E8-2fH/0fL,ZA012_29,Georgiev et al. J Immunol 192:1100 (2014),24391217,5.52,,
10E8-2fH/0fL,ZM106_9,Georgiev et al. J Immunol 192:1100 (2014),24391217,>50,,
10E8-2fH/0fL,ZM55_28A,Georgiev et al. J Immunol 192:1100 (2014),24391217,22.1,,
10E8-2fH/10fL,6101_1,Georgiev et al. J Immunol 192:1100 (2014),24391217,0.056,,
10E8-2fH/10fL,92RW020_2,Georgiev et al. J Immunol 192:1100 (2014),24391217,2.49,,
10E8-2fH/10fL,BAL_01,Georgiev et al. J Immunol 192:1100 (2014),24391217,0.326,,
10E8-2fH/10fL,BG1168_1,Georgiev et al. J Immunol 192:1100 (2014),24391217,0.41,,
10E8-2fH/10fL,CAAN5342,Georgiev et al. J Immunol 192:1100 (2014),24391217,6.29,,
10E8-2fH/10fL,DU156_12,Georgiev et al. J Immunol 192:1100 (2014),24391217,0.032,,
10E8-2fH/10fL,DU422_1,Georgiev et al. J Immunol 192:1100 (2014),24391217,0.195,,
10E8-2fH/10fL,JRCSF,Georgiev et al. J Immunol 192:1100 (2014),24391217,0.552,,
10E8-2fH/10fL,JRFL,Georgiev et al. J Immunol 192:1100 (2014),24391217,1.02,,
10E8-2fH/10fL,KER2018_11,Georgiev et al. J Immunol 192:1100 (2014),24391217,3.66,,
10E8-2fH/10fL,PVO_4,Georgiev et al. J Immunol 192:1100 (2014),24391217,1.41,,
10E8-2fH/10fL,Q168_A2,Georgiev et al. J Immunol 192:1100 (2014),24391217,1.57,,
10E8-2fH/10fL,Q23_17,Georgiev et al. J Immunol 192:1100 (2014),24391217,1.88,,
10E8-2fH/10fL,Q769_H5,Georgiev et al. J Immunol 192:1100 (2014),24391217,2.7,,
10E8-2fH/10fL,THRO4156,Georgiev et al. J Immunol 192:1100 (2014),24391217,0.078,,
10E8-2fH/10fL,TRJO4551_58,Georgiev et al. J Immunol 192:1100 (2014),24391217,1.83,,
10E8-2fH/10fL,TRO_11,Georgiev et al. J Immunol 192:1100 (2014),24391217,0.099,,
10E8-2fH/10fL,YU2,Georgiev et al. J Immunol 192:1100 (2014),24391217,4.55,,
10E8-2fH/10fL,ZA012_29,Georgiev et al. J Immunol 192:1100 (2014),24391217,0.821,,
10E8-2fH/10fL,ZM106_9,Georgiev et al. J Immunol 192:1100 (2014),24391217,>50,,
10E8-2fH/10fL,ZM55_28A,Georgiev et al. J Immunol 192:1100 (2014),24391217,3.26,,
10E8-2fH/4fL,6101_1,Georgiev et al. J Immunol 192:1100 (2014),24391217,0.379,,
10E8-2fH/4fL,92RW020_2,Georgiev et al. J Immunol 192:1100 (2014),24391217,>50,,
10E8-2fH/4fL,BAL_01,Georgiev et al. J Immunol 192:1100 (2014),24391217,3.12,,
10E8-2fH/4fL,BG1168_1,Georgiev et al. J Immunol 192:1100 (2014),24391217,1.02,,
10E8-2fH/4fL,CAAN5342,Georgiev et al. J Immunol 192:1100 (2014),24391217,31.7,,
10E8-2fH/4fL,DU156_12,Georgiev et al. J Immunol 192:1100 (2014),24391217,0.133,,
10E8-2fH/4fL,DU422_1,Georgiev et al. J Immunol 192:1100 (2014),24391217,1.05,,
10E8-2fH/4fL,JRCSF,Georgiev et al. J Immunol 192:1100 (2014),24391217,3.24,,
10E8-2fH/4fL,JRFL,Georgiev et al. J Immunol 192:1100 (2014),24391217,4.99,,
10E8-2fH/4fL,KER2018_11,Georgiev et al. J Immunol 192:1100 (2014),24391217,14.9,,
10E8-2fH/4fL,PVO_4,Georgiev et al. J Immunol 192:1100 (2014),24391217,11.5,,
10E8-2fH/4fL,Q168_A2,Georgiev et al. J Immunol 192:1100 (2014),24391217,5.75,,
10E8-2fH/4fL,Q23_17,Georgiev et al. J Immunol 192:1100 (2014),24391217,7.07,,
10E8-2fH/4fL,Q769_H5,Georgiev et al. J Immunol 192:1100 (2014),24391217,37.4,,
10E8-2fH/4fL,THRO4156,Georgiev et al. J Immunol 192:1100 (2014),24391217,0.483,,
10E8-2fH/4fL,TRJO4551_58,Georgiev et al. J Immunol 192:1100 (2014),24391217,6.42,,
10E8-2fH/4fL,TRO_11,Georgiev et al. J Immunol 192:1100 (2014),24391217,1.15,,
10E8-2fH/4fL,YU2,Georgiev et al. J Immunol 192:1100 (2014),24391217,16.5,,
10E8-2fH/4fL,ZA012_29,Georgiev et al. J Immunol 192:1100 (2014),24391217,6.06,,
10E8-2fH/4fL,ZM106_9,Georgiev et al. J Immunol 192:1100 (2014),24391217,>50,,
10E8-2fH/4fL,ZM55_28A,Georgiev et al. J Immunol 192:1100 (2014),24391217,10.5,,
10E8/N6,0013095_2_11,Khan et al. J Virol. 92: e00384 (2018) - dataset 1,29976677,0.0155,,
10E8/N6,001428_2_42,Khan et al. J Virol. 92: e00384 (2018) - dataset 1,29976677,0.0676,,
10E8/N6,0260_V5_C36,Khan et al. J Virol. 92: e00384 (2018) - dataset 1,29976677,0.1296,,
10E8/N6,0330_V4_C3,Khan et al. J Virol. 92: e00384 (2018) - dataset 1,29976677,0.0294,,
10E8/N6,0815_V3_C3,Khan et al. J Virol. 92: e00384 (2018) - dataset 1,29976677,0.2339,,
10E8/N6,1006_11_C3_1601,Khan et al. J Virol. 92: e00384 (2018) - dataset 1,29976677,0.0746,,
10E8/N6,1012_11_TC21_3257,Khan et al. J Virol. 92: e00384 (2018) - dataset 1,29976677,0.1597,,
10E8/N6,1054_07_TC4_1499,Khan et al. J Virol. 92: e00384 (2018) - dataset 1,29976677,0.0297,,
10E8/N6,1056_10_TA11_1826,Khan et al. J Virol. 92: e00384 (2018) - dataset 1,29976677,0.0001,,
10E8/N6,1394_C9G1,Khan et al. J Virol. 92: e00384 (2018) - dataset 1,29976677,0.0072,,
10E8/N6,16055_2_3,Khan et al. J Virol. 92: e00384 (2018) - dataset 1,29976677,0.0237,,
10E8/N6,16845_2_22,Khan et al. J Virol. 92: e00384 (2018) - dataset 1,29976677,0.1135,,
10E8/N6,191084_B7_19,Khan et al. J Virol. 92: e00384 (2018) - dataset 1,29976677,0.0237,,
10E8/N6,211_9,Khan et al. J Virol. 92: e00384 (2018) - dataset 1,29976677,0.7426,,
10E8/N6,231965_C1,Khan et al. J Virol. 92: e00384 (2018) - dataset 1,29976677,0.0431,,
10E8/N6,235_47,Khan et al. J Virol. 92: e00384 (2018) - dataset 1,29976677,0.0183,,
10E8/N6,249M_B10,Khan et al. J Virol. 92: e00384 (2018) - dataset 1,29976677,0.039,,
10E8/N6,263_8,Khan et al. J Virol. 92: e00384 (2018) - dataset 1,29976677,0.0604,,
10E8/N6,3016_V5_C45,Khan et al. J Virol. 92: e00384 (2018) - dataset 1,29976677,0.0078,,
10E8/N6,3103_V3_C10,Khan et al. J Virol. 92: e00384 (2018) - dataset 1,29976677,0.0064,,
10E8/N6,3301_V1_C24,Khan et al. J Virol. 92: e00384 (2018) - dataset 1,29976677,0.156,,
10E8/N6,3817_V2_C59,Khan et al. J Virol. 92: e00384 (2018) - dataset 1,29976677,0.0079,,
10E8/N6,6041_V3_C23,Khan et al. J Virol. 92: e00384 (2018) - dataset 1,29976677,0.0106,,
10E8/N6,620345_C1,Khan et al. J Virol. 92: e00384 (2018) - dataset 1,29976677,0.0925,,
10E8/N6,62357_14_D3_4589,Khan et al. J Virol. 92: e00384 (2018) - dataset 1,29976677,0.1165,,
10E8/N6,6240_08_TA5_4622,Khan et al. J Virol. 92: e00384 (2018) - dataset 1,29976677,0.6112,,
10E8/N6,6244_13_B5_4567,Khan et al. J Virol. 92: e00384 (2018) - dataset 1,29976677,1.429,,
10E8/N6,6480_V4_C25,Khan et al. J Virol. 92: e00384 (2018) - dataset 1,29976677,0.1566,,
10E8/N6,6535_3,Khan et al. J Virol. 92: e00384 (2018) - dataset 1,29976677,0.0646,,
10E8/N6,6540_V4_C1,Khan et al. J Virol. 92: e00384 (2018) - dataset 1,29976677,0.0773,,
10E8/N6,6545_V4_C1,Khan et al. J Virol. 92: e00384 (2018) - dataset 1,29976677,0.2339,,
10E8/N6,6811_V7_C18,Khan et al. J Virol. 92: e00384 (2018) - dataset 1,29976677,0.3206,,
10E8/N6,6952_V1_C20,Khan et al. J Virol. 92: e00384 (2018) - dataset 1,29976677,0.002,,
10E8/N6,703010054_2A2,Khan et al. J Virol. 92: e00384 (2018) - dataset 1,29976677,0.5943,,
10E8/N6,703010200_1E5,Khan et al. J Virol. 92: e00384 (2018) - dataset 1,29976677,0.6041,,
10E8/N6,704809221_1B3,Khan et al. J Virol. 92: e00384 (2018) - dataset 1,29976677,0.0649,,
10E8/N6,89_F1_2_25,Khan et al. J Virol. 92: e00384 (2018) - dataset 1,29976677,1.005,,
10E8/N6,928_28,Khan et al. J Virol. 92: e00384 (2018) - dataset 1,29976677,0.0175,,
10E8/N6,A07412M1_VRC12,Khan et al. J Virol. 92: e00384 (2018) - dataset 1,29976677,0.0078,,
10E8/N6,AC10_29,Khan et al. J Virol. 92: e00384 (2018) - dataset 1,29976677,0.0725,,
10E8/N6,BF1266_431A,Khan et al. J Virol. 92: e00384 (2018) - dataset 1,29976677,0.1496,,
10E8/N6,BJOX009000_02_4,Khan et al. J Virol. 92: e00384 (2018) - dataset 1,29976677,0.1307,,
10E8/N6,BJOX010000_06_2,Khan et al. J Virol. 92: e00384 (2018) - dataset 1,29976677,0.1307,,
10E8/N6,BJOX015000_11_5,Khan et al. J Virol. 92: e00384 (2018) - dataset 1,29976677,0.0047,,
10E8/N6,BJOX025000_01_1,Khan et al. J Virol. 92: e00384 (2018) - dataset 1,29976677,0.0231,,
10E8/N6,BJOX028000_10_3,Khan et al. J Virol. 92: e00384 (2018) - dataset 1,29976677,0.0003,,
10E8/N6,C1080_C3,Khan et al. J Virol. 92: e00384 (2018) - dataset 1,29976677,0.0008,,
10E8/N6,C3347_C11,Khan et al. J Virol. 92: e00384 (2018) - dataset 1,29976677,0.0103,,
10E8/N6,C4118_9,Khan et al. J Virol. 92: e00384 (2018) - dataset 1,29976677,0.0039,,
10E8/N6,CAAN5342,Khan et al. J Virol. 92: e00384 (2018) - dataset 1,29976677,0.2362,,
10E8/N6,CAP210_E8,Khan et al. J Virol. 92: e00384 (2018) - dataset 1,29976677,1.262,,
10E8/N6,CAP45_G3,Khan et al. J Virol. 92: e00384 (2018) - dataset 1,29976677,0.0001,,
10E8/N6,CE0393_C3,Khan et al. J Virol. 92: e00384 (2018) - dataset 1,29976677,0.0144,,
10E8/N6,CE1172_H1,Khan et al. J Virol. 92: e00384 (2018) - dataset 1,29976677,0.3211,,
10E8/N6,CE1176_A3,Khan et al. J Virol. 92: e00384 (2018) - dataset 1,29976677,0.1005,,
10E8/N6,CE2010_F5,Khan et al. J Virol. 92: e00384 (2018) - dataset 1,29976677,0.0344,,
10E8/N6,CE2060_G9,Khan et al. J Virol. 92: e00384 (2018) - dataset 1,29976677,0.0016,,
10E8/N6,CNE17,Khan et al. J Virol. 92: e00384 (2018) - dataset 1,29976677,0.0033,,
10E8/N6,CNE19,Khan et al. J Virol. 92: e00384 (2018) - dataset 1,29976677,0.0217,,
10E8/N6,CNE20,Khan et al. J Virol. 92: e00384 (2018) - dataset 1,29976677,0.0009,,
10E8/N6,CNE21,Khan et al. J Virol. 92: e00384 (2018) - dataset 1,29976677,0.1796,,
10E8/N6,CNE30,Khan et al. J Virol. 92: e00384 (2018) - dataset 1,29976677,0.1102,,
10E8/N6,CNE5,Khan et al. J Virol. 92: e00384 (2018) - dataset 1,29976677,0.0039,,
10E8/N6,CNE52,Khan et al. J Virol. 92: e00384 (2018) - dataset 1,29976677,0.069,,
10E8/N6,CNE53,Khan et al. J Virol. 92: e00384 (2018) - dataset 1,29976677,0.01,,
10E8/N6,CNE58,Khan et al. J Virol. 92: e00384 (2018) - dataset 1,29976677,0.0143,,
10E8/N6,CNE8,Khan et al. J Virol. 92: e00384 (2018) - dataset 1,29976677,0.1457,,
10E8/N6,DU156_12,Khan et al. J Virol. 92: e00384 (2018) - dataset 1,29976677,0.0145,,
10E8/N6,DU172_17,Khan et al. J Virol. 92: e00384 (2018) - dataset 1,29976677,0.0169,,
10E8/N6,DU422_1,Khan et al. J Virol. 92: e00384 (2018) - dataset 1,29976677,0.1262,,
10E8/N6,MS208_A1,Khan et al. J Virol. 92: e00384 (2018) - dataset 1,29976677,0.0276,,
10E8/N6,P0402_C2_11,Khan et al. J Virol. 92: e00384 (2018) - dataset 1,29976677,0.0584,,
10E8/N6,P1981_C5_3,Khan et al. J Virol. 92: e00384 (2018) - dataset 1,29976677,0.0145,,
10E8/N6,PVO_4,Khan et al. J Virol. 92: e00384 (2018) - dataset 1,29976677,0.8319,,
10E8/N6,Q23_17,Khan et al. J Virol. 92: e00384 (2018) - dataset 1,29976677,0.0419,,
10E8/N6,Q461_E2,Khan et al. J Virol. 92: e00384 (2018) - dataset 1,29976677,0.0323,,
10E8/N6,Q769_D22,Khan et al. J Virol. 92: e00384 (2018) - dataset 1,29976677,0.1504,,
10E8/N6,QH0692_42,Khan et al. J Virol. 92: e00384 (2018) - dataset 1,29976677,0.1118,,
10E8/N6,R1166_C1,Khan et al. J Virol. 92: e00384 (2018) - dataset 1,29976677,0.2379,,
10E8/N6,R2184_C4,Khan et al. J Virol. 92: e00384 (2018) - dataset 1,29976677,0.7406,,
10E8/N6,R3265_C6,Khan et al. J Virol. 92: e00384 (2018) - dataset 1,29976677,0.2952,,
10E8/N6,REJO4541_67,Khan et al. J Virol. 92: e00384 (2018) - dataset 1,29976677,0.0006,,
10E8/N6,RHPA4259_7,Khan et al. J Virol. 92: e00384 (2018) - dataset 1,29976677,0.1625,,
10E8/N6,SC05_8C11_2344,Khan et al. J Virol. 92: e00384 (2018) - dataset 1,29976677,0.1563,,
10E8/N6,SC422_8,Khan et al. J Virol. 92: e00384 (2018) - dataset 1,29976677,0.0119,,
10E8/N6,T250_4,Khan et al. J Virol. 92: e00384 (2018) - dataset 1,29976677,0.1333,,
10E8/N6,T251_18,Khan et al. J Virol. 92: e00384 (2018) - dataset 1,29976677,0.2937,,
10E8/N6,T255_34,Khan et al. J Virol. 92: e00384 (2018) - dataset 1,29976677,0.0077,,
10E8/N6,T257_31,Khan et al. J Virol. 92: e00384 (2018) - dataset 1,29976677,0.0494,,
10E8/N6,T278_50,Khan et al. J Virol. 92: e00384 (2018) - dataset 1,29976677,6.374,,
10E8/N6,TRJO4551_58,Khan et al. J Virol. 92: e00384 (2018) - dataset 1,29976677,0.192,,
10E8/N6,TRO_11,Khan et al. J Virol. 92: e00384 (2018) - dataset 1,29976677,0.0966,,
10E8/N6,WEAU_D15_410,Khan et al. J Virol. 92: e00384 (2018) - dataset 1,29976677,0.1395,,
10E8/N6,WITO4160_33,Khan et al. J Virol. 92: e00384 (2018) - dataset 1,29976677,0.0922,,
10E8/N6,X1193_C1,Khan et al. J Virol. 92: e00384 (2018) - dataset 1,29976677,0.0003,,
10E8/N6,X1254_C3,Khan et al. J Virol. 92: e00384 (2018) - dataset 1,29976677,0.3906,,
10E8/N6,X1632_S2_B10,Khan et al. J Virol. 92: e00384 (2018) - dataset 1,29976677,0.2655,,
10E8/N6,X2088_C9,Khan et al. J Virol. 92: e00384 (2018) - dataset 1,29976677,6.027,,
10E8/N6,X2131_C1_B5,Khan et al. J Virol. 92: e00384 (2018) - dataset 1,29976677,6.027,,
10E8/N6,ZM109_4,Khan et al. J Virol. 92: e00384 (2018) - dataset 1,29976677,0.0107,,
10E8/N6,ZM135_10A,Khan et al. J Virol. 92: e00384 (2018) - dataset 1,29976677,0.0034,,
10E8/N6,ZM197_7,Khan et al. J Virol. 92: e00384 (2018) - dataset 1,29976677,0.0506,,
10E8/N6,ZM214_15,Khan et al. J Virol. 92: e00384 (2018) - dataset 1,29976677,0.068,,
10E8/N6,ZM233_6,Khan et al. J Virol. 92: e00384 (2018) - dataset 1,29976677,0.0492,,
10E8/N6,ZM246F,Khan et al. J Virol. 92: e00384 (2018) - dataset 1,29976677,0.4184,,
10E8/N6,ZM247_V1,Khan et al. J Virol. 92: e00384 (2018) - dataset 1,29976677,0.1537,,
10E8/N6,ZM249_1,Khan et al. J Virol. 92: e00384 (2018) - dataset 1,29976677,0.1897,,
10E8/N6,ZM53_12,Khan et al. J Virol. 92: e00384 (2018) - dataset 1,29976677,0.0743,,
10E8/PGDM1400/PRO-140,0013095_2_11,Khan et al. J Virol. 92: e00384 (2018) - dataset 1,29976677,0.002,,
10E8/PGDM1400/PRO-140,001428_2_42,Khan et al. J Virol. 92: e00384 (2018) - dataset 1,29976677,0.014,,
10E8/PGDM1400/PRO-140,0260_V5_C36,Khan et al. J Virol. 92: e00384 (2018) - dataset 1,29976677,0.04,,
10E8/PGDM1400/PRO-140,0815_V3_C3,Khan et al. J Virol. 92: e00384 (2018) - dataset 1,29976677,0.025,,
10E8/PGDM1400/PRO-140,1012_11_TC21_3257,Khan et al. J Virol. 92: e00384 (2018) - dataset 1,29976677,0.019,,
10E8/PGDM1400/PRO-140,1054_07_TC4_1499,Khan et al. J Virol. 92: e00384 (2018) - dataset 1,29976677,0.011,,
10E8/PGDM1400/PRO-140,1056_10_TA11_1826,Khan et al. J Virol. 92: e00384 (2018) - dataset 1,29976677,0.024,,
10E8/PGDM1400/PRO-140,1394_C9G1,Khan et al. J Virol. 92: e00384 (2018) - dataset 1,29976677,0.003,,
10E8/PGDM1400/PRO-140,16055_2_3,Khan et al. J Virol. 92: e00384 (2018) - dataset 1,29976677,0.006,,
10E8/PGDM1400/PRO-140,16845_2_22,Khan et al. J Virol. 92: e00384 (2018) - dataset 1,29976677,0.015,,
10E8/PGDM1400/PRO-140,191084_B7_19,Khan et al. J Virol. 92: e00384 (2018) - dataset 1,29976677,0.02,,
10E8/PGDM1400/PRO-140,191955_A11,Khan et al. J Virol. 92: e00384 (2018) - dataset 1,29976677,0.005,,
10E8/PGDM1400/PRO-140,211_9,Khan et al. J Virol. 92: e00384 (2018) - dataset 1,29976677,0.031,,
10E8/PGDM1400/PRO-140,231965_C1,Khan et al. J Virol. 92: e00384 (2018) - dataset 1,29976677,0.04,,
10E8/PGDM1400/PRO-140,235_47,Khan et al. J Virol. 92: e00384 (2018) - dataset 1,29976677,<0.0001,,
10E8/PGDM1400/PRO-140,249M_B10,Khan et al. J Virol. 92: e00384 (2018) - dataset 1,29976677,0.005,,
10E8/PGDM1400/PRO-140,263_8,Khan et al. J Virol. 92: e00384 (2018) - dataset 1,29976677,0.002,,
10E8/PGDM1400/PRO-140,3016_V5_C45,Khan et al. J Virol. 92: e00384 (2018) - dataset 1,29976677,0.012,,
10E8/PGDM1400/PRO-140,3103_V3_C10,Khan et al. J Virol. 92: e00384 (2018) - dataset 1,29976677,1.638,,
10E8/PGDM1400/PRO-140,3301_V1_C24,Khan et al. J Virol. 92: e00384 (2018) - dataset 1,29976677,0.029,,
10E8/PGDM1400/PRO-140,3817_V2_C59,Khan et al. J Virol. 92: e00384 (2018) - dataset 1,29976677,0.012,,
10E8/PGDM1400/PRO-140,6041_V3_C23,Khan et al. J Virol. 92: e00384 (2018) - dataset 1,29976677,0.013,,
10E8/PGDM1400/PRO-140,620345_C1,Khan et al. J Virol. 92: e00384 (2018) - dataset 1,29976677,0.002,,
10E8/PGDM1400/PRO-140,62357_14_D3_4589,Khan et al. J Virol. 92: e00384 (2018) - dataset 1,29976677,0.017,,
10E8/PGDM1400/PRO-140,6240_08_TA5_4622,Khan et al. J Virol. 92: e00384 (2018) - dataset 1,29976677,0.027,,
10E8/PGDM1400/PRO-140,6244_13_B5_4567,Khan et al. J Virol. 92: e00384 (2018) - dataset 1,29976677,1.305,,
10E8/PGDM1400/PRO-140,6480_V4_C25,Khan et al. J Virol. 92: e00384 (2018) - dataset 1,29976677,0.018,,
10E8/PGDM1400/PRO-140,6535_3,Khan et al. J Virol. 92: e00384 (2018) - dataset 1,29976677,0.005,,
10E8/PGDM1400/PRO-140,6540_V4_C1,Khan et al. J Virol. 92: e00384 (2018) - dataset 1,29976677,0.012,,
10E8/PGDM1400/PRO-140,6545_V4_C1,Khan et al. J Virol. 92: e00384 (2018) - dataset 1,29976677,0.011,,
10E8/PGDM1400/PRO-140,6811_V7_C18,Khan et al. J Virol. 92: e00384 (2018) - dataset 1,29976677,0.037,,
10E8/PGDM1400/PRO-140,6952_V1_C20,Khan et al. J Virol. 92: e00384 (2018) - dataset 1,29976677,0.006,,
10E8/PGDM1400/PRO-140,703010054_2A2,Khan et al. J Virol. 92: e00384 (2018) - dataset 1,29976677,0.009,,
10E8/PGDM1400/PRO-140,703010200_1E5,Khan et al. J Virol. 92: e00384 (2018) - dataset 1,29976677,0.016,,
10E8/PGDM1400/PRO-140,704809221_1B3,Khan et al. J Virol. 92: e00384 (2018) - dataset 1,29976677,1.638,,
10E8/PGDM1400/PRO-140,89_F1_2_25,Khan et al. J Virol. 92: e00384 (2018) - dataset 1,29976677,0.007,,
10E8/PGDM1400/PRO-140,928_28,Khan et al. J Virol. 92: e00384 (2018) - dataset 1,29976677,0.007,,
10E8/PGDM1400/PRO-140,A07412M1_VRC12,Khan et al. J Virol. 92: e00384 (2018) - dataset 1,29976677,0.005,,
10E8/PGDM1400/PRO-140,BF1266_431A,Khan et al. J Virol. 92: e00384 (2018) - dataset 1,29976677,0.011,,
10E8/PGDM1400/PRO-140,BJOX009000_02_4,Khan et al. J Virol. 92: e00384 (2018) - dataset 1,29976677,0.038,,
10E8/PGDM1400/PRO-140,BJOX010000_06_2,Khan et al. J Virol. 92: e00384 (2018) - dataset 1,29976677,0.01,,
10E8/PGDM1400/PRO-140,BJOX015000_11_5,Khan et al. J Virol. 92: e00384 (2018) - dataset 1,29976677,0.077,,
10E8/PGDM1400/PRO-140,BJOX025000_01_1,Khan et al. J Virol. 92: e00384 (2018) - dataset 1,29976677,0.013,,
10E8/PGDM1400/PRO-140,BJOX028000_10_3,Khan et al. J Virol. 92: e00384 (2018) - dataset 1,29976677,0.003,,
10E8/PGDM1400/PRO-140,C1080_C3,Khan et al. J Virol. 92: e00384 (2018) - dataset 1,29976677,0.001,,
10E8/PGDM1400/PRO-140,C3347_C11,Khan et al. J Virol. 92: e00384 (2018) - dataset 1,29976677,0.007,,
10E8/PGDM1400/PRO-140,C4118_9,Khan et al. J Virol. 92: e00384 (2018) - dataset 1,29976677,0.011,,
10E8/PGDM1400/PRO-140,CAAN5342,Khan et al. J Virol. 92: e00384 (2018) - dataset 1,29976677,0.04,,
10E8/PGDM1400/PRO-140,CAP210_E8,Khan et al. J Virol. 92: e00384 (2018) - dataset 1,29976677,0.04,,
10E8/PGDM1400/PRO-140,CAP45_G3,Khan et al. J Virol. 92: e00384 (2018) - dataset 1,29976677,0.003,,
10E8/PGDM1400/PRO-140,CE0393_C3,Khan et al. J Virol. 92: e00384 (2018) - dataset 1,29976677,0.002,,
10E8/PGDM1400/PRO-140,CE1172_H1,Khan et al. J Virol. 92: e00384 (2018) - dataset 1,29976677,0.008,,
10E8/PGDM1400/PRO-140,CE1176_A3,Khan et al. J Virol. 92: e00384 (2018) - dataset 1,29976677,0.013,,
10E8/PGDM1400/PRO-140,CE2010_F5,Khan et al. J Virol. 92: e00384 (2018) - dataset 1,29976677,0.014,,
10E8/PGDM1400/PRO-140,CE2060_G9,Khan et al. J Virol. 92: e00384 (2018) - dataset 1,29976677,0.001,,
10E8/PGDM1400/PRO-140,CNE17,Khan et al. J Virol. 92: e00384 (2018) - dataset 1,29976677,0.005,,
10E8/PGDM1400/PRO-140,CNE19,Khan et al. J Virol. 92: e00384 (2018) - dataset 1,29976677,0.003,,
10E8/PGDM1400/PRO-140,CNE20,Khan et al. J Virol. 92: e00384 (2018) - dataset 1,29976677,0.002,,
10E8/PGDM1400/PRO-140,CNE21,Khan et al. J Virol. 92: e00384 (2018) - dataset 1,29976677,0.005,,
10E8/PGDM1400/PRO-140,CNE30,Khan et al. J Virol. 92: e00384 (2018) - dataset 1,29976677,0.116,,
10E8/PGDM1400/PRO-140,CNE5,Khan et al. J Virol. 92: e00384 (2018) - dataset 1,29976677,<0.0001,,
10E8/PGDM1400/PRO-140,CNE52,Khan et al. J Virol. 92: e00384 (2018) - dataset 1,29976677,0.067,,
10E8/PGDM1400/PRO-140,CNE58,Khan et al. J Virol. 92: e00384 (2018) - dataset 1,29976677,0.005,,
10E8/PGDM1400/PRO-140,CNE8,Khan et al. J Virol. 92: e00384 (2018) - dataset 1,29976677,0.011,,
10E8/PGDM1400/PRO-140,DU156_12,Khan et al. J Virol. 92: e00384 (2018) - dataset 1,29976677,0.002,,
10E8/PGDM1400/PRO-140,DU172_17,Khan et al. J Virol. 92: e00384 (2018) - dataset 1,29976677,0.026,,
10E8/PGDM1400/PRO-140,DU422_1,Khan et al. J Virol. 92: e00384 (2018) - dataset 1,29976677,0.012,,
10E8/PGDM1400/PRO-140,MS208_A1,Khan et al. J Virol. 92: e00384 (2018) - dataset 1,29976677,0.008,,
10E8/PGDM1400/PRO-140,P0402_C2_11,Khan et al. J Virol. 92: e00384 (2018) - dataset 1,29976677,0.029,,
10E8/PGDM1400/PRO-140,P1981_C5_3,Khan et al. J Virol. 92: e00384 (2018) - dataset 1,29976677,0.003,,
10E8/PGDM1400/PRO-140,PVO_4,Khan et al. J Virol. 92: e00384 (2018) - dataset 1,29976677,0.019,,
10E8/PGDM1400/PRO-140,Q23_17,Khan et al. J Virol. 92: e00384 (2018) - dataset 1,29976677,0.003,,
10E8/PGDM1400/PRO-140,Q461_E2,Khan et al. J Virol. 92: e00384 (2018) - dataset 1,29976677,0.029,,
10E8/PGDM1400/PRO-140,Q769_D22,Khan et al. J Virol. 92: e00384 (2018) - dataset 1,29976677,0.005,,
10E8/PGDM1400/PRO-140,QH0692_42,Khan et al. J Virol. 92: e00384 (2018) - dataset 1,29976677,0.029,,
10E8/PGDM1400/PRO-140,R1166_C1,Khan et al. J Virol. 92: e00384 (2018) - dataset 1,29976677,0.034,,
10E8/PGDM1400/PRO-140,R2184_C4,Khan et al. J Virol. 92: e00384 (2018) - dataset 1,29976677,0.01,,
10E8/PGDM1400/PRO-140,R3265_C6,Khan et al. J Virol. 92: e00384 (2018) - dataset 1,29976677,0.006,,
10E8/PGDM1400/PRO-140,REJO4541_67,Khan et al. J Virol. 92: e00384 (2018) - dataset 1,29976677,0.006,,
10E8/PGDM1400/PRO-140,RHPA4259_7,Khan et al. J Virol. 92: e00384 (2018) - dataset 1,29976677,0.053,,
10E8/PGDM1400/PRO-140,SC05_8C11_2344,Khan et al. J Virol. 92: e00384 (2018) - dataset 1,29976677,0.015,,
10E8/PGDM1400/PRO-140,SC422_8,Khan et al. J Virol. 92: e00384 (2018) - dataset 1,29976677,0.004,,
10E8/PGDM1400/PRO-140,T250_4,Khan et al. J Virol. 92: e00384 (2018) - dataset 1,29976677,0.004,,
10E8/PGDM1400/PRO-140,T251_18,Khan et al. J Virol. 92: e00384 (2018) - dataset 1,29976677,0.014,,
10E8/PGDM1400/PRO-140,T255_34,Khan et al. J Virol. 92: e00384 (2018) - dataset 1,29976677,0.004,,
10E8/PGDM1400/PRO-140,T257_31,Khan et al. J Virol. 92: e00384 (2018) - dataset 1,29976677,0.003,,
10E8/PGDM1400/PRO-140,T278_50,Khan et al. J Virol. 92: e00384 (2018) - dataset 1,29976677,0.025,,
10E8/PGDM1400/PRO-140,TRJO4551_58,Khan et al. J Virol. 92: e00384 (2018) - dataset 1,29976677,0.009,,
10E8/PGDM1400/PRO-140,TRO_11,Khan et al. J Virol. 92: e00384 (2018) - dataset 1,29976677,0.007,,
10E8/PGDM1400/PRO-140,WEAU_D15_410,Khan et al. J Virol. 92: e00384 (2018) - dataset 1,29976677,0.003,,
10E8/PGDM1400/PRO-140,WITO4160_33,Khan et al. J Virol. 92: e00384 (2018) - dataset 1,29976677,0.003,,
10E8/PGDM1400/PRO-140,X1193_C1,Khan et al. J Virol. 92: e00384 (2018) - dataset 1,29976677,0.001,,
10E8/PGDM1400/PRO-140,X1254_C3,Khan et al. J Virol. 92: e00384 (2018) - dataset 1,29976677,0.119,,
10E8/PGDM1400/PRO-140,X1632_S2_B10,Khan et al. J Virol. 92: e00384 (2018) - dataset 1,29976677,0.015,,
10E8/PGDM1400/PRO-140,X2088_C9,Khan et al. J Virol. 92: e00384 (2018) - dataset 1,29976677,>40,,
10E8/PGDM1400/PRO-140,X2131_C1_B5,Khan et al. J Virol. 92: e00384 (2018) - dataset 1,29976677,>40,,
10E8/PGDM1400/PRO-140,ZM109_4,Khan et al. J Virol. 92: e00384 (2018) - dataset 1,29976677,0.026,,
10E8/PGDM1400/PRO-140,ZM135_10A,Khan et al. J Virol. 92: e00384 (2018) - dataset 1,29976677,0.005,,
10E8/PGDM1400/PRO-140,ZM197_7,Khan et al. J Virol. 92: e00384 (2018) - dataset 1,29976677,0.007,,
10E8/PGDM1400/PRO-140,ZM214_15,Khan et al. J Virol. 92: e00384 (2018) - dataset 1,29976677,0.022,,
10E8/PGDM1400/PRO-140,ZM233_6,Khan et al. J Virol. 92: e00384 (2018) - dataset 1,29976677,0.001,,
10E8/PGDM1400/PRO-140,ZM246F,Khan et al. J Virol. 92: e00384 (2018) - dataset 1,29976677,0.013,,
10E8/PGDM1400/PRO-140,ZM247_V1,Khan et al. J Virol. 92: e00384 (2018) - dataset 1,29976677,0.009,,
10E8/PGDM1400/PRO-140,ZM249_1,Khan et al. J Virol. 92: e00384 (2018) - dataset 1,29976677,0.009,,
10E8/PGDM1400/PRO-140,ZM53_12,Khan et al. J Virol. 92: e00384 (2018) - dataset 1,29976677,0.019,,
10E8/PGT121/PGDM1400.V1,0013095_2_11,Khan et al. J Virol. 92: e00384 (2018) - dataset 2,29976677,0.028,,
10E8/PGT121/PGDM1400.V1,1056_10_TA11_1826,Khan et al. J Virol. 92: e00384 (2018) - dataset 2,29976677,0.15,,
10E8/PGT121/PGDM1400.V1,3103_V3_C10,Khan et al. J Virol. 92: e00384 (2018) - dataset 2,29976677,0.251,,
10E8/PGT121/PGDM1400.V1,3301_V1_C24,Khan et al. J Virol. 92: e00384 (2018) - dataset 2,29976677,0.719,,
10E8/PGT121/PGDM1400.V1,6480_V4_C25,Khan et al. J Virol. 92: e00384 (2018) - dataset 2,29976677,0.072,,
10E8/PGT121/PGDM1400.V1,6540_V4_C1,Khan et al. J Virol. 92: e00384 (2018) - dataset 2,29976677,0.645,,
10E8/PGT121/PGDM1400.V1,6811_V7_C18,Khan et al. J Virol. 92: e00384 (2018) - dataset 2,29976677,0.479,,
10E8/PGT121/PGDM1400.V1,89_F1_2_25,Khan et al. J Virol. 92: e00384 (2018) - dataset 2,29976677,>1,,
10E8/PGT121/PGDM1400.V1,BF1266_431A,Khan et al. J Virol. 92: e00384 (2018) - dataset 2,29976677,0.048,,
10E8/PGT121/PGDM1400.V1,CAAN5342,Khan et al. J Virol. 92: e00384 (2018) - dataset 2,29976677,0.517,,
10E8/PGT121/PGDM1400.V1,CE0393_C3,Khan et al. J Virol. 92: e00384 (2018) - dataset 2,29976677,0.112,,
10E8/PGT121/PGDM1400.V1,CNE17,Khan et al. J Virol. 92: e00384 (2018) - dataset 2,29976677,0.381,,
10E8/PGT121/PGDM1400.V1,CNE30,Khan et al. J Virol. 92: e00384 (2018) - dataset 2,29976677,>1,,
10E8/PGT121/PGDM1400.V1,CNE58,Khan et al. J Virol. 92: e00384 (2018) - dataset 2,29976677,0.054,,
10E8/PGT121/PGDM1400.V1,DU172_17,Khan et al. J Virol. 92: e00384 (2018) - dataset 2,29976677,0.222,,
10E8/PGT121/PGDM1400.V1,Q23_17,Khan et al. J Virol. 92: e00384 (2018) - dataset 2,29976677,0.004,,
10E8/PGT121/PGDM1400.V1,SC05_8C11_2344,Khan et al. J Virol. 92: e00384 (2018) - dataset 2,29976677,0.728,,
10E8/PGT121/PGDM1400.V1,T250_4,Khan et al. J Virol. 92: e00384 (2018) - dataset 2,29976677,0.007,,
10E8/PGT121/PGDM1400.V1,TRO_11,Khan et al. J Virol. 92: e00384 (2018) - dataset 2,29976677,0.078,,
10E8/PGT121/PGDM1400.V1,WEAU_D15_410,Khan et al. J Virol. 92: e00384 (2018) - dataset 2,29976677,0.176,,
10E8/PGT121/PGDM1400.V1,X1254_C3,Khan et al. J Virol. 92: e00384 (2018) - dataset 2,29976677,>1,,
10E8/PGT121/PGDM1400.V1,X2088_C9,Khan et al. J Virol. 92: e00384 (2018) - dataset 2,29976677,>1,,
10E8/PGT121/PGDM1400.V1,X2131_C1_B5,Khan et al. J Virol. 92: e00384 (2018) - dataset 2,29976677,0.04,,
10E8/PGT121/PGDM1400.V1,ZM109_4,Khan et al. J Virol. 92: e00384 (2018) - dataset 2,29976677,0.816,,
10E8/PGT121/PGDM1400.V1,ZM197_7,Khan et al. J Virol. 92: e00384 (2018) - dataset 2,29976677,0.493,,
10E8/PGT121/PGDM1400.V1,ZM214_15,Khan et al. J Virol. 92: e00384 (2018) - dataset 2,29976677,>1,,
10E8/PGT121/PGDM1400.V1,ZM233_6,Khan et al. J Virol. 92: e00384 (2018) - dataset 2,29976677,0.015,,
10E8/PGT121/PGDM1400.V1,ZM249_1,Khan et al. J Virol. 92: e00384 (2018) - dataset 2,29976677,>1,,
10E8/PGT121/PGDM1400.V2,0013095_2_11,Khan et al. J Virol. 92: e00384 (2018) - dataset 2,29976677,0.099,,
10E8/PGT121/PGDM1400.V2,1056_10_TA11_1826,Khan et al. J Virol. 92: e00384 (2018) - dataset 2,29976677,0.136,,
10E8/PGT121/PGDM1400.V2,3103_V3_C10,Khan et al. J Virol. 92: e00384 (2018) - dataset 2,29976677,>1,,
10E8/PGT121/PGDM1400.V2,3301_V1_C24,Khan et al. J Virol. 92: e00384 (2018) - dataset 2,29976677,>1,,
10E8/PGT121/PGDM1400.V2,6480_V4_C25,Khan et al. J Virol. 92: e00384 (2018) - dataset 2,29976677,0.128,,
10E8/PGT121/PGDM1400.V2,6540_V4_C1,Khan et al. J Virol. 92: e00384 (2018) - dataset 2,29976677,>1,,
10E8/PGT121/PGDM1400.V2,6811_V7_C18,Khan et al. J Virol. 92: e00384 (2018) - dataset 2,29976677,0.634,,
10E8/PGT121/PGDM1400.V2,89_F1_2_25,Khan et al. J Virol. 92: e00384 (2018) - dataset 2,29976677,>1,,
10E8/PGT121/PGDM1400.V2,BF1266_431A,Khan et al. J Virol. 92: e00384 (2018) - dataset 2,29976677,0.109,,
10E8/PGT121/PGDM1400.V2,CAAN5342,Khan et al. J Virol. 92: e00384 (2018) - dataset 2,29976677,0.496,,
10E8/PGT121/PGDM1400.V2,CE0393_C3,Khan et al. J Virol. 92: e00384 (2018) - dataset 2,29976677,0.315,,
10E8/PGT121/PGDM1400.V2,CNE17,Khan et al. J Virol. 92: e00384 (2018) - dataset 2,29976677,>1,,
10E8/PGT121/PGDM1400.V2,CNE30,Khan et al. J Virol. 92: e00384 (2018) - dataset 2,29976677,>1,,
10E8/PGT121/PGDM1400.V2,CNE58,Khan et al. J Virol. 92: e00384 (2018) - dataset 2,29976677,0.132,,
10E8/PGT121/PGDM1400.V2,DU172_17,Khan et al. J Virol. 92: e00384 (2018) - dataset 2,29976677,0.159,,
10E8/PGT121/PGDM1400.V2,Q23_17,Khan et al. J Virol. 92: e00384 (2018) - dataset 2,29976677,0.016,,
10E8/PGT121/PGDM1400.V2,SC05_8C11_2344,Khan et al. J Virol. 92: e00384 (2018) - dataset 2,29976677,0.863,,
10E8/PGT121/PGDM1400.V2,T250_4,Khan et al. J Virol. 92: e00384 (2018) - dataset 2,29976677,0.024,,
10E8/PGT121/PGDM1400.V2,TRO_11,Khan et al. J Virol. 92: e00384 (2018) - dataset 2,29976677,0.161,,
10E8/PGT121/PGDM1400.V2,WEAU_D15_410,Khan et al. J Virol. 92: e00384 (2018) - dataset 2,29976677,0.221,,
10E8/PGT121/PGDM1400.V2,X1254_C3,Khan et al. J Virol. 92: e00384 (2018) - dataset 2,29976677,>1,,
10E8/PGT121/PGDM1400.V2,X2088_C9,Khan et al. J Virol. 92: e00384 (2018) - dataset 2,29976677,>1,,
10E8/PGT121/PGDM1400.V2,X2131_C1_B5,Khan et al. J Virol. 92: e00384 (2018) - dataset 2,29976677,0.046,,
10E8/PGT121/PGDM1400.V2,ZM109_4,Khan et al. J Virol. 92: e00384 (2018) - dataset 2,29976677,0.553,,
10E8/PGT121/PGDM1400.V2,ZM197_7,Khan et al. J Virol. 92: e00384 (2018) - dataset 2,29976677,0.961,,
10E8/PGT121/PGDM1400.V2,ZM214_15,Khan et al. J Virol. 92: e00384 (2018) - dataset 2,29976677,>1,,
10E8/PGT121/PGDM1400.V2,ZM233_6,Khan et al. J Virol. 92: e00384 (2018) - dataset 2,29976677,0.015,,
10E8/PGT121/PGDM1400.V2,ZM249_1,Khan et al. J Virol. 92: e00384 (2018) - dataset 2,29976677,>1,,
10E8/PGT121/PGDM1400.V3,0013095_2_11,Khan et al. J Virol. 92: e00384 (2018) - dataset 2,29976677,0.013,,
10E8/PGT121/PGDM1400.V3,1056_10_TA11_1826,Khan et al. J Virol. 92: e00384 (2018) - dataset 2,29976677,0.077,,
10E8/PGT121/PGDM1400.V3,3103_V3_C10,Khan et al. J Virol. 92: e00384 (2018) - dataset 2,29976677,0.543,,
10E8/PGT121/PGDM1400.V3,3301_V1_C24,Khan et al. J Virol. 92: e00384 (2018) - dataset 2,29976677,0.592,,
10E8/PGT121/PGDM1400.V3,6480_V4_C25,Khan et al. J Virol. 92: e00384 (2018) - dataset 2,29976677,0.069,,
10E8/PGT121/PGDM1400.V3,6540_V4_C1,Khan et al. J Virol. 92: e00384 (2018) - dataset 2,29976677,0.207,,
10E8/PGT121/PGDM1400.V3,6811_V7_C18,Khan et al. J Virol. 92: e00384 (2018) - dataset 2,29976677,0.466,,
10E8/PGT121/PGDM1400.V3,89_F1_2_25,Khan et al. J Virol. 92: e00384 (2018) - dataset 2,29976677,0.478,,
10E8/PGT121/PGDM1400.V3,BF1266_431A,Khan et al. J Virol. 92: e00384 (2018) - dataset 2,29976677,0.005,,
10E8/PGT121/PGDM1400.V3,CAAN5342,Khan et al. J Virol. 92: e00384 (2018) - dataset 2,29976677,0.213,,
10E8/PGT121/PGDM1400.V3,CE0393_C3,Khan et al. J Virol. 92: e00384 (2018) - dataset 2,29976677,0.044,,
10E8/PGT121/PGDM1400.V3,CNE17,Khan et al. J Virol. 92: e00384 (2018) - dataset 2,29976677,0.192,,
10E8/PGT121/PGDM1400.V3,CNE30,Khan et al. J Virol. 92: e00384 (2018) - dataset 2,29976677,>1,,
10E8/PGT121/PGDM1400.V3,CNE58,Khan et al. J Virol. 92: e00384 (2018) - dataset 2,29976677,0.024,,
10E8/PGT121/PGDM1400.V3,DU172_17,Khan et al. J Virol. 92: e00384 (2018) - dataset 2,29976677,0.117,,
10E8/PGT121/PGDM1400.V3,Q23_17,Khan et al. J Virol. 92: e00384 (2018) - dataset 2,29976677,0.002,,
10E8/PGT121/PGDM1400.V3,SC05_8C11_2344,Khan et al. J Virol. 92: e00384 (2018) - dataset 2,29976677,0.43,,
10E8/PGT121/PGDM1400.V3,T250_4,Khan et al. J Virol. 92: e00384 (2018) - dataset 2,29976677,0.005,,
10E8/PGT121/PGDM1400.V3,TRO_11,Khan et al. J Virol. 92: e00384 (2018) - dataset 2,29976677,0.049,,
10E8/PGT121/PGDM1400.V3,WEAU_D15_410,Khan et al. J Virol. 92: e00384 (2018) - dataset 2,29976677,0.047,,
10E8/PGT121/PGDM1400.V3,X1254_C3,Khan et al. J Virol. 92: e00384 (2018) - dataset 2,29976677,>1,,
10E8/PGT121/PGDM1400.V3,X2088_C9,Khan et al. J Virol. 92: e00384 (2018) - dataset 2,29976677,>1,,
10E8/PGT121/PGDM1400.V3,X2131_C1_B5,Khan et al. J Virol. 92: e00384 (2018) - dataset 2,29976677,0.016,,
10E8/PGT121/PGDM1400.V3,ZM109_4,Khan et al. J Virol. 92: e00384 (2018) - dataset 2,29976677,0.263,,
10E8/PGT121/PGDM1400.V3,ZM197_7,Khan et al. J Virol. 92: e00384 (2018) - dataset 2,29976677,0.144,,
10E8/PGT121/PGDM1400.V3,ZM214_15,Khan et al. J Virol. 92: e00384 (2018) - dataset 2,29976677,>1,,
10E8/PGT121/PGDM1400.V3,ZM233_6,Khan et al. J Virol. 92: e00384 (2018) - dataset 2,29976677,0.004,,
10E8/PGT121/PGDM1400.V3,ZM249_1,Khan et al. J Virol. 92: e00384 (2018) - dataset 2,29976677,0.734,,
10E8/PGT121/PGDM1400.V4,0013095_2_11,Khan et al. J Virol. 92: e00384 (2018) - dataset 2,29976677,0.063,,
10E8/PGT121/PGDM1400.V4,1056_10_TA11_1826,Khan et al. J Virol. 92: e00384 (2018) - dataset 2,29976677,0.106,,
10E8/PGT121/PGDM1400.V4,3103_V3_C10,Khan et al. J Virol. 92: e00384 (2018) - dataset 2,29976677,0.236,,
10E8/PGT121/PGDM1400.V4,3301_V1_C24,Khan et al. J Virol. 92: e00384 (2018) - dataset 2,29976677,0.669,,
10E8/PGT121/PGDM1400.V4,6480_V4_C25,Khan et al. J Virol. 92: e00384 (2018) - dataset 2,29976677,0.037,,
10E8/PGT121/PGDM1400.V4,6540_V4_C1,Khan et al. J Virol. 92: e00384 (2018) - dataset 2,29976677,0.982,,
10E8/PGT121/PGDM1400.V4,6811_V7_C18,Khan et al. J Virol. 92: e00384 (2018) - dataset 2,29976677,0.467,,
10E8/PGT121/PGDM1400.V4,89_F1_2_25,Khan et al. J Virol. 92: e00384 (2018) - dataset 2,29976677,>1,,
10E8/PGT121/PGDM1400.V4,BF1266_431A,Khan et al. J Virol. 92: e00384 (2018) - dataset 2,29976677,0.061,,
10E8/PGT121/PGDM1400.V4,CAAN5342,Khan et al. J Virol. 92: e00384 (2018) - dataset 2,29976677,0.247,,
10E8/PGT121/PGDM1400.V4,CE0393_C3,Khan et al. J Virol. 92: e00384 (2018) - dataset 2,29976677,0.173,,
10E8/PGT121/PGDM1400.V4,CNE17,Khan et al. J Virol. 92: e00384 (2018) - dataset 2,29976677,>1,,
10E8/PGT121/PGDM1400.V4,CNE30,Khan et al. J Virol. 92: e00384 (2018) - dataset 2,29976677,>1,,
10E8/PGT121/PGDM1400.V4,CNE58,Khan et al. J Virol. 92: e00384 (2018) - dataset 2,29976677,0.256,,
10E8/PGT121/PGDM1400.V4,DU172_17,Khan et al. J Virol. 92: e00384 (2018) - dataset 2,29976677,0.258,,
10E8/PGT121/PGDM1400.V4,Q23_17,Khan et al. J Virol. 92: e00384 (2018) - dataset 2,29976677,0.005,,
10E8/PGT121/PGDM1400.V4,SC05_8C11_2344,Khan et al. J Virol. 92: e00384 (2018) - dataset 2,29976677,>1,,
10E8/PGT121/PGDM1400.V4,T250_4,Khan et al. J Virol. 92: e00384 (2018) - dataset 2,29976677,0.01,,
10E8/PGT121/PGDM1400.V4,TRO_11,Khan et al. J Virol. 92: e00384 (2018) - dataset 2,29976677,0.062,,
10E8/PGT121/PGDM1400.V4,WEAU_D15_410,Khan et al. J Virol. 92: e00384 (2018) - dataset 2,29976677,>1,,
10E8/PGT121/PGDM1400.V4,X1254_C3,Khan et al. J Virol. 92: e00384 (2018) - dataset 2,29976677,>1,,
10E8/PGT121/PGDM1400.V4,X2088_C9,Khan et al. J Virol. 92: e00384 (2018) - dataset 2,29976677,>1,,
10E8/PGT121/PGDM1400.V4,X2131_C1_B5,Khan et al. J Virol. 92: e00384 (2018) - dataset 2,29976677,0.06,,
10E8/PGT121/PGDM1400.V4,ZM109_4,Khan et al. J Virol. 92: e00384 (2018) - dataset 2,29976677,>1,,
10E8/PGT121/PGDM1400.V4,ZM197_7,Khan et al. J Virol. 92: e00384 (2018) - dataset 2,29976677,0.56,,
10E8/PGT121/PGDM1400.V4,ZM214_15,Khan et al. J Virol. 92: e00384 (2018) - dataset 2,29976677,>1,,
10E8/PGT121/PGDM1400.V4,ZM233_6,Khan et al. J Virol. 92: e00384 (2018) - dataset 2,29976677,0.011,,
10E8/PGT121/PGDM1400.V4,ZM249_1,Khan et al. J Virol. 92: e00384 (2018) - dataset 2,29976677,>1,,
10E8/PGT121/PGDM1400.V5,0013095_2_11,Khan et al. J Virol. 92: e00384 (2018) - dataset 2,29976677,0.012,,
10E8/PGT121/PGDM1400.V5,1056_10_TA11_1826,Khan et al. J Virol. 92: e00384 (2018) - dataset 2,29976677,0.101,,
10E8/PGT121/PGDM1400.V5,3103_V3_C10,Khan et al. J Virol. 92: e00384 (2018) - dataset 2,29976677,0.476,,
10E8/PGT121/PGDM1400.V5,3301_V1_C24,Khan et al. J Virol. 92: e00384 (2018) - dataset 2,29976677,0.968,,
10E8/PGT121/PGDM1400.V5,6480_V4_C25,Khan et al. J Virol. 92: e00384 (2018) - dataset 2,29976677,0.066,,
10E8/PGT121/PGDM1400.V5,6540_V4_C1,Khan et al. J Virol. 92: e00384 (2018) - dataset 2,29976677,0.188,,
10E8/PGT121/PGDM1400.V5,6811_V7_C18,Khan et al. J Virol. 92: e00384 (2018) - dataset 2,29976677,0.457,,
10E8/PGT121/PGDM1400.V5,89_F1_2_25,Khan et al. J Virol. 92: e00384 (2018) - dataset 2,29976677,0.67,,
10E8/PGT121/PGDM1400.V5,BF1266_431A,Khan et al. J Virol. 92: e00384 (2018) - dataset 2,29976677,0.006,,
10E8/PGT121/PGDM1400.V5,CAAN5342,Khan et al. J Virol. 92: e00384 (2018) - dataset 2,29976677,0.209,,
10E8/PGT121/PGDM1400.V5,CE0393_C3,Khan et al. J Virol. 92: e00384 (2018) - dataset 2,29976677,0.042,,
10E8/PGT121/PGDM1400.V5,CNE17,Khan et al. J Virol. 92: e00384 (2018) - dataset 2,29976677,0.229,,
10E8/PGT121/PGDM1400.V5,CNE30,Khan et al. J Virol. 92: e00384 (2018) - dataset 2,29976677,>1,,
10E8/PGT121/PGDM1400.V5,CNE58,Khan et al. J Virol. 92: e00384 (2018) - dataset 2,29976677,0.025,,
10E8/PGT121/PGDM1400.V5,DU172_17,Khan et al. J Virol. 92: e00384 (2018) - dataset 2,29976677,0.046,,
10E8/PGT121/PGDM1400.V5,Q23_17,Khan et al. J Virol. 92: e00384 (2018) - dataset 2,29976677,0.003,,
10E8/PGT121/PGDM1400.V5,SC05_8C11_2344,Khan et al. J Virol. 92: e00384 (2018) - dataset 2,29976677,0.603,,
10E8/PGT121/PGDM1400.V5,T250_4,Khan et al. J Virol. 92: e00384 (2018) - dataset 2,29976677,0.005,,
10E8/PGT121/PGDM1400.V5,TRO_11,Khan et al. J Virol. 92: e00384 (2018) - dataset 2,29976677,0.072,,
10E8/PGT121/PGDM1400.V5,WEAU_D15_410,Khan et al. J Virol. 92: e00384 (2018) - dataset 2,29976677,0.046,,
10E8/PGT121/PGDM1400.V5,X1254_C3,Khan et al. J Virol. 92: e00384 (2018) - dataset 2,29976677,>1,,
10E8/PGT121/PGDM1400.V5,X2088_C9,Khan et al. J Virol. 92: e00384 (2018) - dataset 2,29976677,>1,,
10E8/PGT121/PGDM1400.V5,X2131_C1_B5,Khan et al. J Virol. 92: e00384 (2018) - dataset 2,29976677,0.02,,
10E8/PGT121/PGDM1400.V5,ZM109_4,Khan et al. J Virol. 92: e00384 (2018) - dataset 2,29976677,0.252,,
10E8/PGT121/PGDM1400.V5,ZM197_7,Khan et al. J Virol. 92: e00384 (2018) - dataset 2,29976677,0.283,,
10E8/PGT121/PGDM1400.V5,ZM214_15,Khan et al. J Virol. 92: e00384 (2018) - dataset 2,29976677,>1,,
10E8/PGT121/PGDM1400.V5,ZM233_6,Khan et al. J Virol. 92: e00384 (2018) - dataset 2,29976677,0.006,,
10E8/PGT121/PGDM1400.V5,ZM249_1,Khan et al. J Virol. 92: e00384 (2018) - dataset 2,29976677,0.146,,
10E8/PGT121/PGDM1400.V6,0013095_2_11,Khan et al. J Virol. 92: e00384 (2018) - dataset 2,29976677,0.043,,
10E8/PGT121/PGDM1400.V6,1056_10_TA11_1826,Khan et al. J Virol. 92: e00384 (2018) - dataset 2,29976677,0.084,,
10E8/PGT121/PGDM1400.V6,3103_V3_C10,Khan et al. J Virol. 92: e00384 (2018) - dataset 2,29976677,0.218,,
10E8/PGT121/PGDM1400.V6,3301_V1_C24,Khan et al. J Virol. 92: e00384 (2018) - dataset 2,29976677,0.543,,
10E8/PGT121/PGDM1400.V6,6480_V4_C25,Khan et al. J Virol. 92: e00384 (2018) - dataset 2,29976677,0.056,,
10E8/PGT121/PGDM1400.V6,6540_V4_C1,Khan et al. J Virol. 92: e00384 (2018) - dataset 2,29976677,0.808,,
10E8/PGT121/PGDM1400.V6,6811_V7_C18,Khan et al. J Virol. 92: e00384 (2018) - dataset 2,29976677,0.532,,
10E8/PGT121/PGDM1400.V6,89_F1_2_25,Khan et al. J Virol. 92: e00384 (2018) - dataset 2,29976677,>1,,
10E8/PGT121/PGDM1400.V6,BF1266_431A,Khan et al. J Virol. 92: e00384 (2018) - dataset 2,29976677,0.065,,
10E8/PGT121/PGDM1400.V6,CAAN5342,Khan et al. J Virol. 92: e00384 (2018) - dataset 2,29976677,0.204,,
10E8/PGT121/PGDM1400.V6,CE0393_C3,Khan et al. J Virol. 92: e00384 (2018) - dataset 2,29976677,0.175,,
10E8/PGT121/PGDM1400.V6,CNE17,Khan et al. J Virol. 92: e00384 (2018) - dataset 2,29976677,0.653,,
10E8/PGT121/PGDM1400.V6,CNE30,Khan et al. J Virol. 92: e00384 (2018) - dataset 2,29976677,>1,,
10E8/PGT121/PGDM1400.V6,CNE58,Khan et al. J Virol. 92: e00384 (2018) - dataset 2,29976677,0.13,,
10E8/PGT121/PGDM1400.V6,DU172_17,Khan et al. J Virol. 92: e00384 (2018) - dataset 2,29976677,0.198,,
10E8/PGT121/PGDM1400.V6,Q23_17,Khan et al. J Virol. 92: e00384 (2018) - dataset 2,29976677,0.004,,
10E8/PGT121/PGDM1400.V6,SC05_8C11_2344,Khan et al. J Virol. 92: e00384 (2018) - dataset 2,29976677,0.707,,
10E8/PGT121/PGDM1400.V6,T250_4,Khan et al. J Virol. 92: e00384 (2018) - dataset 2,29976677,0.006,,
10E8/PGT121/PGDM1400.V6,TRO_11,Khan et al. J Virol. 92: e00384 (2018) - dataset 2,29976677,0.058,,
10E8/PGT121/PGDM1400.V6,WEAU_D15_410,Khan et al. J Virol. 92: e00384 (2018) - dataset 2,29976677,0.337,,
10E8/PGT121/PGDM1400.V6,X1254_C3,Khan et al. J Virol. 92: e00384 (2018) - dataset 2,29976677,>1,,
10E8/PGT121/PGDM1400.V6,X2088_C9,Khan et al. J Virol. 92: e00384 (2018) - dataset 2,29976677,>1,,
10E8/PGT121/PGDM1400.V6,X2131_C1_B5,Khan et al. J Virol. 92: e00384 (2018) - dataset 2,29976677,0.042,,
10E8/PGT121/PGDM1400.V6,ZM109_4,Khan et al. J Virol. 92: e00384 (2018) - dataset 2,29976677,>1,,
10E8/PGT121/PGDM1400.V6,ZM197_7,Khan et al. J Virol. 92: e00384 (2018) - dataset 2,29976677,0.398,,
10E8/PGT121/PGDM1400.V6,ZM214_15,Khan et al. J Virol. 92: e00384 (2018) - dataset 2,29976677,>1,,
10E8/PGT121/PGDM1400.V6,ZM233_6,Khan et al. J Virol. 92: e00384 (2018) - dataset 2,29976677,0.012,,
10E8/PGT121/PGDM1400.V6,ZM249_1,Khan et al. J Virol. 92: e00384 (2018) - dataset 2,29976677,>1,,
10E8/PGT121/PGDM1400.V7,0013095_2_11,Khan et al. J Virol. 92: e00384 (2018) - dataset 2,29976677,0.071,,
10E8/PGT121/PGDM1400.V7,1056_10_TA11_1826,Khan et al. J Virol. 92: e00384 (2018) - dataset 2,29976677,0.091,,
10E8/PGT121/PGDM1400.V7,3103_V3_C10,Khan et al. J Virol. 92: e00384 (2018) - dataset 2,29976677,0.622,,
10E8/PGT121/PGDM1400.V7,3301_V1_C24,Khan et al. J Virol. 92: e00384 (2018) - dataset 2,29976677,0.626,,
10E8/PGT121/PGDM1400.V7,6480_V4_C25,Khan et al. J Virol. 92: e00384 (2018) - dataset 2,29976677,0.063,,
10E8/PGT121/PGDM1400.V7,6540_V4_C1,Khan et al. J Virol. 92: e00384 (2018) - dataset 2,29976677,0.648,,
10E8/PGT121/PGDM1400.V7,6811_V7_C18,Khan et al. J Virol. 92: e00384 (2018) - dataset 2,29976677,0.477,,
10E8/PGT121/PGDM1400.V7,89_F1_2_25,Khan et al. J Virol. 92: e00384 (2018) - dataset 2,29976677,0.82,,
10E8/PGT121/PGDM1400.V7,BF1266_431A,Khan et al. J Virol. 92: e00384 (2018) - dataset 2,29976677,0.041,,
10E8/PGT121/PGDM1400.V7,CAAN5342,Khan et al. J Virol. 92: e00384 (2018) - dataset 2,29976677,0.204,,
10E8/PGT121/PGDM1400.V7,CE0393_C3,Khan et al. J Virol. 92: e00384 (2018) - dataset 2,29976677,0.182,,
10E8/PGT121/PGDM1400.V7,CNE17,Khan et al. J Virol. 92: e00384 (2018) - dataset 2,29976677,0.542,,
10E8/PGT121/PGDM1400.V7,CNE30,Khan et al. J Virol. 92: e00384 (2018) - dataset 2,29976677,>1,,
10E8/PGT121/PGDM1400.V7,CNE58,Khan et al. J Virol. 92: e00384 (2018) - dataset 2,29976677,0.089,,
10E8/PGT121/PGDM1400.V7,DU172_17,Khan et al. J Virol. 92: e00384 (2018) - dataset 2,29976677,0.086,,
10E8/PGT121/PGDM1400.V7,Q23_17,Khan et al. J Virol. 92: e00384 (2018) - dataset 2,29976677,0.006,,
10E8/PGT121/PGDM1400.V7,SC05_8C11_2344,Khan et al. J Virol. 92: e00384 (2018) - dataset 2,29976677,0.469,,
10E8/PGT121/PGDM1400.V7,T250_4,Khan et al. J Virol. 92: e00384 (2018) - dataset 2,29976677,0.01,,
10E8/PGT121/PGDM1400.V7,TRO_11,Khan et al. J Virol. 92: e00384 (2018) - dataset 2,29976677,0.075,,
10E8/PGT121/PGDM1400.V7,WEAU_D15_410,Khan et al. J Virol. 92: e00384 (2018) - dataset 2,29976677,0.178,,
10E8/PGT121/PGDM1400.V7,X1254_C3,Khan et al. J Virol. 92: e00384 (2018) - dataset 2,29976677,>1,,
10E8/PGT121/PGDM1400.V7,X2088_C9,Khan et al. J Virol. 92: e00384 (2018) - dataset 2,29976677,>1,,
10E8/PGT121/PGDM1400.V7,X2131_C1_B5,Khan et al. J Virol. 92: e00384 (2018) - dataset 2,29976677,0.032,,
10E8/PGT121/PGDM1400.V7,ZM109_4,Khan et al. J Virol. 92: e00384 (2018) - dataset 2,29976677,0.437,,
10E8/PGT121/PGDM1400.V7,ZM197_7,Khan et al. J Virol. 92: e00384 (2018) - dataset 2,29976677,0.314,,
10E8/PGT121/PGDM1400.V7,ZM214_15,Khan et al. J Virol. 92: e00384 (2018) - dataset 2,29976677,>1,,
10E8/PGT121/PGDM1400.V7,ZM233_6,Khan et al. J Virol. 92: e00384 (2018) - dataset 2,29976677,0.009,,
10E8/PGT121/PGDM1400.V7,ZM249_1,Khan et al. J Virol. 92: e00384 (2018) - dataset 2,29976677,>1,,
10E8/PGT121/PGDM1400.V8,0013095_2_11,Khan et al. J Virol. 92: e00384 (2018) - dataset 1,29976677,0.0001,,
10E8/PGT121/PGDM1400.V8,0013095_2_11,Khan et al. J Virol. 92: e00384 (2018) - dataset 2,29976677,0.019,,
10E8/PGT121/PGDM1400.V8,001428_2_42,Khan et al. J Virol. 92: e00384 (2018) - dataset 1,29976677,0.007,,
10E8/PGT121/PGDM1400.V8,0260_V5_C36,Khan et al. J Virol. 92: e00384 (2018) - dataset 1,29976677,0.0135,,
10E8/PGT121/PGDM1400.V8,0330_V4_C3,Khan et al. J Virol. 92: e00384 (2018) - dataset 1,29976677,0.0008,,
10E8/PGT121/PGDM1400.V8,0815_V3_C3,Khan et al. J Virol. 92: e00384 (2018) - dataset 1,29976677,0.085,,
10E8/PGT121/PGDM1400.V8,1006_11_C3_1601,Khan et al. J Virol. 92: e00384 (2018) - dataset 1,29976677,0.0024,,
10E8/PGT121/PGDM1400.V8,1012_11_TC21_3257,Khan et al. J Virol. 92: e00384 (2018) - dataset 1,29976677,0.0382,,
10E8/PGT121/PGDM1400.V8,1054_07_TC4_1499,Khan et al. J Virol. 92: e00384 (2018) - dataset 1,29976677,0.0016,,
10E8/PGT121/PGDM1400.V8,1056_10_TA11_1826,Khan et al. J Virol. 92: e00384 (2018) - dataset 1,29976677,0.0526,,
10E8/PGT121/PGDM1400.V8,1056_10_TA11_1826,Khan et al. J Virol. 92: e00384 (2018) - dataset 2,29976677,0.066,,
10E8/PGT121/PGDM1400.V8,1056_10_TA11_1826,Khan et al. J Virol. 92: e00384 (2018) - dataset 3,29976677,0.0323,,
10E8/PGT121/PGDM1400.V8,1394_C9G1,Khan et al. J Virol. 92: e00384 (2018) - dataset 1,29976677,0.0009,,
10E8/PGT121/PGDM1400.V8,16055_2_3,Khan et al. J Virol. 92: e00384 (2018) - dataset 1,29976677,0.0016,,
10E8/PGT121/PGDM1400.V8,16845_2_22,Khan et al. J Virol. 92: e00384 (2018) - dataset 1,29976677,0.0611,,
10E8/PGT121/PGDM1400.V8,191084_B7_19,Khan et al. J Virol. 92: e00384 (2018) - dataset 1,29976677,0.0192,,
10E8/PGT121/PGDM1400.V8,211_9,Khan et al. J Virol. 92: e00384 (2018) - dataset 1,29976677,0.0972,,
10E8/PGT121/PGDM1400.V8,231965_C1,Khan et al. J Virol. 92: e00384 (2018) - dataset 1,29976677,0.468,,
10E8/PGT121/PGDM1400.V8,231965_C1,Khan et al. J Virol. 92: e00384 (2018) - dataset 3,29976677,>1,,
10E8/PGT121/PGDM1400.V8,235_47,Khan et al. J Virol. 92: e00384 (2018) - dataset 1,29976677,0.0158,,
10E8/PGT121/PGDM1400.V8,249M_B10,Khan et al. J Virol. 92: e00384 (2018) - dataset 1,29976677,0.1677,,
10E8/PGT121/PGDM1400.V8,25710_2_43,Khan et al. J Virol. 92: e00384 (2018) - dataset 3,29976677,0.0332,,
10E8/PGT121/PGDM1400.V8,263_8,Khan et al. J Virol. 92: e00384 (2018) - dataset 1,29976677,0.0091,,
10E8/PGT121/PGDM1400.V8,3016_V5_C45,Khan et al. J Virol. 92: e00384 (2018) - dataset 1,29976677,0.1556,,
10E8/PGT121/PGDM1400.V8,3103_V3_C10,Khan et al. J Virol. 92: e00384 (2018) - dataset 1,29976677,0.0012,,
10E8/PGT121/PGDM1400.V8,3103_V3_C10,Khan et al. J Virol. 92: e00384 (2018) - dataset 2,29976677,0.174,,
10E8/PGT121/PGDM1400.V8,3301_V1_C24,Khan et al. J Virol. 92: e00384 (2018) - dataset 1,29976677,0.0071,,
10E8/PGT121/PGDM1400.V8,3301_V1_C24,Khan et al. J Virol. 92: e00384 (2018) - dataset 2,29976677,0.442,,
10E8/PGT121/PGDM1400.V8,3301_V1_C24,Khan et al. J Virol. 92: e00384 (2018) - dataset 3,29976677,0.0725,,
10E8/PGT121/PGDM1400.V8,3817_V2_C59,Khan et al. J Virol. 92: e00384 (2018) - dataset 1,29976677,1.137,,
10E8/PGT121/PGDM1400.V8,3817_V2_C59,Khan et al. J Virol. 92: e00384 (2018) - dataset 3,29976677,>1,,
10E8/PGT121/PGDM1400.V8,398_F1_F6_20,Khan et al. J Virol. 92: e00384 (2018) - dataset 3,29976677,0.0218,,
10E8/PGT121/PGDM1400.V8,6041_V3_C23,Khan et al. J Virol. 92: e00384 (2018) - dataset 1,29976677,0.0918,,
10E8/PGT121/PGDM1400.V8,620345_C1,Khan et al. J Virol. 92: e00384 (2018) - dataset 1,29976677,0.0002,,
10E8/PGT121/PGDM1400.V8,62357_14_D3_4589,Khan et al. J Virol. 92: e00384 (2018) - dataset 1,29976677,0.2245,,
10E8/PGT121/PGDM1400.V8,62357_14_D3_4589,Khan et al. J Virol. 92: e00384 (2018) - dataset 3,29976677,0.2297,,
10E8/PGT121/PGDM1400.V8,6240_08_TA5_4622,Khan et al. J Virol. 92: e00384 (2018) - dataset 1,29976677,0.105,,
10E8/PGT121/PGDM1400.V8,6244_13_B5_4567,Khan et al. J Virol. 92: e00384 (2018) - dataset 1,29976677,1.578,,
10E8/PGT121/PGDM1400.V8,6480_V4_C25,Khan et al. J Virol. 92: e00384 (2018) - dataset 1,29976677,0.0021,,
10E8/PGT121/PGDM1400.V8,6480_V4_C25,Khan et al. J Virol. 92: e00384 (2018) - dataset 2,29976677,0.026,,
10E8/PGT121/PGDM1400.V8,6480_V4_C25,Khan et al. J Virol. 92: e00384 (2018) - dataset 3,29976677,0.0081,,
10E8/PGT121/PGDM1400.V8,6535_3,Khan et al. J Virol. 92: e00384 (2018) - dataset 1,29976677,0.0007,,
10E8/PGT121/PGDM1400.V8,6540_V4_C1,Khan et al. J Virol. 92: e00384 (2018) - dataset 1,29976677,0.0317,,
10E8/PGT121/PGDM1400.V8,6540_V4_C1,Khan et al. J Virol. 92: e00384 (2018) - dataset 2,29976677,0.216,,
10E8/PGT121/PGDM1400.V8,6540_V4_C1,Khan et al. J Virol. 92: e00384 (2018) - dataset 3,29976677,0.1057,,
10E8/PGT121/PGDM1400.V8,6545_V4_C1,Khan et al. J Virol. 92: e00384 (2018) - dataset 1,29976677,0.085,,
10E8/PGT121/PGDM1400.V8,6811_V7_C18,Khan et al. J Virol. 92: e00384 (2018) - dataset 1,29976677,0.0071,,
10E8/PGT121/PGDM1400.V8,6811_V7_C18,Khan et al. J Virol. 92: e00384 (2018) - dataset 2,29976677,0.35,,
10E8/PGT121/PGDM1400.V8,6811_V7_C18,Khan et al. J Virol. 92: e00384 (2018) - dataset 3,29976677,0.029,,
10E8/PGT121/PGDM1400.V8,6952_V1_C20,Khan et al. J Virol. 92: e00384 (2018) - dataset 1,29976677,0.0009,,
10E8/PGT121/PGDM1400.V8,703010054_2A2,Khan et al. J Virol. 92: e00384 (2018) - dataset 1,29976677,0.0181,,
10E8/PGT121/PGDM1400.V8,703010200_1E5,Khan et al. J Virol. 92: e00384 (2018) - dataset 1,29976677,0.0107,,
10E8/PGT121/PGDM1400.V8,704809221_1B3,Khan et al. J Virol. 92: e00384 (2018) - dataset 1,29976677,0.0307,,
10E8/PGT121/PGDM1400.V8,89_F1_2_25,Khan et al. J Virol. 92: e00384 (2018) - dataset 1,29976677,0.0073,,
10E8/PGT121/PGDM1400.V8,89_F1_2_25,Khan et al. J Virol. 92: e00384 (2018) - dataset 2,29976677,>1,,
10E8/PGT121/PGDM1400.V8,89_F1_2_25,Khan et al. J Virol. 92: e00384 (2018) - dataset 3,29976677,0.0724,,
10E8/PGT121/PGDM1400.V8,928_28,Khan et al. J Virol. 92: e00384 (2018) - dataset 1,29976677,0.0132,,
10E8/PGT121/PGDM1400.V8,A07412M1_VRC12,Khan et al. J Virol. 92: e00384 (2018) - dataset 1,29976677,0.1556,,
10E8/PGT121/PGDM1400.V8,AC10_29,Khan et al. J Virol. 92: e00384 (2018) - dataset 1,29976677,0.0434,,
10E8/PGT121/PGDM1400.V8,BF1266_431A,Khan et al. J Virol. 92: e00384 (2018) - dataset 1,29976677,0.0133,,
10E8/PGT121/PGDM1400.V8,BF1266_431A,Khan et al. J Virol. 92: e00384 (2018) - dataset 2,29976677,0.004,,
10E8/PGT121/PGDM1400.V8,BJOX002000_03_2,Khan et al. J Virol. 92: e00384 (2018) - dataset 3,29976677,0.0671,,
10E8/PGT121/PGDM1400.V8,BJOX009000_02_4,Khan et al. J Virol. 92: e00384 (2018) - dataset 1,29976677,0.1068,,
10E8/PGT121/PGDM1400.V8,BJOX010000_06_2,Khan et al. J Virol. 92: e00384 (2018) - dataset 1,29976677,0.1068,,
10E8/PGT121/PGDM1400.V8,BJOX015000_11_5,Khan et al. J Virol. 92: e00384 (2018) - dataset 1,29976677,0.0024,,
10E8/PGT121/PGDM1400.V8,BJOX015000_11_5,Khan et al. J Virol. 92: e00384 (2018) - dataset 3,29976677,>1,,
10E8/PGT121/PGDM1400.V8,BJOX025000_01_1,Khan et al. J Virol. 92: e00384 (2018) - dataset 1,29976677,0.604,,
10E8/PGT121/PGDM1400.V8,BJOX028000_10_3,Khan et al. J Virol. 92: e00384 (2018) - dataset 1,29976677,0.274,,
10E8/PGT121/PGDM1400.V8,C1080_C3,Khan et al. J Virol. 92: e00384 (2018) - dataset 1,29976677,0.0033,,
10E8/PGT121/PGDM1400.V8,C3347_C11,Khan et al. J Virol. 92: e00384 (2018) - dataset 1,29976677,0.0041,,
10E8/PGT121/PGDM1400.V8,C4118_9,Khan et al. J Virol. 92: e00384 (2018) - dataset 1,29976677,0.0014,,
10E8/PGT121/PGDM1400.V8,CAAN5342,Khan et al. J Virol. 92: e00384 (2018) - dataset 1,29976677,0.0493,,
10E8/PGT121/PGDM1400.V8,CAAN5342,Khan et al. J Virol. 92: e00384 (2018) - dataset 2,29976677,0.157,,
10E8/PGT121/PGDM1400.V8,CAAN5342,Khan et al. J Virol. 92: e00384 (2018) - dataset 3,29976677,0.0926,,
10E8/PGT121/PGDM1400.V8,CAP210_E8,Khan et al. J Virol. 92: e00384 (2018) - dataset 1,29976677,0.0531,,
10E8/PGT121/PGDM1400.V8,CAP45_G3,Khan et al. J Virol. 92: e00384 (2018) - dataset 1,29976677,0.0002,,
10E8/PGT121/PGDM1400.V8,CE0393_C3,Khan et al. J Virol. 92: e00384 (2018) - dataset 1,29976677,0.0097,,
10E8/PGT121/PGDM1400.V8,CE0393_C3,Khan et al. J Virol. 92: e00384 (2018) - dataset 2,29976677,0.045,,
10E8/PGT121/PGDM1400.V8,CE1172_H1,Khan et al. J Virol. 92: e00384 (2018) - dataset 1,29976677,<0.0001,,
10E8/PGT121/PGDM1400.V8,CE1176_A3,Khan et al. J Virol. 92: e00384 (2018) - dataset 1,29976677,0.0119,,
10E8/PGT121/PGDM1400.V8,CE1176_A3,Khan et al. J Virol. 92: e00384 (2018) - dataset 3,29976677,0.0457,,
10E8/PGT121/PGDM1400.V8,CE2010_F5,Khan et al. J Virol. 92: e00384 (2018) - dataset 1,29976677,>40,,
10E8/PGT121/PGDM1400.V8,CE2060_G9,Khan et al. J Virol. 92: e00384 (2018) - dataset 1,29976677,0.0013,,
10E8/PGT121/PGDM1400.V8,CH119_10,Khan et al. J Virol. 92: e00384 (2018) - dataset 3,29976677,0.0911,,
10E8/PGT121/PGDM1400.V8,CNE17,Khan et al. J Virol. 92: e00384 (2018) - dataset 1,29976677,0.0124,,
10E8/PGT121/PGDM1400.V8,CNE17,Khan et al. J Virol. 92: e00384 (2018) - dataset 2,29976677,0.173,,
10E8/PGT121/PGDM1400.V8,CNE19,Khan et al. J Virol. 92: e00384 (2018) - dataset 1,29976677,0.0002,,
10E8/PGT121/PGDM1400.V8,CNE20,Khan et al. J Virol. 92: e00384 (2018) - dataset 1,29976677,0.0001,,
10E8/PGT121/PGDM1400.V8,CNE21,Khan et al. J Virol. 92: e00384 (2018) - dataset 1,29976677,0.0021,,
10E8/PGT121/PGDM1400.V8,CNE30,Khan et al. J Virol. 92: e00384 (2018) - dataset 1,29976677,0.0377,,
10E8/PGT121/PGDM1400.V8,CNE30,Khan et al. J Virol. 92: e00384 (2018) - dataset 2,29976677,0.766,,
10E8/PGT121/PGDM1400.V8,CNE30,Khan et al. J Virol. 92: e00384 (2018) - dataset 3,29976677,>1,,
10E8/PGT121/PGDM1400.V8,CNE5,Khan et al. J Virol. 92: e00384 (2018) - dataset 1,29976677,0.0014,,
10E8/PGT121/PGDM1400.V8,CNE52,Khan et al. J Virol. 92: e00384 (2018) - dataset 1,29976677,0.2113,,
10E8/PGT121/PGDM1400.V8,CNE53,Khan et al. J Virol. 92: e00384 (2018) - dataset 1,29976677,0.001,,
10E8/PGT121/PGDM1400.V8,CNE58,Khan et al. J Virol. 92: e00384 (2018) - dataset 1,29976677,0.0016,,
10E8/PGT121/PGDM1400.V8,CNE58,Khan et al. J Virol. 92: e00384 (2018) - dataset 2,29976677,0.033,,
10E8/PGT121/PGDM1400.V8,CNE8,Khan et al. J Virol. 92: e00384 (2018) - dataset 1,29976677,0.0352,,
10E8/PGT121/PGDM1400.V8,CNE8,Khan et al. J Virol. 92: e00384 (2018) - dataset 3,29976677,0.069,,
10E8/PGT121/PGDM1400.V8,DU156_12,Khan et al. J Virol. 92: e00384 (2018) - dataset 1,29976677,0.0051,,
10E8/PGT121/PGDM1400.V8,DU172_17,Khan et al. J Virol. 92: e00384 (2018) - dataset 1,29976677,0.0082,,
10E8/PGT121/PGDM1400.V8,DU172_17,Khan et al. J Virol. 92: e00384 (2018) - dataset 2,29976677,0.081,,
10E8/PGT121/PGDM1400.V8,DU422_1,Khan et al. J Virol. 92: e00384 (2018) - dataset 1,29976677,0.0881,,
10E8/PGT121/PGDM1400.V8,MS208_A1,Khan et al. J Virol. 92: e00384 (2018) - dataset 1,29976677,0.0022,,
10E8/PGT121/PGDM1400.V8,P0402_C2_11,Khan et al. J Virol. 92: e00384 (2018) - dataset 1,29976677,0.0075,,
10E8/PGT121/PGDM1400.V8,P1981_C5_3,Khan et al. J Virol. 92: e00384 (2018) - dataset 1,29976677,0.0016,,
10E8/PGT121/PGDM1400.V8,PVO_4,Khan et al. J Virol. 92: e00384 (2018) - dataset 1,29976677,0.2084,,
10E8/PGT121/PGDM1400.V8,PVO_4,Khan et al. J Virol. 92: e00384 (2018) - dataset 3,29976677,0.6702,,
10E8/PGT121/PGDM1400.V8,Q23_17,Khan et al. J Virol. 92: e00384 (2018) - dataset 1,29976677,0.0005,,
10E8/PGT121/PGDM1400.V8,Q23_17,Khan et al. J Virol. 92: e00384 (2018) - dataset 2,29976677,0.002,,
10E8/PGT121/PGDM1400.V8,Q259_17,Khan et al. J Virol. 92: e00384 (2018) - dataset 3,29976677,>1,,
10E8/PGT121/PGDM1400.V8,Q461_E2,Khan et al. J Virol. 92: e00384 (2018) - dataset 1,29976677,1.682,,
10E8/PGT121/PGDM1400.V8,Q461_E2,Khan et al. J Virol. 92: e00384 (2018) - dataset 3,29976677,>1,,
10E8/PGT121/PGDM1400.V8,Q769_D22,Khan et al. J Virol. 92: e00384 (2018) - dataset 1,29976677,0.0012,,
10E8/PGT121/PGDM1400.V8,QH0692_42,Khan et al. J Virol. 92: e00384 (2018) - dataset 1,29976677,0.2857,,
10E8/PGT121/PGDM1400.V8,R1166_C1,Khan et al. J Virol. 92: e00384 (2018) - dataset 1,29976677,2.256,,
10E8/PGT121/PGDM1400.V8,R2184_C4,Khan et al. J Virol. 92: e00384 (2018) - dataset 1,29976677,0.1709,,
10E8/PGT121/PGDM1400.V8,R3265_C6,Khan et al. J Virol. 92: e00384 (2018) - dataset 1,29976677,0.0168,,
10E8/PGT121/PGDM1400.V8,REJO4541_67,Khan et al. J Virol. 92: e00384 (2018) - dataset 1,29976677,0.0054,,
10E8/PGT121/PGDM1400.V8,RHPA4259_7,Khan et al. J Virol. 92: e00384 (2018) - dataset 1,29976677,0.0257,,
10E8/PGT121/PGDM1400.V8,SC05_8C11_2344,Khan et al. J Virol. 92: e00384 (2018) - dataset 1,29976677,0.063,,
10E8/PGT121/PGDM1400.V8,SC05_8C11_2344,Khan et al. J Virol. 92: e00384 (2018) - dataset 2,29976677,0.46,,
10E8/PGT121/PGDM1400.V8,SC05_8C11_2344,Khan et al. J Virol. 92: e00384 (2018) - dataset 3,29976677,0.1341,,
10E8/PGT121/PGDM1400.V8,SC422_8,Khan et al. J Virol. 92: e00384 (2018) - dataset 1,29976677,0.0044,,
10E8/PGT121/PGDM1400.V8,T250_4,Khan et al. J Virol. 92: e00384 (2018) - dataset 1,29976677,0.0032,,
10E8/PGT121/PGDM1400.V8,T250_4,Khan et al. J Virol. 92: e00384 (2018) - dataset 2,29976677,0.005,,
10E8/PGT121/PGDM1400.V8,T250_4,Khan et al. J Virol. 92: e00384 (2018) - dataset 3,29976677,0.0013,,
10E8/PGT121/PGDM1400.V8,T251_18,Khan et al. J Virol. 92: e00384 (2018) - dataset 1,29976677,0.5803,,
10E8/PGT121/PGDM1400.V8,T255_34,Khan et al. J Virol. 92: e00384 (2018) - dataset 1,29976677,0.0001,,
10E8/PGT121/PGDM1400.V8,T257_31,Khan et al. J Virol. 92: e00384 (2018) - dataset 1,29976677,0.0042,,
10E8/PGT121/PGDM1400.V8,T278_50,Khan et al. J Virol. 92: e00384 (2018) - dataset 1,29976677,2.069,,
10E8/PGT121/PGDM1400.V8,T278_50,Khan et al. J Virol. 92: e00384 (2018) - dataset 3,29976677,>1,,
10E8/PGT121/PGDM1400.V8,TRJO4551_58,Khan et al. J Virol. 92: e00384 (2018) - dataset 1,29976677,0.4934,,
10E8/PGT121/PGDM1400.V8,TRO_11,Khan et al. J Virol. 92: e00384 (2018) - dataset 1,29976677,0.0351,,
10E8/PGT121/PGDM1400.V8,TRO_11,Khan et al. J Virol. 92: e00384 (2018) - dataset 2,29976677,0.041,,
10E8/PGT121/PGDM1400.V8,TRO_11,Khan et al. J Virol. 92: e00384 (2018) - dataset 3,29976677,0.0672,,
10E8/PGT121/PGDM1400.V8,WEAU_D15_410,Khan et al. J Virol. 92: e00384 (2018) - dataset 1,29976677,0.0104,,
10E8/PGT121/PGDM1400.V8,WEAU_D15_410,Khan et al. J Virol. 92: e00384 (2018) - dataset 2,29976677,0.081,,
10E8/PGT121/PGDM1400.V8,WEAU_D15_410,Khan et al. J Virol. 92: e00384 (2018) - dataset 3,29976677,0.0247,,
10E8/PGT121/PGDM1400.V8,WITO4160_33,Khan et al. J Virol. 92: e00384 (2018) - dataset 1,29976677,0.0068,,
10E8/PGT121/PGDM1400.V8,X1193_C1,Khan et al. J Virol. 92: e00384 (2018) - dataset 1,29976677,0.274,,
10E8/PGT121/PGDM1400.V8,X1254_C3,Khan et al. J Virol. 92: e00384 (2018) - dataset 1,29976677,0.0293,,
10E8/PGT121/PGDM1400.V8,X1254_C3,Khan et al. J Virol. 92: e00384 (2018) - dataset 2,29976677,>1,,
10E8/PGT121/PGDM1400.V8,X1254_C3,Khan et al. J Virol. 92: e00384 (2018) - dataset 3,29976677,>1,,
10E8/PGT121/PGDM1400.V8,X1632_S2_B10,Khan et al. J Virol. 92: e00384 (2018) - dataset 1,29976677,0.1889,,
10E8/PGT121/PGDM1400.V8,X2088_C9,Khan et al. J Virol. 92: e00384 (2018) - dataset 1,29976677,0.404,,
10E8/PGT121/PGDM1400.V8,X2088_C9,Khan et al. J Virol. 92: e00384 (2018) - dataset 2,29976677,>1,,
10E8/PGT121/PGDM1400.V8,X2088_C9,Khan et al. J Virol. 92: e00384 (2018) - dataset 3,29976677,>1,,
10E8/PGT121/PGDM1400.V8,X2131_C1_B5,Khan et al. J Virol. 92: e00384 (2018) - dataset 1,29976677,0.404,,
10E8/PGT121/PGDM1400.V8,X2131_C1_B5,Khan et al. J Virol. 92: e00384 (2018) - dataset 2,29976677,0.031,,
10E8/PGT121/PGDM1400.V8,X2131_C1_B5,Khan et al. J Virol. 92: e00384 (2018) - dataset 3,29976677,0.0196,,
10E8/PGT121/PGDM1400.V8,X2278_C2_B6,Khan et al. J Virol. 92: e00384 (2018) - dataset 3,29976677,0.0221,,
10E8/PGT121/PGDM1400.V8,ZM109_4,Khan et al. J Virol. 92: e00384 (2018) - dataset 1,29976677,0.0111,,
10E8/PGT121/PGDM1400.V8,ZM109_4,Khan et al. J Virol. 92: e00384 (2018) - dataset 2,29976677,0.235,,
10E8/PGT121/PGDM1400.V8,ZM109_4,Khan et al. J Virol. 92: e00384 (2018) - dataset 3,29976677,0.0786,,
10E8/PGT121/PGDM1400.V8,ZM135_10A,Khan et al. J Virol. 92: e00384 (2018) - dataset 1,29976677,0.0215,,
10E8/PGT121/PGDM1400.V8,ZM197_7,Khan et al. J Virol. 92: e00384 (2018) - dataset 1,29976677,0.2724,,
10E8/PGT121/PGDM1400.V8,ZM197_7,Khan et al. J Virol. 92: e00384 (2018) - dataset 2,29976677,0.123,,
10E8/PGT121/PGDM1400.V8,ZM197_7,Khan et al. J Virol. 92: e00384 (2018) - dataset 3,29976677,0.0646,,
10E8/PGT121/PGDM1400.V8,ZM214_15,Khan et al. J Virol. 92: e00384 (2018) - dataset 1,29976677,0.0179,,
10E8/PGT121/PGDM1400.V8,ZM214_15,Khan et al. J Virol. 92: e00384 (2018) - dataset 2,29976677,>1,,
10E8/PGT121/PGDM1400.V8,ZM214_15,Khan et al. J Virol. 92: e00384 (2018) - dataset 3,29976677,0.2145,,
10E8/PGT121/PGDM1400.V8,ZM233_6,Khan et al. J Virol. 92: e00384 (2018) - dataset 1,29976677,0.0014,,
10E8/PGT121/PGDM1400.V8,ZM233_6,Khan et al. J Virol. 92: e00384 (2018) - dataset 2,29976677,0.003,,
10E8/PGT121/PGDM1400.V8,ZM233_6,Khan et al. J Virol. 92: e00384 (2018) - dataset 3,29976677,0.0033,,
10E8/PGT121/PGDM1400.V8,ZM246F,Khan et al. J Virol. 92: e00384 (2018) - dataset 1,29976677,0.0704,,
10E8/PGT121/PGDM1400.V8,ZM247_V1,Khan et al. J Virol. 92: e00384 (2018) - dataset 1,29976677,0.0049,,
10E8/PGT121/PGDM1400.V8,ZM249_1,Khan et al. J Virol. 92: e00384 (2018) - dataset 1,29976677,0.0243,,
10E8/PGT121/PGDM1400.V8,ZM249_1,Khan et al. J Virol. 92: e00384 (2018) - dataset 2,29976677,>1,,
10E8/PGT121/PGDM1400.V8,ZM249_1,Khan et al. J Virol. 92: e00384 (2018) - dataset 3,29976677,0.1407,,
10E8/PGT121/PGDM1400.V8,ZM53_12,Khan et al. J Virol. 92: e00384 (2018) - dataset 1,29976677,0.0007,,
10E8/PGT121/PGDM1400.V8.4DS,25710_2_43,Khan et al. J Virol. 92: e00384 (2018) - dataset 3,29976677,0.0054,,
10E8/PGT121/PGDM1400.V8.4DS,398_F1_F6_20,Khan et al. J Virol. 92: e00384 (2018) - dataset 3,29976677,0.0093,,
10E8/PGT121/PGDM1400.V8.4DS,BJOX002000_03_2,Khan et al. J Virol. 92: e00384 (2018) - dataset 3,29976677,0.0292,,
10E8/PGT121/PGDM1400.V8.4DS,CE1176_A3,Khan et al. J Virol. 92: e00384 (2018) - dataset 3,29976677,0.0094,,
10E8/PGT121/PGDM1400.V8.4DS,CH119_10,Khan et al. J Virol. 92: e00384 (2018) - dataset 3,29976677,0.0313,,
10E8/PGT121/PGDM1400.V8.4DS,CNE8,Khan et al. J Virol. 92: e00384 (2018) - dataset 3,29976677,0.0299,,
10E8/PGT121/PGDM1400.V8.4DS,TRO_11,Khan et al. J Virol. 92: e00384 (2018) - dataset 3,29976677,0.0187,,
10E8/PGT121/PGDM1400.V8.4DS,WEAU_D15_410,Khan et al. J Virol. 92: e00384 (2018) - dataset 3,29976677,0.0012,,
10E8/PGT121/PGDM1400.V8.4DS,X2278_C2_B6,Khan et al. J Virol. 92: e00384 (2018) - dataset 3,29976677,0.0045,,
10E8/PGT121/PGDM1400.V8Fc,1056_10_TA11_1826,Khan et al. J Virol. 92: e00384 (2018) - dataset 3,29976677,0.0263,,
10E8/PGT121/PGDM1400.V8Fc,231965_C1,Khan et al. J Virol. 92: e00384 (2018) - dataset 3,29976677,0.464,,
10E8/PGT121/PGDM1400.V8Fc,3301_V1_C24,Khan et al. J Virol. 92: e00384 (2018) - dataset 3,29976677,0.6894,,
10E8/PGT121/PGDM1400.V8Fc,3817_V2_C59,Khan et al. J Virol. 92: e00384 (2018) - dataset 3,29976677,0.3662,,
10E8/PGT121/PGDM1400.V8Fc,62357_14_D3_4589,Khan et al. J Virol. 92: e00384 (2018) - dataset 3,29976677,0.1132,,
10E8/PGT121/PGDM1400.V8Fc,6480_V4_C25,Khan et al. J Virol. 92: e00384 (2018) - dataset 3,29976677,0.0293,,
10E8/PGT121/PGDM1400.V8Fc,6540_V4_C1,Khan et al. J Virol. 92: e00384 (2018) - dataset 3,29976677,0.0554,,
10E8/PGT121/PGDM1400.V8Fc,6811_V7_C18,Khan et al. J Virol. 92: e00384 (2018) - dataset 3,29976677,0.3993,,
10E8/PGT121/PGDM1400.V8Fc,89_F1_2_25,Khan et al. J Virol. 92: e00384 (2018) - dataset 3,29976677,0.027,,
10E8/PGT121/PGDM1400.V8Fc,BJOX015000_11_5,Khan et al. J Virol. 92: e00384 (2018) - dataset 3,29976677,0.2275,,
10E8/PGT121/PGDM1400.V8Fc,CAAN5342,Khan et al. J Virol. 92: e00384 (2018) - dataset 3,29976677,0.3382,,
10E8/PGT121/PGDM1400.V8Fc,CNE30,Khan et al. J Virol. 92: e00384 (2018) - dataset 3,29976677,>1,,
10E8/PGT121/PGDM1400.V8Fc,PVO_4,Khan et al. J Virol. 92: e00384 (2018) - dataset 3,29976677,>1,,
10E8/PGT121/PGDM1400.V8Fc,Q259_17,Khan et al. J Virol. 92: e00384 (2018) - dataset 3,29976677,0.3553,,
10E8/PGT121/PGDM1400.V8Fc,Q461_E2,Khan et al. J Virol. 92: e00384 (2018) - dataset 3,29976677,0.1946,,
10E8/PGT121/PGDM1400.V8Fc,SC05_8C11_2344,Khan et al. J Virol. 92: e00384 (2018) - dataset 3,29976677,0.1983,,
10E8/PGT121/PGDM1400.V8Fc,T250_4,Khan et al. J Virol. 92: e00384 (2018) - dataset 3,29976677,0.0037,,
10E8/PGT121/PGDM1400.V8Fc,T278_50,Khan et al. J Virol. 92: e00384 (2018) - dataset 3,29976677,0.2842,,
10E8/PGT121/PGDM1400.V8Fc,WEAU_D15_410,Khan et al. J Virol. 92: e00384 (2018) - dataset 3,29976677,0.1099,,
10E8/PGT121/PGDM1400.V8Fc,X1254_C3,Khan et al. J Virol. 92: e00384 (2018) - dataset 3,29976677,0.5855,,
10E8/PGT121/PGDM1400.V8Fc,X2088_C9,Khan et al. J Virol. 92: e00384 (2018) - dataset 3,29976677,>1,,
10E8/PGT121/PGDM1400.V8Fc,X2131_C1_B5,Khan et al. J Virol. 92: e00384 (2018) - dataset 3,29976677,0.0138,,
10E8/PGT121/PGDM1400.V8Fc,ZM109_4,Khan et al. J Virol. 92: e00384 (2018) - dataset 3,29976677,0.0605,,
10E8/PGT121/PGDM1400.V8Fc,ZM197_7,Khan et al. J Virol. 92: e00384 (2018) - dataset 3,29976677,0.0246,,
10E8/PGT121/PGDM1400.V8Fc,ZM214_15,Khan et al. J Virol. 92: e00384 (2018) - dataset 3,29976677,0.0092,,
10E8/PGT121/PGDM1400.V8Fc,ZM233_6,Khan et al. J Virol. 92: e00384 (2018) - dataset 3,29976677,0.0068,,
10E8/PGT121/PGDM1400.V8Fc,ZM249_1,Khan et al. J Virol. 92: e00384 (2018) - dataset 3,29976677,0.0357,,
10E8/PGT121/PGDM1400.V8LL,231965_C1,Khan et al. J Virol. 92: e00384 (2018) - dataset 3,29976677,0.526,,
10E8/PGT121/PGDM1400.V8LL,6480_V4_C25,Khan et al. J Virol. 92: e00384 (2018) - dataset 3,29976677,0.0073,,
10E8/PGT121/PGDM1400.V8LL,6540_V4_C1,Khan et al. J Virol. 92: e00384 (2018) - dataset 3,29976677,0.0376,,
10E8/PGT121/PGDM1400.V8LL,89_F1_2_25,Khan et al. J Virol. 92: e00384 (2018) - dataset 3,29976677,0.0356,,
10E8/PGT121/PGDM1400.V8LL,BJOX015000_11_5,Khan et al. J Virol. 92: e00384 (2018) - dataset 3,29976677,>1,,
10E8/PGT121/PGDM1400.V8LL,Q461_E2,Khan et al. J Virol. 92: e00384 (2018) - dataset 3,29976677,0.6814,,
10E8/PGT121/PGDM1400.V8LL,T250_4,Khan et al. J Virol. 92: e00384 (2018) - dataset 3,29976677,0.0006,,
10E8/PGT121/PGDM1400.V8LL,X1254_C3,Khan et al. J Virol. 92: e00384 (2018) - dataset 3,29976677,0.1676,,
10E8/PGT121/PGDM1400.V8LL,X2088_C9,Khan et al. J Virol. 92: e00384 (2018) - dataset 3,29976677,>1,,
10E8/PGT121/PGDM1400.V8LL,X2131_C1_B5,Khan et al. J Virol. 92: e00384 (2018) - dataset 3,29976677,0.0037,,
10E8/PGT121/PGDM1400.V8LL,ZM197_7,Khan et al. J Virol. 92: e00384 (2018) - dataset 3,29976677,0.0176,,
10E8/PGT121/PGDM1400.V8LL,ZM214_15,Khan et al. J Virol. 92: e00384 (2018) - dataset 3,29976677,>1,,
10E8V1.1/P140,0013095_2_11,Huang et al. Cell 165:1621 (2016),27315479,<0.0001,0.001,
10E8V1.1/P140,001428_2_42,Huang et al. Cell 165:1621 (2016),27315479,0.004,0.022,
10E8V1.1/P140,0260_V5_C36,Huang et al. Cell 165:1621 (2016),27315479,0.029,0.154,
10E8V1.1/P140,0330_V4_C3,Huang et al. Cell 165:1621 (2016),27315479,0.001,0.008,
10E8V1.1/P140,0815_V3_C3,Huang et al. Cell 165:1621 (2016),27315479,0.002,0.005,
10E8V1.1/P140,1006_11_C3_1601,Huang et al. Cell 165:1621 (2016),27315479,0.007,0.034,
10E8V1.1/P140,1012_11_TC21_3257,Huang et al. Cell 165:1621 (2016),27315479,0.001,0.008,
10E8V1.1/P140,1054_07_TC4_1499,Huang et al. Cell 165:1621 (2016),27315479,0.002,0.008,
10E8V1.1/P140,1056_10_TA11_1826,Huang et al. Cell 165:1621 (2016),27315479,0.004,0.021,
10E8V1.1/P140,1394_C9G1,Huang et al. Cell 165:1621 (2016),27315479,0.001,0.011,
10E8V1.1/P140,16055_2_3,Huang et al. Cell 165:1621 (2016),27315479,0.003,0.019,
10E8V1.1/P140,16845_2_22,Huang et al. Cell 165:1621 (2016),27315479,0.001,0.009,
10E8V1.1/P140,191084_B7_19,Huang et al. Cell 165:1621 (2016),27315479,0.002,0.011,
10E8V1.1/P140,191821_E6_1,Huang et al. Cell 165:1621 (2016),27315479,<0.0001,0.002,
10E8V1.1/P140,191955_A11,Huang et al. Cell 165:1621 (2016),27315479,0.0003,0.003,
10E8V1.1/P140,211_9,Huang et al. Cell 165:1621 (2016),27315479,0.003,0.011,
10E8V1.1/P140,231965_C1,Huang et al. Cell 165:1621 (2016),27315479,0.003,0.025,
10E8V1.1/P140,231966_C2,Huang et al. Cell 165:1621 (2016),27315479,<0.0001,0.002,
10E8V1.1/P140,235_47,Huang et al. Cell 165:1621 (2016),27315479,<0.0001,0.001,
10E8V1.1/P140,249M_B10,Huang et al. Cell 165:1621 (2016),27315479,0.001,0.011,
10E8V1.1/P140,263_8,Huang et al. Cell 165:1621 (2016),27315479,<0.0001,0.002,
10E8V1.1/P140,3016_V5_C45,Huang et al. Cell 165:1621 (2016),27315479,0.003,0.015,
10E8V1.1/P140,3103_V3_C10,Huang et al. Cell 165:1621 (2016),27315479,>10,>10,
10E8V1.1/P140,3301_V1_C24,Huang et al. Cell 165:1621 (2016),27315479,0.01,0.035,
10E8V1.1/P140,3817_V2_C59,Huang et al. Cell 165:1621 (2016),27315479,0.002,0.014,
10E8V1.1/P140,6041_V3_C23,Huang et al. Cell 165:1621 (2016),27315479,0.004,0.013,
10E8V1.1/P140,620345_C1,Huang et al. Cell 165:1621 (2016),27315479,0.001,0.006,
10E8V1.1/P140,62357_14_D3_4589,Huang et al. Cell 165:1621 (2016),27315479,0.002,0.008,
10E8V1.1/P140,6240_08_TA5_4622,Huang et al. Cell 165:1621 (2016),27315479,0.005,0.025,
10E8V1.1/P140,6244_13_B5_4567,Huang et al. Cell 165:1621 (2016),27315479,0.025,0.128,
10E8V1.1/P140,6480_V4_C25,Huang et al. Cell 165:1621 (2016),27315479,0.003,0.01,
10E8V1.1/P140,6535_3,Huang et al. Cell 165:1621 (2016),27315479,0.002,0.009,
10E8V1.1/P140,6540_V4_C1,Huang et al. Cell 165:1621 (2016),27315479,0.003,0.012,
10E8V1.1/P140,6545_V4_C1,Huang et al. Cell 165:1621 (2016),27315479,0.005,0.015,
10E8V1.1/P140,6811_V7_C18,Huang et al. Cell 165:1621 (2016),27315479,0.003,0.013,
10E8V1.1/P140,6952_V1_C20,Huang et al. Cell 165:1621 (2016),27315479,0.002,0.008,
10E8V1.1/P140,703010054_2A2,Huang et al. Cell 165:1621 (2016),27315479,0.001,0.007,
10E8V1.1/P140,703010200_1E5,Huang et al. Cell 165:1621 (2016),27315479,0.007,0.028,
10E8V1.1/P140,703357_C2,Huang et al. Cell 165:1621 (2016),27315479,0.001,0.005,
10E8V1.1/P140,704809221_1B3,Huang et al. Cell 165:1621 (2016),27315479,0.001,0.008,
10E8V1.1/P140,89_F1_2_25,Huang et al. Cell 165:1621 (2016),27315479,0.004,0.017,
10E8V1.1/P140,9004SS_A3_4,Huang et al. Cell 165:1621 (2016),27315479,0.01,0.04,
10E8V1.1/P140,928_28,Huang et al. Cell 165:1621 (2016),27315479,0.002,0.008,
10E8V1.1/P140,A07412M1_VRC12,Huang et al. Cell 165:1621 (2016),27315479,0.0002,0.005,
10E8V1.1/P140,AC10_29,Huang et al. Cell 165:1621 (2016),27315479,0.002,0.014,
10E8V1.1/P140,BF1266_431A,Huang et al. Cell 165:1621 (2016),27315479,0.006,0.046,
10E8V1.1/P140,BJOX009000_02_4,Huang et al. Cell 165:1621 (2016),27315479,0.008,0.041,
10E8V1.1/P140,BJOX010000_06_2,Huang et al. Cell 165:1621 (2016),27315479,0.005,0.027,
10E8V1.1/P140,BJOX015000_11_5,Huang et al. Cell 165:1621 (2016),27315479,0.003,0.011,
10E8V1.1/P140,BJOX025000_01_1,Huang et al. Cell 165:1621 (2016),27315479,0.001,0.007,
10E8V1.1/P140,BJOX028000_10_3,Huang et al. Cell 165:1621 (2016),27315479,0.001,0.005,
10E8V1.1/P140,C1080_C3,Huang et al. Cell 165:1621 (2016),27315479,0.002,0.007,
10E8V1.1/P140,C2101_C1,Huang et al. Cell 165:1621 (2016),27315479,0.002,0.005,
10E8V1.1/P140,C3347_C11,Huang et al. Cell 165:1621 (2016),27315479,0.001,0.006,
10E8V1.1/P140,C4118_9,Huang et al. Cell 165:1621 (2016),27315479,0.002,0.005,
10E8V1.1/P140,CAAN5342,Huang et al. Cell 165:1621 (2016),27315479,0.024,0.132,
10E8V1.1/P140,CAP210_E8,Huang et al. Cell 165:1621 (2016),27315479,0.006,0.025,
10E8V1.1/P140,CAP45_G3,Huang et al. Cell 165:1621 (2016),27315479,0.002,0.011,
10E8V1.1/P140,CE0393_C3,Huang et al. Cell 165:1621 (2016),27315479,0.001,0.005,
10E8V1.1/P140,CE0682_E4,Huang et al. Cell 165:1621 (2016),27315479,0.001,0.004,
10E8V1.1/P140,CE1086_B2,Huang et al. Cell 165:1621 (2016),27315479,0.004,0.014,
10E8V1.1/P140,CE1172_H1,Huang et al. Cell 165:1621 (2016),27315479,0.001,0.009,
10E8V1.1/P140,CE1176_A3,Huang et al. Cell 165:1621 (2016),27315479,0.002,0.014,
10E8V1.1/P140,CE2010_F5,Huang et al. Cell 165:1621 (2016),27315479,0.005,0.031,
10E8V1.1/P140,CE2060_G9,Huang et al. Cell 165:1621 (2016),27315479,0.004,0.014,
10E8V1.1/P140,CNE17,Huang et al. Cell 165:1621 (2016),27315479,0.002,0.007,
10E8V1.1/P140,CNE19,Huang et al. Cell 165:1621 (2016),27315479,0.001,0.004,
10E8V1.1/P140,CNE20,Huang et al. Cell 165:1621 (2016),27315479,0.001,0.004,
10E8V1.1/P140,CNE21,Huang et al. Cell 165:1621 (2016),27315479,0.002,0.005,
10E8V1.1/P140,CNE30,Huang et al. Cell 165:1621 (2016),27315479,0.014,0.048,
10E8V1.1/P140,CNE5,Huang et al. Cell 165:1621 (2016),27315479,0.002,0.007,
10E8V1.1/P140,CNE52,Huang et al. Cell 165:1621 (2016),27315479,0.005,0.02,
10E8V1.1/P140,CNE53,Huang et al. Cell 165:1621 (2016),27315479,0.001,0.003,
10E8V1.1/P140,CNE58,Huang et al. Cell 165:1621 (2016),27315479,0.005,0.018,
10E8V1.1/P140,DU156_12,Huang et al. Cell 165:1621 (2016),27315479,0.0003,0.004,
10E8V1.1/P140,DU172_17,Huang et al. Cell 165:1621 (2016),27315479,0.002,0.008,
10E8V1.1/P140,DU422_1,Huang et al. Cell 165:1621 (2016),27315479,0.002,0.012,
10E8V1.1/P140,MS208_A1,Huang et al. Cell 165:1621 (2016),27315479,0.003,0.009,
10E8V1.1/P140,P0402_C2_11,Huang et al. Cell 165:1621 (2016),27315479,0.001,0.003,
10E8V1.1/P140,P1981_C5_3,Huang et al. Cell 165:1621 (2016),27315479,<0.0001,0.001,
10E8V1.1/P140,PVO_4,Huang et al. Cell 165:1621 (2016),27315479,0.009,0.036,
10E8V1.1/P140,Q23_17,Huang et al. Cell 165:1621 (2016),27315479,0.002,0.007,
10E8V1.1/P140,Q259_17,Huang et al. Cell 165:1621 (2016),27315479,0.009,0.035,
10E8V1.1/P140,Q461_E2,Huang et al. Cell 165:1621 (2016),27315479,0.005,0.016,
10E8V1.1/P140,Q769_D22,Huang et al. Cell 165:1621 (2016),27315479,0.002,0.01,
10E8V1.1/P140,Q842_D12,Huang et al. Cell 165:1621 (2016),27315479,0.002,0.02,
10E8V1.1/P140,QH0692_42,Huang et al. Cell 165:1621 (2016),27315479,0.011,0.042,
10E8V1.1/P140,R1166_C1,Huang et al. Cell 165:1621 (2016),27315479,0.01,0.051,
10E8V1.1/P140,R2184_C4,Huang et al. Cell 165:1621 (2016),27315479,0.004,0.016,
10E8V1.1/P140,R3265_C6,Huang et al. Cell 165:1621 (2016),27315479,0.006,0.02,
10E8V1.1/P140,REJO4541_67,Huang et al. Cell 165:1621 (2016),27315479,0.002,0.008,
10E8V1.1/P140,RHPA4259_7,Huang et al. Cell 165:1621 (2016),27315479,0.004,0.016,
10E8V1.1/P140,SC05_8C11_2344,Huang et al. Cell 165:1621 (2016),27315479,0.002,0.012,
10E8V1.1/P140,SC422_8,Huang et al. Cell 165:1621 (2016),27315479,0.001,0.006,
10E8V1.1/P140,T250_4,Huang et al. Cell 165:1621 (2016),27315479,0.001,0.004,
10E8V1.1/P140,T251_18,Huang et al. Cell 165:1621 (2016),27315479,0.004,0.017,
10E8V1.1/P140,T255_34,Huang et al. Cell 165:1621 (2016),27315479,0.001,0.004,
10E8V1.1/P140,T257_31,Huang et al. Cell 165:1621 (2016),27315479,0.001,0.004,
10E8V1.1/P140,T278_50,Huang et al. Cell 165:1621 (2016),27315479,0.01,0.071,
10E8V1.1/P140,THRO4156,Huang et al. Cell 165:1621 (2016),27315479,0.001,0.005,
10E8V1.1/P140,TRJO4551_58,Huang et al. Cell 165:1621 (2016),27315479,0.001,0.006,
10E8V1.1/P140,TRO_11,Huang et al. Cell 165:1621 (2016),27315479,0.002,0.015,
10E8V1.1/P140,WEAU_D15_410,Huang et al. Cell 165:1621 (2016),27315479,>10,>10,
10E8V1.1/P140,WITO4160_33,Huang et al. Cell 165:1621 (2016),27315479,0.002,0.01,
10E8V1.1/P140,X1193_C1,Huang et al. Cell 165:1621 (2016),27315479,0.0002,0.002,
10E8V1.1/P140,X1254_C3,Huang et al. Cell 165:1621 (2016),27315479,0.005,0.043,
10E8V1.1/P140,X1632_S2_B10,Huang et al. Cell 165:1621 (2016),27315479,0.001,0.004,
10E8V1.1/P140,X2088_C9,Huang et al. Cell 165:1621 (2016),27315479,>10,>10,
10E8V1.1/P140,X2131_C1_B5,Huang et al. Cell 165:1621 (2016),27315479,<0.0001,0.002,
10E8V1.1/P140,ZM109_4,Huang et al. Cell 165:1621 (2016),27315479,0.005,0.022,
10E8V1.1/P140,ZM135_10A,Huang et al. Cell 165:1621 (2016),27315479,0.0004,0.002,
10E8V1.1/P140,ZM197_7,Huang et al. Cell 165:1621 (2016),27315479,0.001,0.01,
10E8V1.1/P140,ZM214_15,Huang et al. Cell 165:1621 (2016),27315479,0.003,0.013,
10E8V1.1/P140,ZM233_6,Huang et al. Cell 165:1621 (2016),27315479,0.001,0.002,
10E8V1.1/P140,ZM246F,Huang et al. Cell 165:1621 (2016),27315479,0.005,0.019,
10E8V1.1/P140,ZM247_V1,Huang et al. Cell 165:1621 (2016),27315479,0.001,0.011,
10E8V1.1/P140,ZM249_1,Huang et al. Cell 165:1621 (2016),27315479,0.001,0.005,
10E8V1.1/P140,ZM53_12,Huang et al. Cell 165:1621 (2016),27315479,0.004,0.019,
10E8V2.0/iMab,0013095_2_11,Huang et al. Cell 165:1621 (2016),27315479,<0.0001,0.001,
10E8V2.0/iMab,001428_2_42,Huang et al. Cell 165:1621 (2016),27315479,0.004,0.019,
10E8V2.0/iMab,0260_V5_C36,Huang et al. Cell 165:1621 (2016),27315479,0.035,0.07,
10E8V2.0/iMab,0260_V5_C36,Wagh et al. PLoS Pathog 14:e1006860 (2018),29505593,0.035,0.07,
10E8V2.0/iMab,0330_V4_C3,Huang et al. Cell 165:1621 (2016),27315479,0.003,0.01,
10E8V2.0/iMab,0330_V4_C3,Wagh et al. PLoS Pathog 14:e1006860 (2018),29505593,0.003,0.01,
10E8V2.0/iMab,0439_V5_C1,Wagh et al. PLoS Pathog 14:e1006860 (2018),29505593,0.002,0.007,
10E8V2.0/iMab,0815_V3_C3,Huang et al. Cell 165:1621 (2016),27315479,0.001,0.002,
10E8V2.0/iMab,1006_11_C3_1601,Huang et al. Cell 165:1621 (2016),27315479,0.009,0.033,
10E8V2.0/iMab,1012_11_TC21_3257,Huang et al. Cell 165:1621 (2016),27315479,0.001,0.003,
10E8V2.0/iMab,1054_07_TC4_1499,Huang et al. Cell 165:1621 (2016),27315479,0.002,0.006,
10E8V2.0/iMab,1056_10_TA11_1826,Huang et al. Cell 165:1621 (2016),27315479,0.003,0.008,
10E8V2.0/iMab,1394_C9G1,Huang et al. Cell 165:1621 (2016),27315479,0.002,0.004,
10E8V2.0/iMab,16055_2_3,Huang et al. Cell 165:1621 (2016),27315479,0.002,0.005,
10E8V2.0/iMab,16845_2_22,Huang et al. Cell 165:1621 (2016),27315479,0.001,0.004,
10E8V2.0/iMab,190049,Wagh et al. PLoS Pathog 14:e1006860 (2018),29505593,0.0003,0.001,
10E8V2.0/iMab,191084_B7_19,Huang et al. Cell 165:1621 (2016),27315479,0.003,0.013,
10E8V2.0/iMab,191084_B7_19,Wagh et al. PLoS Pathog 14:e1006860 (2018),29505593,0.003,0.013,
10E8V2.0/iMab,191647,Wagh et al. PLoS Pathog 14:e1006860 (2018),29505593,0.002,0.005,
10E8V2.0/iMab,191727_F6,Wagh et al. PLoS Pathog 14:e1006860 (2018),29505593,0.003,0.006,
10E8V2.0/iMab,191821_E6_1,Huang et al. Cell 165:1621 (2016),27315479,<0.0001,<0.0001,
10E8V2.0/iMab,191821_E6_1,Wagh et al. PLoS Pathog 14:e1006860 (2018),29505593,<0.0001,<0.0001,
10E8V2.0/iMab,191845_B11,Wagh et al. PLoS Pathog 14:e1006860 (2018),29505593,0.005,0.018,
10E8V2.0/iMab,191859,Wagh et al. PLoS Pathog 14:e1006860 (2018),29505593,0.026,0.095,
10E8V2.0/iMab,191882,Wagh et al. PLoS Pathog 14:e1006860 (2018),29505593,0.004,0.009,
10E8V2.0/iMab,191955_A11,Huang et al. Cell 165:1621 (2016),27315479,0.005,0.026,
10E8V2.0/iMab,191955_A11,Wagh et al. PLoS Pathog 14:e1006860 (2018),29505593,0.005,0.026,
10E8V2.0/iMab,21020_13,Wagh et al. PLoS Pathog 14:e1006860 (2018),29505593,0.002,0.006,
10E8V2.0/iMab,211_9,Huang et al. Cell 165:1621 (2016),27315479,0.013,0.046,
10E8V2.0/iMab,231965_C1,Huang et al. Cell 165:1621 (2016),27315479,<0.0001,0.005,
10E8V2.0/iMab,231965_C1,Wagh et al. PLoS Pathog 14:e1006860 (2018),29505593,<0.0001,0.005,
10E8V2.0/iMab,231966_C2,Huang et al. Cell 165:1621 (2016),27315479,<0.0001,0.001,
10E8V2.0/iMab,231966_C2,Wagh et al. PLoS Pathog 14:e1006860 (2018),29505593,<0.0001,0.001,
10E8V2.0/iMab,235_47,Huang et al. Cell 165:1621 (2016),27315479,0.0002,0.002,
10E8V2.0/iMab,246_F3_C10_2,Moshoette et al. Retrovirology 16:31 (2019),31703699,0.00384,,
10E8V2.0/iMab,249M_B10,Huang et al. Cell 165:1621 (2016),27315479,0.022,0.122,
10E8V2.0/iMab,25710_2_43,Moshoette et al. Retrovirology 16:31 (2019),31703699,0.00099,,
10E8V2.0/iMab,263_8,Huang et al. Cell 165:1621 (2016),27315479,<0.0001,0.001,
10E8V2.0/iMab,3016_V5_C45,Huang et al. Cell 165:1621 (2016),27315479,0.001,0.004,
10E8V2.0/iMab,3016_V5_C45,Wagh et al. PLoS Pathog 14:e1006860 (2018),29505593,0.001,0.004,
10E8V2.0/iMab,3103_V3_C10,Huang et al. Cell 165:1621 (2016),27315479,0.728,>10,
10E8V2.0/iMab,3301_V1_C24,Huang et al. Cell 165:1621 (2016),27315479,0.003,0.007,
10E8V2.0/iMab,3718_3_11,Wagh et al. PLoS Pathog 14:e1006860 (2018),29505593,0.006,0.019,
10E8V2.0/iMab,3817_V2_C59,Huang et al. Cell 165:1621 (2016),27315479,0.008,0.03,
10E8V2.0/iMab,398_F1_F6_20,Wagh et al. PLoS Pathog 14:e1006860 (2018),29505593,0.011,0.034,
10E8V2.0/iMab,57128_VRC15,Wagh et al. PLoS Pathog 14:e1006860 (2018),29505593,0.0004,0.002,
10E8V2.0/iMab,6041_V3_C23,Huang et al. Cell 165:1621 (2016),27315479,0.004,0.011,
10E8V2.0/iMab,620345_C1,Huang et al. Cell 165:1621 (2016),27315479,0.002,0.005,
10E8V2.0/iMab,62357_14_D3_4589,Huang et al. Cell 165:1621 (2016),27315479,0.001,0.006,
10E8V2.0/iMab,6240_08_TA5_4622,Huang et al. Cell 165:1621 (2016),27315479,0.003,0.012,
10E8V2.0/iMab,6244_13_B5_4567,Huang et al. Cell 165:1621 (2016),27315479,0.018,0.092,
10E8V2.0/iMab,6405_V4_C34,Wagh et al. PLoS Pathog 14:e1006860 (2018),29505593,0.023,0.138,
10E8V2.0/iMab,6480_V4_C25,Huang et al. Cell 165:1621 (2016),27315479,0.002,0.006,
10E8V2.0/iMab,6535_3,Huang et al. Cell 165:1621 (2016),27315479,0.004,0.013,
10E8V2.0/iMab,6540_V4_C1,Huang et al. Cell 165:1621 (2016),27315479,0.002,0.005,
10E8V2.0/iMab,6545_V4_C1,Huang et al. Cell 165:1621 (2016),27315479,0.002,0.006,
10E8V2.0/iMab,6592_V7_C25,Wagh et al. PLoS Pathog 14:e1006860 (2018),29505593,0.01,0.029,
10E8V2.0/iMab,6811_V7_C18,Huang et al. Cell 165:1621 (2016),27315479,0.004,0.012,
10E8V2.0/iMab,6952_V1_C20,Huang et al. Cell 165:1621 (2016),27315479,0.001,0.004,
10E8V2.0/iMab,703010054_2A2,Huang et al. Cell 165:1621 (2016),27315479,0.0004,0.001,
10E8V2.0/iMab,703010200_1E5,Huang et al. Cell 165:1621 (2016),27315479,0.004,0.011,
10E8V2.0/iMab,703010217_B6,Moshoette et al. Retrovirology 16:31 (2019),31703699,0.00341,,
10E8V2.0/iMab,703357_C2,Huang et al. Cell 165:1621 (2016),27315479,0.001,0.003,
10E8V2.0/iMab,704809221_1B3,Huang et al. Cell 165:1621 (2016),27315479,0.006,0.023,
10E8V2.0/iMab,783_V0_C51,Wagh et al. PLoS Pathog 14:e1006860 (2018),29505593,0.002,0.006,
10E8V2.0/iMab,851891_4_15,Wagh et al. PLoS Pathog 14:e1006860 (2018),29505593,1.263,>10,
10E8V2.0/iMab,89_F1_2_25,Huang et al. Cell 165:1621 (2016),27315479,0.001,0.005,
10E8V2.0/iMab,9004SS_A3_4,Huang et al. Cell 165:1621 (2016),27315479,0.03,0.155,
10E8V2.0/iMab,9004SS_A3_4,Wagh et al. PLoS Pathog 14:e1006860 (2018),29505593,0.03,0.155,
10E8V2.0/iMab,9009SA_A4_2,Wagh et al. PLoS Pathog 14:e1006860 (2018),29505593,0.002,0.005,
10E8V2.0/iMab,928_28,Huang et al. Cell 165:1621 (2016),27315479,0.001,0.002,
10E8V2.0/iMab,92RW020_2,Wagh et al. PLoS Pathog 14:e1006860 (2018),29505593,0.003,0.015,
10E8V2.0/iMab,93UG065,Wagh et al. PLoS Pathog 14:e1006860 (2018),29505593,0.0001,0.001,
10E8V2.0/iMab,A03349M1_VRC4A,Wagh et al. PLoS Pathog 14:e1006860 (2018),29505593,<0.0001,0.001,
10E8V2.0/iMab,A07412M1_VRC12,Huang et al. Cell 165:1621 (2016),27315479,0.0002,0.003,
10E8V2.0/iMab,A07412M1_VRC12,Wagh et al. PLoS Pathog 14:e1006860 (2018),29505593,0.0002,0.003,
10E8V2.0/iMab,A08483M1_VRC9,Wagh et al. PLoS Pathog 14:e1006860 (2018),29505593,0.003,0.009,
10E8V2.0/iMab,AC10_29,Huang et al. Cell 165:1621 (2016),27315479,0.001,0.004,
10E8V2.0/iMab,BF1266_431A,Huang et al. Cell 165:1621 (2016),27315479,0.005,0.018,
10E8V2.0/iMab,BG505_W6M_C2_T332N,Wagh et al. PLoS Pathog 14:e1006860 (2018),29505593,0.003,0.008,
10E8V2.0/iMab,BJOX009000_02_4,Huang et al. Cell 165:1621 (2016),27315479,0.004,0.01,
10E8V2.0/iMab,BJOX010000_06_2,Huang et al. Cell 165:1621 (2016),27315479,0.003,0.01,
10E8V2.0/iMab,BJOX015000_11_5,Huang et al. Cell 165:1621 (2016),27315479,0.002,0.005,
10E8V2.0/iMab,BJOX020000_03_3,Moshoette et al. Retrovirology 16:31 (2019),31703699,0.0021,,
10E8V2.0/iMab,BJOX025000_01_1,Huang et al. Cell 165:1621 (2016),27315479,0.001,0.003,
10E8V2.0/iMab,BJOX028000_10_3,Huang et al. Cell 165:1621 (2016),27315479,0.003,0.007,
10E8V2.0/iMab,C1080_C3,Huang et al. Cell 165:1621 (2016),27315479,0.001,0.003,
10E8V2.0/iMab,C2101_C1,Huang et al. Cell 165:1621 (2016),27315479,0.004,0.011,
10E8V2.0/iMab,C3347_C11,Huang et al. Cell 165:1621 (2016),27315479,0.003,0.008,
10E8V2.0/iMab,C4118_9,Huang et al. Cell 165:1621 (2016),27315479,0.002,0.004,
10E8V2.0/iMab,CAAN5342,Huang et al. Cell 165:1621 (2016),27315479,0.026,0.1,
10E8V2.0/iMab,CAP210_E8,Huang et al. Cell 165:1621 (2016),27315479,0.025,0.086,
10E8V2.0/iMab,CAP210_E8,Moshoette et al. Retrovirology 16:31 (2019),31703699,0.0045,,
10E8V2.0/iMab,CAP45_G3,Huang et al. Cell 165:1621 (2016),27315479,0.001,0.004,
10E8V2.0/iMab,CAP45_G3,Moshoette et al. Retrovirology 16:31 (2019),31703699,0.0014,,
10E8V2.0/iMab,CE0393_C3,Huang et al. Cell 165:1621 (2016),27315479,0.0004,0.002,
10E8V2.0/iMab,CE0682_E4,Huang et al. Cell 165:1621 (2016),27315479,0.0002,0.001,
10E8V2.0/iMab,CE1086_B2,Huang et al. Cell 165:1621 (2016),27315479,0.004,0.013,
10E8V2.0/iMab,CE1172_H1,Huang et al. Cell 165:1621 (2016),27315479,0.012,0.042,
10E8V2.0/iMab,CE1176_A3,Huang et al. Cell 165:1621 (2016),27315479,0.002,0.008,
10E8V2.0/iMab,CE1176_A3,Moshoette et al. Retrovirology 16:31 (2019),31703699,0.00229,,
10E8V2.0/iMab,CE2010_F5,Huang et al. Cell 165:1621 (2016),27315479,0.012,0.053,
10E8V2.0/iMab,CE2060_G9,Huang et al. Cell 165:1621 (2016),27315479,0.001,0.003,
10E8V2.0/iMab,CH0219_E4,Wagh et al. PLoS Pathog 14:e1006860 (2018),29505593,0.019,0.054,
10E8V2.0/iMab,CH119_10,Moshoette et al. Retrovirology 16:31 (2019),31703699,0.00185,,
10E8V2.0/iMab,CNE17,Huang et al. Cell 165:1621 (2016),27315479,0.001,0.002,
10E8V2.0/iMab,CNE19,Huang et al. Cell 165:1621 (2016),27315479,0.001,0.002,
10E8V2.0/iMab,CNE20,Huang et al. Cell 165:1621 (2016),27315479,0.0003,0.001,
10E8V2.0/iMab,CNE21,Huang et al. Cell 165:1621 (2016),27315479,0.002,0.003,
10E8V2.0/iMab,CNE30,Huang et al. Cell 165:1621 (2016),27315479,0.005,0.014,
10E8V2.0/iMab,CNE5,Huang et al. Cell 165:1621 (2016),27315479,0.002,0.004,
10E8V2.0/iMab,CNE52,Huang et al. Cell 165:1621 (2016),27315479,0.001,0.006,
10E8V2.0/iMab,CNE53,Huang et al. Cell 165:1621 (2016),27315479,0.0004,0.001,
10E8V2.0/iMab,CNE58,Huang et al. Cell 165:1621 (2016),27315479,0.002,0.006,
10E8V2.0/iMab,CNE8,Moshoette et al. Retrovirology 16:31 (2019),31703699,0.0025,,
10E8V2.0/iMab,CT533_T23B_36,Wagh et al. PLoS Pathog 14:e1006860 (2018),29505593,0.001,0.003,
10E8V2.0/iMab,DU156_12,Huang et al. Cell 165:1621 (2016),27315479,0.0001,0.002,
10E8V2.0/iMab,DU156_12,Moshoette et al. Retrovirology 16:31 (2019),31703699,0.00058,,
10E8V2.0/iMab,DU172_17,Huang et al. Cell 165:1621 (2016),27315479,0.001,0.003,
10E8V2.0/iMab,DU422_1,Huang et al. Cell 165:1621 (2016),27315479,0.001,0.003,
10E8V2.0/iMab,DU422_1,Moshoette et al. Retrovirology 16:31 (2019),31703699,0.00071,,
10E8V2.0/iMab,E08364M4_EC3,Wagh et al. PLoS Pathog 14:e1006860 (2018),29505593,0.002,0.008,
10E8V2.0/iMab,MS208_A1,Huang et al. Cell 165:1621 (2016),27315479,0.003,0.017,
10E8V2.0/iMab,MS208_A1,Wagh et al. PLoS Pathog 14:e1006860 (2018),29505593,0.003,0.017,
10E8V2.0/iMab,NKU3006_EC1,Wagh et al. PLoS Pathog 14:e1006860 (2018),29505593,0.001,0.003,
10E8V2.0/iMab,P0402_C2_11,Huang et al. Cell 165:1621 (2016),27315479,0.001,0.004,
10E8V2.0/iMab,P1741_A2,Wagh et al. PLoS Pathog 14:e1006860 (2018),29505593,0.001,0.004,
10E8V2.0/iMab,P1981_C5_3,Huang et al. Cell 165:1621 (2016),27315479,<0.0001,0.001,
10E8V2.0/iMab,P940_2_C3,Wagh et al. PLoS Pathog 14:e1006860 (2018),29505593,0.002,0.007,
10E8V2.0/iMab,PVO_4,Huang et al. Cell 165:1621 (2016),27315479,0.009,0.025,
10E8V2.0/iMab,PVO_4,Moshoette et al. Retrovirology 16:31 (2019),31703699,0.01408,,
10E8V2.0/iMab,Q23_17,Huang et al. Cell 165:1621 (2016),27315479,0.002,0.004,
10E8V2.0/iMab,Q23_17,Wagh et al. PLoS Pathog 14:e1006860 (2018),29505593,0.002,0.004,
10E8V2.0/iMab,Q259_17,Huang et al. Cell 165:1621 (2016),27315479,0.004,0.011,
10E8V2.0/iMab,Q259_17,Wagh et al. PLoS Pathog 14:e1006860 (2018),29505593,0.004,0.011,
10E8V2.0/iMab,Q461_E2,Huang et al. Cell 165:1621 (2016),27315479,0.003,0.007,
10E8V2.0/iMab,Q461_E2,Wagh et al. PLoS Pathog 14:e1006860 (2018),29505593,0.003,0.007,
10E8V2.0/iMab,Q769_D22,Huang et al. Cell 165:1621 (2016),27315479,0.005,0.019,
10E8V2.0/iMab,Q769_D22,Wagh et al. PLoS Pathog 14:e1006860 (2018),29505593,0.005,0.019,
10E8V2.0/iMab,Q842_D12,Huang et al. Cell 165:1621 (2016),27315479,0.02,0.073,
10E8V2.0/iMab,Q842_D12,Wagh et al. PLoS Pathog 14:e1006860 (2018),29505593,0.02,0.073,
10E8V2.0/iMab,QH0692_42,Huang et al. Cell 165:1621 (2016),27315479,0.005,0.014,
10E8V2.0/iMab,R1166_C1,Huang et al. Cell 165:1621 (2016),27315479,0.003,0.007,
10E8V2.0/iMab,R18553,Wagh et al. PLoS Pathog 14:e1006860 (2018),29505593,<0.0001,0.001,
10E8V2.0/iMab,R2184_C4,Huang et al. Cell 165:1621 (2016),27315479,0.001,0.006,
10E8V2.0/iMab,R3265_C6,Huang et al. Cell 165:1621 (2016),27315479,0.003,0.01,
10E8V2.0/iMab,R880F,Wagh et al. PLoS Pathog 14:e1006860 (2018),29505593,0.002,0.006,
10E8V2.0/iMab,REJO4541_67,Huang et al. Cell 165:1621 (2016),27315479,0.001,0.002,
10E8V2.0/iMab,RHPA4259_7,Huang et al. Cell 165:1621 (2016),27315479,0.004,0.013,
10E8V2.0/iMab,SC05_8C11_2344,Huang et al. Cell 165:1621 (2016),27315479,0.001,0.004,
10E8V2.0/iMab,SC422_8,Huang et al. Cell 165:1621 (2016),27315479,0.0004,0.002,
10E8V2.0/iMab,T250_4,Huang et al. Cell 165:1621 (2016),27315479,0.001,0.002,
10E8V2.0/iMab,T251_18,Huang et al. Cell 165:1621 (2016),27315479,0.002,0.008,
10E8V2.0/iMab,T255_34,Huang et al. Cell 165:1621 (2016),27315479,0.0004,0.001,
10E8V2.0/iMab,T257_31,Huang et al. Cell 165:1621 (2016),27315479,0.001,0.004,
10E8V2.0/iMab,T278_50,Huang et al. Cell 165:1621 (2016),27315479,0.021,0.1,
10E8V2.0/iMab,THRO4156,Huang et al. Cell 165:1621 (2016),27315479,0.001,0.005,
10E8V2.0/iMab,TRJO4551_58,Huang et al. Cell 165:1621 (2016),27315479,0.002,0.005,
10E8V2.0/iMab,TRO_11,Huang et al. Cell 165:1621 (2016),27315479,0.008,0.023,
10E8V2.0/iMab,WEAU_D15_410,Huang et al. Cell 165:1621 (2016),27315479,5.341,>10,
10E8V2.0/iMab,WITO4160_33,Huang et al. Cell 165:1621 (2016),27315479,0.002,0.004,
10E8V2.0/iMab,X1193_C1,Huang et al. Cell 165:1621 (2016),27315479,0.001,0.003,
10E8V2.0/iMab,X1254_C3,Huang et al. Cell 165:1621 (2016),27315479,0.009,0.044,
10E8V2.0/iMab,X1632_S2_B10,Huang et al. Cell 165:1621 (2016),27315479,<0.0001,0.001,
10E8V2.0/iMab,X2088_C9,Huang et al. Cell 165:1621 (2016),27315479,1.217,>10,
10E8V2.0/iMab,X2131_C1_B5,Huang et al. Cell 165:1621 (2016),27315479,<0.0001,0.001,
10E8V2.0/iMab,X2278_C2_B6,Moshoette et al. Retrovirology 16:31 (2019),31703699,0.00359,,
10E8V2.0/iMab,ZM109_4,Huang et al. Cell 165:1621 (2016),27315479,0.003,0.012,
10E8V2.0/iMab,ZM135_10A,Huang et al. Cell 165:1621 (2016),27315479,0.0002,0.001,
10E8V2.0/iMab,ZM197_7,Huang et al. Cell 165:1621 (2016),27315479,0.001,0.004,
10E8V2.0/iMab,ZM214_15,Huang et al. Cell 165:1621 (2016),27315479,0.008,0.032,
10E8V2.0/iMab,ZM233_6,Huang et al. Cell 165:1621 (2016),27315479,0.001,0.002,
10E8V2.0/iMab,ZM246F,Huang et al. Cell 165:1621 (2016),27315479,0.001,0.004,
10E8V2.0/iMab,ZM247_V1,Huang et al. Cell 165:1621 (2016),27315479,0.001,0.003,
10E8V2.0/iMab,ZM249_1,Huang et al. Cell 165:1621 (2016),27315479,0.023,0.125,
10E8V2.0/iMab,ZM53_12,Huang et al. Cell 165:1621 (2016),27315479,0.008,0.028,
10E8V2.0/iMab,ZM53_12,Moshoette et al. Retrovirology 16:31 (2019),31703699,0.00224,,
3BNC117/10-1074,0013095_2_11,Bournazos et al. Cell 165:1609 (2016) - dataset 1,27315478,4.045,16.833,
3BNC117/10-1074,001428_2_42,Bournazos et al. Cell 165:1609 (2016) - dataset 1,27315478,0.029,0.081,
3BNC117/10-1074,0260_V5_C36,Bournazos et al. Cell 165:1609 (2016) - dataset 1,27315478,0.312,0.823,
3BNC117/10-1074,0815_V3_C3,Bournazos et al. Cell 165:1609 (2016) - dataset 1,27315478,0.029,0.083,
3BNC117/10-1074,1006_11_C3_1601,Bournazos et al. Cell 165:1609 (2016) - dataset 1,27315478,0.018,0.061,
3BNC117/10-1074,1012_11_TC21_3257,Bournazos et al. Cell 165:1609 (2016) - dataset 1,27315478,0.029,0.129,
3BNC117/10-1074,1054_07_TC4_1499,Bournazos et al. Cell 165:1609 (2016) - dataset 1,27315478,0.177,0.795,
3BNC117/10-1074,1056_10_TA11_1826,Bournazos et al. Cell 165:1609 (2016) - dataset 1,27315478,0.24,0.808,
3BNC117/10-1074,1394_C9G1,Bournazos et al. Cell 165:1609 (2016) - dataset 1,27315478,0.592,1.986,
3BNC117/10-1074,16055_2_3,Bournazos et al. Cell 165:1609 (2016) - dataset 1,27315478,>20,>20,
3BNC117/10-1074,16845_2_22,Bournazos et al. Cell 165:1609 (2016) - dataset 1,27315478,4.447,>20,
3BNC117/10-1074,16845_2_22,Bournazos et al. Cell 165:1609 (2016) - dataset 2,27315478,1.804,9.494,
3BNC117/10-1074,191084_B7_19,Bournazos et al. Cell 165:1609 (2016) - dataset 1,27315478,0.121,0.334,
3BNC117/10-1074,191821_E6_1,Bournazos et al. Cell 165:1609 (2016) - dataset 1,27315478,0.902,3.11,
3BNC117/10-1074,191955_A11,Bournazos et al. Cell 165:1609 (2016) - dataset 1,27315478,>20,>20,
3BNC117/10-1074,211_9,Bournazos et al. Cell 165:1609 (2016) - dataset 1,27315478,0.68,2.43,
3BNC117/10-1074,231965_C1,Bournazos et al. Cell 165:1609 (2016) - dataset 1,27315478,0.275,0.755,
3BNC117/10-1074,231966_C2,Bournazos et al. Cell 165:1609 (2016) - dataset 1,27315478,4.74,18.123,
3BNC117/10-1074,235_47,Bournazos et al. Cell 165:1609 (2016) - dataset 1,27315478,0.114,0.407,
3BNC117/10-1074,249M_B10,Bournazos et al. Cell 165:1609 (2016) - dataset 1,27315478,0.355,1.155,
3BNC117/10-1074,263_8,Bournazos et al. Cell 165:1609 (2016) - dataset 1,27315478,0.053,0.194,
3BNC117/10-1074,3016_V5_C45,Bournazos et al. Cell 165:1609 (2016) - dataset 1,27315478,17.306,>20,
3BNC117/10-1074,3103_V3_C10,Bournazos et al. Cell 165:1609 (2016) - dataset 1,27315478,0.265,0.716,
3BNC117/10-1074,3301_V1_C24,Bournazos et al. Cell 165:1609 (2016) - dataset 1,27315478,0.066,0.217,
3BNC117/10-1074,3365_V2_C20,Bournazos et al. Cell 165:1609 (2016) - dataset 1,27315478,0.066,0.182,
3BNC117/10-1074,3415_V1_C1,Bournazos et al. Cell 165:1609 (2016) - dataset 1,27315478,0.224,0.609,
3BNC117/10-1074,3817_V2_C59,Bournazos et al. Cell 165:1609 (2016) - dataset 1,27315478,0.916,4.5,
3BNC117/10-1074,6041_V3_C23,Bournazos et al. Cell 165:1609 (2016) - dataset 1,27315478,0.197,1.241,
3BNC117/10-1074,620345_C1,Bournazos et al. Cell 165:1609 (2016) - dataset 1,27315478,>20,>20,
3BNC117/10-1074,62357_14_D3_4589,Bournazos et al. Cell 165:1609 (2016) - dataset 1,27315478,0.12,0.394,
3BNC117/10-1074,6240_08_TA5_4622,Bournazos et al. Cell 165:1609 (2016) - dataset 1,27315478,0.225,0.638,
3BNC117/10-1074,6244_13_B5_4567,Bournazos et al. Cell 165:1609 (2016) - dataset 1,27315478,0.107,0.368,
3BNC117/10-1074,6480_V4_C25,Bournazos et al. Cell 165:1609 (2016) - dataset 1,27315478,0.034,0.111,
3BNC117/10-1074,6535_3,Bournazos et al. Cell 165:1609 (2016) - dataset 1,27315478,0.083,0.363,
3BNC117/10-1074,6540_V4_C1,Bournazos et al. Cell 165:1609 (2016) - dataset 1,27315478,>20,>20,
3BNC117/10-1074,6545_V4_C1,Bournazos et al. Cell 165:1609 (2016) - dataset 1,27315478,>20,>20,
3BNC117/10-1074,6811_V7_C18,Bournazos et al. Cell 165:1609 (2016) - dataset 1,27315478,0.029,0.104,
3BNC117/10-1074,6952_V1_C20,Bournazos et al. Cell 165:1609 (2016) - dataset 1,27315478,0.251,0.684,
3BNC117/10-1074,703010054_2A2,Bournazos et al. Cell 165:1609 (2016) - dataset 1,27315478,1.71,5.437,
3BNC117/10-1074,703010200_1E5,Bournazos et al. Cell 165:1609 (2016) - dataset 1,27315478,0.127,0.331,
3BNC117/10-1074,704809221_1B3,Bournazos et al. Cell 165:1609 (2016) - dataset 1,27315478,0.357,1.347,
3BNC117/10-1074,89_F1_2_25,Bournazos et al. Cell 165:1609 (2016) - dataset 1,27315478,>20,>20,
3BNC117/10-1074,9004SS_A3_4,Bournazos et al. Cell 165:1609 (2016) - dataset 1,27315478,0.068,0.191,
3BNC117/10-1074,928_28,Bournazos et al. Cell 165:1609 (2016) - dataset 1,27315478,0.424,1.615,
3BNC117/10-1074,A07412M1_VRC12,Bournazos et al. Cell 165:1609 (2016) - dataset 1,27315478,0.104,0.333,
3BNC117/10-1074,AC10_29,Bournazos et al. Cell 165:1609 (2016) - dataset 1,27315478,0.248,1.121,
3BNC117/10-1074,BF1266_431A,Bournazos et al. Cell 165:1609 (2016) - dataset 1,27315478,0.358,1.233,
3BNC117/10-1074,BJOX009000_02_4,Bournazos et al. Cell 165:1609 (2016) - dataset 1,27315478,2.557,7.419,
3BNC117/10-1074,BJOX010000_06_2,Bournazos et al. Cell 165:1609 (2016) - dataset 1,27315478,12.713,>20,
3BNC117/10-1074,BJOX015000_11_5,Bournazos et al. Cell 165:1609 (2016) - dataset 1,27315478,0.589,2.734,
3BNC117/10-1074,BJOX025000_01_1,Bournazos et al. Cell 165:1609 (2016) - dataset 1,27315478,0.286,1.727,
3BNC117/10-1074,BJOX028000_10_3,Bournazos et al. Cell 165:1609 (2016) - dataset 1,27315478,0.044,0.379,
3BNC117/10-1074,C1080_C3,Bournazos et al. Cell 165:1609 (2016) - dataset 1,27315478,0.4,1.947,
3BNC117/10-1074,C2101_C1,Bournazos et al. Cell 165:1609 (2016) - dataset 1,27315478,0.131,0.446,
3BNC117/10-1074,C3347_C11,Bournazos et al. Cell 165:1609 (2016) - dataset 1,27315478,0.077,0.337,
3BNC117/10-1074,C4118_9,Bournazos et al. Cell 165:1609 (2016) - dataset 1,27315478,0.462,1.013,
3BNC117/10-1074,CAAN5342,Bournazos et al. Cell 165:1609 (2016) - dataset 1,27315478,0.115,0.395,
3BNC117/10-1074,CAP210_E8,Bournazos et al. Cell 165:1609 (2016) - dataset 1,27315478,>20,>20,
3BNC117/10-1074,CAP45_G3,Bournazos et al. Cell 165:1609 (2016) - dataset 1,27315478,>20,>20,
3BNC117/10-1074,CE0393_C3,Bournazos et al. Cell 165:1609 (2016) - dataset 1,27315478,0.916,2.024,
3BNC117/10-1074,CE0682_E4,Bournazos et al. Cell 165:1609 (2016) - dataset 1,27315478,0.077,0.255,
3BNC117/10-1074,CE1086_B2,Bournazos et al. Cell 165:1609 (2016) - dataset 1,27315478,1.722,5.331,
3BNC117/10-1074,CE1172_H1,Bournazos et al. Cell 165:1609 (2016) - dataset 1,27315478,0.454,2.072,
3BNC117/10-1074,CE1176_A3,Bournazos et al. Cell 165:1609 (2016) - dataset 1,27315478,0.211,0.471,
3BNC117/10-1074,CE2010_F5,Bournazos et al. Cell 165:1609 (2016) - dataset 1,27315478,0.288,0.943,
3BNC117/10-1074,CE2060_G9,Bournazos et al. Cell 165:1609 (2016) - dataset 1,27315478,0.359,1.511,
3BNC117/10-1074,CNE17,Bournazos et al. Cell 165:1609 (2016) - dataset 1,27315478,3.337,10.638,
3BNC117/10-1074,CNE19,Bournazos et al. Cell 165:1609 (2016) - dataset 1,27315478,0.124,0.765,
3BNC117/10-1074,CNE20,Bournazos et al. Cell 165:1609 (2016) - dataset 1,27315478,0.054,0.176,
3BNC117/10-1074,CNE21,Bournazos et al. Cell 165:1609 (2016) - dataset 1,27315478,0.548,1.407,
3BNC117/10-1074,CNE30,Bournazos et al. Cell 165:1609 (2016) - dataset 1,27315478,0.772,2.682,
3BNC117/10-1074,CNE30,Bournazos et al. Cell 165:1609 (2016) - dataset 2,27315478,0.39,1.533,
3BNC117/10-1074,CNE5,Bournazos et al. Cell 165:1609 (2016) - dataset 1,27315478,1.95,5.409,
3BNC117/10-1074,CNE52,Bournazos et al. Cell 165:1609 (2016) - dataset 1,27315478,0.174,0.59,
3BNC117/10-1074,CNE53,Bournazos et al. Cell 165:1609 (2016) - dataset 1,27315478,0.128,0.329,
3BNC117/10-1074,CNE58,Bournazos et al. Cell 165:1609 (2016) - dataset 1,27315478,0.364,1.081,
3BNC117/10-1074,CNE8,Bournazos et al. Cell 165:1609 (2016) - dataset 1,27315478,0.406,1.468,
3BNC117/10-1074,DU156_12,Bournazos et al. Cell 165:1609 (2016) - dataset 1,27315478,0.059,0.261,
3BNC117/10-1074,DU172_17,Bournazos et al. Cell 165:1609 (2016) - dataset 1,27315478,0.344,1.223,
3BNC117/10-1074,DU422_1,Bournazos et al. Cell 165:1609 (2016) - dataset 1,27315478,0.964,3.662,
3BNC117/10-1074,MS208_A1,Bournazos et al. Cell 165:1609 (2016) - dataset 1,27315478,0.2,0.724,
3BNC117/10-1074,P0402_C2_11,Bournazos et al. Cell 165:1609 (2016) - dataset 1,27315478,0.036,0.134,
3BNC117/10-1074,P1981_C5_3,Bournazos et al. Cell 165:1609 (2016) - dataset 1,27315478,0.077,0.172,
3BNC117/10-1074,PVO_4,Bournazos et al. Cell 165:1609 (2016) - dataset 1,27315478,0.067,0.218,
3BNC117/10-1074,Q23_17,Bournazos et al. Cell 165:1609 (2016) - dataset 1,27315478,0.02,0.069,
3BNC117/10-1074,Q259_17,Bournazos et al. Cell 165:1609 (2016) - dataset 1,27315478,0.359,1.264,
3BNC117/10-1074,Q461_E2,Bournazos et al. Cell 165:1609 (2016) - dataset 1,27315478,0.167,0.464,
3BNC117/10-1074,Q461_E2,Bournazos et al. Cell 165:1609 (2016) - dataset 2,27315478,0.142,0.684,
3BNC117/10-1074,Q769_D22,Bournazos et al. Cell 165:1609 (2016) - dataset 1,27315478,0.028,0.17,
3BNC117/10-1074,Q842_D12,Bournazos et al. Cell 165:1609 (2016) - dataset 1,27315478,0.019,0.053,
3BNC117/10-1074,QH0692_42,Bournazos et al. Cell 165:1609 (2016) - dataset 1,27315478,0.282,0.994,
3BNC117/10-1074,R1166_C1,Bournazos et al. Cell 165:1609 (2016) - dataset 1,27315478,0.354,1.232,
3BNC117/10-1074,R2184_C4,Bournazos et al. Cell 165:1609 (2016) - dataset 1,27315478,0.062,0.214,
3BNC117/10-1074,R3265_C6,Bournazos et al. Cell 165:1609 (2016) - dataset 1,27315478,3.613,>20,
3BNC117/10-1074,REJO4541_67,Bournazos et al. Cell 165:1609 (2016) - dataset 1,27315478,0.129,0.45,
3BNC117/10-1074,RHPA4259_7,Bournazos et al. Cell 165:1609 (2016) - dataset 1,27315478,0.03,0.108,
3BNC117/10-1074,SC05_8C11_2344,Bournazos et al. Cell 165:1609 (2016) - dataset 1,27315478,0.178,0.481,
3BNC117/10-1074,SC422_8,Bournazos et al. Cell 165:1609 (2016) - dataset 1,27315478,0.108,0.458,
3BNC117/10-1074,T250_4,Bournazos et al. Cell 165:1609 (2016) - dataset 1,27315478,0.04,0.115,
3BNC117/10-1074,T251_18,Bournazos et al. Cell 165:1609 (2016) - dataset 1,27315478,0.455,1.254,
3BNC117/10-1074,T251_18,Bournazos et al. Cell 165:1609 (2016) - dataset 2,27315478,0.35,1.203,
3BNC117/10-1074,T255_34,Bournazos et al. Cell 165:1609 (2016) - dataset 1,27315478,0.186,0.819,
3BNC117/10-1074,T257_31,Bournazos et al. Cell 165:1609 (2016) - dataset 1,27315478,0.369,1.753,
3BNC117/10-1074,T278_50,Bournazos et al. Cell 165:1609 (2016) - dataset 1,27315478,>20,>20,
3BNC117/10-1074,T278_50,Bournazos et al. Cell 165:1609 (2016) - dataset 2,27315478,14.538,>20,
3BNC117/10-1074,THRO4156,Bournazos et al. Cell 165:1609 (2016) - dataset 1,27315478,7.226,>20,
3BNC117/10-1074,TRJO4551_58,Bournazos et al. Cell 165:1609 (2016) - dataset 1,27315478,0.27,0.905,
3BNC117/10-1074,TRJO4551_58,Bournazos et al. Cell 165:1609 (2016) - dataset 2,27315478,0.168,0.571,
3BNC117/10-1074,TRO_11,Bournazos et al. Cell 165:1609 (2016) - dataset 1,27315478,0.06,0.162,
3BNC117/10-1074,WEAU_D15_410,Bournazos et al. Cell 165:1609 (2016) - dataset 1,27315478,0.107,0.37,
3BNC117/10-1074,WITO4160_33,Bournazos et al. Cell 165:1609 (2016) - dataset 1,27315478,0.066,0.233,
3BNC117/10-1074,X1193_C1,Bournazos et al. Cell 165:1609 (2016) - dataset 1,27315478,0.181,0.606,
3BNC117/10-1074,X1254_C3,Bournazos et al. Cell 165:1609 (2016) - dataset 1,27315478,0.32,1.065,
3BNC117/10-1074,X1632_S2_B10,Bournazos et al. Cell 165:1609 (2016) - dataset 1,27315478,>20,>20,
3BNC117/10-1074,X2088_C9,Bournazos et al. Cell 165:1609 (2016) - dataset 1,27315478,0.126,0.419,
3BNC117/10-1074,X2131_C1_B5,Bournazos et al. Cell 165:1609 (2016) - dataset 1,27315478,0.171,0.722,
3BNC117/10-1074,YU2,Bournazos et al. Cell 165:1609 (2016) - dataset 1,27315478,0.037,0.101,
3BNC117/10-1074,ZM109_4,Bournazos et al. Cell 165:1609 (2016) - dataset 1,27315478,2.252,10.124,
3BNC117/10-1074,ZM109_4,Bournazos et al. Cell 165:1609 (2016) - dataset 2,27315478,0.569,4.565,
3BNC117/10-1074,ZM135_10A,Bournazos et al. Cell 165:1609 (2016) - dataset 1,27315478,0.183,0.638,
3BNC117/10-1074,ZM197_7,Bournazos et al. Cell 165:1609 (2016) - dataset 1,27315478,1.185,5.454,
3BNC117/10-1074,ZM214_15,Bournazos et al. Cell 165:1609 (2016) - dataset 1,27315478,0.299,1.972,
3BNC117/10-1074,ZM233_6,Bournazos et al. Cell 165:1609 (2016) - dataset 1,27315478,0.314,1.097,
3BNC117/10-1074,ZM246F,Bournazos et al. Cell 165:1609 (2016) - dataset 1,27315478,0.64,2.274,
3BNC117/10-1074,ZM247_V1,Bournazos et al. Cell 165:1609 (2016) - dataset 1,27315478,1.538,4.174,
3BNC117/10-1074,ZM249_1,Bournazos et al. Cell 165:1609 (2016) - dataset 1,27315478,0.224,1.055,
3BNC117/10-1074,ZM53_12,Bournazos et al. Cell 165:1609 (2016) - dataset 1,27315478,0.811,2.81,
3BNC117/10-1074-IgG3C-,0013095_2_11,Bournazos et al. Cell 165:1609 (2016) - dataset 1,27315478,0.705,5.412,
3BNC117/10-1074-IgG3C-,001428_2_42,Bournazos et al. Cell 165:1609 (2016) - dataset 1,27315478,0.02,0.054,
3BNC117/10-1074-IgG3C-,0260_V5_C36,Bournazos et al. Cell 165:1609 (2016) - dataset 1,27315478,0.21,0.708,
3BNC117/10-1074-IgG3C-,0815_V3_C3,Bournazos et al. Cell 165:1609 (2016) - dataset 1,27315478,0.012,0.046,
3BNC117/10-1074-IgG3C-,1006_11_C3_1601,Bournazos et al. Cell 165:1609 (2016) - dataset 1,27315478,0.006,0.017,
3BNC117/10-1074-IgG3C-,1012_11_TC21_3257,Bournazos et al. Cell 165:1609 (2016) - dataset 1,27315478,0.017,0.08,
3BNC117/10-1074-IgG3C-,1054_07_TC4_1499,Bournazos et al. Cell 165:1609 (2016) - dataset 1,27315478,0.053,0.366,
3BNC117/10-1074-IgG3C-,1056_10_TA11_1826,Bournazos et al. Cell 165:1609 (2016) - dataset 1,27315478,0.062,0.342,
3BNC117/10-1074-IgG3C-,1394_C9G1,Bournazos et al. Cell 165:1609 (2016) - dataset 1,27315478,0.123,0.479,
3BNC117/10-1074-IgG3C-,16055_2_3,Bournazos et al. Cell 165:1609 (2016) - dataset 1,27315478,11.93,>20,
3BNC117/10-1074-IgG3C-,16845_2_22,Bournazos et al. Cell 165:1609 (2016) - dataset 1,27315478,1.804,9.494,
3BNC117/10-1074-IgG3C-,191084_B7_19,Bournazos et al. Cell 165:1609 (2016) - dataset 1,27315478,0.06,0.209,
3BNC117/10-1074-IgG3C-,191821_E6_1,Bournazos et al. Cell 165:1609 (2016) - dataset 1,27315478,0.448,3.137,
3BNC117/10-1074-IgG3C-,191955_A11,Bournazos et al. Cell 165:1609 (2016) - dataset 1,27315478,>20,>20,
3BNC117/10-1074-IgG3C-,211_9,Bournazos et al. Cell 165:1609 (2016) - dataset 1,27315478,0.232,1.104,
3BNC117/10-1074-IgG3C-,231965_C1,Bournazos et al. Cell 165:1609 (2016) - dataset 1,27315478,0.127,0.453,
3BNC117/10-1074-IgG3C-,231966_C2,Bournazos et al. Cell 165:1609 (2016) - dataset 1,27315478,1.263,6.726,
3BNC117/10-1074-IgG3C-,235_47,Bournazos et al. Cell 165:1609 (2016) - dataset 1,27315478,0.044,0.221,
3BNC117/10-1074-IgG3C-,249M_B10,Bournazos et al. Cell 165:1609 (2016) - dataset 1,27315478,0.184,0.863,
3BNC117/10-1074-IgG3C-,263_8,Bournazos et al. Cell 165:1609 (2016) - dataset 1,27315478,0.029,0.149,
3BNC117/10-1074-IgG3C-,3016_V5_C45,Bournazos et al. Cell 165:1609 (2016) - dataset 1,27315478,2.627,>20,
3BNC117/10-1074-IgG3C-,3103_V3_C10,Bournazos et al. Cell 165:1609 (2016) - dataset 1,27315478,0.085,0.296,
3BNC117/10-1074-IgG3C-,3301_V1_C24,Bournazos et al. Cell 165:1609 (2016) - dataset 1,27315478,0.03,0.098,
3BNC117/10-1074-IgG3C-,3365_V2_C20,Bournazos et al. Cell 165:1609 (2016) - dataset 1,27315478,0.041,0.148,
3BNC117/10-1074-IgG3C-,3415_V1_C1,Bournazos et al. Cell 165:1609 (2016) - dataset 1,27315478,0.135,0.488,
3BNC117/10-1074-IgG3C-,3817_V2_C59,Bournazos et al. Cell 165:1609 (2016) - dataset 1,27315478,0.471,2.275,
3BNC117/10-1074-IgG3C-,6041_V3_C23,Bournazos et al. Cell 165:1609 (2016) - dataset 1,27315478,0.046,0.223,
3BNC117/10-1074-IgG3C-,620345_C1,Bournazos et al. Cell 165:1609 (2016) - dataset 1,27315478,>20,>20,
3BNC117/10-1074-IgG3C-,62357_14_D3_4589,Bournazos et al. Cell 165:1609 (2016) - dataset 1,27315478,0.056,0.255,
3BNC117/10-1074-IgG3C-,6240_08_TA5_4622,Bournazos et al. Cell 165:1609 (2016) - dataset 1,27315478,0.095,0.349,
3BNC117/10-1074-IgG3C-,6244_13_B5_4567,Bournazos et al. Cell 165:1609 (2016) - dataset 1,27315478,0.064,0.286,
3BNC117/10-1074-IgG3C-,6480_V4_C25,Bournazos et al. Cell 165:1609 (2016) - dataset 1,27315478,0.014,0.049,
3BNC117/10-1074-IgG3C-,6535_3,Bournazos et al. Cell 165:1609 (2016) - dataset 1,27315478,0.015,0.07,
3BNC117/10-1074-IgG3C-,6540_V4_C1,Bournazos et al. Cell 165:1609 (2016) - dataset 1,27315478,>20,>20,
3BNC117/10-1074-IgG3C-,6545_V4_C1,Bournazos et al. Cell 165:1609 (2016) - dataset 1,27315478,>20,>20,
3BNC117/10-1074-IgG3C-,6811_V7_C18,Bournazos et al. Cell 165:1609 (2016) - dataset 1,27315478,0.009,0.026,
3BNC117/10-1074-IgG3C-,6952_V1_C20,Bournazos et al. Cell 165:1609 (2016) - dataset 1,27315478,0.073,0.261,
3BNC117/10-1074-IgG3C-,703010054_2A2,Bournazos et al. Cell 165:1609 (2016) - dataset 1,27315478,0.625,5.114,
3BNC117/10-1074-IgG3C-,703010200_1E5,Bournazos et al. Cell 165:1609 (2016) - dataset 1,27315478,0.033,0.123,
3BNC117/10-1074-IgG3C-,704809221_1B3,Bournazos et al. Cell 165:1609 (2016) - dataset 1,27315478,0.068,0.648,
3BNC117/10-1074-IgG3C-,89_F1_2_25,Bournazos et al. Cell 165:1609 (2016) - dataset 1,27315478,>20,>20,
3BNC117/10-1074-IgG3C-,9004SS_A3_4,Bournazos et al. Cell 165:1609 (2016) - dataset 1,27315478,0.03,0.088,
3BNC117/10-1074-IgG3C-,928_28,Bournazos et al. Cell 165:1609 (2016) - dataset 1,27315478,0.338,1.709,
3BNC117/10-1074-IgG3C-,A07412M1_VRC12,Bournazos et al. Cell 165:1609 (2016) - dataset 1,27315478,0.041,0.117,
3BNC117/10-1074-IgG3C-,AC10_29,Bournazos et al. Cell 165:1609 (2016) - dataset 1,27315478,0.051,0.318,
3BNC117/10-1074-IgG3C-,BF1266_431A,Bournazos et al. Cell 165:1609 (2016) - dataset 1,27315478,0.098,0.705,
3BNC117/10-1074-IgG3C-,BJOX009000_02_4,Bournazos et al. Cell 165:1609 (2016) - dataset 1,27315478,1.194,4.925,
3BNC117/10-1074-IgG3C-,BJOX010000_06_2,Bournazos et al. Cell 165:1609 (2016) - dataset 1,27315478,4.874,>20,
3BNC117/10-1074-IgG3C-,BJOX015000_11_5,Bournazos et al. Cell 165:1609 (2016) - dataset 1,27315478,0.152,1.115,
3BNC117/10-1074-IgG3C-,BJOX025000_01_1,Bournazos et al. Cell 165:1609 (2016) - dataset 1,27315478,0.145,1.184,
3BNC117/10-1074-IgG3C-,BJOX028000_10_3,Bournazos et al. Cell 165:1609 (2016) - dataset 1,27315478,0.009,0.123,
3BNC117/10-1074-IgG3C-,C1080_C3,Bournazos et al. Cell 165:1609 (2016) - dataset 1,27315478,0.241,1.552,
3BNC117/10-1074-IgG3C-,C2101_C1,Bournazos et al. Cell 165:1609 (2016) - dataset 1,27315478,0.058,0.387,
3BNC117/10-1074-IgG3C-,C3347_C11,Bournazos et al. Cell 165:1609 (2016) - dataset 1,27315478,0.038,0.236,
3BNC117/10-1074-IgG3C-,C4118_9,Bournazos et al. Cell 165:1609 (2016) - dataset 1,27315478,0.205,0.811,
3BNC117/10-1074-IgG3C-,CAAN5342,Bournazos et al. Cell 165:1609 (2016) - dataset 1,27315478,0.02,0.101,
3BNC117/10-1074-IgG3C-,CAP210_E8,Bournazos et al. Cell 165:1609 (2016) - dataset 1,27315478,12.977,>20,
3BNC117/10-1074-IgG3C-,CAP45_G3,Bournazos et al. Cell 165:1609 (2016) - dataset 1,27315478,6.276,>20,
3BNC117/10-1074-IgG3C-,CE0393_C3,Bournazos et al. Cell 165:1609 (2016) - dataset 1,27315478,0.836,1.958,
3BNC117/10-1074-IgG3C-,CE0682_E4,Bournazos et al. Cell 165:1609 (2016) - dataset 1,27315478,0.043,0.194,
3BNC117/10-1074-IgG3C-,CE1086_B2,Bournazos et al. Cell 165:1609 (2016) - dataset 1,27315478,0.632,3.563,
3BNC117/10-1074-IgG3C-,CE1172_H1,Bournazos et al. Cell 165:1609 (2016) - dataset 1,27315478,0.055,0.396,
3BNC117/10-1074-IgG3C-,CE1176_A3,Bournazos et al. Cell 165:1609 (2016) - dataset 1,27315478,0.071,0.201,
3BNC117/10-1074-IgG3C-,CE2010_F5,Bournazos et al. Cell 165:1609 (2016) - dataset 1,27315478,0.235,0.816,
3BNC117/10-1074-IgG3C-,CE2060_G9,Bournazos et al. Cell 165:1609 (2016) - dataset 1,27315478,0.274,1.094,
3BNC117/10-1074-IgG3C-,CNE17,Bournazos et al. Cell 165:1609 (2016) - dataset 1,27315478,1.216,5.016,
3BNC117/10-1074-IgG3C-,CNE19,Bournazos et al. Cell 165:1609 (2016) - dataset 1,27315478,0.041,0.261,
3BNC117/10-1074-IgG3C-,CNE20,Bournazos et al. Cell 165:1609 (2016) - dataset 1,27315478,0.014,0.039,
3BNC117/10-1074-IgG3C-,CNE21,Bournazos et al. Cell 165:1609 (2016) - dataset 1,27315478,0.183,0.48,
3BNC117/10-1074-IgG3C-,CNE30,Bournazos et al. Cell 165:1609 (2016) - dataset 1,27315478,0.39,1.533,
3BNC117/10-1074-IgG3C-,CNE5,Bournazos et al. Cell 165:1609 (2016) - dataset 1,27315478,0.786,2.968,
3BNC117/10-1074-IgG3C-,CNE52,Bournazos et al. Cell 165:1609 (2016) - dataset 1,27315478,0.086,0.418,
3BNC117/10-1074-IgG3C-,CNE53,Bournazos et al. Cell 165:1609 (2016) - dataset 1,27315478,0.05,0.231,
3BNC117/10-1074-IgG3C-,CNE58,Bournazos et al. Cell 165:1609 (2016) - dataset 1,27315478,0.121,0.698,
3BNC117/10-1074-IgG3C-,CNE8,Bournazos et al. Cell 165:1609 (2016) - dataset 1,27315478,0.237,1.212,
3BNC117/10-1074-IgG3C-,DU156_12,Bournazos et al. Cell 165:1609 (2016) - dataset 1,27315478,0.012,0.058,
3BNC117/10-1074-IgG3C-,DU172_17,Bournazos et al. Cell 165:1609 (2016) - dataset 1,27315478,0.114,0.519,
3BNC117/10-1074-IgG3C-,DU422_1,Bournazos et al. Cell 165:1609 (2016) - dataset 1,27315478,0.162,0.609,
3BNC117/10-1074-IgG3C-,MS208_A1,Bournazos et al. Cell 165:1609 (2016) - dataset 1,27315478,0.113,0.514,
3BNC117/10-1074-IgG3C-,P0402_C2_11,Bournazos et al. Cell 165:1609 (2016) - dataset 1,27315478,0.013,0.058,
3BNC117/10-1074-IgG3C-,P1981_C5_3,Bournazos et al. Cell 165:1609 (2016) - dataset 1,27315478,0.029,0.088,
3BNC117/10-1074-IgG3C-,PVO_4,Bournazos et al. Cell 165:1609 (2016) - dataset 1,27315478,0.023,0.096,
3BNC117/10-1074-IgG3C-,Q23_17,Bournazos et al. Cell 165:1609 (2016) - dataset 1,27315478,0.011,0.031,
3BNC117/10-1074-IgG3C-,Q259_17,Bournazos et al. Cell 165:1609 (2016) - dataset 1,27315478,0.081,0.389,
3BNC117/10-1074-IgG3C-,Q461_E2,Bournazos et al. Cell 165:1609 (2016) - dataset 1,27315478,0.142,0.684,
3BNC117/10-1074-IgG3C-,Q769_D22,Bournazos et al. Cell 165:1609 (2016) - dataset 1,27315478,0.014,0.083,
3BNC117/10-1074-IgG3C-,Q842_D12,Bournazos et al. Cell 165:1609 (2016) - dataset 1,27315478,0.014,0.049,
3BNC117/10-1074-IgG3C-,QH0692_42,Bournazos et al. Cell 165:1609 (2016) - dataset 1,27315478,0.175,0.83,
3BNC117/10-1074-IgG3C-,R1166_C1,Bournazos et al. Cell 165:1609 (2016) - dataset 1,27315478,0.305,1.458,
3BNC117/10-1074-IgG3C-,R2184_C4,Bournazos et al. Cell 165:1609 (2016) - dataset 1,27315478,0.033,0.147,
3BNC117/10-1074-IgG3C-,R3265_C6,Bournazos et al. Cell 165:1609 (2016) - dataset 1,27315478,0.093,4.022,
3BNC117/10-1074-IgG3C-,REJO4541_67,Bournazos et al. Cell 165:1609 (2016) - dataset 1,27315478,0.043,0.209,
3BNC117/10-1074-IgG3C-,RHPA4259_7,Bournazos et al. Cell 165:1609 (2016) - dataset 1,27315478,0.014,0.067,
3BNC117/10-1074-IgG3C-,SC05_8C11_2344,Bournazos et al. Cell 165:1609 (2016) - dataset 1,27315478,0.076,0.264,
3BNC117/10-1074-IgG3C-,SC422_8,Bournazos et al. Cell 165:1609 (2016) - dataset 1,27315478,0.045,0.161,
3BNC117/10-1074-IgG3C-,T250_4,Bournazos et al. Cell 165:1609 (2016) - dataset 1,27315478,0.007,0.027,
3BNC117/10-1074-IgG3C-,T251_18,Bournazos et al. Cell 165:1609 (2016) - dataset 1,27315478,0.35,1.203,
3BNC117/10-1074-IgG3C-,T255_34,Bournazos et al. Cell 165:1609 (2016) - dataset 1,27315478,0.081,0.351,
3BNC117/10-1074-IgG3C-,T257_31,Bournazos et al. Cell 165:1609 (2016) - dataset 1,27315478,0.285,1.424,
3BNC117/10-1074-IgG3C-,T278_50,Bournazos et al. Cell 165:1609 (2016) - dataset 1,27315478,14.538,>20,
3BNC117/10-1074-IgG3C-,THRO4156,Bournazos et al. Cell 165:1609 (2016) - dataset 1,27315478,5.716,17.271,
3BNC117/10-1074-IgG3C-,TRJO4551_58,Bournazos et al. Cell 165:1609 (2016) - dataset 1,27315478,0.168,0.571,
3BNC117/10-1074-IgG3C-,TRO_11,Bournazos et al. Cell 165:1609 (2016) - dataset 1,27315478,0.025,0.088,
3BNC117/10-1074-IgG3C-,WEAU_D15_410,Bournazos et al. Cell 165:1609 (2016) - dataset 1,27315478,0.035,0.228,
3BNC117/10-1074-IgG3C-,WITO4160_33,Bournazos et al. Cell 165:1609 (2016) - dataset 1,27315478,0.023,0.12,
3BNC117/10-1074-IgG3C-,X1193_C1,Bournazos et al. Cell 165:1609 (2016) - dataset 1,27315478,0.089,0.389,
3BNC117/10-1074-IgG3C-,X1254_C3,Bournazos et al. Cell 165:1609 (2016) - dataset 1,27315478,0.133,0.445,
3BNC117/10-1074-IgG3C-,X1632_S2_B10,Bournazos et al. Cell 165:1609 (2016) - dataset 1,27315478,2.206,>20,
3BNC117/10-1074-IgG3C-,X2088_C9,Bournazos et al. Cell 165:1609 (2016) - dataset 1,27315478,0.02,0.059,
3BNC117/10-1074-IgG3C-,X2131_C1_B5,Bournazos et al. Cell 165:1609 (2016) - dataset 1,27315478,0.055,0.184,
3BNC117/10-1074-IgG3C-,YU2,Bournazos et al. Cell 165:1609 (2016) - dataset 1,27315478,0.024,0.07,
3BNC117/10-1074-IgG3C-,ZM109_4,Bournazos et al. Cell 165:1609 (2016) - dataset 1,27315478,0.569,4.565,
3BNC117/10-1074-IgG3C-,ZM135_10A,Bournazos et al. Cell 165:1609 (2016) - dataset 1,27315478,0.092,0.419,
3BNC117/10-1074-IgG3C-,ZM197_7,Bournazos et al. Cell 165:1609 (2016) - dataset 1,27315478,0.741,2.529,
3BNC117/10-1074-IgG3C-,ZM214_15,Bournazos et al. Cell 165:1609 (2016) - dataset 1,27315478,0.045,0.797,
3BNC117/10-1074-IgG3C-,ZM233_6,Bournazos et al. Cell 165:1609 (2016) - dataset 1,27315478,0.047,0.221,
3BNC117/10-1074-IgG3C-,ZM246F,Bournazos et al. Cell 165:1609 (2016) - dataset 1,27315478,0.14,0.661,
3BNC117/10-1074-IgG3C-,ZM247_V1,Bournazos et al. Cell 165:1609 (2016) - dataset 1,27315478,0.236,1.041,
3BNC117/10-1074-IgG3C-,ZM249_1,Bournazos et al. Cell 165:1609 (2016) - dataset 1,27315478,0.113,0.573,
3BNC117/10-1074-IgG3C-,ZM53_12,Bournazos et al. Cell 165:1609 (2016) - dataset 1,27315478,0.293,0.997,
3BNC117/PGT135-IgG3C-,0013095_2_11,Bournazos et al. Cell 165:1609 (2016) - dataset 1,27315478,0.024,0.131,
3BNC117/PGT135-IgG3C-,001428_2_42,Bournazos et al. Cell 165:1609 (2016) - dataset 1,27315478,0.003,0.015,
3BNC117/PGT135-IgG3C-,0260_V5_C36,Wagh et al. PLoS Pathog 14:e1006860 (2018),29505593,0.074,0.192,
3BNC117/PGT135-IgG3C-,0330_V4_C3,Wagh et al. PLoS Pathog 14:e1006860 (2018),29505593,0.048,0.191,
3BNC117/PGT135-IgG3C-,0439_V5_C1,Wagh et al. PLoS Pathog 14:e1006860 (2018),29505593,0.083,0.28,
3BNC117/PGT135-IgG3C-,0815_V3_C3,Bournazos et al. Cell 165:1609 (2016) - dataset 1,27315478,0.008,0.037,
3BNC117/PGT135-IgG3C-,1006_11_C3_1601,Bournazos et al. Cell 165:1609 (2016) - dataset 1,27315478,0.016,0.068,
3BNC117/PGT135-IgG3C-,1012_11_TC21_3257,Bournazos et al. Cell 165:1609 (2016) - dataset 1,27315478,0.009,0.048,
3BNC117/PGT135-IgG3C-,1054_07_TC4_1499,Bournazos et al. Cell 165:1609 (2016) - dataset 1,27315478,0.019,0.098,
3BNC117/PGT135-IgG3C-,1056_10_TA11_1826,Bournazos et al. Cell 165:1609 (2016) - dataset 1,27315478,0.05,0.349,
3BNC117/PGT135-IgG3C-,1394_C9G1,Bournazos et al. Cell 165:1609 (2016) - dataset 1,27315478,0.519,3.264,
3BNC117/PGT135-IgG3C-,16055_2_3,Bournazos et al. Cell 165:1609 (2016) - dataset 1,27315478,0.063,>30,
3BNC117/PGT135-IgG3C-,16845_2_22,Bournazos et al. Cell 165:1609 (2016) - dataset 1,27315478,0.176,2.873,
3BNC117/PGT135-IgG3C-,190049,Wagh et al. PLoS Pathog 14:e1006860 (2018),29505593,0.109,0.49,
3BNC117/PGT135-IgG3C-,191084_B7_19,Bournazos et al. Cell 165:1609 (2016) - dataset 1,27315478,0.008,0.06,
3BNC117/PGT135-IgG3C-,191084_B7_19,Wagh et al. PLoS Pathog 14:e1006860 (2018),29505593,0.008,0.06,
3BNC117/PGT135-IgG3C-,191647,Wagh et al. PLoS Pathog 14:e1006860 (2018),29505593,0.023,0.077,
3BNC117/PGT135-IgG3C-,191727_F6,Wagh et al. PLoS Pathog 14:e1006860 (2018),29505593,0.054,0.154,
3BNC117/PGT135-IgG3C-,191821_E6_1,Bournazos et al. Cell 165:1609 (2016) - dataset 1,27315478,0.033,0.152,
3BNC117/PGT135-IgG3C-,191821_E6_1,Wagh et al. PLoS Pathog 14:e1006860 (2018),29505593,0.033,0.152,
3BNC117/PGT135-IgG3C-,191845_B11,Wagh et al. PLoS Pathog 14:e1006860 (2018),29505593,>25,>25,
3BNC117/PGT135-IgG3C-,191859,Wagh et al. PLoS Pathog 14:e1006860 (2018),29505593,0.06,0.281,
3BNC117/PGT135-IgG3C-,191882,Wagh et al. PLoS Pathog 14:e1006860 (2018),29505593,0.024,0.115,
3BNC117/PGT135-IgG3C-,191955_A11,Bournazos et al. Cell 165:1609 (2016) - dataset 1,27315478,1.145,,
3BNC117/PGT135-IgG3C-,191955_A11,Wagh et al. PLoS Pathog 14:e1006860 (2018),29505593,2.149,>30,
3BNC117/PGT135-IgG3C-,21020_13,Wagh et al. PLoS Pathog 14:e1006860 (2018),29505593,0.066,0.226,
3BNC117/PGT135-IgG3C-,211_9,Bournazos et al. Cell 165:1609 (2016) - dataset 1,27315478,0.115,0.52,
3BNC117/PGT135-IgG3C-,231965_C1,Bournazos et al. Cell 165:1609 (2016) - dataset 1,27315478,0.032,0.218,
3BNC117/PGT135-IgG3C-,231965_C1,Wagh et al. PLoS Pathog 14:e1006860 (2018),29505593,0.032,0.218,
3BNC117/PGT135-IgG3C-,231966_C2,Bournazos et al. Cell 165:1609 (2016) - dataset 1,27315478,0.025,0.243,
3BNC117/PGT135-IgG3C-,231966_C2,Wagh et al. PLoS Pathog 14:e1006860 (2018),29505593,0.025,0.243,
3BNC117/PGT135-IgG3C-,235_47,Bournazos et al. Cell 165:1609 (2016) - dataset 1,27315478,0.015,0.065,
3BNC117/PGT135-IgG3C-,249M_B10,Bournazos et al. Cell 165:1609 (2016) - dataset 1,27315478,0.024,0.084,
3BNC117/PGT135-IgG3C-,263_8,Bournazos et al. Cell 165:1609 (2016) - dataset 1,27315478,0.009,0.041,
3BNC117/PGT135-IgG3C-,3016_V5_C45,Bournazos et al. Cell 165:1609 (2016) - dataset 1,27315478,0.146,1.983,
3BNC117/PGT135-IgG3C-,3016_V5_C45,Wagh et al. PLoS Pathog 14:e1006860 (2018),29505593,0.146,1.983,
3BNC117/PGT135-IgG3C-,3103_V3_C10,Bournazos et al. Cell 165:1609 (2016) - dataset 1,27315478,0.067,0.186,
3BNC117/PGT135-IgG3C-,3301_V1_C24,Bournazos et al. Cell 165:1609 (2016) - dataset 1,27315478,0.615,0.535,
3BNC117/PGT135-IgG3C-,3365_V2_C20,Bournazos et al. Cell 165:1609 (2016) - dataset 1,27315478,0.017,0.065,
3BNC117/PGT135-IgG3C-,3415_V1_C1,Bournazos et al. Cell 165:1609 (2016) - dataset 1,27315478,0.017,0.064,
3BNC117/PGT135-IgG3C-,3718_3_11,Wagh et al. PLoS Pathog 14:e1006860 (2018),29505593,>25,>25,
3BNC117/PGT135-IgG3C-,3817_V2_C59,Bournazos et al. Cell 165:1609 (2016) - dataset 1,27315478,0.066,0.299,
3BNC117/PGT135-IgG3C-,398_F1_F6_20,Wagh et al. PLoS Pathog 14:e1006860 (2018),29505593,0.064,0.186,
3BNC117/PGT135-IgG3C-,57128_VRC15,Wagh et al. PLoS Pathog 14:e1006860 (2018),29505593,0.092,0.393,
3BNC117/PGT135-IgG3C-,6041_V3_C23,Bournazos et al. Cell 165:1609 (2016) - dataset 1,27315478,0.007,0.029,
3BNC117/PGT135-IgG3C-,620345_C1,Bournazos et al. Cell 165:1609 (2016) - dataset 1,27315478,>30,>30,
3BNC117/PGT135-IgG3C-,62357_14_D3_4589,Bournazos et al. Cell 165:1609 (2016) - dataset 1,27315478,0.019,0.099,
3BNC117/PGT135-IgG3C-,6240_08_TA5_4622,Bournazos et al. Cell 165:1609 (2016) - dataset 1,27315478,0.053,0.237,
3BNC117/PGT135-IgG3C-,6244_13_B5_4567,Bournazos et al. Cell 165:1609 (2016) - dataset 1,27315478,0.02,0.073,
3BNC117/PGT135-IgG3C-,6405_V4_C34,Wagh et al. PLoS Pathog 14:e1006860 (2018),29505593,0.066,0.178,
3BNC117/PGT135-IgG3C-,6480_V4_C25,Bournazos et al. Cell 165:1609 (2016) - dataset 1,27315478,0.012,0.064,
3BNC117/PGT135-IgG3C-,6535_3,Bournazos et al. Cell 165:1609 (2016) - dataset 1,27315478,0.051,0.405,
3BNC117/PGT135-IgG3C-,6540_V4_C1,Bournazos et al. Cell 165:1609 (2016) - dataset 1,27315478,29.598,>30,
3BNC117/PGT135-IgG3C-,6545_V4_C1,Bournazos et al. Cell 165:1609 (2016) - dataset 1,27315478,>30,>30,
3BNC117/PGT135-IgG3C-,6592_V7_C25,Wagh et al. PLoS Pathog 14:e1006860 (2018),29505593,0.03,0.1,
3BNC117/PGT135-IgG3C-,6811_V7_C18,Bournazos et al. Cell 165:1609 (2016) - dataset 1,27315478,0.018,0.062,
3BNC117/PGT135-IgG3C-,6952_V1_C20,Bournazos et al. Cell 165:1609 (2016) - dataset 1,27315478,0.044,0.213,
3BNC117/PGT135-IgG3C-,703010054_2A2,Bournazos et al. Cell 165:1609 (2016) - dataset 1,27315478,0.029,0.144,
3BNC117/PGT135-IgG3C-,703010200_1E5,Bournazos et al. Cell 165:1609 (2016) - dataset 1,27315478,0.047,0.21,
3BNC117/PGT135-IgG3C-,704809221_1B3,Bournazos et al. Cell 165:1609 (2016) - dataset 1,27315478,0.027,0.094,
3BNC117/PGT135-IgG3C-,783_V0_C51,Wagh et al. PLoS Pathog 14:e1006860 (2018),29505593,0.04,0.133,
3BNC117/PGT135-IgG3C-,851891_4_15,Wagh et al. PLoS Pathog 14:e1006860 (2018),29505593,0.009,0.048,
3BNC117/PGT135-IgG3C-,89_F1_2_25,Bournazos et al. Cell 165:1609 (2016) - dataset 1,27315478,>30,>30,
3BNC117/PGT135-IgG3C-,9004SS_A3_4,Bournazos et al. Cell 165:1609 (2016) - dataset 1,27315478,0.937,0.885,
3BNC117/PGT135-IgG3C-,9004SS_A3_4,Wagh et al. PLoS Pathog 14:e1006860 (2018),29505593,0.014,0.071,
3BNC117/PGT135-IgG3C-,9009SA_A4_2,Wagh et al. PLoS Pathog 14:e1006860 (2018),29505593,0.066,0.247,
3BNC117/PGT135-IgG3C-,928_28,Bournazos et al. Cell 165:1609 (2016) - dataset 1,27315478,0.038,0.188,
3BNC117/PGT135-IgG3C-,92RW020_2,Wagh et al. PLoS Pathog 14:e1006860 (2018),29505593,0.008,0.032,
3BNC117/PGT135-IgG3C-,93UG065,Wagh et al. PLoS Pathog 14:e1006860 (2018),29505593,0.329,2.307,
3BNC117/PGT135-IgG3C-,A03349M1_VRC4A,Wagh et al. PLoS Pathog 14:e1006860 (2018),29505593,0.113,0.387,
3BNC117/PGT135-IgG3C-,A07412M1_VRC12,Bournazos et al. Cell 165:1609 (2016) - dataset 1,27315478,0.017,0.088,
3BNC117/PGT135-IgG3C-,A07412M1_VRC12,Wagh et al. PLoS Pathog 14:e1006860 (2018),29505593,0.017,0.088,
3BNC117/PGT135-IgG3C-,A08483M1_VRC9,Wagh et al. PLoS Pathog 14:e1006860 (2018),29505593,0.026,0.092,
3BNC117/PGT135-IgG3C-,AC10_29,Bournazos et al. Cell 165:1609 (2016) - dataset 1,27315478,3.149,>30,
3BNC117/PGT135-IgG3C-,BF1266_431A,Bournazos et al. Cell 165:1609 (2016) - dataset 1,27315478,0.011,0.044,
3BNC117/PGT135-IgG3C-,BG505_W6M_C2_T332N,Wagh et al. PLoS Pathog 14:e1006860 (2018),29505593,0.012,0.043,
3BNC117/PGT135-IgG3C-,BJOX009000_02_4,Bournazos et al. Cell 165:1609 (2016) - dataset 1,27315478,0.086,0.412,
3BNC117/PGT135-IgG3C-,BJOX010000_06_2,Bournazos et al. Cell 165:1609 (2016) - dataset 1,27315478,0.036,0.242,
3BNC117/PGT135-IgG3C-,BJOX015000_11_5,Bournazos et al. Cell 165:1609 (2016) - dataset 1,27315478,0.297,2.561,
3BNC117/PGT135-IgG3C-,BJOX025000_01_1,Bournazos et al. Cell 165:1609 (2016) - dataset 1,27315478,0.012,0.09,
3BNC117/PGT135-IgG3C-,BJOX028000_10_3,Bournazos et al. Cell 165:1609 (2016) - dataset 1,27315478,0.008,0.049,
3BNC117/PGT135-IgG3C-,C1080_C3,Bournazos et al. Cell 165:1609 (2016) - dataset 1,27315478,0.023,0.14,
3BNC117/PGT135-IgG3C-,C2101_C1,Bournazos et al. Cell 165:1609 (2016) - dataset 1,27315478,0.007,0.058,
3BNC117/PGT135-IgG3C-,C3347_C11,Bournazos et al. Cell 165:1609 (2016) - dataset 1,27315478,0.007,0.05,
3BNC117/PGT135-IgG3C-,C4118_9,Bournazos et al. Cell 165:1609 (2016) - dataset 1,27315478,0.028,0.141,
3BNC117/PGT135-IgG3C-,CAAN5342,Bournazos et al. Cell 165:1609 (2016) - dataset 1,27315478,0.061,0.313,
3BNC117/PGT135-IgG3C-,CAP210_E8,Bournazos et al. Cell 165:1609 (2016) - dataset 1,27315478,0.368,3.729,
3BNC117/PGT135-IgG3C-,CAP45_G3,Bournazos et al. Cell 165:1609 (2016) - dataset 1,27315478,0.031,0.676,
3BNC117/PGT135-IgG3C-,CE0393_C3,Bournazos et al. Cell 165:1609 (2016) - dataset 1,27315478,0.032,0.155,
3BNC117/PGT135-IgG3C-,CE0682_E4,Bournazos et al. Cell 165:1609 (2016) - dataset 1,27315478,0.014,0.061,
3BNC117/PGT135-IgG3C-,CE1086_B2,Bournazos et al. Cell 165:1609 (2016) - dataset 1,27315478,0.037,0.242,
3BNC117/PGT135-IgG3C-,CE1172_H1,Bournazos et al. Cell 165:1609 (2016) - dataset 1,27315478,>30,>30,
3BNC117/PGT135-IgG3C-,CE1176_A3,Bournazos et al. Cell 165:1609 (2016) - dataset 1,27315478,0.022,0.109,
3BNC117/PGT135-IgG3C-,CE2010_F5,Bournazos et al. Cell 165:1609 (2016) - dataset 1,27315478,0.014,0.067,
3BNC117/PGT135-IgG3C-,CE2060_G9,Bournazos et al. Cell 165:1609 (2016) - dataset 1,27315478,0.029,0.108,
3BNC117/PGT135-IgG3C-,CH0219_E4,Wagh et al. PLoS Pathog 14:e1006860 (2018),29505593,>25,>25,
3BNC117/PGT135-IgG3C-,CNE17,Bournazos et al. Cell 165:1609 (2016) - dataset 1,27315478,0.166,0.982,
3BNC117/PGT135-IgG3C-,CNE19,Bournazos et al. Cell 165:1609 (2016) - dataset 1,27315478,0.009,0.023,
3BNC117/PGT135-IgG3C-,CNE20,Bournazos et al. Cell 165:1609 (2016) - dataset 1,27315478,0.051,0.145,
3BNC117/PGT135-IgG3C-,CNE21,Bournazos et al. Cell 165:1609 (2016) - dataset 1,27315478,0.093,0.443,
3BNC117/PGT135-IgG3C-,CNE30,Bournazos et al. Cell 165:1609 (2016) - dataset 1,27315478,0.082,0.288,
3BNC117/PGT135-IgG3C-,CNE5,Bournazos et al. Cell 165:1609 (2016) - dataset 1,27315478,0.077,0.377,
3BNC117/PGT135-IgG3C-,CNE52,Bournazos et al. Cell 165:1609 (2016) - dataset 1,27315478,0.017,0.065,
3BNC117/PGT135-IgG3C-,CNE53,Bournazos et al. Cell 165:1609 (2016) - dataset 1,27315478,0.039,0.128,
3BNC117/PGT135-IgG3C-,CNE58,Bournazos et al. Cell 165:1609 (2016) - dataset 1,27315478,0.054,0.267,
3BNC117/PGT135-IgG3C-,CNE8,Bournazos et al. Cell 165:1609 (2016) - dataset 1,27315478,0.034,0.171,
3BNC117/PGT135-IgG3C-,CT533_T23B_36,Wagh et al. PLoS Pathog 14:e1006860 (2018),29505593,0.052,0.16,
3BNC117/PGT135-IgG3C-,DU156_12,Bournazos et al. Cell 165:1609 (2016) - dataset 1,27315478,0.067,0.29,
3BNC117/PGT135-IgG3C-,DU172_17,Bournazos et al. Cell 165:1609 (2016) - dataset 1,27315478,0.375,1.354,
3BNC117/PGT135-IgG3C-,DU422_1,Bournazos et al. Cell 165:1609 (2016) - dataset 1,27315478,>30,>30,
3BNC117/PGT135-IgG3C-,E08364M4_EC3,Wagh et al. PLoS Pathog 14:e1006860 (2018),29505593,0.061,0.212,
3BNC117/PGT135-IgG3C-,MS208_A1,Bournazos et al. Cell 165:1609 (2016) - dataset 1,27315478,0.027,0.092,
3BNC117/PGT135-IgG3C-,MS208_A1,Wagh et al. PLoS Pathog 14:e1006860 (2018),29505593,0.027,0.092,
3BNC117/PGT135-IgG3C-,NKU3006_EC1,Wagh et al. PLoS Pathog 14:e1006860 (2018),29505593,0.066,0.288,
3BNC117/PGT135-IgG3C-,P0402_C2_11,Bournazos et al. Cell 165:1609 (2016) - dataset 1,27315478,0.029,0.151,
3BNC117/PGT135-IgG3C-,P1741_A2,Wagh et al. PLoS Pathog 14:e1006860 (2018),29505593,0.091,0.242,
3BNC117/PGT135-IgG3C-,P1981_C5_3,Bournazos et al. Cell 165:1609 (2016) - dataset 1,27315478,0.06,0.298,
3BNC117/PGT135-IgG3C-,P940_2_C3,Wagh et al. PLoS Pathog 14:e1006860 (2018),29505593,7.787,>25,
3BNC117/PGT135-IgG3C-,PVO_4,Bournazos et al. Cell 165:1609 (2016) - dataset 1,27315478,0.015,0.093,
3BNC117/PGT135-IgG3C-,Q23_17,Bournazos et al. Cell 165:1609 (2016) - dataset 1,27315478,0.014,0.04,
3BNC117/PGT135-IgG3C-,Q23_17,Wagh et al. PLoS Pathog 14:e1006860 (2018),29505593,0.014,0.04,
3BNC117/PGT135-IgG3C-,Q259_17,Bournazos et al. Cell 165:1609 (2016) - dataset 1,27315478,0.022,0.105,
3BNC117/PGT135-IgG3C-,Q259_17,Wagh et al. PLoS Pathog 14:e1006860 (2018),29505593,0.022,0.105,
3BNC117/PGT135-IgG3C-,Q461_E2,Bournazos et al. Cell 165:1609 (2016) - dataset 1,27315478,0.709,0.689,
3BNC117/PGT135-IgG3C-,Q461_E2,Wagh et al. PLoS Pathog 14:e1006860 (2018),29505593,0.026,0.091,
3BNC117/PGT135-IgG3C-,Q769_D22,Bournazos et al. Cell 165:1609 (2016) - dataset 1,27315478,0.011,0.052,
3BNC117/PGT135-IgG3C-,Q769_D22,Wagh et al. PLoS Pathog 14:e1006860 (2018),29505593,0.011,0.052,
3BNC117/PGT135-IgG3C-,Q842_D12,Bournazos et al. Cell 165:1609 (2016) - dataset 1,27315478,0.007,0.029,
3BNC117/PGT135-IgG3C-,Q842_D12,Wagh et al. PLoS Pathog 14:e1006860 (2018),29505593,0.007,0.029,
3BNC117/PGT135-IgG3C-,QH0692_42,Bournazos et al. Cell 165:1609 (2016) - dataset 1,27315478,0.017,0.218,
3BNC117/PGT135-IgG3C-,R1166_C1,Bournazos et al. Cell 165:1609 (2016) - dataset 1,27315478,0.044,0.272,
3BNC117/PGT135-IgG3C-,R18553,Wagh et al. PLoS Pathog 14:e1006860 (2018),29505593,0.018,0.081,
3BNC117/PGT135-IgG3C-,R2184_C4,Bournazos et al. Cell 165:1609 (2016) - dataset 1,27315478,0.009,0.047,
3BNC117/PGT135-IgG3C-,R3265_C6,Bournazos et al. Cell 165:1609 (2016) - dataset 1,27315478,0.027,0.122,
3BNC117/PGT135-IgG3C-,R880F,Wagh et al. PLoS Pathog 14:e1006860 (2018),29505593,0.019,0.076,
3BNC117/PGT135-IgG3C-,REJO4541_67,Bournazos et al. Cell 165:1609 (2016) - dataset 1,27315478,0.015,0.093,
3BNC117/PGT135-IgG3C-,RHPA4259_7,Bournazos et al. Cell 165:1609 (2016) - dataset 1,27315478,0.009,0.045,
3BNC117/PGT135-IgG3C-,SC05_8C11_2344,Bournazos et al. Cell 165:1609 (2016) - dataset 1,27315478,0.151,0.523,
3BNC117/PGT135-IgG3C-,SC422_8,Bournazos et al. Cell 165:1609 (2016) - dataset 1,27315478,0.009,0.063,
3BNC117/PGT135-IgG3C-,T250_4,Bournazos et al. Cell 165:1609 (2016) - dataset 1,27315478,29.034,0.525,
3BNC117/PGT135-IgG3C-,T251_18,Bournazos et al. Cell 165:1609 (2016) - dataset 1,27315478,0.028,0.113,
3BNC117/PGT135-IgG3C-,T255_34,Bournazos et al. Cell 165:1609 (2016) - dataset 1,27315478,0.016,0.074,
3BNC117/PGT135-IgG3C-,T257_31,Bournazos et al. Cell 165:1609 (2016) - dataset 1,27315478,0.028,0.171,
3BNC117/PGT135-IgG3C-,T278_50,Bournazos et al. Cell 165:1609 (2016) - dataset 1,27315478,>30,>30,
3BNC117/PGT135-IgG3C-,THRO4156,Bournazos et al. Cell 165:1609 (2016) - dataset 1,27315478,0.249,2.023,
3BNC117/PGT135-IgG3C-,TRJO4551_58,Bournazos et al. Cell 165:1609 (2016) - dataset 1,27315478,0.019,0.154,
3BNC117/PGT135-IgG3C-,TRO_11,Bournazos et al. Cell 165:1609 (2016) - dataset 1,27315478,0.018,0.067,
3BNC117/PGT135-IgG3C-,WEAU_D15_410,Bournazos et al. Cell 165:1609 (2016) - dataset 1,27315478,0.017,0.084,
3BNC117/PGT135-IgG3C-,WITO4160_33,Bournazos et al. Cell 165:1609 (2016) - dataset 1,27315478,0.016,0.057,
3BNC117/PGT135-IgG3C-,X1193_C1,Bournazos et al. Cell 165:1609 (2016) - dataset 1,27315478,0.017,0.065,
3BNC117/PGT135-IgG3C-,X1254_C3,Bournazos et al. Cell 165:1609 (2016) - dataset 1,27315478,0.037,0.186,
3BNC117/PGT135-IgG3C-,X1632_S2_B10,Bournazos et al. Cell 165:1609 (2016) - dataset 1,27315478,0.02,3.078,
3BNC117/PGT135-IgG3C-,X2088_C9,Bournazos et al. Cell 165:1609 (2016) - dataset 1,27315478,0.431,2.122,
3BNC117/PGT135-IgG3C-,X2131_C1_B5,Bournazos et al. Cell 165:1609 (2016) - dataset 1,27315478,0.025,0.161,
3BNC117/PGT135-IgG3C-,YU2,Bournazos et al. Cell 165:1609 (2016) - dataset 1,27315478,0.014,0.07,
3BNC117/PGT135-IgG3C-,ZM109_4,Bournazos et al. Cell 165:1609 (2016) - dataset 1,27315478,0.031,0.231,
3BNC117/PGT135-IgG3C-,ZM135_10A,Bournazos et al. Cell 165:1609 (2016) - dataset 1,27315478,0.021,0.075,
3BNC117/PGT135-IgG3C-,ZM197_7,Bournazos et al. Cell 165:1609 (2016) - dataset 1,27315478,0.039,0.196,
3BNC117/PGT135-IgG3C-,ZM214_15,Bournazos et al. Cell 165:1609 (2016) - dataset 1,27315478,0.024,0.113,
3BNC117/PGT135-IgG3C-,ZM233_6,Bournazos et al. Cell 165:1609 (2016) - dataset 1,27315478,0.033,0.118,
3BNC117/PGT135-IgG3C-,ZM246F,Bournazos et al. Cell 165:1609 (2016) - dataset 1,27315478,0.108,>30,
3BNC117/PGT135-IgG3C-,ZM247_V1,Bournazos et al. Cell 165:1609 (2016) - dataset 1,27315478,>30,>30,
3BNC117/PGT135-IgG3C-,ZM249_1,Bournazos et al. Cell 165:1609 (2016) - dataset 1,27315478,0.026,0.127,
3BNC117/PGT135-IgG3C-,ZM53_12,Bournazos et al. Cell 165:1609 (2016) - dataset 1,27315478,0.063,0.31,
8ANC195/PGT128-IgG3C-,0013095_2_11,Bournazos et al. Cell 165:1609 (2016) - dataset 1,27315478,0.192,0.694,
8ANC195/PGT128-IgG3C-,001428_2_42,Bournazos et al. Cell 165:1609 (2016) - dataset 1,27315478,0.034,0.119,
8ANC195/PGT128-IgG3C-,0815_V3_C3,Bournazos et al. Cell 165:1609 (2016) - dataset 1,27315478,0.036,0.234,
8ANC195/PGT128-IgG3C-,1006_11_C3_1601,Bournazos et al. Cell 165:1609 (2016) - dataset 1,27315478,0.006,0.029,
8ANC195/PGT128-IgG3C-,1012_11_TC21_3257,Bournazos et al. Cell 165:1609 (2016) - dataset 1,27315478,0.017,0.118,
8ANC195/PGT128-IgG3C-,1054_07_TC4_1499,Bournazos et al. Cell 165:1609 (2016) - dataset 1,27315478,0.013,0.081,
8ANC195/PGT128-IgG3C-,1056_10_TA11_1826,Bournazos et al. Cell 165:1609 (2016) - dataset 1,27315478,0.008,0.035,
8ANC195/PGT128-IgG3C-,1394_C9G1,Bournazos et al. Cell 165:1609 (2016) - dataset 1,27315478,0.02,0.087,
8ANC195/PGT128-IgG3C-,16055_2_3,Bournazos et al. Cell 165:1609 (2016) - dataset 1,27315478,7.924,>30,
8ANC195/PGT128-IgG3C-,16845_2_22,Bournazos et al. Cell 165:1609 (2016) - dataset 1,27315478,0.089,0.332,
8ANC195/PGT128-IgG3C-,191084_B7_19,Bournazos et al. Cell 165:1609 (2016) - dataset 1,27315478,0.048,0.223,
8ANC195/PGT128-IgG3C-,191821_E6_1,Bournazos et al. Cell 165:1609 (2016) - dataset 1,27315478,0.016,0.075,
8ANC195/PGT128-IgG3C-,191955_A11,Bournazos et al. Cell 165:1609 (2016) - dataset 1,27315478,3.948,22.226,
8ANC195/PGT128-IgG3C-,211_9,Bournazos et al. Cell 165:1609 (2016) - dataset 1,27315478,0.106,0.32,
8ANC195/PGT128-IgG3C-,231965_C1,Bournazos et al. Cell 165:1609 (2016) - dataset 1,27315478,0.342,1.241,
8ANC195/PGT128-IgG3C-,231966_C2,Bournazos et al. Cell 165:1609 (2016) - dataset 1,27315478,0.071,0.314,
8ANC195/PGT128-IgG3C-,235_47,Bournazos et al. Cell 165:1609 (2016) - dataset 1,27315478,>30,>30,
8ANC195/PGT128-IgG3C-,249M_B10,Bournazos et al. Cell 165:1609 (2016) - dataset 1,27315478,0.173,1.369,
8ANC195/PGT128-IgG3C-,263_8,Bournazos et al. Cell 165:1609 (2016) - dataset 1,27315478,0.187,1.664,
8ANC195/PGT128-IgG3C-,3016_V5_C45,Bournazos et al. Cell 165:1609 (2016) - dataset 1,27315478,0.347,1.745,
8ANC195/PGT128-IgG3C-,3103_V3_C10,Bournazos et al. Cell 165:1609 (2016) - dataset 1,27315478,0.045,0.126,
8ANC195/PGT128-IgG3C-,3301_V1_C24,Bournazos et al. Cell 165:1609 (2016) - dataset 1,27315478,0.097,0.359,
8ANC195/PGT128-IgG3C-,3365_V2_C20,Bournazos et al. Cell 165:1609 (2016) - dataset 1,27315478,25.057,>30,
8ANC195/PGT128-IgG3C-,3415_V1_C1,Bournazos et al. Cell 165:1609 (2016) - dataset 1,27315478,0.025,0.076,
8ANC195/PGT128-IgG3C-,3817_V2_C59,Bournazos et al. Cell 165:1609 (2016) - dataset 1,27315478,0.039,0.118,
8ANC195/PGT128-IgG3C-,6041_V3_C23,Bournazos et al. Cell 165:1609 (2016) - dataset 1,27315478,13.831,>30,
8ANC195/PGT128-IgG3C-,620345_C1,Bournazos et al. Cell 165:1609 (2016) - dataset 1,27315478,>30,>30,
8ANC195/PGT128-IgG3C-,62357_14_D3_4589,Bournazos et al. Cell 165:1609 (2016) - dataset 1,27315478,0.053,0.441,
8ANC195/PGT128-IgG3C-,6240_08_TA5_4622,Bournazos et al. Cell 165:1609 (2016) - dataset 1,27315478,0.024,0.099,
8ANC195/PGT128-IgG3C-,6244_13_B5_4567,Bournazos et al. Cell 165:1609 (2016) - dataset 1,27315478,0.045,0.163,
8ANC195/PGT128-IgG3C-,6480_V4_C25,Bournazos et al. Cell 165:1609 (2016) - dataset 1,27315478,0.02,0.091,
8ANC195/PGT128-IgG3C-,6535_3,Bournazos et al. Cell 165:1609 (2016) - dataset 1,27315478,0.008,0.036,
8ANC195/PGT128-IgG3C-,6540_V4_C1,Bournazos et al. Cell 165:1609 (2016) - dataset 1,27315478,0.257,1.661,
8ANC195/PGT128-IgG3C-,6545_V4_C1,Bournazos et al. Cell 165:1609 (2016) - dataset 1,27315478,>30,>30,
8ANC195/PGT128-IgG3C-,6811_V7_C18,Bournazos et al. Cell 165:1609 (2016) - dataset 1,27315478,0.016,0.052,
8ANC195/PGT128-IgG3C-,6952_V1_C20,Bournazos et al. Cell 165:1609 (2016) - dataset 1,27315478,0.5,2.616,
8ANC195/PGT128-IgG3C-,703010054_2A2,Bournazos et al. Cell 165:1609 (2016) - dataset 1,27315478,9.749,>30,
8ANC195/PGT128-IgG3C-,703010200_1E5,Bournazos et al. Cell 165:1609 (2016) - dataset 1,27315478,0.011,0.042,
8ANC195/PGT128-IgG3C-,704809221_1B3,Bournazos et al. Cell 165:1609 (2016) - dataset 1,27315478,0.024,0.117,
8ANC195/PGT128-IgG3C-,89_F1_2_25,Bournazos et al. Cell 165:1609 (2016) - dataset 1,27315478,>30,>30,
8ANC195/PGT128-IgG3C-,9004SS_A3_4,Bournazos et al. Cell 165:1609 (2016) - dataset 1,27315478,0.019,0.065,
8ANC195/PGT128-IgG3C-,928_28,Bournazos et al. Cell 165:1609 (2016) - dataset 1,27315478,>30,>30,
8ANC195/PGT128-IgG3C-,A07412M1_VRC12,Bournazos et al. Cell 165:1609 (2016) - dataset 1,27315478,0.125,0.818,
8ANC195/PGT128-IgG3C-,AC10_29,Bournazos et al. Cell 165:1609 (2016) - dataset 1,27315478,0.009,0.044,
8ANC195/PGT128-IgG3C-,BF1266_431A,Bournazos et al. Cell 165:1609 (2016) - dataset 1,27315478,>30,>30,
8ANC195/PGT128-IgG3C-,BJOX009000_02_4,Bournazos et al. Cell 165:1609 (2016) - dataset 1,27315478,0.02,0.052,
8ANC195/PGT128-IgG3C-,BJOX010000_06_2,Bournazos et al. Cell 165:1609 (2016) - dataset 1,27315478,0.122,0.585,
8ANC195/PGT128-IgG3C-,BJOX015000_11_5,Bournazos et al. Cell 165:1609 (2016) - dataset 1,27315478,0.016,0.077,
8ANC195/PGT128-IgG3C-,BJOX025000_01_1,Bournazos et al. Cell 165:1609 (2016) - dataset 1,27315478,2.086,>30,
8ANC195/PGT128-IgG3C-,BJOX028000_10_3,Bournazos et al. Cell 165:1609 (2016) - dataset 1,27315478,0.015,0.107,
8ANC195/PGT128-IgG3C-,C1080_C3,Bournazos et al. Cell 165:1609 (2016) - dataset 1,27315478,0.029,0.096,
8ANC195/PGT128-IgG3C-,C2101_C1,Bournazos et al. Cell 165:1609 (2016) - dataset 1,27315478,0.019,0.049,
8ANC195/PGT128-IgG3C-,C3347_C11,Bournazos et al. Cell 165:1609 (2016) - dataset 1,27315478,0.018,0.083,
8ANC195/PGT128-IgG3C-,C4118_9,Bournazos et al. Cell 165:1609 (2016) - dataset 1,27315478,0.071,0.466,
8ANC195/PGT128-IgG3C-,CAAN5342,Bournazos et al. Cell 165:1609 (2016) - dataset 1,27315478,0.088,0.945,
8ANC195/PGT128-IgG3C-,CAP210_E8,Bournazos et al. Cell 165:1609 (2016) - dataset 1,27315478,4.888,>30,
8ANC195/PGT128-IgG3C-,CAP45_G3,Bournazos et al. Cell 165:1609 (2016) - dataset 1,27315478,1.947,26.265,
8ANC195/PGT128-IgG3C-,CE0393_C3,Bournazos et al. Cell 165:1609 (2016) - dataset 1,27315478,8.026,>30,
8ANC195/PGT128-IgG3C-,CE0682_E4,Bournazos et al. Cell 165:1609 (2016) - dataset 1,27315478,0.077,0.52,
8ANC195/PGT128-IgG3C-,CE1086_B2,Bournazos et al. Cell 165:1609 (2016) - dataset 1,27315478,0.468,4.293,
8ANC195/PGT128-IgG3C-,CE1172_H1,Bournazos et al. Cell 165:1609 (2016) - dataset 1,27315478,0.029,0.079,
8ANC195/PGT128-IgG3C-,CE1176_A3,Bournazos et al. Cell 165:1609 (2016) - dataset 1,27315478,0.024,0.07,
8ANC195/PGT128-IgG3C-,CE2010_F5,Bournazos et al. Cell 165:1609 (2016) - dataset 1,27315478,>30,>30,
8ANC195/PGT128-IgG3C-,CE2060_G9,Bournazos et al. Cell 165:1609 (2016) - dataset 1,27315478,0.483,2.275,
8ANC195/PGT128-IgG3C-,CNE17,Bournazos et al. Cell 165:1609 (2016) - dataset 1,27315478,0.227,0.742,
8ANC195/PGT128-IgG3C-,CNE19,Bournazos et al. Cell 165:1609 (2016) - dataset 1,27315478,0.15,1.059,
8ANC195/PGT128-IgG3C-,CNE20,Bournazos et al. Cell 165:1609 (2016) - dataset 1,27315478,0.007,0.017,
8ANC195/PGT128-IgG3C-,CNE21,Bournazos et al. Cell 165:1609 (2016) - dataset 1,27315478,0.013,0.041,
8ANC195/PGT128-IgG3C-,CNE30,Bournazos et al. Cell 165:1609 (2016) - dataset 1,27315478,0.161,0.736,
8ANC195/PGT128-IgG3C-,CNE5,Bournazos et al. Cell 165:1609 (2016) - dataset 1,27315478,0.027,0.098,
8ANC195/PGT128-IgG3C-,CNE52,Bournazos et al. Cell 165:1609 (2016) - dataset 1,27315478,0.198,1.685,
8ANC195/PGT128-IgG3C-,CNE53,Bournazos et al. Cell 165:1609 (2016) - dataset 1,27315478,0.03,0.114,
8ANC195/PGT128-IgG3C-,CNE58,Bournazos et al. Cell 165:1609 (2016) - dataset 1,27315478,0.32,1.621,
8ANC195/PGT128-IgG3C-,CNE8,Bournazos et al. Cell 165:1609 (2016) - dataset 1,27315478,0.023,0.069,
8ANC195/PGT128-IgG3C-,DU172_17,Bournazos et al. Cell 165:1609 (2016) - dataset 1,27315478,0.035,0.125,
8ANC195/PGT128-IgG3C-,DU422_1,Bournazos et al. Cell 165:1609 (2016) - dataset 1,27315478,0.043,0.196,
8ANC195/PGT128-IgG3C-,MS208_A1,Bournazos et al. Cell 165:1609 (2016) - dataset 1,27315478,>30,>30,
8ANC195/PGT128-IgG3C-,P0402_C2_11,Bournazos et al. Cell 165:1609 (2016) - dataset 1,27315478,0.014,0.043,
8ANC195/PGT128-IgG3C-,P1981_C5_3,Bournazos et al. Cell 165:1609 (2016) - dataset 1,27315478,0.025,0.069,
8ANC195/PGT128-IgG3C-,PVO_4,Bournazos et al. Cell 165:1609 (2016) - dataset 1,27315478,0.011,0.054,
8ANC195/PGT128-IgG3C-,Q23_17,Bournazos et al. Cell 165:1609 (2016) - dataset 1,27315478,0.016,0.045,
8ANC195/PGT128-IgG3C-,Q259_17,Bournazos et al. Cell 165:1609 (2016) - dataset 1,27315478,>30,>30,
8ANC195/PGT128-IgG3C-,Q461_E2,Bournazos et al. Cell 165:1609 (2016) - dataset 1,27315478,0.128,0.441,
8ANC195/PGT128-IgG3C-,Q769_D22,Bournazos et al. Cell 165:1609 (2016) - dataset 1,27315478,0.111,1.081,
8ANC195/PGT128-IgG3C-,Q842_D12,Bournazos et al. Cell 165:1609 (2016) - dataset 1,27315478,0.08,0.297,
8ANC195/PGT128-IgG3C-,QH0692_42,Bournazos et al. Cell 165:1609 (2016) - dataset 1,27315478,0.018,0.062,
8ANC195/PGT128-IgG3C-,R1166_C1,Bournazos et al. Cell 165:1609 (2016) - dataset 1,27315478,1.348,6.441,
8ANC195/PGT128-IgG3C-,R2184_C4,Bournazos et al. Cell 165:1609 (2016) - dataset 1,27315478,0.015,0.054,
8ANC195/PGT128-IgG3C-,REJO4541_67,Bournazos et al. Cell 165:1609 (2016) - dataset 1,27315478,0.076,0.366,
8ANC195/PGT128-IgG3C-,RHPA4259_7,Bournazos et al. Cell 165:1609 (2016) - dataset 1,27315478,0.011,0.056,
8ANC195/PGT128-IgG3C-,SC05_8C11_2344,Bournazos et al. Cell 165:1609 (2016) - dataset 1,27315478,0.018,0.052,
8ANC195/PGT128-IgG3C-,SC422_8,Bournazos et al. Cell 165:1609 (2016) - dataset 1,27315478,0.025,0.115,
8ANC195/PGT128-IgG3C-,T250_4,Bournazos et al. Cell 165:1609 (2016) - dataset 1,27315478,0.012,0.037,
8ANC195/PGT128-IgG3C-,T251_18,Bournazos et al. Cell 165:1609 (2016) - dataset 1,27315478,0.057,0.171,
8ANC195/PGT128-IgG3C-,T255_34,Bournazos et al. Cell 165:1609 (2016) - dataset 1,27315478,0.475,4.951,
8ANC195/PGT128-IgG3C-,T257_31,Bournazos et al. Cell 165:1609 (2016) - dataset 1,27315478,0.056,0.154,
8ANC195/PGT128-IgG3C-,T278_50,Bournazos et al. Cell 165:1609 (2016) - dataset 1,27315478,0.024,0.109,
8ANC195/PGT128-IgG3C-,THRO4156,Bournazos et al. Cell 165:1609 (2016) - dataset 1,27315478,>30,>30,
8ANC195/PGT128-IgG3C-,TRJO4551_58,Bournazos et al. Cell 165:1609 (2016) - dataset 1,27315478,0.049,0.113,
8ANC195/PGT128-IgG3C-,TRO_11,Bournazos et al. Cell 165:1609 (2016) - dataset 1,27315478,0.014,0.047,
8ANC195/PGT128-IgG3C-,WEAU_D15_410,Bournazos et al. Cell 165:1609 (2016) - dataset 1,27315478,0.03,0.229,
8ANC195/PGT128-IgG3C-,WITO4160_33,Bournazos et al. Cell 165:1609 (2016) - dataset 1,27315478,0.316,12.866,
8ANC195/PGT128-IgG3C-,X1193_C1,Bournazos et al. Cell 165:1609 (2016) - dataset 1,27315478,0.025,0.114,
8ANC195/PGT128-IgG3C-,X1254_C3,Bournazos et al. Cell 165:1609 (2016) - dataset 1,27315478,0.043,0.118,
8ANC195/PGT128-IgG3C-,X1632_S2_B10,Bournazos et al. Cell 165:1609 (2016) - dataset 1,27315478,0.28,2.218,
8ANC195/PGT128-IgG3C-,X2088_C9,Bournazos et al. Cell 165:1609 (2016) - dataset 1,27315478,5.092,>30,
8ANC195/PGT128-IgG3C-,X2131_C1_B5,Bournazos et al. Cell 165:1609 (2016) - dataset 1,27315478,0.022,0.081,
8ANC195/PGT128-IgG3C-,ZM109_4,Bournazos et al. Cell 165:1609 (2016) - dataset 1,27315478,>30,>30,
8ANC195/PGT128-IgG3C-,ZM135_10A,Bournazos et al. Cell 165:1609 (2016) - dataset 1,27315478,0.134,0.864,
8ANC195/PGT128-IgG3C-,ZM197_7,Bournazos et al. Cell 165:1609 (2016) - dataset 1,27315478,6.715,>30,
8ANC195/PGT128-IgG3C-,ZM214_15,Bournazos et al. Cell 165:1609 (2016) - dataset 1,27315478,0.04,0.256,
8ANC195/PGT128-IgG3C-,ZM233_6,Bournazos et al. Cell 165:1609 (2016) - dataset 1,27315478,2.403,9.77,
8ANC195/PGT128-IgG3C-,ZM246F,Bournazos et al. Cell 165:1609 (2016) - dataset 1,27315478,0.011,0.033,
8ANC195/PGT128-IgG3C-,ZM247_V1,Bournazos et al. Cell 165:1609 (2016) - dataset 1,27315478,0.02,0.065,
8ANC195/PGT128-IgG3C-,ZM249_1,Bournazos et al. Cell 165:1609 (2016) - dataset 1,27315478,0.097,0.937,
8ANC195/PGT128-IgG3C-,ZM53_12,Bournazos et al. Cell 165:1609 (2016) - dataset 1,27315478,18.396,>30,
gVRC-H1dC38/VRC01L,0013095_2_11,Zhu et al. PNAS USA 110:E4088 (2013a),24106303,1.27,10.2,
gVRC-H1dC38/VRC01L,001428_2_42,Zhu et al. PNAS USA 110:E4088 (2013a),24106303,0.046,0.175,
gVRC-H1dC38/VRC01L,0077_V1_C16,Zhu et al. PNAS USA 110:E4088 (2013a),24106303,>50,>50,
gVRC-H1dC38/VRC01L,0260_V5_C36,Zhu et al. PNAS USA 110:E4088 (2013a),24106303,1.44,4.75,
gVRC-H1dC38/VRC01L,0330_V4_C3,Zhu et al. PNAS USA 110:E4088 (2013a),24106303,0.151,0.715,
gVRC-H1dC38/VRC01L,0439_V5_C1,Zhu et al. PNAS USA 110:E4088 (2013a),24106303,0.781,2.89,
gVRC-H1dC38/VRC01L,16055_2_3,Zhu et al. PNAS USA 110:E4088 (2013a),24106303,0.327,1.03,
gVRC-H1dC38/VRC01L,16845_2_22,Zhu et al. PNAS USA 110:E4088 (2013a),24106303,9.75,>50,
gVRC-H1dC38/VRC01L,16936_2_21,Zhu et al. PNAS USA 110:E4088 (2013a),24106303,0.22,1.1,
gVRC-H1dC38/VRC01L,231965_C1,Zhu et al. PNAS USA 110:E4088 (2013a),24106303,0.84,4.68,
gVRC-H1dC38/VRC01L,235_47,Zhu et al. PNAS USA 110:E4088 (2013a),24106303,0.102,0.499,
gVRC-H1dC38/VRC01L,242_14,Zhu et al. PNAS USA 110:E4088 (2013a),24106303,>50,>50,
gVRC-H1dC38/VRC01L,247_23,Zhu et al. PNAS USA 110:E4088 (2013a),24106303,>50,>50,
gVRC-H1dC38/VRC01L,25710_2_43,Zhu et al. PNAS USA 110:E4088 (2013a),24106303,0.513,2.13,
gVRC-H1dC38/VRC01L,25711_2_4,Zhu et al. PNAS USA 110:E4088 (2013a),24106303,1.71,6.69,
gVRC-H1dC38/VRC01L,25925_2_22,Zhu et al. PNAS USA 110:E4088 (2013a),24106303,0.821,2.84,
gVRC-H1dC38/VRC01L,26191_2_48,Zhu et al. PNAS USA 110:E4088 (2013a),24106303,0.4,1.53,
gVRC-H1dC38/VRC01L,263_8,Zhu et al. PNAS USA 110:E4088 (2013a),24106303,0.396,1.33,
gVRC-H1dC38/VRC01L,271_11,Zhu et al. PNAS USA 110:E4088 (2013a),24106303,1.35,>50,
gVRC-H1dC38/VRC01L,286_36,Zhu et al. PNAS USA 110:E4088 (2013a),24106303,1.21,4.72,
gVRC-H1dC38/VRC01L,288_38,Zhu et al. PNAS USA 110:E4088 (2013a),24106303,0.224,2.66,
gVRC-H1dC38/VRC01L,3016_V5_C45,Zhu et al. PNAS USA 110:E4088 (2013a),24106303,>50,>50,
gVRC-H1dC38/VRC01L,3337_V2_C6,Zhu et al. PNAS USA 110:E4088 (2013a),24106303,0.205,10.6,
gVRC-H1dC38/VRC01L,3365_V2_C20,Zhu et al. PNAS USA 110:E4088 (2013a),24106303,0.121,0.468,
gVRC-H1dC38/VRC01L,3415_V1_C1,Zhu et al. PNAS USA 110:E4088 (2013a),24106303,0.533,1.61,
gVRC-H1dC38/VRC01L,3637_V5_C3,Zhu et al. PNAS USA 110:E4088 (2013a),24106303,10.9,>50,
gVRC-H1dC38/VRC01L,3718_3_11,Zhu et al. PNAS USA 110:E4088 (2013a),24106303,8.57,>50,
gVRC-H1dC38/VRC01L,3817_V2_C59,Zhu et al. PNAS USA 110:E4088 (2013a),24106303,15.7,>50,
gVRC-H1dC38/VRC01L,3873_V1_C24,Zhu et al. PNAS USA 110:E4088 (2013a),24106303,>50,>50,
gVRC-H1dC38/VRC01L,3988_25,Zhu et al. PNAS USA 110:E4088 (2013a),24106303,>50,>50,
gVRC-H1dC38/VRC01L,398_F1_F6_20,Zhu et al. PNAS USA 110:E4088 (2013a),24106303,0.616,2.42,
gVRC-H1dC38/VRC01L,57128_VRC15,Zhu et al. PNAS USA 110:E4088 (2013a),24106303,>50,>50,
gVRC-H1dC38/VRC01L,5768_4,Zhu et al. PNAS USA 110:E4088 (2013a),24106303,1.51,6.57,
gVRC-H1dC38/VRC01L,6095_V1_C10,Zhu et al. PNAS USA 110:E4088 (2013a),24106303,1.51,8.12,
gVRC-H1dC38/VRC01L,6101_1,Zhu et al. PNAS USA 110:E4088 (2013a),24106303,0.211,1.1,
gVRC-H1dC38/VRC01L,620345_C1,Zhu et al. PNAS USA 110:E4088 (2013a),24106303,>50,>50,
gVRC-H1dC38/VRC01L,6322_V4_C1,Zhu et al. PNAS USA 110:E4088 (2013a),24106303,>50,>50,
gVRC-H1dC38/VRC01L,6405_V4_C34,Zhu et al. PNAS USA 110:E4088 (2013a),24106303,1.8,5,
gVRC-H1dC38/VRC01L,6471_V1_C16,Zhu et al. PNAS USA 110:E4088 (2013a),24106303,>50,>50,
gVRC-H1dC38/VRC01L,6535_3,Zhu et al. PNAS USA 110:E4088 (2013a),24106303,2.87,23.4,
gVRC-H1dC38/VRC01L,6540_V4_C1,Zhu et al. PNAS USA 110:E4088 (2013a),24106303,>50,>50,
gVRC-H1dC38/VRC01L,6545_V3_C13,Zhu et al. PNAS USA 110:E4088 (2013a),24106303,>50,>50,
gVRC-H1dC38/VRC01L,6631_V3_C10,Zhu et al. PNAS USA 110:E4088 (2013a),24106303,>50,>50,
gVRC-H1dC38/VRC01L,6644_V2_C33,Zhu et al. PNAS USA 110:E4088 (2013a),24106303,0.378,2.08,
gVRC-H1dC38/VRC01L,7165_18,Zhu et al. PNAS USA 110:E4088 (2013a),24106303,>50,>50,
gVRC-H1dC38/VRC01L,89_6,Zhu et al. PNAS USA 110:E4088 (2013a),24106303,0.458,1.64,
gVRC-H1dC38/VRC01L,928_28,Zhu et al. PNAS USA 110:E4088 (2013a),24106303,2.46,7.8,
gVRC-H1dC38/VRC01L,92BR025_9,Zhu et al. PNAS USA 110:E4088 (2013a),24106303,>50,>50,
gVRC-H1dC38/VRC01L,92RW020_2,Zhu et al. PNAS USA 110:E4088 (2013a),24106303,0.359,1.46,
gVRC-H1dC38/VRC01L,A03349M1_VRC4A,Zhu et al. PNAS USA 110:E4088 (2013a),24106303,6.73,36.2,
gVRC-H1dC38/VRC01L,AC10_29,Zhu et al. PNAS USA 110:E4088 (2013a),24106303,2.02,8.12,
gVRC-H1dC38/VRC01L,ADA,Zhu et al. PNAS USA 110:E4088 (2013a),24106303,0.87,3.05,
gVRC-H1dC38/VRC01L,BAL_01,Zhu et al. PNAS USA 110:E4088 (2013a),24106303,0.129,0.483,
gVRC-H1dC38/VRC01L,BB201_B42,Zhu et al. PNAS USA 110:E4088 (2013a),24106303,0.832,3.36,
gVRC-H1dC38/VRC01L,BB539_2B13,Zhu et al. PNAS USA 110:E4088 (2013a),24106303,15.3,>50,
gVRC-H1dC38/VRC01L,BG1168_1,Zhu et al. PNAS USA 110:E4088 (2013a),24106303,7.36,>50,
gVRC-H1dC38/VRC01L,BI369_9A,Zhu et al. PNAS USA 110:E4088 (2013a),24106303,0.199,0.961,
gVRC-H1dC38/VRC01L,BL01,Zhu et al. PNAS USA 110:E4088 (2013a),24106303,>50,>50,
gVRC-H1dC38/VRC01L,BR07,Zhu et al. PNAS USA 110:E4088 (2013a),24106303,1.82,7.63,
gVRC-H1dC38/VRC01L,BS208_B1,Zhu et al. PNAS USA 110:E4088 (2013a),24106303,0.037,0.204,
gVRC-H1dC38/VRC01L,C1080_C3,Zhu et al. PNAS USA 110:E4088 (2013a),24106303,1.25,14.3,
gVRC-H1dC38/VRC01L,C2101_C1,Zhu et al. PNAS USA 110:E4088 (2013a),24106303,0.335,1.4,
gVRC-H1dC38/VRC01L,C3347_C11,Zhu et al. PNAS USA 110:E4088 (2013a),24106303,0.14,0.8,
gVRC-H1dC38/VRC01L,C4118_9,Zhu et al. PNAS USA 110:E4088 (2013a),24106303,0.137,0.918,
gVRC-H1dC38/VRC01L,CAAN5342,Zhu et al. PNAS USA 110:E4088 (2013a),24106303,4.35,13.7,
gVRC-H1dC38/VRC01L,CAP210_E8,Zhu et al. PNAS USA 110:E4088 (2013a),24106303,>50,>50,
gVRC-H1dC38/VRC01L,CAP244_D3,Zhu et al. PNAS USA 110:E4088 (2013a),24106303,0.622,3.14,
gVRC-H1dC38/VRC01L,CAP45_G3,Zhu et al. PNAS USA 110:E4088 (2013a),24106303,7.63,>50,
gVRC-H1dC38/VRC01L,CH038_12,Zhu et al. PNAS USA 110:E4088 (2013a),24106303,39,>50,
gVRC-H1dC38/VRC01L,CH070_1,Zhu et al. PNAS USA 110:E4088 (2013a),24106303,>50,>50,
gVRC-H1dC38/VRC01L,CH117_4,Zhu et al. PNAS USA 110:E4088 (2013a),24106303,0.124,9.16,
gVRC-H1dC38/VRC01L,CH181_12,Zhu et al. PNAS USA 110:E4088 (2013a),24106303,0.447,1.67,
gVRC-H1dC38/VRC01L,CNE10,Zhu et al. PNAS USA 110:E4088 (2013a),24106303,0.584,2.39,
gVRC-H1dC38/VRC01L,CNE14,Zhu et al. PNAS USA 110:E4088 (2013a),24106303,0.196,0.68,
gVRC-H1dC38/VRC01L,CNE30,Zhu et al. PNAS USA 110:E4088 (2013a),24106303,2.35,7.69,
gVRC-H1dC38/VRC01L,CNE4,Zhu et al. PNAS USA 110:E4088 (2013a),24106303,0.461,3.39,
gVRC-H1dC38/VRC01L,CNE40,Zhu et al. PNAS USA 110:E4088 (2013a),24106303,0.333,1.84,
gVRC-H1dC38/VRC01L,CNE53,Zhu et al. PNAS USA 110:E4088 (2013a),24106303,0.198,0.812,
gVRC-H1dC38/VRC01L,CNE57,Zhu et al. PNAS USA 110:E4088 (2013a),24106303,0.297,1.02,
gVRC-H1dC38/VRC01L,CNE59,Zhu et al. PNAS USA 110:E4088 (2013a),24106303,0.659,5.14,
gVRC-H1dC38/VRC01L,DJ263_8,Zhu et al. PNAS USA 110:E4088 (2013a),24106303,1.15,12.7,
gVRC-H1dC38/VRC01L,DU123_06,Zhu et al. PNAS USA 110:E4088 (2013a),24106303,>50,>50,
gVRC-H1dC38/VRC01L,DU151_02,Zhu et al. PNAS USA 110:E4088 (2013a),24106303,0.934,5.03,
gVRC-H1dC38/VRC01L,DU156_12,Zhu et al. PNAS USA 110:E4088 (2013a),24106303,0.249,1.08,
gVRC-H1dC38/VRC01L,DU172_17,Zhu et al. PNAS USA 110:E4088 (2013a),24106303,>50,>50,
gVRC-H1dC38/VRC01L,DU422_1,Zhu et al. PNAS USA 110:E4088 (2013a),24106303,>50,>50,
gVRC-H1dC38/VRC01L,H086_8,Zhu et al. PNAS USA 110:E4088 (2013a),24106303,>50,>50,
gVRC-H1dC38/VRC01L,HT593_1,Zhu et al. PNAS USA 110:E4088 (2013a),24106303,1.1,3.94,
gVRC-H1dC38/VRC01L,HXB2,Zhu et al. PNAS USA 110:E4088 (2013a),24106303,0.099,0.429,
gVRC-H1dC38/VRC01L,JRCSF,Zhu et al. PNAS USA 110:E4088 (2013a),24106303,0.32,1.57,
gVRC-H1dC38/VRC01L,JRFL,Zhu et al. PNAS USA 110:E4088 (2013a),24106303,0.026,0.132,
gVRC-H1dC38/VRC01L,KER2008_12,Zhu et al. PNAS USA 110:E4088 (2013a),24106303,0.957,3.31,
gVRC-H1dC38/VRC01L,KER2018_11,Zhu et al. PNAS USA 110:E4088 (2013a),24106303,3.55,16.2,
gVRC-H1dC38/VRC01L,KNH1209_18,Zhu et al. PNAS USA 110:E4088 (2013a),24106303,0.382,1.12,
gVRC-H1dC38/VRC01L,M02138,Zhu et al. PNAS USA 110:E4088 (2013a),24106303,0.561,1.95,
gVRC-H1dC38/VRC01L,MB201_A1,Zhu et al. PNAS USA 110:E4088 (2013a),24106303,0.51,2.25,
gVRC-H1dC38/VRC01L,MB539_2B7,Zhu et al. PNAS USA 110:E4088 (2013a),24106303,1.02,3.55,
gVRC-H1dC38/VRC01L,MI369_A5,Zhu et al. PNAS USA 110:E4088 (2013a),24106303,0.208,0.971,
gVRC-H1dC38/VRC01L,MN_3,Zhu et al. PNAS USA 110:E4088 (2013a),24106303,0.068,>50,
gVRC-H1dC38/VRC01L,MS208_A1,Zhu et al. PNAS USA 110:E4088 (2013a),24106303,0.184,0.84,
gVRC-H1dC38/VRC01L,MW965_26,Zhu et al. PNAS USA 110:E4088 (2013a),24106303,0.144,0.913,
gVRC-H1dC38/VRC01L,NKU3006_EC1,Zhu et al. PNAS USA 110:E4088 (2013a),24106303,0.93,3.22,
gVRC-H1dC38/VRC01L,PVO_4,Zhu et al. PNAS USA 110:E4088 (2013a),24106303,0.591,3.12,
gVRC-H1dC38/VRC01L,Q168_A2,Zhu et al. PNAS USA 110:E4088 (2013a),24106303,0.378,1.29,
gVRC-H1dC38/VRC01L,Q23_17,Zhu et al. PNAS USA 110:E4088 (2013a),24106303,0.192,0.61,
gVRC-H1dC38/VRC01L,Q259_17,Zhu et al. PNAS USA 110:E4088 (2013a),24106303,0.471,2.47,
gVRC-H1dC38/VRC01L,Q461_E2,Zhu et al. PNAS USA 110:E4088 (2013a),24106303,0.918,4.29,
gVRC-H1dC38/VRC01L,Q769_H5,Zhu et al. PNAS USA 110:E4088 (2013a),24106303,0.075,0.411,
gVRC-H1dC38/VRC01L,Q842_D12,Zhu et al. PNAS USA 110:E4088 (2013a),24106303,0.045,0.18,
gVRC-H1dC38/VRC01L,QH0515_1,Zhu et al. PNAS USA 110:E4088 (2013a),24106303,0.726,5.44,
gVRC-H1dC38/VRC01L,QH0692_42,Zhu et al. PNAS USA 110:E4088 (2013a),24106303,3.27,11,
gVRC-H1dC38/VRC01L,QH209_14M_A2,Zhu et al. PNAS USA 110:E4088 (2013a),24106303,0.033,0.421,
gVRC-H1dC38/VRC01L,R1166_C1,Zhu et al. PNAS USA 110:E4088 (2013a),24106303,0.612,2.1,
gVRC-H1dC38/VRC01L,R2184_C4,Zhu et al. PNAS USA 110:E4088 (2013a),24106303,0.077,0.383,
gVRC-H1dC38/VRC01L,R3265_C6,Zhu et al. PNAS USA 110:E4088 (2013a),24106303,0.201,4.71,
gVRC-H1dC38/VRC01L,REJO4541_67,Zhu et al. PNAS USA 110:E4088 (2013a),24106303,0.189,0.823,
gVRC-H1dC38/VRC01L,RHPA4259_7,Zhu et al. PNAS USA 110:E4088 (2013a),24106303,0.098,0.568,
gVRC-H1dC38/VRC01L,S018_18,Zhu et al. PNAS USA 110:E4088 (2013a),24106303,0.274,1.09,
gVRC-H1dC38/VRC01L,SC422_8,Zhu et al. PNAS USA 110:E4088 (2013a),24106303,0.196,0.948,
gVRC-H1dC38/VRC01L,SF162,Zhu et al. PNAS USA 110:E4088 (2013a),24106303,0.109,0.529,
gVRC-H1dC38/VRC01L,SS1196_1,Zhu et al. PNAS USA 110:E4088 (2013a),24106303,0.269,1.08,
gVRC-H1dC38/VRC01L,T250_4,Zhu et al. PNAS USA 110:E4088 (2013a),24106303,>50,>50,
gVRC-H1dC38/VRC01L,T251_18,Zhu et al. PNAS USA 110:E4088 (2013a),24106303,2.31,8.49,
gVRC-H1dC38/VRC01L,T255_34,Zhu et al. PNAS USA 110:E4088 (2013a),24106303,1.35,15.6,
gVRC-H1dC38/VRC01L,T257_31,Zhu et al. PNAS USA 110:E4088 (2013a),24106303,4.96,14.9,
gVRC-H1dC38/VRC01L,T266_60,Zhu et al. PNAS USA 110:E4088 (2013a),24106303,0.43,1.63,
gVRC-H1dC38/VRC01L,T278_50,Zhu et al. PNAS USA 110:E4088 (2013a),24106303,>50,>50,
gVRC-H1dC38/VRC01L,TH966_8,Zhu et al. PNAS USA 110:E4088 (2013a),24106303,0.629,2.42,
gVRC-H1dC38/VRC01L,TH976_17,Zhu et al. PNAS USA 110:E4088 (2013a),24106303,0.271,1.39,
gVRC-H1dC38/VRC01L,THRO4156,Zhu et al. PNAS USA 110:E4088 (2013a),24106303,18.3,>50,
gVRC-H1dC38/VRC01L,TRJO4551_58,Zhu et al. PNAS USA 110:E4088 (2013a),24106303,0.37,1.26,
gVRC-H1dC38/VRC01L,TRO_11,Zhu et al. PNAS USA 110:E4088 (2013a),24106303,0.71,2.07,
gVRC-H1dC38/VRC01L,TV1_29,Zhu et al. PNAS USA 110:E4088 (2013a),24106303,>50,>50,
gVRC-H1dC38/VRC01L,TZA125_17,Zhu et al. PNAS USA 110:E4088 (2013a),24106303,>50,>50,
gVRC-H1dC38/VRC01L,TZBD_02,Zhu et al. PNAS USA 110:E4088 (2013a),24106303,0.088,0.411,
gVRC-H1dC38/VRC01L,UG021_16,Zhu et al. PNAS USA 110:E4088 (2013a),24106303,0.807,5.94,
gVRC-H1dC38/VRC01L,UG024_2,Zhu et al. PNAS USA 110:E4088 (2013a),24106303,12.7,>50,
gVRC-H1dC38/VRC01L,UG037_8,Zhu et al. PNAS USA 110:E4088 (2013a),24106303,0.226,0.715,
gVRC-H1dC38/VRC01L,WITO4160_33,Zhu et al. PNAS USA 110:E4088 (2013a),24106303,0.306,1.25,
gVRC-H1dC38/VRC01L,X2088_C9,Zhu et al. PNAS USA 110:E4088 (2013a),24106303,>50,>50,
gVRC-H1dC38/VRC01L,YU2,Zhu et al. PNAS USA 110:E4088 (2013a),24106303,0.121,0.783,
gVRC-H1dC38/VRC01L,ZA012_29,Zhu et al. PNAS USA 110:E4088 (2013a),24106303,0.422,1.7,
gVRC-H1dC38/VRC01L,ZM106_9,Zhu et al. PNAS USA 110:E4088 (2013a),24106303,0.371,1.16,
gVRC-H1dC38/VRC01L,ZM109_4,Zhu et al. PNAS USA 110:E4088 (2013a),24106303,0.361,2.59,
gVRC-H1dC38/VRC01L,ZM135_10A,Zhu et al. PNAS USA 110:E4088 (2013a),24106303,0.598,2.71,
gVRC-H1dC38/VRC01L,ZM176_66,Zhu et al. PNAS USA 110:E4088 (2013a),24106303,>50,>50,
gVRC-H1dC38/VRC01L,ZM197_7,Zhu et al. PNAS USA 110:E4088 (2013a),24106303,1.41,4.36,
gVRC-H1dC38/VRC01L,ZM214_15,Zhu et al. PNAS USA 110:E4088 (2013a),24106303,3.16,13.6,
gVRC-H1dC38/VRC01L,ZM215_8,Zhu et al. PNAS USA 110:E4088 (2013a),24106303,0.113,0.924,
gVRC-H1dC38/VRC01L,ZM233_6,Zhu et al. PNAS USA 110:E4088 (2013a),24106303,>50,>50,
gVRC-H1dC38/VRC01L,ZM249_1,Zhu et al. PNAS USA 110:E4088 (2013a),24106303,0.349,1.54,
gVRC-H1dC38/VRC01L,ZM53_12,Zhu et al. PNAS USA 110:E4088 (2013a),24106303,2.53,10.1,
gVRC-H1dC38/VRC01L,ZM55_28A,Zhu et al. PNAS USA 110:E4088 (2013a),24106303,0.359,1.21,
M36/PRO-140,0013095_2_11,Khan et al. J Virol. 92: e00384 (2018) - dataset 1,29976677,0.0268,,
M36/PRO-140,001428_2_42,Khan et al. J Virol. 92: e00384 (2018) - dataset 1,29976677,0.024,,
M36/PRO-140,0260_V5_C36,Khan et al. J Virol. 92: e00384 (2018) - dataset 1,29976677,0.0106,,
M36/PRO-140,0330_V4_C3,Khan et al. J Virol. 92: e00384 (2018) - dataset 1,29976677,0.0018,,
M36/PRO-140,0815_V3_C3,Khan et al. J Virol. 92: e00384 (2018) - dataset 1,29976677,0.0074,,
M36/PRO-140,1006_11_C3_1601,Khan et al. J Virol. 92: e00384 (2018) - dataset 1,29976677,0.0213,,
M36/PRO-140,1012_11_TC21_3257,Khan et al. J Virol. 92: e00384 (2018) - dataset 1,29976677,0.0211,,
M36/PRO-140,1054_07_TC4_1499,Khan et al. J Virol. 92: e00384 (2018) - dataset 1,29976677,0.0057,,
M36/PRO-140,1056_10_TA11_1826,Khan et al. J Virol. 92: e00384 (2018) - dataset 1,29976677,0.0067,,
M36/PRO-140,1394_C9G1,Khan et al. J Virol. 92: e00384 (2018) - dataset 1,29976677,0.0032,,
M36/PRO-140,16055_2_3,Khan et al. J Virol. 92: e00384 (2018) - dataset 1,29976677,0.0276,,
M36/PRO-140,16845_2_22,Khan et al. J Virol. 92: e00384 (2018) - dataset 1,29976677,0.0117,,
M36/PRO-140,191084_B7_19,Khan et al. J Virol. 92: e00384 (2018) - dataset 1,29976677,0.01,,
M36/PRO-140,211_9,Khan et al. J Virol. 92: e00384 (2018) - dataset 1,29976677,0.018,,
M36/PRO-140,231965_C1,Khan et al. J Virol. 92: e00384 (2018) - dataset 1,29976677,0.0051,,
M36/PRO-140,235_47,Khan et al. J Virol. 92: e00384 (2018) - dataset 1,29976677,0.0066,,
M36/PRO-140,249M_B10,Khan et al. J Virol. 92: e00384 (2018) - dataset 1,29976677,0.0033,,
M36/PRO-140,263_8,Khan et al. J Virol. 92: e00384 (2018) - dataset 1,29976677,0.0085,,
M36/PRO-140,3016_V5_C45,Khan et al. J Virol. 92: e00384 (2018) - dataset 1,29976677,0.0051,,
M36/PRO-140,3103_V3_C10,Khan et al. J Virol. 92: e00384 (2018) - dataset 1,29976677,0.0007,,
M36/PRO-140,3301_V1_C24,Khan et al. J Virol. 92: e00384 (2018) - dataset 1,29976677,0.0171,,
M36/PRO-140,3817_V2_C59,Khan et al. J Virol. 92: e00384 (2018) - dataset 1,29976677,0.0177,,
M36/PRO-140,6041_V3_C23,Khan et al. J Virol. 92: e00384 (2018) - dataset 1,29976677,0.0118,,
M36/PRO-140,620345_C1,Khan et al. J Virol. 92: e00384 (2018) - dataset 1,29976677,0.0002,,
M36/PRO-140,62357_14_D3_4589,Khan et al. J Virol. 92: e00384 (2018) - dataset 1,29976677,0.0009,,
M36/PRO-140,6240_08_TA5_4622,Khan et al. J Virol. 92: e00384 (2018) - dataset 1,29976677,0.042,,
M36/PRO-140,6244_13_B5_4567,Khan et al. J Virol. 92: e00384 (2018) - dataset 1,29976677,0.0388,,
M36/PRO-140,6480_V4_C25,Khan et al. J Virol. 92: e00384 (2018) - dataset 1,29976677,0.0032,,
M36/PRO-140,6535_3,Khan et al. J Virol. 92: e00384 (2018) - dataset 1,29976677,0.0174,,
M36/PRO-140,6540_V4_C1,Khan et al. J Virol. 92: e00384 (2018) - dataset 1,29976677,0.0148,,
M36/PRO-140,6545_V4_C1,Khan et al. J Virol. 92: e00384 (2018) - dataset 1,29976677,0.0074,,
M36/PRO-140,6811_V7_C18,Khan et al. J Virol. 92: e00384 (2018) - dataset 1,29976677,0.0082,,
M36/PRO-140,6952_V1_C20,Khan et al. J Virol. 92: e00384 (2018) - dataset 1,29976677,0.0014,,
M36/PRO-140,703010054_2A2,Khan et al. J Virol. 92: e00384 (2018) - dataset 1,29976677,0.0014,,
M36/PRO-140,703010200_1E5,Khan et al. J Virol. 92: e00384 (2018) - dataset 1,29976677,0.007,,
M36/PRO-140,704809221_1B3,Khan et al. J Virol. 92: e00384 (2018) - dataset 1,29976677,1.596,,
M36/PRO-140,89_F1_2_25,Khan et al. J Virol. 92: e00384 (2018) - dataset 1,29976677,0.015,,
M36/PRO-140,928_28,Khan et al. J Virol. 92: e00384 (2018) - dataset 1,29976677,0.0153,,
M36/PRO-140,A07412M1_VRC12,Khan et al. J Virol. 92: e00384 (2018) - dataset 1,29976677,0.0051,,
M36/PRO-140,AC10_29,Khan et al. J Virol. 92: e00384 (2018) - dataset 1,29976677,0.0239,,
M36/PRO-140,BF1266_431A,Khan et al. J Virol. 92: e00384 (2018) - dataset 1,29976677,0.043,,
M36/PRO-140,BJOX009000_02_4,Khan et al. J Virol. 92: e00384 (2018) - dataset 1,29976677,0.0741,,
M36/PRO-140,BJOX010000_06_2,Khan et al. J Virol. 92: e00384 (2018) - dataset 1,29976677,0.0741,,
M36/PRO-140,BJOX015000_11_5,Khan et al. J Virol. 92: e00384 (2018) - dataset 1,29976677,0.0633,,
M36/PRO-140,BJOX025000_01_1,Khan et al. J Virol. 92: e00384 (2018) - dataset 1,29976677,0.0139,,
M36/PRO-140,BJOX028000_10_3,Khan et al. J Virol. 92: e00384 (2018) - dataset 1,29976677,0.0034,,
M36/PRO-140,C1080_C3,Khan et al. J Virol. 92: e00384 (2018) - dataset 1,29976677,0.049,,
M36/PRO-140,C3347_C11,Khan et al. J Virol. 92: e00384 (2018) - dataset 1,29976677,0.0131,,
M36/PRO-140,C4118_9,Khan et al. J Virol. 92: e00384 (2018) - dataset 1,29976677,0.1574,,
M36/PRO-140,CAAN5342,Khan et al. J Virol. 92: e00384 (2018) - dataset 1,29976677,0.0406,,
M36/PRO-140,CAP210_E8,Khan et al. J Virol. 92: e00384 (2018) - dataset 1,29976677,0.0145,,
M36/PRO-140,CAP45_G3,Khan et al. J Virol. 92: e00384 (2018) - dataset 1,29976677,0.0004,,
M36/PRO-140,CE0393_C3,Khan et al. J Virol. 92: e00384 (2018) - dataset 1,29976677,0.0039,,
M36/PRO-140,CE1172_H1,Khan et al. J Virol. 92: e00384 (2018) - dataset 1,29976677,0.0054,,
M36/PRO-140,CE1176_A3,Khan et al. J Virol. 92: e00384 (2018) - dataset 1,29976677,0.013,,
M36/PRO-140,CE2010_F5,Khan et al. J Virol. 92: e00384 (2018) - dataset 1,29976677,0.0062,,
M36/PRO-140,CE2060_G9,Khan et al. J Virol. 92: e00384 (2018) - dataset 1,29976677,0.0218,,
M36/PRO-140,CNE17,Khan et al. J Virol. 92: e00384 (2018) - dataset 1,29976677,0.0153,,
M36/PRO-140,CNE19,Khan et al. J Virol. 92: e00384 (2018) - dataset 1,29976677,0.0027,,
M36/PRO-140,CNE20,Khan et al. J Virol. 92: e00384 (2018) - dataset 1,29976677,0.0044,,
M36/PRO-140,CNE21,Khan et al. J Virol. 92: e00384 (2018) - dataset 1,29976677,0.0202,,
M36/PRO-140,CNE30,Khan et al. J Virol. 92: e00384 (2018) - dataset 1,29976677,0.0177,,
M36/PRO-140,CNE5,Khan et al. J Virol. 92: e00384 (2018) - dataset 1,29976677,0.0019,,
M36/PRO-140,CNE52,Khan et al. J Virol. 92: e00384 (2018) - dataset 1,29976677,0.0424,,
M36/PRO-140,CNE58,Khan et al. J Virol. 92: e00384 (2018) - dataset 1,29976677,0.0026,,
M36/PRO-140,CNE8,Khan et al. J Virol. 92: e00384 (2018) - dataset 1,29976677,0.1574,,
M36/PRO-140,DU156_12,Khan et al. J Virol. 92: e00384 (2018) - dataset 1,29976677,0.0192,,
M36/PRO-140,DU172_17,Khan et al. J Virol. 92: e00384 (2018) - dataset 1,29976677,0.0076,,
M36/PRO-140,DU422_1,Khan et al. J Virol. 92: e00384 (2018) - dataset 1,29976677,0.0128,,
M36/PRO-140,MS208_A1,Khan et al. J Virol. 92: e00384 (2018) - dataset 1,29976677,0.0008,,
M36/PRO-140,P0402_C2_11,Khan et al. J Virol. 92: e00384 (2018) - dataset 1,29976677,5.675,,
M36/PRO-140,P1981_C5_3,Khan et al. J Virol. 92: e00384 (2018) - dataset 1,29976677,1.529,,
M36/PRO-140,PVO_4,Khan et al. J Virol. 92: e00384 (2018) - dataset 1,29976677,0.022,,
M36/PRO-140,Q23_17,Khan et al. J Virol. 92: e00384 (2018) - dataset 1,29976677,0.0019,,
M36/PRO-140,Q461_E2,Khan et al. J Virol. 92: e00384 (2018) - dataset 1,29976677,0.0109,,
M36/PRO-140,Q769_D22,Khan et al. J Virol. 92: e00384 (2018) - dataset 1,29976677,0.0001,,
M36/PRO-140,QH0692_42,Khan et al. J Virol. 92: e00384 (2018) - dataset 1,29976677,0.031,,
M36/PRO-140,R1166_C1,Khan et al. J Virol. 92: e00384 (2018) - dataset 1,29976677,0.0901,,
M36/PRO-140,R2184_C4,Khan et al. J Virol. 92: e00384 (2018) - dataset 1,29976677,0.3436,,
M36/PRO-140,R3265_C6,Khan et al. J Virol. 92: e00384 (2018) - dataset 1,29976677,0.0033,,
M36/PRO-140,REJO4541_67,Khan et al. J Virol. 92: e00384 (2018) - dataset 1,29976677,0.003,,
M36/PRO-140,RHPA4259_7,Khan et al. J Virol. 92: e00384 (2018) - dataset 1,29976677,0.026,,
M36/PRO-140,SC05_8C11_2344,Khan et al. J Virol. 92: e00384 (2018) - dataset 1,29976677,0.0362,,
M36/PRO-140,SC422_8,Khan et al. J Virol. 92: e00384 (2018) - dataset 1,29976677,0.0015,,
M36/PRO-140,T250_4,Khan et al. J Virol. 92: e00384 (2018) - dataset 1,29976677,0.0341,,
M36/PRO-140,T251_18,Khan et al. J Virol. 92: e00384 (2018) - dataset 1,29976677,0.0193,,
M36/PRO-140,T255_34,Khan et al. J Virol. 92: e00384 (2018) - dataset 1,29976677,0.0016,,
M36/PRO-140,T257_31,Khan et al. J Virol. 92: e00384 (2018) - dataset 1,29976677,0.0053,,
M36/PRO-140,T278_50,Khan et al. J Virol. 92: e00384 (2018) - dataset 1,29976677,0.0211,,
M36/PRO-140,TRJO4551_58,Khan et al. J Virol. 92: e00384 (2018) - dataset 1,29976677,0.0044,,
M36/PRO-140,TRO_11,Khan et al. J Virol. 92: e00384 (2018) - dataset 1,29976677,0.0501,,
M36/PRO-140,WEAU_D15_410,Khan et al. J Virol. 92: e00384 (2018) - dataset 1,29976677,0.016,,
M36/PRO-140,WITO4160_33,Khan et al. J Virol. 92: e00384 (2018) - dataset 1,29976677,0.019,,
M36/PRO-140,X1193_C1,Khan et al. J Virol. 92: e00384 (2018) - dataset 1,29976677,0.0034,,
M36/PRO-140,X1254_C3,Khan et al. J Virol. 92: e00384 (2018) - dataset 1,29976677,0.2631,,
M36/PRO-140,X1632_S2_B10,Khan et al. J Virol. 92: e00384 (2018) - dataset 1,29976677,0.6941,,
M36/PRO-140,X2088_C9,Khan et al. J Virol. 92: e00384 (2018) - dataset 1,29976677,0.0695,,
M36/PRO-140,X2131_C1_B5,Khan et al. J Virol. 92: e00384 (2018) - dataset 1,29976677,0.0695,,
M36/PRO-140,ZM109_4,Khan et al. J Virol. 92: e00384 (2018) - dataset 1,29976677,0.0377,,
M36/PRO-140,ZM135_10A,Khan et al. J Virol. 92: e00384 (2018) - dataset 1,29976677,0.0036,,
M36/PRO-140,ZM197_7,Khan et al. J Virol. 92: e00384 (2018) - dataset 1,29976677,0.0159,,
M36/PRO-140,ZM214_15,Khan et al. J Virol. 92: e00384 (2018) - dataset 1,29976677,0.0004,,
M36/PRO-140,ZM233_6,Khan et al. J Virol. 92: e00384 (2018) - dataset 1,29976677,0.0003,,
M36/PRO-140,ZM246F,Khan et al. J Virol. 92: e00384 (2018) - dataset 1,29976677,0.0016,,
M36/PRO-140,ZM247_V1,Khan et al. J Virol. 92: e00384 (2018) - dataset 1,29976677,0.0052,,
M36/PRO-140,ZM249_1,Khan et al. J Virol. 92: e00384 (2018) - dataset 1,29976677,0.0001,,
M36/PRO-140,ZM53_12,Khan et al. J Virol. 92: e00384 (2018) - dataset 1,29976677,0.0182,,
N6/10E8v4-PGDM1400,0013095_2_11,Xu et al. Science 358:85 (2017),28931639,0.006,0.02,
N6/10E8v4-PGDM1400,001428_2_42,Xu et al. Science 358:85 (2017),28931639,0.004,0.012,
N6/10E8v4-PGDM1400,0077_V1_C16,Xu et al. Science 358:85 (2017),28931639,0.061,0.154,
N6/10E8v4-PGDM1400,00836_2_5,Xu et al. Science 358:85 (2017),28931639,0.027,0.068,
N6/10E8v4-PGDM1400,0260_V5_C36,Xu et al. Science 358:85 (2017),28931639,0.071,0.17,
N6/10E8v4-PGDM1400,0330_V4_C3,Xu et al. Science 358:85 (2017),28931639,0.008,0.033,
N6/10E8v4-PGDM1400,0439_V5_C1,Xu et al. Science 358:85 (2017),28931639,0.469,1.31,
N6/10E8v4-PGDM1400,0815_V3_C3,Xu et al. Science 358:85 (2017),28931639,0.103,0.301,
N6/10E8v4-PGDM1400,0921_V2_C14,Xu et al. Science 358:85 (2017),28931639,0.014,0.044,
N6/10E8v4-PGDM1400,16055_2_3,Xu et al. Science 358:85 (2017),28931639,0.008,0.027,
N6/10E8v4-PGDM1400,16845_2_22,Xu et al. Science 358:85 (2017),28931639,0.592,3.65,
N6/10E8v4-PGDM1400,16936_2_21,Xu et al. Science 358:85 (2017),28931639,0.027,0.098,
N6/10E8v4-PGDM1400,191821_E6_1,Xu et al. Science 358:85 (2017),28931639,0.177,0.46,
N6/10E8v4-PGDM1400,231965_C1,Xu et al. Science 358:85 (2017),28931639,0.083,0.566,
N6/10E8v4-PGDM1400,235_47,Xu et al. Science 358:85 (2017),28931639,0.01,0.06,
N6/10E8v4-PGDM1400,242_14,Xu et al. Science 358:85 (2017),28931639,0.018,0.077,
N6/10E8v4-PGDM1400,246_F3_C10_2,Xu et al. Science 358:85 (2017),28931639,0.013,0.044,
N6/10E8v4-PGDM1400,247_23,Xu et al. Science 358:85 (2017),28931639,0.023,0.055,
N6/10E8v4-PGDM1400,25710_2_43,Xu et al. Science 358:85 (2017),28931639,0.021,0.048,
N6/10E8v4-PGDM1400,25711_2_4,Xu et al. Science 358:85 (2017),28931639,0.348,1.03,
N6/10E8v4-PGDM1400,25925_2_22,Xu et al. Science 358:85 (2017),28931639,0.011,0.029,
N6/10E8v4-PGDM1400,26191_2_48,Xu et al. Science 358:85 (2017),28931639,0.02,0.069,
N6/10E8v4-PGDM1400,263_8,Xu et al. Science 358:85 (2017),28931639,0.04,0.123,
N6/10E8v4-PGDM1400,269_12,Xu et al. Science 358:85 (2017),28931639,0.379,0.824,
N6/10E8v4-PGDM1400,271_11,Xu et al. Science 358:85 (2017),28931639,0.014,0.036,
N6/10E8v4-PGDM1400,286_36,Xu et al. Science 358:85 (2017),28931639,0.022,0.074,
N6/10E8v4-PGDM1400,288_38,Xu et al. Science 358:85 (2017),28931639,0.019,0.144,
N6/10E8v4-PGDM1400,3016_V5_C45,Xu et al. Science 358:85 (2017),28931639,0.03,0.094,
N6/10E8v4-PGDM1400,3168_V4_C10,Xu et al. Science 358:85 (2017),28931639,0.209,0.464,
N6/10E8v4-PGDM1400,3301_V1_C24,Xu et al. Science 358:85 (2017),28931639,0.04,0.086,
N6/10E8v4-PGDM1400,3326_V4_C3,Xu et al. Science 358:85 (2017),28931639,0.004,0.015,
N6/10E8v4-PGDM1400,3337_V2_C6,Xu et al. Science 358:85 (2017),28931639,0.036,0.185,
N6/10E8v4-PGDM1400,3365_V2_C20,Xu et al. Science 358:85 (2017),28931639,0.019,0.071,
N6/10E8v4-PGDM1400,3415_V1_C1,Xu et al. Science 358:85 (2017),28931639,0.061,0.167,
N6/10E8v4-PGDM1400,3468_V1_C12,Xu et al. Science 358:85 (2017),28931639,0.157,0.367,
N6/10E8v4-PGDM1400,3589_V1_C4,Xu et al. Science 358:85 (2017),28931639,0.012,0.042,
N6/10E8v4-PGDM1400,3637_V5_C3,Xu et al. Science 358:85 (2017),28931639,1.62,3.62,
N6/10E8v4-PGDM1400,3718_3_11,Xu et al. Science 358:85 (2017),28931639,0.009,0.025,
N6/10E8v4-PGDM1400,3817_V2_C59,Xu et al. Science 358:85 (2017),28931639,0.118,0.485,
N6/10E8v4-PGDM1400,3873_V1_C24,Xu et al. Science 358:85 (2017),28931639,0.015,0.043,
N6/10E8v4-PGDM1400,3988_25,Xu et al. Science 358:85 (2017),28931639,0.173,0.461,
N6/10E8v4-PGDM1400,398_F1_F6_20,Xu et al. Science 358:85 (2017),28931639,0.117,0.533,
N6/10E8v4-PGDM1400,45_01DG5,Xu et al. Science 358:85 (2017),28931639,0.017,0.044,
N6/10E8v4-PGDM1400,57128_VRC15,Xu et al. Science 358:85 (2017),28931639,0.153,0.432,
N6/10E8v4-PGDM1400,5768_4,Xu et al. Science 358:85 (2017),28931639,0.146,0.342,
N6/10E8v4-PGDM1400,6095_V1_C10,Xu et al. Science 358:85 (2017),28931639,0.039,0.109,
N6/10E8v4-PGDM1400,6101_1,Xu et al. Science 358:85 (2017),28931639,0.081,0.217,
N6/10E8v4-PGDM1400,620345_C1,Xu et al. Science 358:85 (2017),28931639,0.145,1.54,
N6/10E8v4-PGDM1400,6322_V4_C1,Xu et al. Science 358:85 (2017),28931639,0.01,0.038,
N6/10E8v4-PGDM1400,6405_V4_C34,Xu et al. Science 358:85 (2017),28931639,0.527,1.97,
N6/10E8v4-PGDM1400,6471_V1_C16,Xu et al. Science 358:85 (2017),28931639,>50,>50,
N6/10E8v4-PGDM1400,6535_3,Xu et al. Science 358:85 (2017),28931639,0.026,0.137,
N6/10E8v4-PGDM1400,6540_V4_C1,Xu et al. Science 358:85 (2017),28931639,0.011,0.041,
N6/10E8v4-PGDM1400,6545_V4_C1,Xu et al. Science 358:85 (2017),28931639,0.012,0.082,
N6/10E8v4-PGDM1400,6631_V3_C10,Xu et al. Science 358:85 (2017),28931639,0.839,2.67,
N6/10E8v4-PGDM1400,6644_V2_C33,Xu et al. Science 358:85 (2017),28931639,0.029,0.08,
N6/10E8v4-PGDM1400,6785_V5_C14,Xu et al. Science 358:85 (2017),28931639,0.02,0.067,
N6/10E8v4-PGDM1400,6838_V1_C35,Xu et al. Science 358:85 (2017),28931639,0.038,0.121,
N6/10E8v4-PGDM1400,703010217_B6,Xu et al. Science 358:85 (2017),28931639,0.007,0.027,
N6/10E8v4-PGDM1400,7165_18,Xu et al. Science 358:85 (2017),28931639,0.356,2.01,
N6/10E8v4-PGDM1400,89_6,Xu et al. Science 358:85 (2017),28931639,0.027,0.076,
N6/10E8v4-PGDM1400,928_28,Xu et al. Science 358:85 (2017),28931639,0.093,0.285,
N6/10E8v4-PGDM1400,92BR025_9,Xu et al. Science 358:85 (2017),28931639,0.01,0.03,
N6/10E8v4-PGDM1400,92RW020_2,Xu et al. Science 358:85 (2017),28931639,0.042,0.125,
N6/10E8v4-PGDM1400,96ZM651_02,Xu et al. Science 358:85 (2017),28931639,0.109,0.384,
N6/10E8v4-PGDM1400,A03349M1_VRC4A,Xu et al. Science 358:85 (2017),28931639,0.344,1.06,
N6/10E8v4-PGDM1400,A07412M1_VRC12,Xu et al. Science 358:85 (2017),28931639,0.052,0.17,
N6/10E8v4-PGDM1400,AC10_29,Xu et al. Science 358:85 (2017),28931639,0.287,0.892,
N6/10E8v4-PGDM1400,ADA,Xu et al. Science 358:85 (2017),28931639,0.1,0.366,
N6/10E8v4-PGDM1400,BAL_01,Xu et al. Science 358:85 (2017),28931639,0.013,0.047,
N6/10E8v4-PGDM1400,BAL_26,Xu et al. Science 358:85 (2017),28931639,0.01,0.039,
N6/10E8v4-PGDM1400,BB201_B42,Xu et al. Science 358:85 (2017),28931639,0.002,0.008,
N6/10E8v4-PGDM1400,BB539_2B13,Xu et al. Science 358:85 (2017),28931639,0.031,0.099,
N6/10E8v4-PGDM1400,BG1168_1,Xu et al. Science 358:85 (2017),28931639,0.514,1.32,
N6/10E8v4-PGDM1400,BG505_W6M_C2,Xu et al. Science 358:85 (2017),28931639,0.011,0.043,
N6/10E8v4-PGDM1400,BI369_9A,Xu et al. Science 358:85 (2017),28931639,0.06,0.432,
N6/10E8v4-PGDM1400,BJOX002000_03_2,Xu et al. Science 358:85 (2017),28931639,0.016,0.08,
N6/10E8v4-PGDM1400,BJOX009000_02_4,Xu et al. Science 358:85 (2017),28931639,0.033,0.819,
N6/10E8v4-PGDM1400,BJOX010000_06_2,Xu et al. Science 358:85 (2017),28931639,0.022,0.126,
N6/10E8v4-PGDM1400,BJOX025000_01_1,Xu et al. Science 358:85 (2017),28931639,0.019,0.068,
N6/10E8v4-PGDM1400,BJOX028000_10_3,Xu et al. Science 358:85 (2017),28931639,0.027,0.08,
N6/10E8v4-PGDM1400,BL01,Xu et al. Science 358:85 (2017),28931639,28.1,>50,
N6/10E8v4-PGDM1400,BR07,Xu et al. Science 358:85 (2017),28931639,0.886,3.56,
N6/10E8v4-PGDM1400,BS208_B1,Xu et al. Science 358:85 (2017),28931639,0.003,0.013,
N6/10E8v4-PGDM1400,BX08_16,Xu et al. Science 358:85 (2017),28931639,0.079,0.454,
N6/10E8v4-PGDM1400,C1080_C3,Xu et al. Science 358:85 (2017),28931639,0.003,0.01,
N6/10E8v4-PGDM1400,C2101_C1,Xu et al. Science 358:85 (2017),28931639,0.077,0.37,
N6/10E8v4-PGDM1400,C3347_C11,Xu et al. Science 358:85 (2017),28931639,0.015,0.048,
N6/10E8v4-PGDM1400,C4118_9,Xu et al. Science 358:85 (2017),28931639,0.006,0.019,
N6/10E8v4-PGDM1400,CAAN5342,Xu et al. Science 358:85 (2017),28931639,1.18,4.05,
N6/10E8v4-PGDM1400,CAP210_E8,Xu et al. Science 358:85 (2017),28931639,0.057,0.467,
N6/10E8v4-PGDM1400,CAP244_D3,Xu et al. Science 358:85 (2017),28931639,0.113,0.82,
N6/10E8v4-PGDM1400,CAP256_SU,Xu et al. Science 358:85 (2017),28931639,0.01,0.03,
N6/10E8v4-PGDM1400,CAP45_G3,Xu et al. Science 358:85 (2017),28931639,0.004,0.014,
N6/10E8v4-PGDM1400,CE1176_A3,Xu et al. Science 358:85 (2017),28931639,0.031,0.089,
N6/10E8v4-PGDM1400,CH038_12,Xu et al. Science 358:85 (2017),28931639,0.13,0.612,
N6/10E8v4-PGDM1400,CH070_1,Xu et al. Science 358:85 (2017),28931639,0.003,0.01,
N6/10E8v4-PGDM1400,CH117_4,Xu et al. Science 358:85 (2017),28931639,0.002,0.007,
N6/10E8v4-PGDM1400,CH119_10,Xu et al. Science 358:85 (2017),28931639,0.155,0.533,
N6/10E8v4-PGDM1400,CH181_12,Xu et al. Science 358:85 (2017),28931639,0.001,0.005,
N6/10E8v4-PGDM1400,CM244_EC1,Xu et al. Science 358:85 (2017),28931639,0.001,0.005,
N6/10E8v4-PGDM1400,CNE10,Xu et al. Science 358:85 (2017),28931639,0.055,0.624,
N6/10E8v4-PGDM1400,CNE12,Xu et al. Science 358:85 (2017),28931639,0.979,2.85,
N6/10E8v4-PGDM1400,CNE14,Xu et al. Science 358:85 (2017),28931639,0.291,0.91,
N6/10E8v4-PGDM1400,CNE15,Xu et al. Science 358:85 (2017),28931639,0.007,0.028,
N6/10E8v4-PGDM1400,CNE19,Xu et al. Science 358:85 (2017),28931639,0.004,0.017,
N6/10E8v4-PGDM1400,CNE20,Xu et al. Science 358:85 (2017),28931639,0.007,0.025,
N6/10E8v4-PGDM1400,CNE21,Xu et al. Science 358:85 (2017),28931639,0.003,0.012,
N6/10E8v4-PGDM1400,CNE3,Xu et al. Science 358:85 (2017),28931639,0.014,0.059,
N6/10E8v4-PGDM1400,CNE30,Xu et al. Science 358:85 (2017),28931639,1.21,3.76,
N6/10E8v4-PGDM1400,CNE31,Xu et al. Science 358:85 (2017),28931639,0.522,1.62,
N6/10E8v4-PGDM1400,CNE4,Xu et al. Science 358:85 (2017),28931639,0.124,0.835,
N6/10E8v4-PGDM1400,CNE40,Xu et al. Science 358:85 (2017),28931639,0.057,0.268,
N6/10E8v4-PGDM1400,CNE5,Xu et al. Science 358:85 (2017),28931639,0.002,0.01,
N6/10E8v4-PGDM1400,CNE53,Xu et al. Science 358:85 (2017),28931639,0.04,0.214,
N6/10E8v4-PGDM1400,CNE55,Xu et al. Science 358:85 (2017),28931639,0.018,0.054,
N6/10E8v4-PGDM1400,CNE56,Xu et al. Science 358:85 (2017),28931639,0.485,2.01,
N6/10E8v4-PGDM1400,CNE57,Xu et al. Science 358:85 (2017),28931639,0.233,1.17,
N6/10E8v4-PGDM1400,CNE58,Xu et al. Science 358:85 (2017),28931639,0.006,0.021,
N6/10E8v4-PGDM1400,CNE59,Xu et al. Science 358:85 (2017),28931639,0.012,0.051,
N6/10E8v4-PGDM1400,CNE7,Xu et al. Science 358:85 (2017),28931639,0.029,0.128,
N6/10E8v4-PGDM1400,CNE8,Xu et al. Science 358:85 (2017),28931639,0.001,0.013,
N6/10E8v4-PGDM1400,DJ263_8,Xu et al. Science 358:85 (2017),28931639,0.001,0.031,
N6/10E8v4-PGDM1400,DU123_06,Xu et al. Science 358:85 (2017),28931639,0.019,0.075,
N6/10E8v4-PGDM1400,DU151_02,Xu et al. Science 358:85 (2017),28931639,0.032,0.096,
N6/10E8v4-PGDM1400,DU156_12,Xu et al. Science 358:85 (2017),28931639,0.013,0.038,
N6/10E8v4-PGDM1400,DU172_17,Xu et al. Science 358:85 (2017),28931639,0.08,0.434,
N6/10E8v4-PGDM1400,DU422_1,Xu et al. Science 358:85 (2017),28931639,0.192,0.602,
N6/10E8v4-PGDM1400,H086_8,Xu et al. Science 358:85 (2017),28931639,0.064,0.184,
N6/10E8v4-PGDM1400,HT593_1,Xu et al. Science 358:85 (2017),28931639,0.268,1.16,
N6/10E8v4-PGDM1400,HXB2,Xu et al. Science 358:85 (2017),28931639,0.052,0.114,
N6/10E8v4-PGDM1400,JRCSF,Xu et al. Science 358:85 (2017),28931639,0.014,0.049,
N6/10E8v4-PGDM1400,JRFL,Xu et al. Science 358:85 (2017),28931639,0.038,0.095,
N6/10E8v4-PGDM1400,KER2008_12,Xu et al. Science 358:85 (2017),28931639,0.003,0.03,
N6/10E8v4-PGDM1400,KER2018_11,Xu et al. Science 358:85 (2017),28931639,0.003,0.011,
N6/10E8v4-PGDM1400,KNH1209_18,Xu et al. Science 358:85 (2017),28931639,0.04,0.134,
N6/10E8v4-PGDM1400,KO426_T78_10,Xu et al. Science 358:85 (2017),28931639,0.762,2.34,
N6/10E8v4-PGDM1400,M02138,Xu et al. Science 358:85 (2017),28931639,0.088,0.318,
N6/10E8v4-PGDM1400,MB201_A1,Xu et al. Science 358:85 (2017),28931639,0.309,0.832,
N6/10E8v4-PGDM1400,MB539_2B7,Xu et al. Science 358:85 (2017),28931639,0.049,0.119,
N6/10E8v4-PGDM1400,MI369_A5,Xu et al. Science 358:85 (2017),28931639,0.027,0.09,
N6/10E8v4-PGDM1400,MN_3,Xu et al. Science 358:85 (2017),28931639,0.017,0.057,
N6/10E8v4-PGDM1400,MS208_A1,Xu et al. Science 358:85 (2017),28931639,0.01,0.041,
N6/10E8v4-PGDM1400,MW965_26,Xu et al. Science 358:85 (2017),28931639,0.01,0.04,
N6/10E8v4-PGDM1400,NKU3006_EC1,Xu et al. Science 358:85 (2017),28931639,1.02,3.94,
N6/10E8v4-PGDM1400,P0402_C2_11,Xu et al. Science 358:85 (2017),28931639,0.004,0.023,
N6/10E8v4-PGDM1400,P1981_C5_3,Xu et al. Science 358:85 (2017),28931639,0.058,0.188,
N6/10E8v4-PGDM1400,PVO_4,Xu et al. Science 358:85 (2017),28931639,0.572,1.68,
N6/10E8v4-PGDM1400,Q168_A2,Xu et al. Science 358:85 (2017),28931639,0.011,0.026,
N6/10E8v4-PGDM1400,Q23_17,Xu et al. Science 358:85 (2017),28931639,0.0006,0.003,
N6/10E8v4-PGDM1400,Q259_17,Xu et al. Science 358:85 (2017),28931639,0.028,0.33,
N6/10E8v4-PGDM1400,Q461_E2,Xu et al. Science 358:85 (2017),28931639,0.91,3.1,
N6/10E8v4-PGDM1400,Q769_D22,Xu et al. Science 358:85 (2017),28931639,0.008,0.034,
N6/10E8v4-PGDM1400,Q769_H5,Xu et al. Science 358:85 (2017),28931639,0.007,0.031,
N6/10E8v4-PGDM1400,Q842_D12,Xu et al. Science 358:85 (2017),28931639,0.003,0.016,
N6/10E8v4-PGDM1400,QH0515_1,Xu et al. Science 358:85 (2017),28931639,1.51,5.06,
N6/10E8v4-PGDM1400,QH0692_42,Xu et al. Science 358:85 (2017),28931639,1.44,7.02,
N6/10E8v4-PGDM1400,QH209_14M_A2,Xu et al. Science 358:85 (2017),28931639,0.036,0.09,
N6/10E8v4-PGDM1400,R1166_C1,Xu et al. Science 358:85 (2017),28931639,0.883,3.12,
N6/10E8v4-PGDM1400,R2184_C4,Xu et al. Science 358:85 (2017),28931639,0.019,0.057,
N6/10E8v4-PGDM1400,R3265_C6,Xu et al. Science 358:85 (2017),28931639,0.036,0.123,
N6/10E8v4-PGDM1400,REJO4541_67,Xu et al. Science 358:85 (2017),28931639,0.009,0.03,
N6/10E8v4-PGDM1400,RHPA4259_7,Xu et al. Science 358:85 (2017),28931639,0.082,0.241,
N6/10E8v4-PGDM1400,S018_18,Xu et al. Science 358:85 (2017),28931639,0.006,0.019,
N6/10E8v4-PGDM1400,SC422_8,Xu et al. Science 358:85 (2017),28931639,0.335,0.976,
N6/10E8v4-PGDM1400,SF162,Xu et al. Science 358:85 (2017),28931639,0.291,0.729,
N6/10E8v4-PGDM1400,SS1196_1,Xu et al. Science 358:85 (2017),28931639,0.111,0.379,
N6/10E8v4-PGDM1400,T250_4,Xu et al. Science 358:85 (2017),28931639,0.002,0.006,
N6/10E8v4-PGDM1400,T251_18,Xu et al. Science 358:85 (2017),28931639,1.77,6.48,
N6/10E8v4-PGDM1400,T253_11,Xu et al. Science 358:85 (2017),28931639,0.017,0.059,
N6/10E8v4-PGDM1400,T255_34,Xu et al. Science 358:85 (2017),28931639,0.023,0.097,
N6/10E8v4-PGDM1400,T257_31,Xu et al. Science 358:85 (2017),28931639,0.013,0.048,
N6/10E8v4-PGDM1400,T266_60,Xu et al. Science 358:85 (2017),28931639,0.358,1.52,
N6/10E8v4-PGDM1400,T278_50,Xu et al. Science 358:85 (2017),28931639,6.39,46.8,
N6/10E8v4-PGDM1400,T280_5,Xu et al. Science 358:85 (2017),28931639,0.009,0.039,
N6/10E8v4-PGDM1400,T33_7,Xu et al. Science 358:85 (2017),28931639,0.004,0.017,
N6/10E8v4-PGDM1400,TH023_6,Xu et al. Science 358:85 (2017),28931639,0.02,0.149,
N6/10E8v4-PGDM1400,TH966_8,Xu et al. Science 358:85 (2017),28931639,0.006,0.029,
N6/10E8v4-PGDM1400,TH976_17,Xu et al. Science 358:85 (2017),28931639,0.267,0.875,
N6/10E8v4-PGDM1400,THRO4156,Xu et al. Science 358:85 (2017),28931639,0.383,1.38,
N6/10E8v4-PGDM1400,TRJO4551_58,Xu et al. Science 358:85 (2017),28931639,0.548,1.47,
N6/10E8v4-PGDM1400,TRO_11,Xu et al. Science 358:85 (2017),28931639,0.271,0.914,
N6/10E8v4-PGDM1400,TV1_29,Xu et al. Science 358:85 (2017),28931639,0.248,1.28,
N6/10E8v4-PGDM1400,TZA125_17,Xu et al. Science 358:85 (2017),28931639,0.12,0.476,
N6/10E8v4-PGDM1400,TZBD_02,Xu et al. Science 358:85 (2017),28931639,0.014,0.053,
N6/10E8v4-PGDM1400,UG021_16,Xu et al. Science 358:85 (2017),28931639,0.034,0.212,
N6/10E8v4-PGDM1400,UG024_2,Xu et al. Science 358:85 (2017),28931639,0.073,0.226,
N6/10E8v4-PGDM1400,UG037_8,Xu et al. Science 358:85 (2017),28931639,0.057,0.242,
N6/10E8v4-PGDM1400,WITO4160_33,Xu et al. Science 358:85 (2017),28931639,0.014,0.056,
N6/10E8v4-PGDM1400,X1193_C1,Xu et al. Science 358:85 (2017),28931639,0.072,0.392,
N6/10E8v4-PGDM1400,X1254_C3,Xu et al. Science 358:85 (2017),28931639,0.171,0.479,
N6/10E8v4-PGDM1400,X1632_S2_B10,Xu et al. Science 358:85 (2017),28931639,0.042,0.121,
N6/10E8v4-PGDM1400,X2088_C9,Xu et al. Science 358:85 (2017),28931639,0.987,2.76,
N6/10E8v4-PGDM1400,X2131_C1_B5,Xu et al. Science 358:85 (2017),28931639,0.136,0.46,
N6/10E8v4-PGDM1400,X2278_C2_B6,Xu et al. Science 358:85 (2017),28931639,0.092,0.204,
N6/10E8v4-PGDM1400,YU2,Xu et al. Science 358:85 (2017),28931639,0.096,0.243,
N6/10E8v4-PGDM1400,ZA012_29,Xu et al. Science 358:85 (2017),28931639,0.062,0.185,
N6/10E8v4-PGDM1400,ZM106_9,Xu et al. Science 358:85 (2017),28931639,0.03,0.075,
N6/10E8v4-PGDM1400,ZM109_4,Xu et al. Science 358:85 (2017),28931639,0.068,0.18,
N6/10E8v4-PGDM1400,ZM135_10A,Xu et al. Science 358:85 (2017),28931639,0.054,0.477,
N6/10E8v4-PGDM1400,ZM176_66,Xu et al. Science 358:85 (2017),28931639,0.003,0.011,
N6/10E8v4-PGDM1400,ZM197_7,Xu et al. Science 358:85 (2017),28931639,0.076,0.304,
N6/10E8v4-PGDM1400,ZM214_15,Xu et al. Science 358:85 (2017),28931639,0.823,3.5,
N6/10E8v4-PGDM1400,ZM215_8,Xu et al. Science 358:85 (2017),28931639,0.003,0.012,
N6/10E8v4-PGDM1400,ZM233_6,Xu et al. Science 358:85 (2017),28931639,0.004,0.012,
N6/10E8v4-PGDM1400,ZM249_1,Xu et al. Science 358:85 (2017),28931639,0.072,0.251,
N6/10E8v4-PGDM1400,ZM53_12,Xu et al. Science 358:85 (2017),28931639,0.009,0.027,
N6/10E8v4-PGDM1400,ZM55_28A,Xu et al. Science 358:85 (2017),28931639,0.064,0.167,
N6/PGDM1400-10E8v4,0013095_2_11,Xu et al. Science 358:85 (2017),28931639,0.002,0.009,
N6/PGDM1400-10E8v4,001428_2_42,Xu et al. Science 358:85 (2017),28931639,0.002,0.006,
N6/PGDM1400-10E8v4,0077_V1_C16,Xu et al. Science 358:85 (2017),28931639,0.022,0.07,
N6/PGDM1400-10E8v4,00836_2_5,Xu et al. Science 358:85 (2017),28931639,0.016,0.043,
N6/PGDM1400-10E8v4,0260_V5_C36,Xu et al. Science 358:85 (2017),28931639,0.036,0.099,
N6/PGDM1400-10E8v4,0330_V4_C3,Xu et al. Science 358:85 (2017),28931639,0.006,0.016,
N6/PGDM1400-10E8v4,0439_V5_C1,Xu et al. Science 358:85 (2017),28931639,0.284,0.572,
N6/PGDM1400-10E8v4,0815_V3_C3,Xu et al. Science 358:85 (2017),28931639,0.084,0.238,
N6/PGDM1400-10E8v4,0921_V2_C14,Xu et al. Science 358:85 (2017),28931639,0.007,0.025,
N6/PGDM1400-10E8v4,16055_2_3,Xu et al. Science 358:85 (2017),28931639,0.004,0.012,
N6/PGDM1400-10E8v4,16845_2_22,Xu et al. Science 358:85 (2017),28931639,0.198,1.27,
N6/PGDM1400-10E8v4,16936_2_21,Xu et al. Science 358:85 (2017),28931639,0.004,0.023,
N6/PGDM1400-10E8v4,191821_E6_1,Xu et al. Science 358:85 (2017),28931639,0.073,0.185,
N6/PGDM1400-10E8v4,231965_C1,Xu et al. Science 358:85 (2017),28931639,0.017,0.076,
N6/PGDM1400-10E8v4,235_47,Xu et al. Science 358:85 (2017),28931639,0.006,0.02,
N6/PGDM1400-10E8v4,242_14,Xu et al. Science 358:85 (2017),28931639,0.014,0.049,
N6/PGDM1400-10E8v4,246_F3_C10_2,Xu et al. Science 358:85 (2017),28931639,0.011,0.023,
N6/PGDM1400-10E8v4,247_23,Xu et al. Science 358:85 (2017),28931639,0.009,0.023,
N6/PGDM1400-10E8v4,25710_2_43,Xu et al. Science 358:85 (2017),28931639,0.009,0.022,
N6/PGDM1400-10E8v4,25711_2_4,Xu et al. Science 358:85 (2017),28931639,0.215,0.507,
N6/PGDM1400-10E8v4,25925_2_22,Xu et al. Science 358:85 (2017),28931639,0.004,0.013,
N6/PGDM1400-10E8v4,26191_2_48,Xu et al. Science 358:85 (2017),28931639,0.006,0.036,
N6/PGDM1400-10E8v4,263_8,Xu et al. Science 358:85 (2017),28931639,0.017,0.051,
N6/PGDM1400-10E8v4,269_12,Xu et al. Science 358:85 (2017),28931639,0.185,0.564,
N6/PGDM1400-10E8v4,271_11,Xu et al. Science 358:85 (2017),28931639,0.007,0.023,
N6/PGDM1400-10E8v4,286_36,Xu et al. Science 358:85 (2017),28931639,0.018,0.058,
N6/PGDM1400-10E8v4,288_38,Xu et al. Science 358:85 (2017),28931639,0.024,0.103,
N6/PGDM1400-10E8v4,3016_V5_C45,Xu et al. Science 358:85 (2017),28931639,0.014,0.051,
N6/PGDM1400-10E8v4,3168_V4_C10,Xu et al. Science 358:85 (2017),28931639,0.114,0.312,
N6/PGDM1400-10E8v4,3301_V1_C24,Xu et al. Science 358:85 (2017),28931639,0.016,0.048,
N6/PGDM1400-10E8v4,3326_V4_C3,Xu et al. Science 358:85 (2017),28931639,0.003,0.009,
N6/PGDM1400-10E8v4,3337_V2_C6,Xu et al. Science 358:85 (2017),28931639,0.012,0.043,
N6/PGDM1400-10E8v4,3365_V2_C20,Xu et al. Science 358:85 (2017),28931639,0.011,0.036,
N6/PGDM1400-10E8v4,3415_V1_C1,Xu et al. Science 358:85 (2017),28931639,0.02,0.072,
N6/PGDM1400-10E8v4,3468_V1_C12,Xu et al. Science 358:85 (2017),28931639,0.061,0.205,
N6/PGDM1400-10E8v4,3589_V1_C4,Xu et al. Science 358:85 (2017),28931639,0.007,0.03,
N6/PGDM1400-10E8v4,3637_V5_C3,Xu et al. Science 358:85 (2017),28931639,1.12,2.06,
N6/PGDM1400-10E8v4,3718_3_11,Xu et al. Science 358:85 (2017),28931639,0.006,0.016,
N6/PGDM1400-10E8v4,3817_V2_C59,Rujas et al. PNAS USA. 119:e2112887119 (2022) - Dataset 1,35064083,1.2,,
N6/PGDM1400-10E8v4,3817_V2_C59,Xu et al. Science 358:85 (2017),28931639,0.055,0.282,
N6/PGDM1400-10E8v4,3873_V1_C24,Xu et al. Science 358:85 (2017),28931639,0.006,0.021,
N6/PGDM1400-10E8v4,3988_25,Xu et al. Science 358:85 (2017),28931639,0.091,0.201,
N6/PGDM1400-10E8v4,398_F1_F6_20,Xu et al. Science 358:85 (2017),28931639,0.039,0.271,
N6/PGDM1400-10E8v4,45_01DG5,Xu et al. Science 358:85 (2017),28931639,0.01,0.026,
N6/PGDM1400-10E8v4,57128_VRC15,Xu et al. Science 358:85 (2017),28931639,0.03,0.092,
N6/PGDM1400-10E8v4,5768_4,Xu et al. Science 358:85 (2017),28931639,0.069,0.155,
N6/PGDM1400-10E8v4,6095_V1_C10,Xu et al. Science 358:85 (2017),28931639,0.015,0.046,
N6/PGDM1400-10E8v4,6101_1,Xu et al. Science 358:85 (2017),28931639,0.087,0.203,
N6/PGDM1400-10E8v4,620345_C1,Xu et al. Science 358:85 (2017),28931639,0.061,1.11,
N6/PGDM1400-10E8v4,6322_V4_C1,Xu et al. Science 358:85 (2017),28931639,0.004,0.025,
N6/PGDM1400-10E8v4,6405_V4_C34,Xu et al. Science 358:85 (2017),28931639,0.575,1.67,
N6/PGDM1400-10E8v4,6471_V1_C16,Xu et al. Science 358:85 (2017),28931639,>50,>50,
N6/PGDM1400-10E8v4,6535_3,Xu et al. Science 358:85 (2017),28931639,0.006,0.047,
N6/PGDM1400-10E8v4,6540_V4_C1,Xu et al. Science 358:85 (2017),28931639,0.007,0.024,
N6/PGDM1400-10E8v4,6545_V4_C1,Xu et al. Science 358:85 (2017),28931639,0.007,0.043,
N6/PGDM1400-10E8v4,6631_V3_C10,Xu et al. Science 358:85 (2017),28931639,0.51,1.54,
N6/PGDM1400-10E8v4,6644_V2_C33,Xu et al. Science 358:85 (2017),28931639,0.012,0.037,
N6/PGDM1400-10E8v4,6785_V5_C14,Xu et al. Science 358:85 (2017),28931639,0.015,0.044,
N6/PGDM1400-10E8v4,6838_V1_C35,Xu et al. Science 358:85 (2017),28931639,0.013,0.043,
N6/PGDM1400-10E8v4,703010217_B6,Xu et al. Science 358:85 (2017),28931639,0.005,0.014,
N6/PGDM1400-10E8v4,7165_18,Xu et al. Science 358:85 (2017),28931639,0.21,1.06,
N6/PGDM1400-10E8v4,89_6,Xu et al. Science 358:85 (2017),28931639,0.009,0.035,
N6/PGDM1400-10E8v4,928_28,Xu et al. Science 358:85 (2017),28931639,0.037,0.119,
N6/PGDM1400-10E8v4,92BR025_9,Xu et al. Science 358:85 (2017),28931639,0.006,0.018,
N6/PGDM1400-10E8v4,92RW020_2,Xu et al. Science 358:85 (2017),28931639,0.023,0.065,
N6/PGDM1400-10E8v4,96ZM651_02,Xu et al. Science 358:85 (2017),28931639,0.043,0.181,
N6/PGDM1400-10E8v4,A03349M1_VRC4A,Xu et al. Science 358:85 (2017),28931639,0.157,0.471,
N6/PGDM1400-10E8v4,A07412M1_VRC12,Xu et al. Science 358:85 (2017),28931639,0.018,0.06,
N6/PGDM1400-10E8v4,AC10_29,Xu et al. Science 358:85 (2017),28931639,0.132,0.536,
N6/PGDM1400-10E8v4,ADA,Xu et al. Science 358:85 (2017),28931639,0.036,0.143,
N6/PGDM1400-10E8v4,BAL_01,Xu et al. Science 358:85 (2017),28931639,0.004,0.017,
N6/PGDM1400-10E8v4,BAL_26,Xu et al. Science 358:85 (2017),28931639,0.004,0.017,
N6/PGDM1400-10E8v4,BB201_B42,Xu et al. Science 358:85 (2017),28931639,0.001,0.005,
N6/PGDM1400-10E8v4,BB539_2B13,Xu et al. Science 358:85 (2017),28931639,0.011,0.033,
N6/PGDM1400-10E8v4,BG1168_1,Xu et al. Science 358:85 (2017),28931639,0.295,0.817,
N6/PGDM1400-10E8v4,BG505_W6M_C2,Xu et al. Science 358:85 (2017),28931639,0.005,0.022,
N6/PGDM1400-10E8v4,BG505_W6M_C2_T332N,Rujas et al. PNAS USA. 119:e2112887119 (2022) - Dataset 1,35064083,0.059,,
N6/PGDM1400-10E8v4,BI369_9A,Xu et al. Science 358:85 (2017),28931639,0.011,0.038,
N6/PGDM1400-10E8v4,BJOX002000_03_2,Xu et al. Science 358:85 (2017),28931639,0.009,0.033,
N6/PGDM1400-10E8v4,BJOX009000_02_4,Xu et al. Science 358:85 (2017),28931639,0.096,0.447,
N6/PGDM1400-10E8v4,BJOX010000_06_2,Xu et al. Science 358:85 (2017),28931639,0.015,0.059,
N6/PGDM1400-10E8v4,BJOX025000_01_1,Xu et al. Science 358:85 (2017),28931639,0.01,0.036,
N6/PGDM1400-10E8v4,BJOX028000_10_3,Xu et al. Science 358:85 (2017),28931639,0.014,0.05,
N6/PGDM1400-10E8v4,BL01,Xu et al. Science 358:85 (2017),28931639,48.9,>50,
N6/PGDM1400-10E8v4,BR07,Xu et al. Science 358:85 (2017),28931639,0.458,1.91,
N6/PGDM1400-10E8v4,BS208_B1,Xu et al. Science 358:85 (2017),28931639,0.002,0.008,
N6/PGDM1400-10E8v4,BX08_16,Xu et al. Science 358:85 (2017),28931639,0.009,0.041,
N6/PGDM1400-10E8v4,C1080_C3,Xu et al. Science 358:85 (2017),28931639,0.002,0.006,
N6/PGDM1400-10E8v4,C2101_C1,Xu et al. Science 358:85 (2017),28931639,0.009,0.037,
N6/PGDM1400-10E8v4,C3347_C11,Xu et al. Science 358:85 (2017),28931639,0.007,0.025,
N6/PGDM1400-10E8v4,C4118_9,Xu et al. Science 358:85 (2017),28931639,0.003,0.01,
N6/PGDM1400-10E8v4,CAAN5342,Xu et al. Science 358:85 (2017),28931639,0.63,2.01,
N6/PGDM1400-10E8v4,CAP210_E8,Xu et al. Science 358:85 (2017),28931639,0.014,0.148,
N6/PGDM1400-10E8v4,CAP244_D3,Xu et al. Science 358:85 (2017),28931639,0.055,0.254,
N6/PGDM1400-10E8v4,CAP256_SU,Xu et al. Science 358:85 (2017),28931639,0.006,0.019,
N6/PGDM1400-10E8v4,CAP45_G3,Xu et al. Science 358:85 (2017),28931639,0.002,0.008,
N6/PGDM1400-10E8v4,CE1176_A3,Xu et al. Science 358:85 (2017),28931639,0.011,0.034,
N6/PGDM1400-10E8v4,CH038_12,Xu et al. Science 358:85 (2017),28931639,0.056,0.303,
N6/PGDM1400-10E8v4,CH070_1,Xu et al. Science 358:85 (2017),28931639,0.002,0.005,
N6/PGDM1400-10E8v4,CH117_4,Xu et al. Science 358:85 (2017),28931639,0.001,0.003,
N6/PGDM1400-10E8v4,CH119_10,Xu et al. Science 358:85 (2017),28931639,0.103,0.296,
N6/PGDM1400-10E8v4,CH181_12,Xu et al. Science 358:85 (2017),28931639,0.001,0.004,
N6/PGDM1400-10E8v4,CM244_EC1,Xu et al. Science 358:85 (2017),28931639,0.0009,0.002,
N6/PGDM1400-10E8v4,CNE10,Xu et al. Science 358:85 (2017),28931639,0.014,0.297,
N6/PGDM1400-10E8v4,CNE12,Xu et al. Science 358:85 (2017),28931639,0.617,1.94,
N6/PGDM1400-10E8v4,CNE14,Xu et al. Science 358:85 (2017),28931639,0.23,0.584,
N6/PGDM1400-10E8v4,CNE15,Xu et al. Science 358:85 (2017),28931639,0.006,0.018,
N6/PGDM1400-10E8v4,CNE19,Xu et al. Science 358:85 (2017),28931639,0.003,0.013,
N6/PGDM1400-10E8v4,CNE20,Xu et al. Science 358:85 (2017),28931639,0.005,0.016,
N6/PGDM1400-10E8v4,CNE21,Xu et al. Science 358:85 (2017),28931639,0.003,0.011,
N6/PGDM1400-10E8v4,CNE3,Xu et al. Science 358:85 (2017),28931639,0.007,0.03,
N6/PGDM1400-10E8v4,CNE30,Xu et al. Science 358:85 (2017),28931639,0.63,2.18,
N6/PGDM1400-10E8v4,CNE31,Xu et al. Science 358:85 (2017),28931639,0.266,0.989,
N6/PGDM1400-10E8v4,CNE4,Xu et al. Science 358:85 (2017),28931639,0.098,0.557,
N6/PGDM1400-10E8v4,CNE40,Xu et al. Science 358:85 (2017),28931639,0.035,0.156,
N6/PGDM1400-10E8v4,CNE5,Xu et al. Science 358:85 (2017),28931639,0.002,0.007,
N6/PGDM1400-10E8v4,CNE53,Xu et al. Science 358:85 (2017),28931639,0.036,0.141,
N6/PGDM1400-10E8v4,CNE55,Xu et al. Science 358:85 (2017),28931639,0.008,0.03,
N6/PGDM1400-10E8v4,CNE56,Xu et al. Science 358:85 (2017),28931639,0.209,1.03,
N6/PGDM1400-10E8v4,CNE57,Xu et al. Science 358:85 (2017),28931639,0.154,0.744,
N6/PGDM1400-10E8v4,CNE58,Xu et al. Science 358:85 (2017),28931639,0.004,0.011,
N6/PGDM1400-10E8v4,CNE59,Xu et al. Science 358:85 (2017),28931639,0.005,0.021,
N6/PGDM1400-10E8v4,CNE7,Xu et al. Science 358:85 (2017),28931639,0.022,0.073,
N6/PGDM1400-10E8v4,CNE8,Rujas et al. PNAS USA. 119:e2112887119 (2022) - Dataset 1,35064083,0.024,,
N6/PGDM1400-10E8v4,CNE8,Xu et al. Science 358:85 (2017),28931639,0.002,0.012,
N6/PGDM1400-10E8v4,DJ263_8,Xu et al. Science 358:85 (2017),28931639,0.002,0.011,
N6/PGDM1400-10E8v4,DU123_06,Xu et al. Science 358:85 (2017),28931639,0.008,0.028,
N6/PGDM1400-10E8v4,DU151_02,Xu et al. Science 358:85 (2017),28931639,0.014,0.037,
N6/PGDM1400-10E8v4,DU156_12,Xu et al. Science 358:85 (2017),28931639,0.004,0.019,
N6/PGDM1400-10E8v4,DU172_17,Xu et al. Science 358:85 (2017),28931639,0.066,0.334,
N6/PGDM1400-10E8v4,DU422_1,Rujas et al. PNAS USA. 119:e2112887119 (2022) - Dataset 1,35064083,0.19,,
N6/PGDM1400-10E8v4,DU422_1,Xu et al. Science 358:85 (2017),28931639,0.09,0.526,
N6/PGDM1400-10E8v4,H086_8,Xu et al. Science 358:85 (2017),28931639,0.036,0.113,
N6/PGDM1400-10E8v4,HT593_1,Xu et al. Science 358:85 (2017),28931639,0.119,0.481,
N6/PGDM1400-10E8v4,HXB2,Xu et al. Science 358:85 (2017),28931639,0.016,0.053,
N6/PGDM1400-10E8v4,JRCSF,Rujas et al. PNAS USA. 119:e2112887119 (2022) - Dataset 1,35064083,0.026,,
N6/PGDM1400-10E8v4,JRCSF,Xu et al. Science 358:85 (2017),28931639,0.005,0.015,
N6/PGDM1400-10E8v4,JRFL,Xu et al. Science 358:85 (2017),28931639,0.021,0.064,
N6/PGDM1400-10E8v4,KER2008_12,Xu et al. Science 358:85 (2017),28931639,0.002,0.009,
N6/PGDM1400-10E8v4,KER2018_11,Xu et al. Science 358:85 (2017),28931639,0.002,0.007,
N6/PGDM1400-10E8v4,KNH1209_18,Xu et al. Science 358:85 (2017),28931639,0.016,0.066,
N6/PGDM1400-10E8v4,KO426_T78_10,Xu et al. Science 358:85 (2017),28931639,0.322,1,
N6/PGDM1400-10E8v4,M02138,Xu et al. Science 358:85 (2017),28931639,0.038,0.161,
N6/PGDM1400-10E8v4,MB201_A1,Xu et al. Science 358:85 (2017),28931639,0.15,0.542,
N6/PGDM1400-10E8v4,MB539_2B7,Xu et al. Science 358:85 (2017),28931639,0.039,0.076,
N6/PGDM1400-10E8v4,MI369_A5,Xu et al. Science 358:85 (2017),28931639,0.014,0.044,
N6/PGDM1400-10E8v4,MN_3,Xu et al. Science 358:85 (2017),28931639,0.009,0.029,
N6/PGDM1400-10E8v4,MS208_A1,Xu et al. Science 358:85 (2017),28931639,0.004,0.021,
N6/PGDM1400-10E8v4,MW965_26,Xu et al. Science 358:85 (2017),28931639,0.002,0.011,
N6/PGDM1400-10E8v4,NKU3006_EC1,Xu et al. Science 358:85 (2017),28931639,0.572,1.86,
N6/PGDM1400-10E8v4,P0402_C2_11,Xu et al. Science 358:85 (2017),28931639,0.002,0.009,
N6/PGDM1400-10E8v4,P1981_C5_3,Xu et al. Science 358:85 (2017),28931639,0.028,0.08,
N6/PGDM1400-10E8v4,PVO_4,Rujas et al. PNAS USA. 119:e2112887119 (2022) - Dataset 1,35064083,1.3,,
N6/PGDM1400-10E8v4,PVO_4,Xu et al. Science 358:85 (2017),28931639,0.373,1.04,
N6/PGDM1400-10E8v4,Q168_A2,Xu et al. Science 358:85 (2017),28931639,0.007,0.019,
N6/PGDM1400-10E8v4,Q23_17,Xu et al. Science 358:85 (2017),28931639,0.001,0.004,
N6/PGDM1400-10E8v4,Q259_17,Xu et al. Science 358:85 (2017),28931639,0.015,0.17,
N6/PGDM1400-10E8v4,Q461_E2,Xu et al. Science 358:85 (2017),28931639,0.145,0.358,
N6/PGDM1400-10E8v4,Q769_D22,Xu et al. Science 358:85 (2017),28931639,0.008,0.032,
N6/PGDM1400-10E8v4,Q769_H5,Xu et al. Science 358:85 (2017),28931639,0.006,0.019,
N6/PGDM1400-10E8v4,Q842_D12,Xu et al. Science 358:85 (2017),28931639,0.002,0.009,
N6/PGDM1400-10E8v4,QH0515_1,Xu et al. Science 358:85 (2017),28931639,0.361,1.22,
N6/PGDM1400-10E8v4,QH0692_42,Xu et al. Science 358:85 (2017),28931639,0.721,3.96,
N6/PGDM1400-10E8v4,QH209_14M_A2,Xu et al. Science 358:85 (2017),28931639,0.017,0.058,
N6/PGDM1400-10E8v4,R1166_C1,Xu et al. Science 358:85 (2017),28931639,0.513,1.69,
N6/PGDM1400-10E8v4,R2184_C4,Xu et al. Science 358:85 (2017),28931639,0.015,0.041,
N6/PGDM1400-10E8v4,R3265_C6,Xu et al. Science 358:85 (2017),28931639,0.027,0.081,
N6/PGDM1400-10E8v4,REJO4541_67,Xu et al. Science 358:85 (2017),28931639,0.005,0.016,
N6/PGDM1400-10E8v4,RHPA4259_7,Xu et al. Science 358:85 (2017),28931639,0.049,0.144,
N6/PGDM1400-10E8v4,S018_18,Xu et al. Science 358:85 (2017),28931639,0.004,0.011,
N6/PGDM1400-10E8v4,SC422_8,Xu et al. Science 358:85 (2017),28931639,0.155,0.478,
N6/PGDM1400-10E8v4,SF162,Rujas et al. PNAS USA. 119:e2112887119 (2022) - Dataset 1,35064083,0.33,,
N6/PGDM1400-10E8v4,SF162,Xu et al. Science 358:85 (2017),28931639,0.109,0.342,
N6/PGDM1400-10E8v4,SS1196_1,Xu et al. Science 358:85 (2017),28931639,0.041,0.153,
N6/PGDM1400-10E8v4,T250_4,Xu et al. Science 358:85 (2017),28931639,0.001,0.004,
N6/PGDM1400-10E8v4,T251_18,Xu et al. Science 358:85 (2017),28931639,0.903,3.02,
N6/PGDM1400-10E8v4,T253_11,Xu et al. Science 358:85 (2017),28931639,0.006,0.024,
N6/PGDM1400-10E8v4,T255_34,Xu et al. Science 358:85 (2017),28931639,0.009,0.038,
N6/PGDM1400-10E8v4,T257_31,Rujas et al. PNAS USA. 119:e2112887119 (2022) - Dataset 1,35064083,0.028,,
N6/PGDM1400-10E8v4,T257_31,Xu et al. Science 358:85 (2017),28931639,0.006,0.018,
N6/PGDM1400-10E8v4,T266_60,Xu et al. Science 358:85 (2017),28931639,0.223,0.822,
N6/PGDM1400-10E8v4,T278_50,Rujas et al. PNAS USA. 119:e2112887119 (2022) - Dataset 1,35064083,1.2,,
N6/PGDM1400-10E8v4,T278_50,Xu et al. Science 358:85 (2017),28931639,1.08,3.94,
N6/PGDM1400-10E8v4,T280_5,Xu et al. Science 358:85 (2017),28931639,0.007,0.037,
N6/PGDM1400-10E8v4,T33_7,Xu et al. Science 358:85 (2017),28931639,0.003,0.01,
N6/PGDM1400-10E8v4,TH023_6,Xu et al. Science 358:85 (2017),28931639,0.004,0.017,
N6/PGDM1400-10E8v4,TH966_8,Xu et al. Science 358:85 (2017),28931639,0.004,0.018,
N6/PGDM1400-10E8v4,TH976_17,Xu et al. Science 358:85 (2017),28931639,0.135,0.558,
N6/PGDM1400-10E8v4,THRO4156,Rujas et al. PNAS USA. 119:e2112887119 (2022) - Dataset 1,35064083,0.31,,
N6/PGDM1400-10E8v4,THRO4156,Xu et al. Science 358:85 (2017),28931639,0.14,0.542,
N6/PGDM1400-10E8v4,TRJO4551_58,Xu et al. Science 358:85 (2017),28931639,0.268,0.615,
N6/PGDM1400-10E8v4,TRO_11,Xu et al. Science 358:85 (2017),28931639,0.153,0.522,
N6/PGDM1400-10E8v4,TV1_29,Xu et al. Science 358:85 (2017),28931639,0.002,0.022,
N6/PGDM1400-10E8v4,TZA125_17,Xu et al. Science 358:85 (2017),28931639,0.045,0.156,
N6/PGDM1400-10E8v4,TZBD_02,Xu et al. Science 358:85 (2017),28931639,0.01,0.037,
N6/PGDM1400-10E8v4,UG021_16,Xu et al. Science 358:85 (2017),28931639,0.01,0.075,
N6/PGDM1400-10E8v4,UG024_2,Xu et al. Science 358:85 (2017),28931639,0.028,0.106,
N6/PGDM1400-10E8v4,UG037_8,Xu et al. Science 358:85 (2017),28931639,0.028,0.098,
N6/PGDM1400-10E8v4,WITO4160_33,Xu et al. Science 358:85 (2017),28931639,0.008,0.029,
N6/PGDM1400-10E8v4,X1193_C1,Xu et al. Science 358:85 (2017),28931639,0.04,0.203,
N6/PGDM1400-10E8v4,X1254_C3,Xu et al. Science 358:85 (2017),28931639,0.092,0.257,
N6/PGDM1400-10E8v4,X1632_S2_B10,Rujas et al. PNAS USA. 119:e2112887119 (2022) - Dataset 1,35064083,0.03,,
N6/PGDM1400-10E8v4,X1632_S2_B10,Xu et al. Science 358:85 (2017),28931639,0.013,0.038,
N6/PGDM1400-10E8v4,X2088_C9,Rujas et al. PNAS USA. 119:e2112887119 (2022) - Dataset 1,35064083,0.56,,
N6/PGDM1400-10E8v4,X2088_C9,Xu et al. Science 358:85 (2017),28931639,0.297,0.882,
N6/PGDM1400-10E8v4,X2131_C1_B5,Xu et al. Science 358:85 (2017),28931639,0.071,0.212,
N6/PGDM1400-10E8v4,X2278_C2_B6,Xu et al. Science 358:85 (2017),28931639,0.038,0.11,
N6/PGDM1400-10E8v4,YU2,Xu et al. Science 358:85 (2017),28931639,0.045,0.13,
N6/PGDM1400-10E8v4,ZA012_29,Xu et al. Science 358:85 (2017),28931639,0.03,0.078,
N6/PGDM1400-10E8v4,ZM106_9,Rujas et al. PNAS USA. 119:e2112887119 (2022) - Dataset 1,35064083,0.017,,
N6/PGDM1400-10E8v4,ZM106_9,Xu et al. Science 358:85 (2017),28931639,0.022,0.062,
N6/PGDM1400-10E8v4,ZM109_4,Xu et al. Science 358:85 (2017),28931639,0.03,0.095,
N6/PGDM1400-10E8v4,ZM135_10A,Xu et al. Science 358:85 (2017),28931639,0.021,0.193,
N6/PGDM1400-10E8v4,ZM176_66,Xu et al. Science 358:85 (2017),28931639,0.004,0.012,
N6/PGDM1400-10E8v4,ZM197_7,Rujas et al. PNAS USA. 119:e2112887119 (2022) - Dataset 1,35064083,0.073,,
N6/PGDM1400-10E8v4,ZM197_7,Xu et al. Science 358:85 (2017),28931639,0.055,0.157,
N6/PGDM1400-10E8v4,ZM214_15,Xu et al. Science 358:85 (2017),28931639,0.591,2.13,
N6/PGDM1400-10E8v4,ZM215_8,Xu et al. Science 358:85 (2017),28931639,0.002,0.006,
N6/PGDM1400-10E8v4,ZM233_6,Xu et al. Science 358:85 (2017),28931639,0.006,0.01,
N6/PGDM1400-10E8v4,ZM249_1,Xu et al. Science 358:85 (2017),28931639,0.007,0.023,
N6/PGDM1400-10E8v4,ZM53_12,Xu et al. Science 358:85 (2017),28931639,0.004,0.014,
N6/PGDM1400-10E8v4,ZM55_28A,Xu et al. Science 358:85 (2017),28931639,0.024,0.082,
PG16/10-1074,0260_V5_C36,Bournazos et al. Cell 165:1609 (2016) - dataset 1,27315478,0.091,,
PG16/10-1074,16845_2_22,Bournazos et al. Cell 165:1609 (2016) - dataset 1,27315478,0.402,,
PG16/10-1074,16845_2_22,Bournazos et al. Cell 165:1609 (2016) - dataset 2,27315478,0.28,0.909,
PG16/10-1074,211_9,Bournazos et al. Cell 165:1609 (2016) - dataset 1,27315478,0.027,,
PG16/10-1074,249M_B10,Bournazos et al. Cell 165:1609 (2016) - dataset 1,27315478,0.146,,
PG16/10-1074,263_8,Bournazos et al. Cell 165:1609 (2016) - dataset 1,27315478,0.222,,
PG16/10-1074,3016_V5_C45,Bournazos et al. Cell 165:1609 (2016) - dataset 1,27315478,>50,,
PG16/10-1074,6041_V3_C23,Bournazos et al. Cell 165:1609 (2016) - dataset 1,27315478,2.038,,
PG16/10-1074,620345_C1,Bournazos et al. Cell 165:1609 (2016) - dataset 1,27315478,>50,,
PG16/10-1074,6540_V4_C1,Bournazos et al. Cell 165:1609 (2016) - dataset 1,27315478,0.258,,
PG16/10-1074,6952_V1_C20,Bournazos et al. Cell 165:1609 (2016) - dataset 1,27315478,0.067,,
PG16/10-1074,C2101_C1,Bournazos et al. Cell 165:1609 (2016) - dataset 1,27315478,0.164,,
PG16/10-1074,CAP210_E8,Bournazos et al. Cell 165:1609 (2016) - dataset 1,27315478,0.575,,
PG16/10-1074,CNE30,Bournazos et al. Cell 165:1609 (2016) - dataset 1,27315478,1.264,,
PG16/10-1074,CNE30,Bournazos et al. Cell 165:1609 (2016) - dataset 2,27315478,0.671,2.652,
PG16/10-1074,DU422_1,Bournazos et al. Cell 165:1609 (2016) - dataset 1,27315478,0.018,,
PG16/10-1074,MS208_A1,Bournazos et al. Cell 165:1609 (2016) - dataset 1,27315478,0.156,,
PG16/10-1074,Q23_17,Bournazos et al. Cell 165:1609 (2016) - dataset 1,27315478,0.001,,
PG16/10-1074,Q461_E2,Bournazos et al. Cell 165:1609 (2016) - dataset 1,27315478,26.032,,
PG16/10-1074,Q461_E2,Bournazos et al. Cell 165:1609 (2016) - dataset 2,27315478,1.151,13.113,
PG16/10-1074,R1166_C1,Bournazos et al. Cell 165:1609 (2016) - dataset 1,27315478,41.588,,
PG16/10-1074,R3265_C6,Bournazos et al. Cell 165:1609 (2016) - dataset 1,27315478,0.424,,
PG16/10-1074,SC422_8,Bournazos et al. Cell 165:1609 (2016) - dataset 1,27315478,0.224,,
PG16/10-1074,T250_4,Bournazos et al. Cell 165:1609 (2016) - dataset 1,27315478,0.001,,
PG16/10-1074,T251_18,Bournazos et al. Cell 165:1609 (2016) - dataset 1,27315478,2.028,,
PG16/10-1074,T251_18,Bournazos et al. Cell 165:1609 (2016) - dataset 2,27315478,0.172,0.614,
PG16/10-1074,T257_31,Bournazos et al. Cell 165:1609 (2016) - dataset 1,27315478,0.053,,
PG16/10-1074,T278_50,Bournazos et al. Cell 165:1609 (2016) - dataset 2,27315478,0.107,0.325,
PG16/10-1074,THRO4156,Bournazos et al. Cell 165:1609 (2016) - dataset 1,27315478,21.692,,
PG16/10-1074,TRJO4551_58,Bournazos et al. Cell 165:1609 (2016) - dataset 1,27315478,0.12,,
PG16/10-1074,TRJO4551_58,Bournazos et al. Cell 165:1609 (2016) - dataset 2,27315478,0.113,0.517,
PG16/10-1074,TRO_11,Bournazos et al. Cell 165:1609 (2016) - dataset 1,27315478,0.028,,
PG16/10-1074,X1193_C1,Bournazos et al. Cell 165:1609 (2016) - dataset 1,27315478,0.039,,
PG16/10-1074,X2131_C1_B5,Bournazos et al. Cell 165:1609 (2016) - dataset 1,27315478,0.012,,
PG16/10-1074,YU2,Bournazos et al. Cell 165:1609 (2016) - dataset 1,27315478,0.113,,
PG16/10-1074,ZM109_4,Bournazos et al. Cell 165:1609 (2016) - dataset 1,27315478,>40,,
PG16/10-1074,ZM109_4,Bournazos et al. Cell 165:1609 (2016) - dataset 2,27315478,1.119,12.916,
PG16/10-1074,ZM135_10A,Bournazos et al. Cell 165:1609 (2016) - dataset 1,27315478,0.428,,
PG16/10-1074,ZM249_1,Bournazos et al. Cell 165:1609 (2016) - dataset 1,27315478,0.24,,
PG16/PGT121,0013095_2_11,Bournazos et al. Cell 165:1609 (2016) - dataset 1,27315478,0.019,,
PG16/PGT121,001428_2_42,Bournazos et al. Cell 165:1609 (2016) - dataset 1,27315478,0.001,,
PG16/PGT121,0260_V5_C36,Bournazos et al. Cell 165:1609 (2016) - dataset 1,27315478,0.817,,
PG16/PGT121,0815_V3_C3,Bournazos et al. Cell 165:1609 (2016) - dataset 1,27315478,15.225,,
PG16/PGT121,1006_11_C3_1601,Bournazos et al. Cell 165:1609 (2016) - dataset 1,27315478,1.196,,
PG16/PGT121,1012_11_TC21_3257,Bournazos et al. Cell 165:1609 (2016) - dataset 1,27315478,0.094,,
PG16/PGT121,1054_07_TC4_1499,Bournazos et al. Cell 165:1609 (2016) - dataset 1,27315478,>40,,
PG16/PGT121,1056_10_TA11_1826,Bournazos et al. Cell 165:1609 (2016) - dataset 1,27315478,1.219,,
PG16/PGT121,1394_C9G1,Bournazos et al. Cell 165:1609 (2016) - dataset 1,27315478,0.04,,
PG16/PGT121,16055_2_3,Bournazos et al. Cell 165:1609 (2016) - dataset 1,27315478,0.008,,
PG16/PGT121,16845_2_22,Bournazos et al. Cell 165:1609 (2016) - dataset 1,27315478,9.374,,
PG16/PGT121,16845_2_22,Bournazos et al. Cell 165:1609 (2016) - dataset 2,27315478,0.171,0.856,
PG16/PGT121,191084_B7_19,Bournazos et al. Cell 165:1609 (2016) - dataset 1,27315478,0.034,,
PG16/PGT121,191821_E6_1,Bournazos et al. Cell 165:1609 (2016) - dataset 1,27315478,>40,,
PG16/PGT121,191955_A11,Bournazos et al. Cell 165:1609 (2016) - dataset 1,27315478,0.022,,
PG16/PGT121,211_9,Bournazos et al. Cell 165:1609 (2016) - dataset 1,27315478,0.027,,
PG16/PGT121,231965_C1,Bournazos et al. Cell 165:1609 (2016) - dataset 1,27315478,0.54,,
PG16/PGT121,231966_C2,Bournazos et al. Cell 165:1609 (2016) - dataset 1,27315478,0.024,,
PG16/PGT121,235_47,Bournazos et al. Cell 165:1609 (2016) - dataset 1,27315478,1.039,,
PG16/PGT121,249M_B10,Bournazos et al. Cell 165:1609 (2016) - dataset 1,27315478,0.052,,
PG16/PGT121,263_8,Bournazos et al. Cell 165:1609 (2016) - dataset 1,27315478,0.531,,
PG16/PGT121,3016_V5_C45,Bournazos et al. Cell 165:1609 (2016) - dataset 1,27315478,>50,,
PG16/PGT121,3103_V3_C10,Bournazos et al. Cell 165:1609 (2016) - dataset 1,27315478,7.101,,
PG16/PGT121,3301_V1_C24,Bournazos et al. Cell 165:1609 (2016) - dataset 1,27315478,0.03,,
PG16/PGT121,3817_V2_C59,Bournazos et al. Cell 165:1609 (2016) - dataset 1,27315478,0.011,,
PG16/PGT121,6041_V3_C23,Bournazos et al. Cell 165:1609 (2016) - dataset 1,27315478,0.05,,
PG16/PGT121,620345_C1,Bournazos et al. Cell 165:1609 (2016) - dataset 1,27315478,>50,,
PG16/PGT121,62357_14_D3_4589,Bournazos et al. Cell 165:1609 (2016) - dataset 1,27315478,>40,,
PG16/PGT121,6240_08_TA5_4622,Bournazos et al. Cell 165:1609 (2016) - dataset 1,27315478,18.289,,
PG16/PGT121,6244_13_B5_4567,Bournazos et al. Cell 165:1609 (2016) - dataset 1,27315478,>40,,
PG16/PGT121,6480_V4_C25,Bournazos et al. Cell 165:1609 (2016) - dataset 1,27315478,1.846,,
PG16/PGT121,6535_3,Bournazos et al. Cell 165:1609 (2016) - dataset 1,27315478,1.333,,
PG16/PGT121,6540_V4_C1,Bournazos et al. Cell 165:1609 (2016) - dataset 1,27315478,0.03,,
PG16/PGT121,6545_V4_C1,Bournazos et al. Cell 165:1609 (2016) - dataset 1,27315478,0.205,,
PG16/PGT121,6811_V7_C18,Bournazos et al. Cell 165:1609 (2016) - dataset 1,27315478,1.227,,
PG16/PGT121,6952_V1_C20,Bournazos et al. Cell 165:1609 (2016) - dataset 1,27315478,1.797,,
PG16/PGT121,703010054_2A2,Bournazos et al. Cell 165:1609 (2016) - dataset 1,27315478,0.036,,
PG16/PGT121,703010200_1E5,Bournazos et al. Cell 165:1609 (2016) - dataset 1,27315478,4.466,,
PG16/PGT121,704809221_1B3,Bournazos et al. Cell 165:1609 (2016) - dataset 1,27315478,0.033,,
PG16/PGT121,89_F1_2_25,Bournazos et al. Cell 165:1609 (2016) - dataset 1,27315478,>40,,
PG16/PGT121,9004SS_A3_4,Bournazos et al. Cell 165:1609 (2016) - dataset 1,27315478,0.026,,
PG16/PGT121,928_28,Bournazos et al. Cell 165:1609 (2016) - dataset 1,27315478,0.09,,
PG16/PGT121,A07412M1_VRC12,Bournazos et al. Cell 165:1609 (2016) - dataset 1,27315478,1.958,,
PG16/PGT121,AC10_29,Bournazos et al. Cell 165:1609 (2016) - dataset 1,27315478,0.055,,
PG16/PGT121,BAL_26,Bournazos et al. Cell 165:1609 (2016) - dataset 1,27315478,3.266,,
PG16/PGT121,BF1266_431A,Bournazos et al. Cell 165:1609 (2016) - dataset 1,27315478,0.004,,
PG16/PGT121,BJOX009000_02_4,Bournazos et al. Cell 165:1609 (2016) - dataset 1,27315478,2.032,,
PG16/PGT121,BJOX010000_06_2,Bournazos et al. Cell 165:1609 (2016) - dataset 1,27315478,10.276,,
PG16/PGT121,BJOX015000_11_5,Bournazos et al. Cell 165:1609 (2016) - dataset 1,27315478,10.879,,
PG16/PGT121,BJOX025000_01_1,Bournazos et al. Cell 165:1609 (2016) - dataset 1,27315478,0.271,,
PG16/PGT121,C1080_C3,Bournazos et al. Cell 165:1609 (2016) - dataset 1,27315478,0.002,,
PG16/PGT121,C2101_C1,Bournazos et al. Cell 165:1609 (2016) - dataset 1,27315478,0.012,,
PG16/PGT121,C3347_C11,Bournazos et al. Cell 165:1609 (2016) - dataset 1,27315478,0.019,,
PG16/PGT121,C4118_9,Bournazos et al. Cell 165:1609 (2016) - dataset 1,27315478,0.04,,
PG16/PGT121,CAAN5342,Bournazos et al. Cell 165:1609 (2016) - dataset 1,27315478,2.507,,
PG16/PGT121,CAP210_E8,Bournazos et al. Cell 165:1609 (2016) - dataset 1,27315478,0.242,,
PG16/PGT121,CAP45_G3,Bournazos et al. Cell 165:1609 (2016) - dataset 1,27315478,0.001,,
PG16/PGT121,CE0393_C3,Bournazos et al. Cell 165:1609 (2016) - dataset 1,27315478,0.006,,
PG16/PGT121,CE0682_E4,Bournazos et al. Cell 165:1609 (2016) - dataset 1,27315478,0.051,,
PG16/PGT121,CE1086_B2,Bournazos et al. Cell 165:1609 (2016) - dataset 1,27315478,1.274,,
PG16/PGT121,CE1172_H1,Bournazos et al. Cell 165:1609 (2016) - dataset 1,27315478,0.021,,
PG16/PGT121,CE1176_A3,Bournazos et al. Cell 165:1609 (2016) - dataset 1,27315478,0.009,,
PG16/PGT121,CE2060_G9,Bournazos et al. Cell 165:1609 (2016) - dataset 1,27315478,0.398,,
PG16/PGT121,CNE17,Bournazos et al. Cell 165:1609 (2016) - dataset 1,27315478,0.06,,
PG16/PGT121,CNE19,Bournazos et al. Cell 165:1609 (2016) - dataset 1,27315478,0.057,,
PG16/PGT121,CNE20,Bournazos et al. Cell 165:1609 (2016) - dataset 1,27315478,0.429,,
PG16/PGT121,CNE21,Bournazos et al. Cell 165:1609 (2016) - dataset 1,27315478,0.051,,
PG16/PGT121,CNE30,Bournazos et al. Cell 165:1609 (2016) - dataset 1,27315478,31.101,,
PG16/PGT121,CNE30,Bournazos et al. Cell 165:1609 (2016) - dataset 2,27315478,0.19,0.602,
PG16/PGT121,CNE5,Bournazos et al. Cell 165:1609 (2016) - dataset 1,27315478,0.004,,
PG16/PGT121,CNE52,Bournazos et al. Cell 165:1609 (2016) - dataset 1,27315478,0.042,,
PG16/PGT121,CNE53,Bournazos et al. Cell 165:1609 (2016) - dataset 1,27315478,3.604,,
PG16/PGT121,CNE55,Bournazos et al. Cell 165:1609 (2016) - dataset 1,27315478,15.16,,
PG16/PGT121,CNE58,Bournazos et al. Cell 165:1609 (2016) - dataset 1,27315478,0.033,,
PG16/PGT121,DU156_12,Bournazos et al. Cell 165:1609 (2016) - dataset 1,27315478,0.029,,
PG16/PGT121,DU172_17,Bournazos et al. Cell 165:1609 (2016) - dataset 1,27315478,0.082,,
PG16/PGT121,DU422_1,Bournazos et al. Cell 165:1609 (2016) - dataset 1,27315478,0.096,,
PG16/PGT121,MS208_A1,Bournazos et al. Cell 165:1609 (2016) - dataset 1,27315478,0.052,,
PG16/PGT121,P0402_C2_11,Bournazos et al. Cell 165:1609 (2016) - dataset 1,27315478,0.914,,
PG16/PGT121,P1981_C5_3,Bournazos et al. Cell 165:1609 (2016) - dataset 1,27315478,0.348,,
PG16/PGT121,PVO_4,Bournazos et al. Cell 165:1609 (2016) - dataset 1,27315478,6.705,,
PG16/PGT121,Q23_17,Bournazos et al. Cell 165:1609 (2016) - dataset 1,27315478,0.001,,
PG16/PGT121,Q259_17,Bournazos et al. Cell 165:1609 (2016) - dataset 1,27315478,0.224,,
PG16/PGT121,Q461_E2,Bournazos et al. Cell 165:1609 (2016) - dataset 1,27315478,5.863,,
PG16/PGT121,Q461_E2,Bournazos et al. Cell 165:1609 (2016) - dataset 2,27315478,0.706,12.627,
PG16/PGT121,Q769_D22,Bournazos et al. Cell 165:1609 (2016) - dataset 1,27315478,0.176,,
PG16/PGT121,Q842_D12,Bournazos et al. Cell 165:1609 (2016) - dataset 1,27315478,0.023,,
PG16/PGT121,QH0692_42,Bournazos et al. Cell 165:1609 (2016) - dataset 1,27315478,>40,,
PG16/PGT121,R1166_C1,Bournazos et al. Cell 165:1609 (2016) - dataset 1,27315478,4.583,,
PG16/PGT121,R2184_C4,Bournazos et al. Cell 165:1609 (2016) - dataset 1,27315478,5.155,,
PG16/PGT121,R3265_C6,Bournazos et al. Cell 165:1609 (2016) - dataset 1,27315478,0.052,,
PG16/PGT121,REJO4541_67,Bournazos et al. Cell 165:1609 (2016) - dataset 1,27315478,0.091,,
PG16/PGT121,RHPA4259_7,Bournazos et al. Cell 165:1609 (2016) - dataset 1,27315478,1.303,,
PG16/PGT121,SC05_8C11_2344,Bournazos et al. Cell 165:1609 (2016) - dataset 1,27315478,0.624,,
PG16/PGT121,SC422_8,Bournazos et al. Cell 165:1609 (2016) - dataset 1,27315478,14.791,,
PG16/PGT121,T250_4,Bournazos et al. Cell 165:1609 (2016) - dataset 1,27315478,0.004,,
PG16/PGT121,T251_18,Bournazos et al. Cell 165:1609 (2016) - dataset 1,27315478,11.345,,
PG16/PGT121,T251_18,Bournazos et al. Cell 165:1609 (2016) - dataset 2,27315478,0.158,0.871,
PG16/PGT121,T255_34,Bournazos et al. Cell 165:1609 (2016) - dataset 1,27315478,0.037,,
PG16/PGT121,T257_31,Bournazos et al. Cell 165:1609 (2016) - dataset 1,27315478,0.017,,
PG16/PGT121,T278_50,Bournazos et al. Cell 165:1609 (2016) - dataset 1,27315478,6.072,,
PG16/PGT121,T278_50,Bournazos et al. Cell 165:1609 (2016) - dataset 2,27315478,0.083,0.786,
PG16/PGT121,THRO4156,Bournazos et al. Cell 165:1609 (2016) - dataset 1,27315478,10.836,,
PG16/PGT121,TRJO4551_58,Bournazos et al. Cell 165:1609 (2016) - dataset 1,27315478,4.837,,
PG16/PGT121,TRJO4551_58,Bournazos et al. Cell 165:1609 (2016) - dataset 2,27315478,0.174,1.445,
PG16/PGT121,TRO_11,Bournazos et al. Cell 165:1609 (2016) - dataset 1,27315478,0.699,,
PG16/PGT121,WEAU_D15_410,Bournazos et al. Cell 165:1609 (2016) - dataset 1,27315478,1.032,,
PG16/PGT121,WITO4160_33,Bournazos et al. Cell 165:1609 (2016) - dataset 1,27315478,0.007,,
PG16/PGT121,X1193_C1,Bournazos et al. Cell 165:1609 (2016) - dataset 1,27315478,0.028,,
PG16/PGT121,X1632_S2_B10,Bournazos et al. Cell 165:1609 (2016) - dataset 1,27315478,0.063,,
PG16/PGT121,X2088_C9,Bournazos et al. Cell 165:1609 (2016) - dataset 1,27315478,7.752,,
PG16/PGT121,X2131_C1_B5,Bournazos et al. Cell 165:1609 (2016) - dataset 1,27315478,0.042,,
PG16/PGT121,YU2,Bournazos et al. Cell 165:1609 (2016) - dataset 1,27315478,0.414,,
PG16/PGT121,ZM109_4,Bournazos et al. Cell 165:1609 (2016) - dataset 1,27315478,>40,,
PG16/PGT121,ZM109_4,Bournazos et al. Cell 165:1609 (2016) - dataset 2,27315478,0.14,1.148,
PG16/PGT121,ZM135_10A,Bournazos et al. Cell 165:1609 (2016) - dataset 1,27315478,17.298,,
PG16/PGT121,ZM197_7,Bournazos et al. Cell 165:1609 (2016) - dataset 1,27315478,0.592,,
PG16/PGT121,ZM214_15,Bournazos et al. Cell 165:1609 (2016) - dataset 1,27315478,>40,,
PG16/PGT121,ZM233_6,Bournazos et al. Cell 165:1609 (2016) - dataset 1,27315478,0.002,,
PG16/PGT121,ZM246F,Bournazos et al. Cell 165:1609 (2016) - dataset 1,27315478,37.288,,
PG16/PGT121,ZM247_V1,Bournazos et al. Cell 165:1609 (2016) - dataset 1,27315478,0.038,,
PG16/PGT121,ZM249_1,Bournazos et al. Cell 165:1609 (2016) - dataset 1,27315478,0.049,,
PG16/PGT121,ZM53_12,Bournazos et al. Cell 165:1609 (2016) - dataset 1,27315478,0.011,,
PG16/PGT128,0013095_2_11,Bournazos et al. Cell 165:1609 (2016) - dataset 1,27315478,0.024,,
PG16/PGT128,001428_2_42,Bournazos et al. Cell 165:1609 (2016) - dataset 1,27315478,0.002,,
PG16/PGT128,0260_V5_C36,Bournazos et al. Cell 165:1609 (2016) - dataset 1,27315478,0.635,,
PG16/PGT128,0330_V4_C3,Bournazos et al. Cell 165:1609 (2016) - dataset 1,27315478,0.014,,
PG16/PGT128,0815_V3_C3,Bournazos et al. Cell 165:1609 (2016) - dataset 1,27315478,24.937,,
PG16/PGT128,1006_11_C3_1601,Bournazos et al. Cell 165:1609 (2016) - dataset 1,27315478,6.4,,
PG16/PGT128,1012_11_TC21_3257,Bournazos et al. Cell 165:1609 (2016) - dataset 1,27315478,0.094,,
PG16/PGT128,1054_07_TC4_1499,Bournazos et al. Cell 165:1609 (2016) - dataset 1,27315478,>40,,
PG16/PGT128,1056_10_TA11_1826,Bournazos et al. Cell 165:1609 (2016) - dataset 1,27315478,0.42,,
PG16/PGT128,1394_C9G1,Bournazos et al. Cell 165:1609 (2016) - dataset 1,27315478,0.042,,
PG16/PGT128,16055_2_3,Bournazos et al. Cell 165:1609 (2016) - dataset 1,27315478,0.013,,
PG16/PGT128,16845_2_22,Bournazos et al. Cell 165:1609 (2016) - dataset 1,27315478,5.096,,
PG16/PGT128,16845_2_22,Bournazos et al. Cell 165:1609 (2016) - dataset 2,27315478,0.086,0.252,
PG16/PGT128,191084_B7_19,Bournazos et al. Cell 165:1609 (2016) - dataset 1,27315478,0.032,,
PG16/PGT128,191821_E6_1,Bournazos et al. Cell 165:1609 (2016) - dataset 1,27315478,12.87,,
PG16/PGT128,191955_A11,Bournazos et al. Cell 165:1609 (2016) - dataset 1,27315478,0.029,,
PG16/PGT128,211_9,Bournazos et al. Cell 165:1609 (2016) - dataset 1,27315478,0.033,,
PG16/PGT128,231965_C1,Bournazos et al. Cell 165:1609 (2016) - dataset 1,27315478,0.356,,
PG16/PGT128,231966_C2,Bournazos et al. Cell 165:1609 (2016) - dataset 1,27315478,0.03,,
PG16/PGT128,235_47,Bournazos et al. Cell 165:1609 (2016) - dataset 1,27315478,1.006,,
PG16/PGT128,249M_B10,Bournazos et al. Cell 165:1609 (2016) - dataset 1,27315478,0.041,,
PG16/PGT128,263_8,Bournazos et al. Cell 165:1609 (2016) - dataset 1,27315478,0.323,,
PG16/PGT128,3016_V5_C45,Bournazos et al. Cell 165:1609 (2016) - dataset 1,27315478,>50,,
PG16/PGT128,3103_V3_C10,Bournazos et al. Cell 165:1609 (2016) - dataset 1,27315478,5.523,,
PG16/PGT128,3301_V1_C24,Bournazos et al. Cell 165:1609 (2016) - dataset 1,27315478,0.03,,
PG16/PGT128,3817_V2_C59,Bournazos et al. Cell 165:1609 (2016) - dataset 1,27315478,0.013,,
PG16/PGT128,6041_V3_C23,Bournazos et al. Cell 165:1609 (2016) - dataset 1,27315478,0.1,,
PG16/PGT128,620345_C1,Bournazos et al. Cell 165:1609 (2016) - dataset 1,27315478,>50,,
PG16/PGT128,62357_14_D3_4589,Bournazos et al. Cell 165:1609 (2016) - dataset 1,27315478,>40,,
PG16/PGT128,6240_08_TA5_4622,Bournazos et al. Cell 165:1609 (2016) - dataset 1,27315478,12.085,,
PG16/PGT128,6244_13_B5_4567,Bournazos et al. Cell 165:1609 (2016) - dataset 1,27315478,12.702,,
PG16/PGT128,6480_V4_C25,Bournazos et al. Cell 165:1609 (2016) - dataset 1,27315478,7.987,,
PG16/PGT128,6535_3,Bournazos et al. Cell 165:1609 (2016) - dataset 1,27315478,1.288,,
PG16/PGT128,6540_V4_C1,Bournazos et al. Cell 165:1609 (2016) - dataset 1,27315478,0.029,,
PG16/PGT128,6545_V4_C1,Bournazos et al. Cell 165:1609 (2016) - dataset 1,27315478,0.135,,
PG16/PGT128,6811_V7_C18,Bournazos et al. Cell 165:1609 (2016) - dataset 1,27315478,>40,,
PG16/PGT128,6952_V1_C20,Bournazos et al. Cell 165:1609 (2016) - dataset 1,27315478,36.091,,
PG16/PGT128,703010054_2A2,Bournazos et al. Cell 165:1609 (2016) - dataset 1,27315478,0.029,,
PG16/PGT128,703010200_1E5,Bournazos et al. Cell 165:1609 (2016) - dataset 1,27315478,>40,,
PG16/PGT128,704809221_1B3,Bournazos et al. Cell 165:1609 (2016) - dataset 1,27315478,0.027,,
PG16/PGT128,89_F1_2_25,Bournazos et al. Cell 165:1609 (2016) - dataset 1,27315478,>40,,
PG16/PGT128,9004SS_A3_4,Bournazos et al. Cell 165:1609 (2016) - dataset 1,27315478,0.035,,
PG16/PGT128,928_28,Bournazos et al. Cell 165:1609 (2016) - dataset 1,27315478,0.111,,
PG16/PGT128,A07412M1_VRC12,Bournazos et al. Cell 165:1609 (2016) - dataset 1,27315478,2.317,,
PG16/PGT128,AC10_29,Bournazos et al. Cell 165:1609 (2016) - dataset 1,27315478,0.04,,
PG16/PGT128,BAL_26,Bournazos et al. Cell 165:1609 (2016) - dataset 1,27315478,4.691,,
PG16/PGT128,BF1266_431A,Bournazos et al. Cell 165:1609 (2016) - dataset 1,27315478,0.006,,
PG16/PGT128,BJOX009000_02_4,Bournazos et al. Cell 165:1609 (2016) - dataset 1,27315478,0.721,,
PG16/PGT128,BJOX010000_06_2,Bournazos et al. Cell 165:1609 (2016) - dataset 1,27315478,2.695,,
PG16/PGT128,BJOX015000_11_5,Bournazos et al. Cell 165:1609 (2016) - dataset 1,27315478,0.591,,
PG16/PGT128,BJOX025000_01_1,Bournazos et al. Cell 165:1609 (2016) - dataset 1,27315478,0.086,,
PG16/PGT128,BJOX028000_10_3,Bournazos et al. Cell 165:1609 (2016) - dataset 1,27315478,1.159,,
PG16/PGT128,C1080_C3,Bournazos et al. Cell 165:1609 (2016) - dataset 1,27315478,0.003,,
PG16/PGT128,C2101_C1,Bournazos et al. Cell 165:1609 (2016) - dataset 1,27315478,0.02,,
PG16/PGT128,C3347_C11,Bournazos et al. Cell 165:1609 (2016) - dataset 1,27315478,0.015,,
PG16/PGT128,C4118_9,Bournazos et al. Cell 165:1609 (2016) - dataset 1,27315478,0.03,,
PG16/PGT128,CAAN5342,Bournazos et al. Cell 165:1609 (2016) - dataset 1,27315478,5.701,,
PG16/PGT128,CAP210_E8,Bournazos et al. Cell 165:1609 (2016) - dataset 1,27315478,0.186,,
PG16/PGT128,CAP45_G3,Bournazos et al. Cell 165:1609 (2016) - dataset 1,27315478,0.002,,
PG16/PGT128,CE0393_C3,Bournazos et al. Cell 165:1609 (2016) - dataset 1,27315478,0.009,,
PG16/PGT128,CE0682_E4,Bournazos et al. Cell 165:1609 (2016) - dataset 1,27315478,0.08,,
PG16/PGT128,CE1172_H1,Bournazos et al. Cell 165:1609 (2016) - dataset 1,27315478,0.033,,
PG16/PGT128,CE1176_A3,Bournazos et al. Cell 165:1609 (2016) - dataset 1,27315478,0.011,,
PG16/PGT128,CE2060_G9,Bournazos et al. Cell 165:1609 (2016) - dataset 1,27315478,0.404,,
PG16/PGT128,CNE17,Bournazos et al. Cell 165:1609 (2016) - dataset 1,27315478,0.061,,
PG16/PGT128,CNE19,Bournazos et al. Cell 165:1609 (2016) - dataset 1,27315478,0.052,,
PG16/PGT128,CNE20,Bournazos et al. Cell 165:1609 (2016) - dataset 1,27315478,0.256,,
PG16/PGT128,CNE21,Bournazos et al. Cell 165:1609 (2016) - dataset 1,27315478,0.052,,
PG16/PGT128,CNE30,Bournazos et al. Cell 165:1609 (2016) - dataset 1,27315478,>40,,
PG16/PGT128,CNE30,Bournazos et al. Cell 165:1609 (2016) - dataset 2,27315478,0.445,1.293,
PG16/PGT128,CNE5,Bournazos et al. Cell 165:1609 (2016) - dataset 1,27315478,0.004,,
PG16/PGT128,CNE52,Bournazos et al. Cell 165:1609 (2016) - dataset 1,27315478,0.038,,
PG16/PGT128,CNE53,Bournazos et al. Cell 165:1609 (2016) - dataset 1,27315478,6.578,,
PG16/PGT128,CNE55,Bournazos et al. Cell 165:1609 (2016) - dataset 1,27315478,24.829,,
PG16/PGT128,CNE58,Bournazos et al. Cell 165:1609 (2016) - dataset 1,27315478,0.044,,
PG16/PGT128,DU156_12,Bournazos et al. Cell 165:1609 (2016) - dataset 1,27315478,0.035,,
PG16/PGT128,DU172_17,Bournazos et al. Cell 165:1609 (2016) - dataset 1,27315478,0.096,,
PG16/PGT128,DU422_1,Bournazos et al. Cell 165:1609 (2016) - dataset 1,27315478,0.081,,
PG16/PGT128,MS208_A1,Bournazos et al. Cell 165:1609 (2016) - dataset 1,27315478,0.05,,
PG16/PGT128,P0402_C2_11,Bournazos et al. Cell 165:1609 (2016) - dataset 1,27315478,1.352,,
PG16/PGT128,P1981_C5_3,Bournazos et al. Cell 165:1609 (2016) - dataset 1,27315478,0.544,,
PG16/PGT128,PVO_4,Bournazos et al. Cell 165:1609 (2016) - dataset 1,27315478,1.82,,
PG16/PGT128,Q23_17,Bournazos et al. Cell 165:1609 (2016) - dataset 1,27315478,0.001,,
PG16/PGT128,Q259_17,Bournazos et al. Cell 165:1609 (2016) - dataset 1,27315478,0.213,,
PG16/PGT128,Q461_E2,Bournazos et al. Cell 165:1609 (2016) - dataset 1,27315478,7.703,,
PG16/PGT128,Q461_E2,Bournazos et al. Cell 165:1609 (2016) - dataset 2,27315478,0.246,1.4,
PG16/PGT128,Q769_D22,Bournazos et al. Cell 165:1609 (2016) - dataset 1,27315478,0.135,,
PG16/PGT128,Q842_D12,Bournazos et al. Cell 165:1609 (2016) - dataset 1,27315478,0.023,,
PG16/PGT128,QH0692_42,Bournazos et al. Cell 165:1609 (2016) - dataset 1,27315478,>40,,
PG16/PGT128,R1166_C1,Bournazos et al. Cell 165:1609 (2016) - dataset 1,27315478,5.646,,
PG16/PGT128,R2184_C4,Bournazos et al. Cell 165:1609 (2016) - dataset 1,27315478,1.738,,
PG16/PGT128,R3265_C6,Bournazos et al. Cell 165:1609 (2016) - dataset 1,27315478,0.079,,
PG16/PGT128,REJO4541_67,Bournazos et al. Cell 165:1609 (2016) - dataset 1,27315478,0.027,,
PG16/PGT128,RHPA4259_7,Bournazos et al. Cell 165:1609 (2016) - dataset 1,27315478,0.922,,
PG16/PGT128,SC05_8C11_2344,Bournazos et al. Cell 165:1609 (2016) - dataset 1,27315478,0.502,,
PG16/PGT128,SC422_8,Bournazos et al. Cell 165:1609 (2016) - dataset 1,27315478,>40,,
PG16/PGT128,T250_4,Bournazos et al. Cell 165:1609 (2016) - dataset 1,27315478,0.002,,
PG16/PGT128,T251_18,Bournazos et al. Cell 165:1609 (2016) - dataset 1,27315478,12.683,,
PG16/PGT128,T251_18,Bournazos et al. Cell 165:1609 (2016) - dataset 2,27315478,0.138,0.811,
PG16/PGT128,T255_34,Bournazos et al. Cell 165:1609 (2016) - dataset 1,27315478,0.051,,
PG16/PGT128,T257_31,Bournazos et al. Cell 165:1609 (2016) - dataset 1,27315478,0.019,,
PG16/PGT128,T278_50,Bournazos et al. Cell 165:1609 (2016) - dataset 1,27315478,3.104,,
PG16/PGT128,T278_50,Bournazos et al. Cell 165:1609 (2016) - dataset 2,27315478,0.023,0.07,
PG16/PGT128,THRO4156,Bournazos et al. Cell 165:1609 (2016) - dataset 1,27315478,15.441,,
PG16/PGT128,TRJO4551_58,Bournazos et al. Cell 165:1609 (2016) - dataset 1,27315478,0.356,,
PG16/PGT128,TRJO4551_58,Bournazos et al. Cell 165:1609 (2016) - dataset 2,27315478,0.023,0.03,
PG16/PGT128,TRO_11,Bournazos et al. Cell 165:1609 (2016) - dataset 1,27315478,0.646,,
PG16/PGT128,WEAU_D15_410,Bournazos et al. Cell 165:1609 (2016) - dataset 1,27315478,2.31,,
PG16/PGT128,WITO4160_33,Bournazos et al. Cell 165:1609 (2016) - dataset 1,27315478,0.006,,
PG16/PGT128,X1193_C1,Bournazos et al. Cell 165:1609 (2016) - dataset 1,27315478,0.041,,
PG16/PGT128,X1254_C3,Bournazos et al. Cell 165:1609 (2016) - dataset 1,27315478,0.183,,
PG16/PGT128,X1632_S2_B10,Bournazos et al. Cell 165:1609 (2016) - dataset 1,27315478,0.074,,
PG16/PGT128,X2131_C1_B5,Bournazos et al. Cell 165:1609 (2016) - dataset 1,27315478,0.039,,
PG16/PGT128,YU2,Bournazos et al. Cell 165:1609 (2016) - dataset 1,27315478,0.35,,
PG16/PGT128,ZM109_4,Bournazos et al. Cell 165:1609 (2016) - dataset 1,27315478,>40,,
PG16/PGT128,ZM109_4,Bournazos et al. Cell 165:1609 (2016) - dataset 2,27315478,2.475,>50,
PG16/PGT128,ZM135_10A,Bournazos et al. Cell 165:1609 (2016) - dataset 1,27315478,>50,,
PG16/PGT128,ZM197_7,Bournazos et al. Cell 165:1609 (2016) - dataset 1,27315478,0.574,,
PG16/PGT128,ZM214_15,Bournazos et al. Cell 165:1609 (2016) - dataset 1,27315478,>40,,
PG16/PGT128,ZM233_6,Bournazos et al. Cell 165:1609 (2016) - dataset 1,27315478,0.006,,
PG16/PGT128,ZM246F,Bournazos et al. Cell 165:1609 (2016) - dataset 1,27315478,>40,,
PG16/PGT128,ZM247_V1,Bournazos et al. Cell 165:1609 (2016) - dataset 1,27315478,0.035,,
PG16/PGT128,ZM249_1,Bournazos et al. Cell 165:1609 (2016) - dataset 1,27315478,0.04,,
PG16/PGT128,ZM53_12,Bournazos et al. Cell 165:1609 (2016) - dataset 1,27315478,0.018,,
PG9/aplaviroc,0013095_2_11,Gavrilyuk et al. J Virol 87:4985 (2013),23427154,0.039,0.17,
PG9/aplaviroc,001428_2_42,Gavrilyuk et al. J Virol 87:4985 (2013),23427154,0.003,0.027,
PG9/aplaviroc,0260_V5_C36,Gavrilyuk et al. J Virol 87:4985 (2013),23427154,1.866,10.948,
PG9/aplaviroc,0330_V4_C3,Gavrilyuk et al. J Virol 87:4985 (2013),23427154,0.035,0.159,
PG9/aplaviroc,0815_V3_C3,Gavrilyuk et al. J Virol 87:4985 (2013),23427154,1.399,7.406,
PG9/aplaviroc,1006_11_C3_1601,Gavrilyuk et al. J Virol 87:4985 (2013),23427154,0.466,2.119,
PG9/aplaviroc,1012_11_TC21_3257,Gavrilyuk et al. J Virol 87:4985 (2013),23427154,0.47,4.402,
PG9/aplaviroc,1054_07_TC4_1499,Gavrilyuk et al. J Virol 87:4985 (2013),23427154,6.916,36.094,
PG9/aplaviroc,1056_10_TA11_1826,Gavrilyuk et al. J Virol 87:4985 (2013),23427154,4.513,23.408,
PG9/aplaviroc,1394_C9G1,Gavrilyuk et al. J Virol 87:4985 (2013),23427154,0.043,0.155,
PG9/aplaviroc,16055_2_3,Gavrilyuk et al. J Virol 87:4985 (2013),23427154,0.022,0.11,
PG9/aplaviroc,16845_2_22,Gavrilyuk et al. J Virol 87:4985 (2013),23427154,4.444,18.415,
PG9/aplaviroc,191084_B7_19,Gavrilyuk et al. J Virol 87:4985 (2013),23427154,0.091,0.346,
PG9/aplaviroc,191821_E6_1,Gavrilyuk et al. J Virol 87:4985 (2013),23427154,0.313,0.976,
PG9/aplaviroc,191955_A11,Gavrilyuk et al. J Virol 87:4985 (2013),23427154,0.017,0.069,
PG9/aplaviroc,211_9,Gavrilyuk et al. J Virol 87:4985 (2013),23427154,0.215,0.834,
PG9/aplaviroc,231965_C1,Gavrilyuk et al. J Virol 87:4985 (2013),23427154,1.943,12.029,
PG9/aplaviroc,231966_C2,Gavrilyuk et al. J Virol 87:4985 (2013),23427154,0.107,0.708,
PG9/aplaviroc,235_47,Gavrilyuk et al. J Virol 87:4985 (2013),23427154,0.531,1.882,
PG9/aplaviroc,249M_B10,Gavrilyuk et al. J Virol 87:4985 (2013),23427154,0.129,0.508,
PG9/aplaviroc,263_8,Gavrilyuk et al. J Virol 87:4985 (2013),23427154,0.541,1.784,
PG9/aplaviroc,3016_V5_C45,Gavrilyuk et al. J Virol 87:4985 (2013),23427154,0.409,1.571,
PG9/aplaviroc,3103_V3_C10,Gavrilyuk et al. J Virol 87:4985 (2013),23427154,27.728,50,
PG9/aplaviroc,3301_V1_C24,Gavrilyuk et al. J Virol 87:4985 (2013),23427154,0.445,2.568,
PG9/aplaviroc,3817_V2_C59,Gavrilyuk et al. J Virol 87:4985 (2013),23427154,0.003,0.03,
PG9/aplaviroc,6041_V3_C23,Gavrilyuk et al. J Virol 87:4985 (2013),23427154,0.627,3.224,
PG9/aplaviroc,620345_C1,Gavrilyuk et al. J Virol 87:4985 (2013),23427154,2.278,14.409,
PG9/aplaviroc,62357_14_D3_4589,Gavrilyuk et al. J Virol 87:4985 (2013),23427154,4.305,17.254,
PG9/aplaviroc,6240_08_TA5_4622,Gavrilyuk et al. J Virol 87:4985 (2013),23427154,2.998,10.408,
PG9/aplaviroc,6244_13_B5_4567,Gavrilyuk et al. J Virol 87:4985 (2013),23427154,7.674,28.64,
PG9/aplaviroc,6480_V4_C25,Gavrilyuk et al. J Virol 87:4985 (2013),23427154,1.476,8.097,
PG9/aplaviroc,6535_3,Gavrilyuk et al. J Virol 87:4985 (2013),23427154,0.494,1.49,
PG9/aplaviroc,6540_V4_C1,Gavrilyuk et al. J Virol 87:4985 (2013),23427154,0.116,0.694,
PG9/aplaviroc,6545_V4_C1,Gavrilyuk et al. J Virol 87:4985 (2013),23427154,0.287,1.082,
PG9/aplaviroc,6811_V7_C18,Gavrilyuk et al. J Virol 87:4985 (2013),23427154,5.08,24.897,
PG9/aplaviroc,6952_V1_C20,Gavrilyuk et al. J Virol 87:4985 (2013),23427154,1.666,11.544,
PG9/aplaviroc,703010054_2A2,Gavrilyuk et al. J Virol 87:4985 (2013),23427154,0.014,0.089,
PG9/aplaviroc,703010200_1E5,Gavrilyuk et al. J Virol 87:4985 (2013),23427154,6.763,29.579,
PG9/aplaviroc,704809221_1B3,Gavrilyuk et al. J Virol 87:4985 (2013),23427154,0.201,1.233,
PG9/aplaviroc,89_F1_2_25,Gavrilyuk et al. J Virol 87:4985 (2013),23427154,0.587,2.209,
PG9/aplaviroc,9004SS_A3_4,Gavrilyuk et al. J Virol 87:4985 (2013),23427154,0.13,0.484,
PG9/aplaviroc,928_28,Gavrilyuk et al. J Virol 87:4985 (2013),23427154,0.213,1.587,
PG9/aplaviroc,A07412M1_VRC12,Gavrilyuk et al. J Virol 87:4985 (2013),23427154,1.296,6.715,
PG9/aplaviroc,AC10_29,Gavrilyuk et al. J Virol 87:4985 (2013),23427154,0.192,1.81,
PG9/aplaviroc,BF1266_431A,Gavrilyuk et al. J Virol 87:4985 (2013),23427154,0.08,0.192,
PG9/aplaviroc,BJOX009000_02_4,Gavrilyuk et al. J Virol 87:4985 (2013),23427154,2.957,11.028,
PG9/aplaviroc,BJOX010000_06_2,Gavrilyuk et al. J Virol 87:4985 (2013),23427154,0.603,2.804,
PG9/aplaviroc,BJOX015000_11_5,Gavrilyuk et al. J Virol 87:4985 (2013),23427154,0.748,5.628,
PG9/aplaviroc,BJOX025000_01_1,Gavrilyuk et al. J Virol 87:4985 (2013),23427154,0.309,2.721,
PG9/aplaviroc,BJOX028000_10_3,Gavrilyuk et al. J Virol 87:4985 (2013),23427154,0.597,4,
PG9/aplaviroc,C1080_C3,Gavrilyuk et al. J Virol 87:4985 (2013),23427154,0.006,0.024,
PG9/aplaviroc,C2101_C1,Gavrilyuk et al. J Virol 87:4985 (2013),23427154,0.032,0.191,
PG9/aplaviroc,C3347_C11,Gavrilyuk et al. J Virol 87:4985 (2013),23427154,0.176,1.065,
PG9/aplaviroc,C4118_9,Gavrilyuk et al. J Virol 87:4985 (2013),23427154,0.071,0.262,
PG9/aplaviroc,CAAN5342,Gavrilyuk et al. J Virol 87:4985 (2013),23427154,4.701,13.87,
PG9/aplaviroc,CAP210_E8,Gavrilyuk et al. J Virol 87:4985 (2013),23427154,0.261,3.241,
PG9/aplaviroc,CAP45_G3,Gavrilyuk et al. J Virol 87:4985 (2013),23427154,0.003,0.006,
PG9/aplaviroc,CE0393_C3,Gavrilyuk et al. J Virol 87:4985 (2013),23427154,0.024,0.084,
PG9/aplaviroc,CE0682_E4,Gavrilyuk et al. J Virol 87:4985 (2013),23427154,0.208,1.507,
PG9/aplaviroc,CE1086_B2,Gavrilyuk et al. J Virol 87:4985 (2013),23427154,1.183,4.069,
PG9/aplaviroc,CE1172_H1,Gavrilyuk et al. J Virol 87:4985 (2013),23427154,0.106,0.53,
PG9/aplaviroc,CE1176_A3,Gavrilyuk et al. J Virol 87:4985 (2013),23427154,0.034,0.117,
PG9/aplaviroc,CE2010_F5,Gavrilyuk et al. J Virol 87:4985 (2013),23427154,11.145,>50,
PG9/aplaviroc,CE2060_G9,Gavrilyuk et al. J Virol 87:4985 (2013),23427154,0.104,0.297,
PG9/aplaviroc,CNE17,Gavrilyuk et al. J Virol 87:4985 (2013),23427154,0.332,1.171,
PG9/aplaviroc,CNE19,Gavrilyuk et al. J Virol 87:4985 (2013),23427154,0.055,0.245,
PG9/aplaviroc,CNE20,Gavrilyuk et al. J Virol 87:4985 (2013),23427154,0.182,0.637,
PG9/aplaviroc,CNE21,Gavrilyuk et al. J Virol 87:4985 (2013),23427154,0.112,0.392,
PG9/aplaviroc,CNE30,Gavrilyuk et al. J Virol 87:4985 (2013),23427154,9.645,41.902,
PG9/aplaviroc,CNE5,Gavrilyuk et al. J Virol 87:4985 (2013),23427154,0.02,0.061,
PG9/aplaviroc,CNE52,Gavrilyuk et al. J Virol 87:4985 (2013),23427154,0.176,0.821,
PG9/aplaviroc,CNE53,Gavrilyuk et al. J Virol 87:4985 (2013),23427154,0.7,3.285,
PG9/aplaviroc,CNE58,Gavrilyuk et al. J Virol 87:4985 (2013),23427154,0.229,0.732,
PG9/aplaviroc,DU156_12,Gavrilyuk et al. J Virol 87:4985 (2013),23427154,0.088,0.342,
PG9/aplaviroc,DU172_17,Gavrilyuk et al. J Virol 87:4985 (2013),23427154,0.581,2.746,
PG9/aplaviroc,DU422_1,Gavrilyuk et al. J Virol 87:4985 (2013),23427154,0.512,2.824,
PG9/aplaviroc,MS208_A1,Gavrilyuk et al. J Virol 87:4985 (2013),23427154,0.11,0.409,
PG9/aplaviroc,P0402_C2_11,Gavrilyuk et al. J Virol 87:4985 (2013),23427154,0.317,1.821,
PG9/aplaviroc,P1981_C5_3,Gavrilyuk et al. J Virol 87:4985 (2013),23427154,1.062,5.532,
PG9/aplaviroc,PVO_4,Gavrilyuk et al. J Virol 87:4985 (2013),23427154,0.716,8.239,
PG9/aplaviroc,Q23_17,Gavrilyuk et al. J Virol 87:4985 (2013),23427154,0.013,0.052,
PG9/aplaviroc,Q259_17,Gavrilyuk et al. J Virol 87:4985 (2013),23427154,0.14,1.247,
PG9/aplaviroc,Q461_E2,Gavrilyuk et al. J Virol 87:4985 (2013),23427154,1.47,5.678,
PG9/aplaviroc,Q769_D22,Gavrilyuk et al. J Virol 87:4985 (2013),23427154,0.02,0.099,
PG9/aplaviroc,Q842_D12,Gavrilyuk et al. J Virol 87:4985 (2013),23427154,0.058,0.215,
PG9/aplaviroc,QH0692_42,Gavrilyuk et al. J Virol 87:4985 (2013),23427154,10.817,>50,
PG9/aplaviroc,R1166_C1,Gavrilyuk et al. J Virol 87:4985 (2013),23427154,1.108,4.213,
PG9/aplaviroc,R2184_C4,Gavrilyuk et al. J Virol 87:4985 (2013),23427154,0.666,3.136,
PG9/aplaviroc,R3265_C6,Gavrilyuk et al. J Virol 87:4985 (2013),23427154,0.423,1.408,
PG9/aplaviroc,REJO4541_67,Gavrilyuk et al. J Virol 87:4985 (2013),23427154,0.02,0.185,
PG9/aplaviroc,RHPA4259_7,Gavrilyuk et al. J Virol 87:4985 (2013),23427154,2.035,7.092,
PG9/aplaviroc,SC05_8C11_2344,Gavrilyuk et al. J Virol 87:4985 (2013),23427154,1.385,6.784,
PG9/aplaviroc,SC422_8,Gavrilyuk et al. J Virol 87:4985 (2013),23427154,2.279,12.585,
PG9/aplaviroc,T250_4,Gavrilyuk et al. J Virol 87:4985 (2013),23427154,0.001,0.005,
PG9/aplaviroc,T251_18,Gavrilyuk et al. J Virol 87:4985 (2013),23427154,16.982,>50,
PG9/aplaviroc,T255_34,Gavrilyuk et al. J Virol 87:4985 (2013),23427154,0.048,0.364,
PG9/aplaviroc,T257_31,Gavrilyuk et al. J Virol 87:4985 (2013),23427154,0.089,0.353,
PG9/aplaviroc,T278_50,Gavrilyuk et al. J Virol 87:4985 (2013),23427154,1.484,5.504,
PG9/aplaviroc,THRO4156,Gavrilyuk et al. J Virol 87:4985 (2013),23427154,4.856,20.071,
PG9/aplaviroc,TRJO4551_58,Gavrilyuk et al. J Virol 87:4985 (2013),23427154,1.12,8.795,
PG9/aplaviroc,TRO_11,Gavrilyuk et al. J Virol 87:4985 (2013),23427154,6.544,35.584,
PG9/aplaviroc,WEAU_D15_410,Gavrilyuk et al. J Virol 87:4985 (2013),23427154,1.087,19.772,
PG9/aplaviroc,WITO4160_33,Gavrilyuk et al. J Virol 87:4985 (2013),23427154,0.012,0.049,
PG9/aplaviroc,X1193_C1,Gavrilyuk et al. J Virol 87:4985 (2013),23427154,0.355,1.745,
PG9/aplaviroc,X1254_C3,Gavrilyuk et al. J Virol 87:4985 (2013),23427154,0.311,1.557,
PG9/aplaviroc,X1632_S2_B10,Gavrilyuk et al. J Virol 87:4985 (2013),23427154,0.681,5.046,
PG9/aplaviroc,X2088_C9,Gavrilyuk et al. J Virol 87:4985 (2013),23427154,10.453,30.361,
PG9/aplaviroc,X2131_C1_B5,Gavrilyuk et al. J Virol 87:4985 (2013),23427154,0.511,2.383,
PG9/aplaviroc,ZM109_4,Gavrilyuk et al. J Virol 87:4985 (2013),23427154,0.309,2.457,
PG9/aplaviroc,ZM135_10A,Gavrilyuk et al. J Virol 87:4985 (2013),23427154,5.023,21.958,
PG9/aplaviroc,ZM197_7,Gavrilyuk et al. J Virol 87:4985 (2013),23427154,0.442,2.214,
PG9/aplaviroc,ZM214_15,Gavrilyuk et al. J Virol 87:4985 (2013),23427154,2.136,18.933,
PG9/aplaviroc,ZM233_6,Gavrilyuk et al. J Virol 87:4985 (2013),23427154,0.003,0.03,
PG9/aplaviroc,ZM246F,Gavrilyuk et al. J Virol 87:4985 (2013),23427154,1.262,3.5,
PG9/aplaviroc,ZM247_V1,Gavrilyuk et al. J Virol 87:4985 (2013),23427154,0.138,0.565,
PG9/aplaviroc,ZM249_1,Gavrilyuk et al. J Virol 87:4985 (2013),23427154,0.11,0.409,
PG9/aplaviroc,ZM53_12,Gavrilyuk et al. J Virol 87:4985 (2013),23427154,0.112,0.509,
PGDM1400/PRO-140,0013095_2_11,Khan et al. J Virol. 92: e00384 (2018) - dataset 1,29976677,0.0006,,
PGDM1400/PRO-140,001428_2_42,Khan et al. J Virol. 92: e00384 (2018) - dataset 1,29976677,0.0045,,
PGDM1400/PRO-140,0260_V5_C36,Khan et al. J Virol. 92: e00384 (2018) - dataset 1,29976677,0.018,,
PGDM1400/PRO-140,0330_V4_C3,Khan et al. J Virol. 92: e00384 (2018) - dataset 1,29976677,0.0008,,
PGDM1400/PRO-140,0815_V3_C3,Khan et al. J Virol. 92: e00384 (2018) - dataset 1,29976677,0.0117,,
PGDM1400/PRO-140,1006_11_C3_1601,Khan et al. J Virol. 92: e00384 (2018) - dataset 1,29976677,0.0501,,
PGDM1400/PRO-140,1012_11_TC21_3257,Khan et al. J Virol. 92: e00384 (2018) - dataset 1,29976677,0.0105,,
PGDM1400/PRO-140,1054_07_TC4_1499,Khan et al. J Virol. 92: e00384 (2018) - dataset 1,29976677,0.7432,,
PGDM1400/PRO-140,1056_10_TA11_1826,Khan et al. J Virol. 92: e00384 (2018) - dataset 1,29976677,0.2325,,
PGDM1400/PRO-140,1394_C9G1,Khan et al. J Virol. 92: e00384 (2018) - dataset 1,29976677,0.0002,,
PGDM1400/PRO-140,16055_2_3,Khan et al. J Virol. 92: e00384 (2018) - dataset 1,29976677,0.0007,,
PGDM1400/PRO-140,16845_2_22,Khan et al. J Virol. 92: e00384 (2018) - dataset 1,29976677,1.147,,
PGDM1400/PRO-140,191084_B7_19,Khan et al. J Virol. 92: e00384 (2018) - dataset 1,29976677,0.008,,
PGDM1400/PRO-140,211_9,Khan et al. J Virol. 92: e00384 (2018) - dataset 1,29976677,0.0518,,
PGDM1400/PRO-140,231965_C1,Khan et al. J Virol. 92: e00384 (2018) - dataset 1,29976677,0.0532,,
PGDM1400/PRO-140,235_47,Khan et al. J Virol. 92: e00384 (2018) - dataset 1,29976677,0.0023,,
PGDM1400/PRO-140,249M_B10,Khan et al. J Virol. 92: e00384 (2018) - dataset 1,29976677,0.0027,,
PGDM1400/PRO-140,263_8,Khan et al. J Virol. 92: e00384 (2018) - dataset 1,29976677,0.0054,,
PGDM1400/PRO-140,3016_V5_C45,Khan et al. J Virol. 92: e00384 (2018) - dataset 1,29976677,0.0283,,
PGDM1400/PRO-140,3103_V3_C10,Khan et al. J Virol. 92: e00384 (2018) - dataset 1,29976677,1.025,,
PGDM1400/PRO-140,3301_V1_C24,Khan et al. J Virol. 92: e00384 (2018) - dataset 1,29976677,0.0584,,
PGDM1400/PRO-140,3817_V2_C59,Khan et al. J Virol. 92: e00384 (2018) - dataset 1,29976677,0.5965,,
PGDM1400/PRO-140,6041_V3_C23,Khan et al. J Virol. 92: e00384 (2018) - dataset 1,29976677,0.0045,,
PGDM1400/PRO-140,620345_C1,Khan et al. J Virol. 92: e00384 (2018) - dataset 1,29976677,0.003,,
PGDM1400/PRO-140,62357_14_D3_4589,Khan et al. J Virol. 92: e00384 (2018) - dataset 1,29976677,1.168,,
PGDM1400/PRO-140,6240_08_TA5_4622,Khan et al. J Virol. 92: e00384 (2018) - dataset 1,29976677,1.139,,
PGDM1400/PRO-140,6244_13_B5_4567,Khan et al. J Virol. 92: e00384 (2018) - dataset 1,29976677,20.54,,
PGDM1400/PRO-140,6480_V4_C25,Khan et al. J Virol. 92: e00384 (2018) - dataset 1,29976677,0.883,,
PGDM1400/PRO-140,6535_3,Khan et al. J Virol. 92: e00384 (2018) - dataset 1,29976677,1.38,,
PGDM1400/PRO-140,6540_V4_C1,Khan et al. J Virol. 92: e00384 (2018) - dataset 1,29976677,0.006,,
PGDM1400/PRO-140,6545_V4_C1,Khan et al. J Virol. 92: e00384 (2018) - dataset 1,29976677,0.0117,,
PGDM1400/PRO-140,6811_V7_C18,Khan et al. J Virol. 92: e00384 (2018) - dataset 1,29976677,1.96,,
PGDM1400/PRO-140,6952_V1_C20,Khan et al. J Virol. 92: e00384 (2018) - dataset 1,29976677,0.0167,,
PGDM1400/PRO-140,703010054_2A2,Khan et al. J Virol. 92: e00384 (2018) - dataset 1,29976677,0.0058,,
PGDM1400/PRO-140,703010200_1E5,Khan et al. J Virol. 92: e00384 (2018) - dataset 1,29976677,1.67,,
PGDM1400/PRO-140,704809221_1B3,Khan et al. J Virol. 92: e00384 (2018) - dataset 1,29976677,0.0591,,
PGDM1400/PRO-140,89_F1_2_25,Khan et al. J Virol. 92: e00384 (2018) - dataset 1,29976677,0.0107,,
PGDM1400/PRO-140,928_28,Khan et al. J Virol. 92: e00384 (2018) - dataset 1,29976677,0.0214,,
PGDM1400/PRO-140,A07412M1_VRC12,Khan et al. J Virol. 92: e00384 (2018) - dataset 1,29976677,0.0283,,
PGDM1400/PRO-140,AC10_29,Khan et al. J Virol. 92: e00384 (2018) - dataset 1,29976677,0.0536,,
PGDM1400/PRO-140,BF1266_431A,Khan et al. J Virol. 92: e00384 (2018) - dataset 1,29976677,0.0001,,
PGDM1400/PRO-140,BJOX009000_02_4,Khan et al. J Virol. 92: e00384 (2018) - dataset 1,29976677,0.2,,
PGDM1400/PRO-140,BJOX010000_06_2,Khan et al. J Virol. 92: e00384 (2018) - dataset 1,29976677,0.2,,
PGDM1400/PRO-140,BJOX015000_11_5,Khan et al. J Virol. 92: e00384 (2018) - dataset 1,29976677,0.141,,
PGDM1400/PRO-140,BJOX025000_01_1,Khan et al. J Virol. 92: e00384 (2018) - dataset 1,29976677,0.1089,,
PGDM1400/PRO-140,BJOX028000_10_3,Khan et al. J Virol. 92: e00384 (2018) - dataset 1,29976677,0.1226,,
PGDM1400/PRO-140,C1080_C3,Khan et al. J Virol. 92: e00384 (2018) - dataset 1,29976677,0.0015,,
PGDM1400/PRO-140,C3347_C11,Khan et al. J Virol. 92: e00384 (2018) - dataset 1,29976677,0.0048,,
PGDM1400/PRO-140,C4118_9,Khan et al. J Virol. 92: e00384 (2018) - dataset 1,29976677,0.0101,,
PGDM1400/PRO-140,CAAN5342,Khan et al. J Virol. 92: e00384 (2018) - dataset 1,29976677,3.297,,
PGDM1400/PRO-140,CAP210_E8,Khan et al. J Virol. 92: e00384 (2018) - dataset 1,29976677,0.0053,,
PGDM1400/PRO-140,CAP45_G3,Khan et al. J Virol. 92: e00384 (2018) - dataset 1,29976677,<0.0001,,
PGDM1400/PRO-140,CE0393_C3,Khan et al. J Virol. 92: e00384 (2018) - dataset 1,29976677,0.0009,,
PGDM1400/PRO-140,CE1172_H1,Khan et al. J Virol. 92: e00384 (2018) - dataset 1,29976677,0.0061,,
PGDM1400/PRO-140,CE1176_A3,Khan et al. J Virol. 92: e00384 (2018) - dataset 1,29976677,0.0078,,
PGDM1400/PRO-140,CE2010_F5,Khan et al. J Virol. 92: e00384 (2018) - dataset 1,29976677,0.6214,,
PGDM1400/PRO-140,CE2060_G9,Khan et al. J Virol. 92: e00384 (2018) - dataset 1,29976677,0.0003,,
PGDM1400/PRO-140,CNE17,Khan et al. J Virol. 92: e00384 (2018) - dataset 1,29976677,0.0031,,
PGDM1400/PRO-140,CNE19,Khan et al. J Virol. 92: e00384 (2018) - dataset 1,29976677,0.0008,,
PGDM1400/PRO-140,CNE20,Khan et al. J Virol. 92: e00384 (2018) - dataset 1,29976677,0.001,,
PGDM1400/PRO-140,CNE21,Khan et al. J Virol. 92: e00384 (2018) - dataset 1,29976677,0.0008,,
PGDM1400/PRO-140,CNE30,Khan et al. J Virol. 92: e00384 (2018) - dataset 1,29976677,5.056,,
PGDM1400/PRO-140,CNE5,Khan et al. J Virol. 92: e00384 (2018) - dataset 1,29976677,0.0024,,
PGDM1400/PRO-140,CNE52,Khan et al. J Virol. 92: e00384 (2018) - dataset 1,29976677,0.2823,,
PGDM1400/PRO-140,CNE58,Khan et al. J Virol. 92: e00384 (2018) - dataset 1,29976677,0.0007,,
PGDM1400/PRO-140,CNE8,Khan et al. J Virol. 92: e00384 (2018) - dataset 1,29976677,0.0101,,
PGDM1400/PRO-140,DU156_12,Khan et al. J Virol. 92: e00384 (2018) - dataset 1,29976677,0.0004,,
PGDM1400/PRO-140,DU172_17,Khan et al. J Virol. 92: e00384 (2018) - dataset 1,29976677,0.5773,,
PGDM1400/PRO-140,DU422_1,Khan et al. J Virol. 92: e00384 (2018) - dataset 1,29976677,0.1637,,
PGDM1400/PRO-140,MS208_A1,Khan et al. J Virol. 92: e00384 (2018) - dataset 1,29976677,0.0038,,
PGDM1400/PRO-140,P0402_C2_11,Khan et al. J Virol. 92: e00384 (2018) - dataset 1,29976677,0.0235,,
PGDM1400/PRO-140,P1981_C5_3,Khan et al. J Virol. 92: e00384 (2018) - dataset 1,29976677,0.0278,,
PGDM1400/PRO-140,PVO_4,Khan et al. J Virol. 92: e00384 (2018) - dataset 1,29976677,0.5936,,
PGDM1400/PRO-140,Q23_17,Khan et al. J Virol. 92: e00384 (2018) - dataset 1,29976677,0.0007,,
PGDM1400/PRO-140,Q461_E2,Khan et al. J Virol. 92: e00384 (2018) - dataset 1,29976677,0.0701,,
PGDM1400/PRO-140,Q769_D22,Khan et al. J Virol. 92: e00384 (2018) - dataset 1,29976677,0.0053,,
PGDM1400/PRO-140,QH0692_42,Khan et al. J Virol. 92: e00384 (2018) - dataset 1,29976677,4.517,,
PGDM1400/PRO-140,R1166_C1,Khan et al. J Virol. 92: e00384 (2018) - dataset 1,29976677,0.7704,,
PGDM1400/PRO-140,R2184_C4,Khan et al. J Virol. 92: e00384 (2018) - dataset 1,29976677,0.0215,,
PGDM1400/PRO-140,R3265_C6,Khan et al. J Virol. 92: e00384 (2018) - dataset 1,29976677,0.0094,,
PGDM1400/PRO-140,REJO4541_67,Khan et al. J Virol. 92: e00384 (2018) - dataset 1,29976677,0.0705,,
PGDM1400/PRO-140,RHPA4259_7,Khan et al. J Virol. 92: e00384 (2018) - dataset 1,29976677,0.1301,,
PGDM1400/PRO-140,SC05_8C11_2344,Khan et al. J Virol. 92: e00384 (2018) - dataset 1,29976677,0.3541,,
PGDM1400/PRO-140,SC422_8,Khan et al. J Virol. 92: e00384 (2018) - dataset 1,29976677,0.1105,,
PGDM1400/PRO-140,T250_4,Khan et al. J Virol. 92: e00384 (2018) - dataset 1,29976677,0.0044,,
PGDM1400/PRO-140,T251_18,Khan et al. J Virol. 92: e00384 (2018) - dataset 1,29976677,0.7223,,
PGDM1400/PRO-140,T255_34,Khan et al. J Virol. 92: e00384 (2018) - dataset 1,29976677,0.0038,,
PGDM1400/PRO-140,T257_31,Khan et al. J Virol. 92: e00384 (2018) - dataset 1,29976677,0.0009,,
PGDM1400/PRO-140,T278_50,Khan et al. J Virol. 92: e00384 (2018) - dataset 1,29976677,0.3015,,
PGDM1400/PRO-140,TRJO4551_58,Khan et al. J Virol. 92: e00384 (2018) - dataset 1,29976677,0.4749,,
PGDM1400/PRO-140,TRO_11,Khan et al. J Virol. 92: e00384 (2018) - dataset 1,29976677,0.067,,
PGDM1400/PRO-140,WEAU_D15_410,Khan et al. J Virol. 92: e00384 (2018) - dataset 1,29976677,0.3773,,
PGDM1400/PRO-140,WITO4160_33,Khan et al. J Virol. 92: e00384 (2018) - dataset 1,29976677,0.0008,,
PGDM1400/PRO-140,X1193_C1,Khan et al. J Virol. 92: e00384 (2018) - dataset 1,29976677,0.1226,,
PGDM1400/PRO-140,X1254_C3,Khan et al. J Virol. 92: e00384 (2018) - dataset 1,29976677,0.2752,,
PGDM1400/PRO-140,X1632_S2_B10,Khan et al. J Virol. 92: e00384 (2018) - dataset 1,29976677,0.105,,
PGDM1400/PRO-140,X2088_C9,Khan et al. J Virol. 92: e00384 (2018) - dataset 1,29976677,>40,,
PGDM1400/PRO-140,X2131_C1_B5,Khan et al. J Virol. 92: e00384 (2018) - dataset 1,29976677,>40,,
PGDM1400/PRO-140,ZM109_4,Khan et al. J Virol. 92: e00384 (2018) - dataset 1,29976677,0.028,,
PGDM1400/PRO-140,ZM135_10A,Khan et al. J Virol. 92: e00384 (2018) - dataset 1,29976677,0.1237,,
PGDM1400/PRO-140,ZM197_7,Khan et al. J Virol. 92: e00384 (2018) - dataset 1,29976677,0.0206,,
PGDM1400/PRO-140,ZM214_15,Khan et al. J Virol. 92: e00384 (2018) - dataset 1,29976677,1.517,,
PGDM1400/PRO-140,ZM233_6,Khan et al. J Virol. 92: e00384 (2018) - dataset 1,29976677,0.0001,,
PGDM1400/PRO-140,ZM246F,Khan et al. J Virol. 92: e00384 (2018) - dataset 1,29976677,0.9823,,
PGDM1400/PRO-140,ZM247_V1,Khan et al. J Virol. 92: e00384 (2018) - dataset 1,29976677,0.0048,,
PGDM1400/PRO-140,ZM249_1,Khan et al. J Virol. 92: e00384 (2018) - dataset 1,29976677,0.0073,,
PGDM1400/PRO-140,ZM53_12,Khan et al. J Virol. 92: e00384 (2018) - dataset 1,29976677,0.0019,,
PGT151/10-1074-IgG3C-,0013095_2_11,Bournazos et al. Cell 165:1609 (2016) - dataset 1,27315478,0.033,0.287,
PGT151/10-1074-IgG3C-,001428_2_42,Bournazos et al. Cell 165:1609 (2016) - dataset 1,27315478,0.024,0.079,
PGT151/10-1074-IgG3C-,0815_V3_C3,Bournazos et al. Cell 165:1609 (2016) - dataset 1,27315478,0.061,0.254,
PGT151/10-1074-IgG3C-,1006_11_C3_1601,Bournazos et al. Cell 165:1609 (2016) - dataset 1,27315478,0.007,0.028,
PGT151/10-1074-IgG3C-,1012_11_TC21_3257,Bournazos et al. Cell 165:1609 (2016) - dataset 1,27315478,0.078,0.276,
PGT151/10-1074-IgG3C-,1054_07_TC4_1499,Bournazos et al. Cell 165:1609 (2016) - dataset 1,27315478,0.01,0.043,
PGT151/10-1074-IgG3C-,1056_10_TA11_1826,Bournazos et al. Cell 165:1609 (2016) - dataset 1,27315478,0.019,0.07,
PGT151/10-1074-IgG3C-,1394_C9G1,Bournazos et al. Cell 165:1609 (2016) - dataset 1,27315478,0.02,0.073,
PGT151/10-1074-IgG3C-,16055_2_3,Bournazos et al. Cell 165:1609 (2016) - dataset 1,27315478,0.104,0.846,
PGT151/10-1074-IgG3C-,16845_2_22,Bournazos et al. Cell 165:1609 (2016) - dataset 1,27315478,0.105,0.792,
PGT151/10-1074-IgG3C-,191084_B7_19,Bournazos et al. Cell 165:1609 (2016) - dataset 1,27315478,0.006,0.026,
PGT151/10-1074-IgG3C-,191821_E6_1,Bournazos et al. Cell 165:1609 (2016) - dataset 1,27315478,0.197,1.523,
PGT151/10-1074-IgG3C-,191955_A11,Bournazos et al. Cell 165:1609 (2016) - dataset 1,27315478,0.025,0.111,
PGT151/10-1074-IgG3C-,211_9,Bournazos et al. Cell 165:1609 (2016) - dataset 1,27315478,0.014,0.037,
PGT151/10-1074-IgG3C-,231965_C1,Bournazos et al. Cell 165:1609 (2016) - dataset 1,27315478,0.021,0.074,
PGT151/10-1074-IgG3C-,231966_C2,Bournazos et al. Cell 165:1609 (2016) - dataset 1,27315478,0.181,0.688,
PGT151/10-1074-IgG3C-,235_47,Bournazos et al. Cell 165:1609 (2016) - dataset 1,27315478,0.032,0.116,
PGT151/10-1074-IgG3C-,249M_B10,Bournazos et al. Cell 165:1609 (2016) - dataset 1,27315478,0.019,0.068,
PGT151/10-1074-IgG3C-,263_8,Bournazos et al. Cell 165:1609 (2016) - dataset 1,27315478,1.941,10.999,
PGT151/10-1074-IgG3C-,3016_V5_C45,Bournazos et al. Cell 165:1609 (2016) - dataset 1,27315478,0.8,>30,
PGT151/10-1074-IgG3C-,3103_V3_C10,Bournazos et al. Cell 165:1609 (2016) - dataset 1,27315478,0.027,0.096,
PGT151/10-1074-IgG3C-,3301_V1_C24,Bournazos et al. Cell 165:1609 (2016) - dataset 1,27315478,0.014,0.042,
PGT151/10-1074-IgG3C-,3365_V2_C20,Bournazos et al. Cell 165:1609 (2016) - dataset 1,27315478,0.025,0.09,
PGT151/10-1074-IgG3C-,3415_V1_C1,Bournazos et al. Cell 165:1609 (2016) - dataset 1,27315478,0.01,0.037,
PGT151/10-1074-IgG3C-,3817_V2_C59,Bournazos et al. Cell 165:1609 (2016) - dataset 1,27315478,6.171,>30,
PGT151/10-1074-IgG3C-,6041_V3_C23,Bournazos et al. Cell 165:1609 (2016) - dataset 1,27315478,0.026,0.094,
PGT151/10-1074-IgG3C-,620345_C1,Bournazos et al. Cell 165:1609 (2016) - dataset 1,27315478,0.605,14.553,
PGT151/10-1074-IgG3C-,62357_14_D3_4589,Bournazos et al. Cell 165:1609 (2016) - dataset 1,27315478,0.011,0.044,
PGT151/10-1074-IgG3C-,6240_08_TA5_4622,Bournazos et al. Cell 165:1609 (2016) - dataset 1,27315478,0.077,0.21,
PGT151/10-1074-IgG3C-,6244_13_B5_4567,Bournazos et al. Cell 165:1609 (2016) - dataset 1,27315478,0.095,0.418,
PGT151/10-1074-IgG3C-,6480_V4_C25,Bournazos et al. Cell 165:1609 (2016) - dataset 1,27315478,0.035,0.12,
PGT151/10-1074-IgG3C-,6535_3,Bournazos et al. Cell 165:1609 (2016) - dataset 1,27315478,0.003,0.017,
PGT151/10-1074-IgG3C-,6540_V4_C1,Bournazos et al. Cell 165:1609 (2016) - dataset 1,27315478,0.022,0.086,
PGT151/10-1074-IgG3C-,6545_V4_C1,Bournazos et al. Cell 165:1609 (2016) - dataset 1,27315478,0.02,0.078,
PGT151/10-1074-IgG3C-,6811_V7_C18,Bournazos et al. Cell 165:1609 (2016) - dataset 1,27315478,0.005,0.025,
PGT151/10-1074-IgG3C-,6952_V1_C20,Bournazos et al. Cell 165:1609 (2016) - dataset 1,27315478,0.043,0.195,
PGT151/10-1074-IgG3C-,703010054_2A2,Bournazos et al. Cell 165:1609 (2016) - dataset 1,27315478,0.051,0.304,
PGT151/10-1074-IgG3C-,703010200_1E5,Bournazos et al. Cell 165:1609 (2016) - dataset 1,27315478,0.006,0.016,
PGT151/10-1074-IgG3C-,704809221_1B3,Bournazos et al. Cell 165:1609 (2016) - dataset 1,27315478,0.192,0.67,
PGT151/10-1074-IgG3C-,89_F1_2_25,Bournazos et al. Cell 165:1609 (2016) - dataset 1,27315478,>30,>30,
PGT151/10-1074-IgG3C-,9004SS_A3_4,Bournazos et al. Cell 165:1609 (2016) - dataset 1,27315478,0.011,0.034,
PGT151/10-1074-IgG3C-,928_28,Bournazos et al. Cell 165:1609 (2016) - dataset 1,27315478,0.164,2.231,
PGT151/10-1074-IgG3C-,A07412M1_VRC12,Bournazos et al. Cell 165:1609 (2016) - dataset 1,27315478,0.024,0.088,
PGT151/10-1074-IgG3C-,AC10_29,Bournazos et al. Cell 165:1609 (2016) - dataset 1,27315478,0.016,0.055,
PGT151/10-1074-IgG3C-,BF1266_431A,Bournazos et al. Cell 165:1609 (2016) - dataset 1,27315478,>30,>30,
PGT151/10-1074-IgG3C-,BJOX009000_02_4,Bournazos et al. Cell 165:1609 (2016) - dataset 1,27315478,>30,>30,
PGT151/10-1074-IgG3C-,BJOX010000_06_2,Bournazos et al. Cell 165:1609 (2016) - dataset 1,27315478,>30,>30,
PGT151/10-1074-IgG3C-,BJOX015000_11_5,Bournazos et al. Cell 165:1609 (2016) - dataset 1,27315478,>30,>30,
PGT151/10-1074-IgG3C-,BJOX025000_01_1,Bournazos et al. Cell 165:1609 (2016) - dataset 1,27315478,>30,>30,
PGT151/10-1074-IgG3C-,BJOX028000_10_3,Bournazos et al. Cell 165:1609 (2016) - dataset 1,27315478,4.719,>30,
PGT151/10-1074-IgG3C-,C1080_C3,Bournazos et al. Cell 165:1609 (2016) - dataset 1,27315478,8.094,>30,
PGT151/10-1074-IgG3C-,C2101_C1,Bournazos et al. Cell 165:1609 (2016) - dataset 1,27315478,>30,>30,
PGT151/10-1074-IgG3C-,C3347_C11,Bournazos et al. Cell 165:1609 (2016) - dataset 1,27315478,>30,>30,
PGT151/10-1074-IgG3C-,C4118_9,Bournazos et al. Cell 165:1609 (2016) - dataset 1,27315478,5.567,>30,
PGT151/10-1074-IgG3C-,CAAN5342,Bournazos et al. Cell 165:1609 (2016) - dataset 1,27315478,0.004,0.02,
PGT151/10-1074-IgG3C-,CAP210_E8,Bournazos et al. Cell 165:1609 (2016) - dataset 1,27315478,0.042,0.242,
PGT151/10-1074-IgG3C-,CAP45_G3,Bournazos et al. Cell 165:1609 (2016) - dataset 1,27315478,0.026,0.166,
PGT151/10-1074-IgG3C-,CE0393_C3,Bournazos et al. Cell 165:1609 (2016) - dataset 1,27315478,>30,>30,
PGT151/10-1074-IgG3C-,CE0682_E4,Bournazos et al. Cell 165:1609 (2016) - dataset 1,27315478,6.882,>30,
PGT151/10-1074-IgG3C-,CE1086_B2,Bournazos et al. Cell 165:1609 (2016) - dataset 1,27315478,0.093,0.881,
PGT151/10-1074-IgG3C-,CE1172_H1,Bournazos et al. Cell 165:1609 (2016) - dataset 1,27315478,0.632,1.642,
PGT151/10-1074-IgG3C-,CE1176_A3,Bournazos et al. Cell 165:1609 (2016) - dataset 1,27315478,0.007,0.022,
PGT151/10-1074-IgG3C-,CE2010_F5,Bournazos et al. Cell 165:1609 (2016) - dataset 1,27315478,>30,>30,
PGT151/10-1074-IgG3C-,CE2060_G9,Bournazos et al. Cell 165:1609 (2016) - dataset 1,27315478,0.079,0.772,
PGT151/10-1074-IgG3C-,CNE17,Bournazos et al. Cell 165:1609 (2016) - dataset 1,27315478,0.03,0.15,
PGT151/10-1074-IgG3C-,CNE19,Bournazos et al. Cell 165:1609 (2016) - dataset 1,27315478,0.008,0.036,
PGT151/10-1074-IgG3C-,CNE20,Bournazos et al. Cell 165:1609 (2016) - dataset 1,27315478,0.01,0.032,
PGT151/10-1074-IgG3C-,CNE21,Bournazos et al. Cell 165:1609 (2016) - dataset 1,27315478,0.008,0.032,
PGT151/10-1074-IgG3C-,CNE30,Bournazos et al. Cell 165:1609 (2016) - dataset 1,27315478,0.086,0.43,
PGT151/10-1074-IgG3C-,CNE5,Bournazos et al. Cell 165:1609 (2016) - dataset 1,27315478,>30,>30,
PGT151/10-1074-IgG3C-,CNE52,Bournazos et al. Cell 165:1609 (2016) - dataset 1,27315478,0.014,0.075,
PGT151/10-1074-IgG3C-,CNE53,Bournazos et al. Cell 165:1609 (2016) - dataset 1,27315478,0.044,0.116,
PGT151/10-1074-IgG3C-,CNE58,Bournazos et al. Cell 165:1609 (2016) - dataset 1,27315478,0.025,0.069,
PGT151/10-1074-IgG3C-,CNE8,Bournazos et al. Cell 165:1609 (2016) - dataset 1,27315478,1.816,>30,
PGT151/10-1074-IgG3C-,DU156_12,Bournazos et al. Cell 165:1609 (2016) - dataset 1,27315478,0.019,0.052,
PGT151/10-1074-IgG3C-,DU172_17,Bournazos et al. Cell 165:1609 (2016) - dataset 1,27315478,0.013,0.038,
PGT151/10-1074-IgG3C-,DU422_1,Bournazos et al. Cell 165:1609 (2016) - dataset 1,27315478,0.051,0.178,
PGT151/10-1074-IgG3C-,MS208_A1,Bournazos et al. Cell 165:1609 (2016) - dataset 1,27315478,0.019,0.054,
PGT151/10-1074-IgG3C-,P0402_C2_11,Bournazos et al. Cell 165:1609 (2016) - dataset 1,27315478,0.007,0.022,
PGT151/10-1074-IgG3C-,P1981_C5_3,Bournazos et al. Cell 165:1609 (2016) - dataset 1,27315478,0.008,0.031,
PGT151/10-1074-IgG3C-,PVO_4,Bournazos et al. Cell 165:1609 (2016) - dataset 1,27315478,0.02,0.094,
PGT151/10-1074-IgG3C-,Q23_17,Bournazos et al. Cell 165:1609 (2016) - dataset 1,27315478,0.01,0.029,
PGT151/10-1074-IgG3C-,Q259_17,Bournazos et al. Cell 165:1609 (2016) - dataset 1,27315478,0.237,8.243,
PGT151/10-1074-IgG3C-,Q461_E2,Bournazos et al. Cell 165:1609 (2016) - dataset 1,27315478,0.471,6.895,
PGT151/10-1074-IgG3C-,Q769_D22,Bournazos et al. Cell 165:1609 (2016) - dataset 1,27315478,>30,>30,
PGT151/10-1074-IgG3C-,Q842_D12,Bournazos et al. Cell 165:1609 (2016) - dataset 1,27315478,0.028,0.075,
PGT151/10-1074-IgG3C-,QH0692_42,Bournazos et al. Cell 165:1609 (2016) - dataset 1,27315478,0.019,0.079,
PGT151/10-1074-IgG3C-,R1166_C1,Bournazos et al. Cell 165:1609 (2016) - dataset 1,27315478,>30,>30,
PGT151/10-1074-IgG3C-,R2184_C4,Bournazos et al. Cell 165:1609 (2016) - dataset 1,27315478,>30,>30,
PGT151/10-1074-IgG3C-,R3265_C6,Bournazos et al. Cell 165:1609 (2016) - dataset 1,27315478,>30,>30,
PGT151/10-1074-IgG3C-,REJO4541_67,Bournazos et al. Cell 165:1609 (2016) - dataset 1,27315478,0.071,0.367,
PGT151/10-1074-IgG3C-,RHPA4259_7,Bournazos et al. Cell 165:1609 (2016) - dataset 1,27315478,0.014,0.061,
PGT151/10-1074-IgG3C-,SC05_8C11_2344,Bournazos et al. Cell 165:1609 (2016) - dataset 1,27315478,0.031,0.112,
PGT151/10-1074-IgG3C-,SC422_8,Bournazos et al. Cell 165:1609 (2016) - dataset 1,27315478,0.014,0.058,
PGT151/10-1074-IgG3C-,T250_4,Bournazos et al. Cell 165:1609 (2016) - dataset 1,27315478,0.002,0.007,
PGT151/10-1074-IgG3C-,T251_18,Bournazos et al. Cell 165:1609 (2016) - dataset 1,27315478,0.055,0.196,
PGT151/10-1074-IgG3C-,T255_34,Bournazos et al. Cell 165:1609 (2016) - dataset 1,27315478,0.009,0.027,
PGT151/10-1074-IgG3C-,T257_31,Bournazos et al. Cell 165:1609 (2016) - dataset 1,27315478,0.015,0.052,
PGT151/10-1074-IgG3C-,T278_50,Bournazos et al. Cell 165:1609 (2016) - dataset 1,27315478,0.096,0.423,
PGT151/10-1074-IgG3C-,THRO4156,Bournazos et al. Cell 165:1609 (2016) - dataset 1,27315478,>30,>30,
PGT151/10-1074-IgG3C-,TRJO4551_58,Bournazos et al. Cell 165:1609 (2016) - dataset 1,27315478,0.366,1.579,
PGT151/10-1074-IgG3C-,TRO_11,Bournazos et al. Cell 165:1609 (2016) - dataset 1,27315478,0.042,0.121,
PGT151/10-1074-IgG3C-,WEAU_D15_410,Bournazos et al. Cell 165:1609 (2016) - dataset 1,27315478,0.01,0.037,
PGT151/10-1074-IgG3C-,WITO4160_33,Bournazos et al. Cell 165:1609 (2016) - dataset 1,27315478,0.014,0.053,
PGT151/10-1074-IgG3C-,X1193_C1,Bournazos et al. Cell 165:1609 (2016) - dataset 1,27315478,0.02,0.053,
PGT151/10-1074-IgG3C-,X1254_C3,Bournazos et al. Cell 165:1609 (2016) - dataset 1,27315478,0.04,0.152,
PGT151/10-1074-IgG3C-,X1632_S2_B10,Bournazos et al. Cell 165:1609 (2016) - dataset 1,27315478,0.113,3.154,
PGT151/10-1074-IgG3C-,X2088_C9,Bournazos et al. Cell 165:1609 (2016) - dataset 1,27315478,0.031,0.085,
PGT151/10-1074-IgG3C-,X2131_C1_B5,Bournazos et al. Cell 165:1609 (2016) - dataset 1,27315478,0.01,0.033,
PGT151/10-1074-IgG3C-,YU2,Bournazos et al. Cell 165:1609 (2016) - dataset 1,27315478,0.1,0.464,
PGT151/10-1074-IgG3C-,ZM109_4,Bournazos et al. Cell 165:1609 (2016) - dataset 1,27315478,0.358,>30,
PGT151/10-1074-IgG3C-,ZM135_10A,Bournazos et al. Cell 165:1609 (2016) - dataset 1,27315478,0.024,0.078,
PGT151/10-1074-IgG3C-,ZM197_7,Bournazos et al. Cell 165:1609 (2016) - dataset 1,27315478,0.026,0.115,
PGT151/10-1074-IgG3C-,ZM214_15,Bournazos et al. Cell 165:1609 (2016) - dataset 1,27315478,0.011,0.074,
PGT151/10-1074-IgG3C-,ZM233_6,Bournazos et al. Cell 165:1609 (2016) - dataset 1,27315478,0.012,0.049,
PGT151/10-1074-IgG3C-,ZM246F,Bournazos et al. Cell 165:1609 (2016) - dataset 1,27315478,0.056,0.269,
PGT151/10-1074-IgG3C-,ZM247_V1,Bournazos et al. Cell 165:1609 (2016) - dataset 1,27315478,0.01,0.045,
PGT151/10-1074-IgG3C-,ZM249_1,Bournazos et al. Cell 165:1609 (2016) - dataset 1,27315478,0.021,0.063,
PGT151/10-1074-IgG3C-,ZM53_12,Bournazos et al. Cell 165:1609 (2016) - dataset 1,27315478,>30,>30,
PGT151/35O22,0013095_2_11,Bournazos et al. Cell 165:1609 (2016) - dataset 1,27315478,11.832,,
PGT151/35O22,001428_2_42,Bournazos et al. Cell 165:1609 (2016) - dataset 1,27315478,0.329,,
PGT151/35O22,0260_V5_C36,Bournazos et al. Cell 165:1609 (2016) - dataset 1,27315478,0.68,,
PGT151/35O22,0815_V3_C3,Bournazos et al. Cell 165:1609 (2016) - dataset 1,27315478,0.102,,
PGT151/35O22,1006_11_C3_1601,Bournazos et al. Cell 165:1609 (2016) - dataset 1,27315478,6.427,,
PGT151/35O22,1012_11_TC21_3257,Bournazos et al. Cell 165:1609 (2016) - dataset 1,27315478,>50,,
PGT151/35O22,1054_07_TC4_1499,Bournazos et al. Cell 165:1609 (2016) - dataset 1,27315478,0.023,,
PGT151/35O22,1056_10_TA11_1826,Bournazos et al. Cell 165:1609 (2016) - dataset 1,27315478,0.188,,
PGT151/35O22,1394_C9G1,Bournazos et al. Cell 165:1609 (2016) - dataset 1,27315478,0.088,,
PGT151/35O22,16055_2_3,Bournazos et al. Cell 165:1609 (2016) - dataset 1,27315478,1.828,,
PGT151/35O22,16845_2_22,Bournazos et al. Cell 165:1609 (2016) - dataset 1,27315478,>50,,
PGT151/35O22,191084_B7_19,Bournazos et al. Cell 165:1609 (2016) - dataset 1,27315478,0.044,,
PGT151/35O22,191821_E6_1,Bournazos et al. Cell 165:1609 (2016) - dataset 1,27315478,1.153,,
PGT151/35O22,191955_A11,Bournazos et al. Cell 165:1609 (2016) - dataset 1,27315478,0.043,,
PGT151/35O22,211_9,Bournazos et al. Cell 165:1609 (2016) - dataset 1,27315478,0.022,,
PGT151/35O22,231965_C1,Bournazos et al. Cell 165:1609 (2016) - dataset 1,27315478,0.048,,
PGT151/35O22,231966_C2,Bournazos et al. Cell 165:1609 (2016) - dataset 1,27315478,0.913,,
PGT151/35O22,235_47,Bournazos et al. Cell 165:1609 (2016) - dataset 1,27315478,>50,,
PGT151/35O22,249M_B10,Bournazos et al. Cell 165:1609 (2016) - dataset 1,27315478,0.05,,
PGT151/35O22,263_8,Bournazos et al. Cell 165:1609 (2016) - dataset 1,27315478,>50,,
PGT151/35O22,3016_V5_C45,Bournazos et al. Cell 165:1609 (2016) - dataset 1,27315478,1.785,,
PGT151/35O22,3103_V3_C10,Bournazos et al. Cell 165:1609 (2016) - dataset 1,27315478,0.311,,
PGT151/35O22,3301_V1_C24,Bournazos et al. Cell 165:1609 (2016) - dataset 1,27315478,0.077,,
PGT151/35O22,3365_V2_C20,Bournazos et al. Cell 165:1609 (2016) - dataset 1,27315478,0.065,,
PGT151/35O22,3415_V1_C1,Bournazos et al. Cell 165:1609 (2016) - dataset 1,27315478,0.024,,
PGT151/35O22,3817_V2_C59,Bournazos et al. Cell 165:1609 (2016) - dataset 1,27315478,>50,,
PGT151/35O22,6041_V3_C23,Bournazos et al. Cell 165:1609 (2016) - dataset 1,27315478,0.076,,
PGT151/35O22,620345_C1,Bournazos et al. Cell 165:1609 (2016) - dataset 1,27315478,>50,,
PGT151/35O22,62357_14_D3_4589,Bournazos et al. Cell 165:1609 (2016) - dataset 1,27315478,0.034,,
PGT151/35O22,6240_08_TA5_4622,Bournazos et al. Cell 165:1609 (2016) - dataset 1,27315478,0.406,,
PGT151/35O22,6244_13_B5_4567,Bournazos et al. Cell 165:1609 (2016) - dataset 1,27315478,>50,,
PGT151/35O22,6480_V4_C25,Bournazos et al. Cell 165:1609 (2016) - dataset 1,27315478,>50,,
PGT151/35O22,6535_3,Bournazos et al. Cell 165:1609 (2016) - dataset 1,27315478,0.02,,
PGT151/35O22,6540_V4_C1,Bournazos et al. Cell 165:1609 (2016) - dataset 1,27315478,0.065,,
PGT151/35O22,6545_V4_C1,Bournazos et al. Cell 165:1609 (2016) - dataset 1,27315478,0.062,,
PGT151/35O22,6811_V7_C18,Bournazos et al. Cell 165:1609 (2016) - dataset 1,27315478,>50,,
PGT151/35O22,6952_V1_C20,Bournazos et al. Cell 165:1609 (2016) - dataset 1,27315478,>50,,
PGT151/35O22,703010054_2A2,Bournazos et al. Cell 165:1609 (2016) - dataset 1,27315478,0.137,,
PGT151/35O22,703010200_1E5,Bournazos et al. Cell 165:1609 (2016) - dataset 1,27315478,0.032,,
PGT151/35O22,704809221_1B3,Bournazos et al. Cell 165:1609 (2016) - dataset 1,27315478,2.46,,
PGT151/35O22,89_F1_2_25,Bournazos et al. Cell 165:1609 (2016) - dataset 1,27315478,>50,,
PGT151/35O22,9004SS_A3_4,Bournazos et al. Cell 165:1609 (2016) - dataset 1,27315478,0.051,,
PGT151/35O22,928_28,Bournazos et al. Cell 165:1609 (2016) - dataset 1,27315478,>50,,
PGT151/35O22,A07412M1_VRC12,Bournazos et al. Cell 165:1609 (2016) - dataset 1,27315478,6.11,,
PGT151/35O22,AC10_29,Bournazos et al. Cell 165:1609 (2016) - dataset 1,27315478,0.028,,
PGT151/35O22,BF1266_431A,Bournazos et al. Cell 165:1609 (2016) - dataset 1,27315478,>50,,
PGT151/35O22,BJOX009000_02_4,Bournazos et al. Cell 165:1609 (2016) - dataset 1,27315478,>50,,
PGT151/35O22,BJOX010000_06_2,Bournazos et al. Cell 165:1609 (2016) - dataset 1,27315478,>50,,
PGT151/35O22,BJOX015000_11_5,Bournazos et al. Cell 165:1609 (2016) - dataset 1,27315478,>50,,
PGT151/35O22,BJOX025000_01_1,Bournazos et al. Cell 165:1609 (2016) - dataset 1,27315478,>50,,
PGT151/35O22,BJOX028000_10_3,Bournazos et al. Cell 165:1609 (2016) - dataset 1,27315478,24.369,,
PGT151/35O22,C1080_C3,Bournazos et al. Cell 165:1609 (2016) - dataset 1,27315478,0.44,,
PGT151/35O22,C2101_C1,Bournazos et al. Cell 165:1609 (2016) - dataset 1,27315478,29.517,,
PGT151/35O22,C3347_C11,Bournazos et al. Cell 165:1609 (2016) - dataset 1,27315478,>50,,
PGT151/35O22,C4118_9,Bournazos et al. Cell 165:1609 (2016) - dataset 1,27315478,0.173,,
PGT151/35O22,CAAN5342,Bournazos et al. Cell 165:1609 (2016) - dataset 1,27315478,0.058,,
PGT151/35O22,CAP210_E8,Bournazos et al. Cell 165:1609 (2016) - dataset 1,27315478,0.095,,
PGT151/35O22,CAP45_G3,Bournazos et al. Cell 165:1609 (2016) - dataset 1,27315478,0.12,,
PGT151/35O22,CE0393_C3,Bournazos et al. Cell 165:1609 (2016) - dataset 1,27315478,>50,,
PGT151/35O22,CE0682_E4,Bournazos et al. Cell 165:1609 (2016) - dataset 1,27315478,>50,,
PGT151/35O22,CE1086_B2,Bournazos et al. Cell 165:1609 (2016) - dataset 1,27315478,0.419,,
PGT151/35O22,CE1172_H1,Bournazos et al. Cell 165:1609 (2016) - dataset 1,27315478,>50,,
PGT151/35O22,CE1176_A3,Bournazos et al. Cell 165:1609 (2016) - dataset 1,27315478,0.017,,
PGT151/35O22,CE2010_F5,Bournazos et al. Cell 165:1609 (2016) - dataset 1,27315478,48.524,,
PGT151/35O22,CE2060_G9,Bournazos et al. Cell 165:1609 (2016) - dataset 1,27315478,2.57,,
PGT151/35O22,CNE17,Bournazos et al. Cell 165:1609 (2016) - dataset 1,27315478,1.922,,
PGT151/35O22,CNE19,Bournazos et al. Cell 165:1609 (2016) - dataset 1,27315478,0.063,,
PGT151/35O22,CNE20,Bournazos et al. Cell 165:1609 (2016) - dataset 1,27315478,>50,,
PGT151/35O22,CNE21,Bournazos et al. Cell 165:1609 (2016) - dataset 1,27315478,0.019,,
PGT151/35O22,CNE30,Bournazos et al. Cell 165:1609 (2016) - dataset 1,27315478,6.218,,
PGT151/35O22,CNE5,Bournazos et al. Cell 165:1609 (2016) - dataset 1,27315478,>50,,
PGT151/35O22,CNE52,Bournazos et al. Cell 165:1609 (2016) - dataset 1,27315478,0.049,,
PGT151/35O22,CNE53,Bournazos et al. Cell 165:1609 (2016) - dataset 1,27315478,>50,,
PGT151/35O22,CNE58,Bournazos et al. Cell 165:1609 (2016) - dataset 1,27315478,0.031,,
PGT151/35O22,CNE8,Bournazos et al. Cell 165:1609 (2016) - dataset 1,27315478,>50,,
PGT151/35O22,DU156_12,Bournazos et al. Cell 165:1609 (2016) - dataset 1,27315478,0.046,,
PGT151/35O22,DU172_17,Bournazos et al. Cell 165:1609 (2016) - dataset 1,27315478,0.029,,
PGT151/35O22,DU422_1,Bournazos et al. Cell 165:1609 (2016) - dataset 1,27315478,0.454,,
PGT151/35O22,MS208_A1,Bournazos et al. Cell 165:1609 (2016) - dataset 1,27315478,0.032,,
PGT151/35O22,P0402_C2_11,Bournazos et al. Cell 165:1609 (2016) - dataset 1,27315478,0.03,,
PGT151/35O22,P1981_C5_3,Bournazos et al. Cell 165:1609 (2016) - dataset 1,27315478,0.176,,
PGT151/35O22,PVO_4,Bournazos et al. Cell 165:1609 (2016) - dataset 1,27315478,0.424,,
PGT151/35O22,Q23_17,Bournazos et al. Cell 165:1609 (2016) - dataset 1,27315478,0.04,,
PGT151/35O22,Q259_17,Bournazos et al. Cell 165:1609 (2016) - dataset 1,27315478,5.89,,
PGT151/35O22,Q461_E2,Bournazos et al. Cell 165:1609 (2016) - dataset 1,27315478,0.306,,
PGT151/35O22,Q769_D22,Bournazos et al. Cell 165:1609 (2016) - dataset 1,27315478,>50,,
PGT151/35O22,Q842_D12,Bournazos et al. Cell 165:1609 (2016) - dataset 1,27315478,0.045,,
PGT151/35O22,QH0692_42,Bournazos et al. Cell 165:1609 (2016) - dataset 1,27315478,0.15,,
PGT151/35O22,R1166_C1,Bournazos et al. Cell 165:1609 (2016) - dataset 1,27315478,>50,,
PGT151/35O22,R2184_C4,Bournazos et al. Cell 165:1609 (2016) - dataset 1,27315478,45.045,,
PGT151/35O22,R3265_C6,Bournazos et al. Cell 165:1609 (2016) - dataset 1,27315478,>50,,
PGT151/35O22,REJO4541_67,Bournazos et al. Cell 165:1609 (2016) - dataset 1,27315478,0.075,,
PGT151/35O22,RHPA4259_7,Bournazos et al. Cell 165:1609 (2016) - dataset 1,27315478,0.068,,
PGT151/35O22,SC05_8C11_2344,Bournazos et al. Cell 165:1609 (2016) - dataset 1,27315478,1.32,,
PGT151/35O22,SC422_8,Bournazos et al. Cell 165:1609 (2016) - dataset 1,27315478,0.032,,
PGT151/35O22,T250_4,Bournazos et al. Cell 165:1609 (2016) - dataset 1,27315478,0.024,,
PGT151/35O22,T251_18,Bournazos et al. Cell 165:1609 (2016) - dataset 1,27315478,1.504,,
PGT151/35O22,T255_34,Bournazos et al. Cell 165:1609 (2016) - dataset 1,27315478,0.026,,
PGT151/35O22,T257_31,Bournazos et al. Cell 165:1609 (2016) - dataset 1,27315478,0.024,,
PGT151/35O22,T278_50,Bournazos et al. Cell 165:1609 (2016) - dataset 1,27315478,0.46,,
PGT151/35O22,THRO4156,Bournazos et al. Cell 165:1609 (2016) - dataset 1,27315478,>50,,
PGT151/35O22,TRJO4551_58,Bournazos et al. Cell 165:1609 (2016) - dataset 1,27315478,0.752,,
PGT151/35O22,TRO_11,Bournazos et al. Cell 165:1609 (2016) - dataset 1,27315478,>50,,
PGT151/35O22,WEAU_D15_410,Bournazos et al. Cell 165:1609 (2016) - dataset 1,27315478,0.112,,
PGT151/35O22,WITO4160_33,Bournazos et al. Cell 165:1609 (2016) - dataset 1,27315478,0.024,,
PGT151/35O22,X1193_C1,Bournazos et al. Cell 165:1609 (2016) - dataset 1,27315478,0.058,,
PGT151/35O22,X1254_C3,Bournazos et al. Cell 165:1609 (2016) - dataset 1,27315478,1.977,,
PGT151/35O22,X1632_S2_B10,Bournazos et al. Cell 165:1609 (2016) - dataset 1,27315478,0.714,,
PGT151/35O22,X2088_C9,Bournazos et al. Cell 165:1609 (2016) - dataset 1,27315478,>50,,
PGT151/35O22,X2131_C1_B5,Bournazos et al. Cell 165:1609 (2016) - dataset 1,27315478,0.076,,
PGT151/35O22,YU2,Bournazos et al. Cell 165:1609 (2016) - dataset 1,27315478,41.362,,
PGT151/35O22,ZM109_4,Bournazos et al. Cell 165:1609 (2016) - dataset 1,27315478,2.487,,
PGT151/35O22,ZM135_10A,Bournazos et al. Cell 165:1609 (2016) - dataset 1,27315478,>50,,
PGT151/35O22,ZM197_7,Bournazos et al. Cell 165:1609 (2016) - dataset 1,27315478,0.095,,
PGT151/35O22,ZM214_15,Bournazos et al. Cell 165:1609 (2016) - dataset 1,27315478,0.038,,
PGT151/35O22,ZM233_6,Bournazos et al. Cell 165:1609 (2016) - dataset 1,27315478,0.06,,
PGT151/35O22,ZM246F,Bournazos et al. Cell 165:1609 (2016) - dataset 1,27315478,2.924,,
PGT151/35O22,ZM247_V1,Bournazos et al. Cell 165:1609 (2016) - dataset 1,27315478,0.248,,
PGT151/35O22,ZM249_1,Bournazos et al. Cell 165:1609 (2016) - dataset 1,27315478,0.033,,
PGT151/35O22,ZM53_12,Bournazos et al. Cell 165:1609 (2016) - dataset 1,27315478,>50,,
PRO-140/PGDM1400/PGT121,0013095_2_11,Khan et al. J Virol. 92: e00384 (2018) - dataset 1,29976677,0.01,,
PRO-140/PGDM1400/PGT121,001428_2_42,Khan et al. J Virol. 92: e00384 (2018) - dataset 1,29976677,0.006,,
PRO-140/PGDM1400/PGT121,0260_V5_C36,Khan et al. J Virol. 92: e00384 (2018) - dataset 1,29976677,0.019,,
PRO-140/PGDM1400/PGT121,0815_V3_C3,Khan et al. J Virol. 92: e00384 (2018) - dataset 1,29976677,0.016,,
PRO-140/PGDM1400/PGT121,1012_11_TC21_3257,Khan et al. J Virol. 92: e00384 (2018) - dataset 1,29976677,0.02,,
PRO-140/PGDM1400/PGT121,1054_07_TC4_1499,Khan et al. J Virol. 92: e00384 (2018) - dataset 1,29976677,0.225,,
PRO-140/PGDM1400/PGT121,1056_10_TA11_1826,Khan et al. J Virol. 92: e00384 (2018) - dataset 1,29976677,0.043,,
PRO-140/PGDM1400/PGT121,1394_C9G1,Khan et al. J Virol. 92: e00384 (2018) - dataset 1,29976677,0.003,,
PRO-140/PGDM1400/PGT121,16055_2_3,Khan et al. J Virol. 92: e00384 (2018) - dataset 1,29976677,0.004,,
PRO-140/PGDM1400/PGT121,16845_2_22,Khan et al. J Virol. 92: e00384 (2018) - dataset 1,29976677,22.72,,
PRO-140/PGDM1400/PGT121,191084_B7_19,Khan et al. J Virol. 92: e00384 (2018) - dataset 1,29976677,0.011,,
PRO-140/PGDM1400/PGT121,191955_A11,Khan et al. J Virol. 92: e00384 (2018) - dataset 1,29976677,0.006,,
PRO-140/PGDM1400/PGT121,211_9,Khan et al. J Virol. 92: e00384 (2018) - dataset 1,29976677,0.092,,
PRO-140/PGDM1400/PGT121,231965_C1,Khan et al. J Virol. 92: e00384 (2018) - dataset 1,29976677,0.694,,
PRO-140/PGDM1400/PGT121,235_47,Khan et al. J Virol. 92: e00384 (2018) - dataset 1,29976677,0.001,,
PRO-140/PGDM1400/PGT121,249M_B10,Khan et al. J Virol. 92: e00384 (2018) - dataset 1,29976677,0.039,,
PRO-140/PGDM1400/PGT121,263_8,Khan et al. J Virol. 92: e00384 (2018) - dataset 1,29976677,0.035,,
PRO-140/PGDM1400/PGT121,3016_V5_C45,Khan et al. J Virol. 92: e00384 (2018) - dataset 1,29976677,0.384,,
PRO-140/PGDM1400/PGT121,3103_V3_C10,Khan et al. J Virol. 92: e00384 (2018) - dataset 1,29976677,0.016,,
PRO-140/PGDM1400/PGT121,3301_V1_C24,Khan et al. J Virol. 92: e00384 (2018) - dataset 1,29976677,0.018,,
PRO-140/PGDM1400/PGT121,3817_V2_C59,Khan et al. J Virol. 92: e00384 (2018) - dataset 1,29976677,5.547,,
PRO-140/PGDM1400/PGT121,6041_V3_C23,Khan et al. J Virol. 92: e00384 (2018) - dataset 1,29976677,0.028,,
PRO-140/PGDM1400/PGT121,620345_C1,Khan et al. J Virol. 92: e00384 (2018) - dataset 1,29976677,0.014,,
PRO-140/PGDM1400/PGT121,62357_14_D3_4589,Khan et al. J Virol. 92: e00384 (2018) - dataset 1,29976677,5.863,,
PRO-140/PGDM1400/PGT121,6240_08_TA5_4622,Khan et al. J Virol. 92: e00384 (2018) - dataset 1,29976677,0.106,,
PRO-140/PGDM1400/PGT121,6244_13_B5_4567,Khan et al. J Virol. 92: e00384 (2018) - dataset 1,29976677,>40,,
PRO-140/PGDM1400/PGT121,6480_V4_C25,Khan et al. J Virol. 92: e00384 (2018) - dataset 1,29976677,0.012,,
PRO-140/PGDM1400/PGT121,6535_3,Khan et al. J Virol. 92: e00384 (2018) - dataset 1,29976677,0.006,,
PRO-140/PGDM1400/PGT121,6540_V4_C1,Khan et al. J Virol. 92: e00384 (2018) - dataset 1,29976677,0.032,,
PRO-140/PGDM1400/PGT121,6545_V4_C1,Khan et al. J Virol. 92: e00384 (2018) - dataset 1,29976677,0.024,,
PRO-140/PGDM1400/PGT121,6811_V7_C18,Khan et al. J Virol. 92: e00384 (2018) - dataset 1,29976677,0.011,,
PRO-140/PGDM1400/PGT121,6952_V1_C20,Khan et al. J Virol. 92: e00384 (2018) - dataset 1,29976677,0.011,,
PRO-140/PGDM1400/PGT121,703010054_2A2,Khan et al. J Virol. 92: e00384 (2018) - dataset 1,29976677,0.105,,
PRO-140/PGDM1400/PGT121,703010200_1E5,Khan et al. J Virol. 92: e00384 (2018) - dataset 1,29976677,0.041,,
PRO-140/PGDM1400/PGT121,704809221_1B3,Khan et al. J Virol. 92: e00384 (2018) - dataset 1,29976677,0.016,,
PRO-140/PGDM1400/PGT121,89_F1_2_25,Khan et al. J Virol. 92: e00384 (2018) - dataset 1,29976677,0.045,,
PRO-140/PGDM1400/PGT121,928_28,Khan et al. J Virol. 92: e00384 (2018) - dataset 1,29976677,0.096,,
PRO-140/PGDM1400/PGT121,A07412M1_VRC12,Khan et al. J Virol. 92: e00384 (2018) - dataset 1,29976677,0.009,,
PRO-140/PGDM1400/PGT121,BF1266_431A,Khan et al. J Virol. 92: e00384 (2018) - dataset 1,29976677,0.005,,
PRO-140/PGDM1400/PGT121,BJOX009000_02_4,Khan et al. J Virol. 92: e00384 (2018) - dataset 1,29976677,1.107,,
PRO-140/PGDM1400/PGT121,BJOX010000_06_2,Khan et al. J Virol. 92: e00384 (2018) - dataset 1,29976677,10.84,,
PRO-140/PGDM1400/PGT121,BJOX015000_11_5,Khan et al. J Virol. 92: e00384 (2018) - dataset 1,29976677,9.831,,
PRO-140/PGDM1400/PGT121,BJOX025000_01_1,Khan et al. J Virol. 92: e00384 (2018) - dataset 1,29976677,1.457,,
PRO-140/PGDM1400/PGT121,BJOX028000_10_3,Khan et al. J Virol. 92: e00384 (2018) - dataset 1,29976677,0.312,,
PRO-140/PGDM1400/PGT121,C1080_C3,Khan et al. J Virol. 92: e00384 (2018) - dataset 1,29976677,0.001,,
PRO-140/PGDM1400/PGT121,C3347_C11,Khan et al. J Virol. 92: e00384 (2018) - dataset 1,29976677,0.049,,
PRO-140/PGDM1400/PGT121,C4118_9,Khan et al. J Virol. 92: e00384 (2018) - dataset 1,29976677,0.022,,
PRO-140/PGDM1400/PGT121,CAAN5342,Khan et al. J Virol. 92: e00384 (2018) - dataset 1,29976677,0.028,,
PRO-140/PGDM1400/PGT121,CAP210_E8,Khan et al. J Virol. 92: e00384 (2018) - dataset 1,29976677,0.058,,
PRO-140/PGDM1400/PGT121,CAP45_G3,Khan et al. J Virol. 92: e00384 (2018) - dataset 1,29976677,0.001,,
PRO-140/PGDM1400/PGT121,CE0393_C3,Khan et al. J Virol. 92: e00384 (2018) - dataset 1,29976677,0.003,,
PRO-140/PGDM1400/PGT121,CE1172_H1,Khan et al. J Virol. 92: e00384 (2018) - dataset 1,29976677,0.005,,
PRO-140/PGDM1400/PGT121,CE1176_A3,Khan et al. J Virol. 92: e00384 (2018) - dataset 1,29976677,0.003,,
PRO-140/PGDM1400/PGT121,CE2010_F5,Khan et al. J Virol. 92: e00384 (2018) - dataset 1,29976677,>40,,
PRO-140/PGDM1400/PGT121,CE2060_G9,Khan et al. J Virol. 92: e00384 (2018) - dataset 1,29976677,0.004,,
PRO-140/PGDM1400/PGT121,CNE17,Khan et al. J Virol. 92: e00384 (2018) - dataset 1,29976677,0.011,,
PRO-140/PGDM1400/PGT121,CNE19,Khan et al. J Virol. 92: e00384 (2018) - dataset 1,29976677,0.003,,
PRO-140/PGDM1400/PGT121,CNE20,Khan et al. J Virol. 92: e00384 (2018) - dataset 1,29976677,0.001,,
PRO-140/PGDM1400/PGT121,CNE21,Khan et al. J Virol. 92: e00384 (2018) - dataset 1,29976677,0.003,,
PRO-140/PGDM1400/PGT121,CNE30,Khan et al. J Virol. 92: e00384 (2018) - dataset 1,29976677,0.552,,
PRO-140/PGDM1400/PGT121,CNE5,Khan et al. J Virol. 92: e00384 (2018) - dataset 1,29976677,0.002,,
PRO-140/PGDM1400/PGT121,CNE52,Khan et al. J Virol. 92: e00384 (2018) - dataset 1,29976677,1.21,,
PRO-140/PGDM1400/PGT121,CNE58,Khan et al. J Virol. 92: e00384 (2018) - dataset 1,29976677,0.008,,
PRO-140/PGDM1400/PGT121,CNE8,Khan et al. J Virol. 92: e00384 (2018) - dataset 1,29976677,0.022,,
PRO-140/PGDM1400/PGT121,DU156_12,Khan et al. J Virol. 92: e00384 (2018) - dataset 1,29976677,0.002,,
PRO-140/PGDM1400/PGT121,DU172_17,Khan et al. J Virol. 92: e00384 (2018) - dataset 1,29976677,0.62,,
PRO-140/PGDM1400/PGT121,DU422_1,Khan et al. J Virol. 92: e00384 (2018) - dataset 1,29976677,1.632,,
PRO-140/PGDM1400/PGT121,MS208_A1,Khan et al. J Virol. 92: e00384 (2018) - dataset 1,29976677,0.017,,
PRO-140/PGDM1400/PGT121,P0402_C2_11,Khan et al. J Virol. 92: e00384 (2018) - dataset 1,29976677,0.017,,
PRO-140/PGDM1400/PGT121,P1981_C5_3,Khan et al. J Virol. 92: e00384 (2018) - dataset 1,29976677,0.004,,
PRO-140/PGDM1400/PGT121,PVO_4,Khan et al. J Virol. 92: e00384 (2018) - dataset 1,29976677,1.161,,
PRO-140/PGDM1400/PGT121,Q23_17,Khan et al. J Virol. 92: e00384 (2018) - dataset 1,29976677,0.001,,
PRO-140/PGDM1400/PGT121,Q461_E2,Khan et al. J Virol. 92: e00384 (2018) - dataset 1,29976677,1.349,,
PRO-140/PGDM1400/PGT121,Q769_D22,Khan et al. J Virol. 92: e00384 (2018) - dataset 1,29976677,0.026,,
PRO-140/PGDM1400/PGT121,QH0692_42,Khan et al. J Virol. 92: e00384 (2018) - dataset 1,29976677,9.23,,
PRO-140/PGDM1400/PGT121,R1166_C1,Khan et al. J Virol. 92: e00384 (2018) - dataset 1,29976677,1.36,,
PRO-140/PGDM1400/PGT121,R2184_C4,Khan et al. J Virol. 92: e00384 (2018) - dataset 1,29976677,0.043,,
PRO-140/PGDM1400/PGT121,R3265_C6,Khan et al. J Virol. 92: e00384 (2018) - dataset 1,29976677,0.043,,
PRO-140/PGDM1400/PGT121,REJO4541_67,Khan et al. J Virol. 92: e00384 (2018) - dataset 1,29976677,0.042,,
PRO-140/PGDM1400/PGT121,RHPA4259_7,Khan et al. J Virol. 92: e00384 (2018) - dataset 1,29976677,0.035,,
PRO-140/PGDM1400/PGT121,SC05_8C11_2344,Khan et al. J Virol. 92: e00384 (2018) - dataset 1,29976677,0.14,,
PRO-140/PGDM1400/PGT121,SC422_8,Khan et al. J Virol. 92: e00384 (2018) - dataset 1,29976677,0.126,,
PRO-140/PGDM1400/PGT121,T250_4,Khan et al. J Virol. 92: e00384 (2018) - dataset 1,29976677,0.001,,
PRO-140/PGDM1400/PGT121,T251_18,Khan et al. J Virol. 92: e00384 (2018) - dataset 1,29976677,6.179,,
PRO-140/PGDM1400/PGT121,T255_34,Khan et al. J Virol. 92: e00384 (2018) - dataset 1,29976677,0.009,,
PRO-140/PGDM1400/PGT121,T257_31,Khan et al. J Virol. 92: e00384 (2018) - dataset 1,29976677,0.004,,
PRO-140/PGDM1400/PGT121,T278_50,Khan et al. J Virol. 92: e00384 (2018) - dataset 1,29976677,0.921,,
PRO-140/PGDM1400/PGT121,TRJO4551_58,Khan et al. J Virol. 92: e00384 (2018) - dataset 1,29976677,>40,,
PRO-140/PGDM1400/PGT121,TRO_11,Khan et al. J Virol. 92: e00384 (2018) - dataset 1,29976677,0.015,,
PRO-140/PGDM1400/PGT121,WEAU_D15_410,Khan et al. J Virol. 92: e00384 (2018) - dataset 1,29976677,0.009,,
PRO-140/PGDM1400/PGT121,WITO4160_33,Khan et al. J Virol. 92: e00384 (2018) - dataset 1,29976677,0.007,,
PRO-140/PGDM1400/PGT121,X1193_C1,Khan et al. J Virol. 92: e00384 (2018) - dataset 1,29976677,0.009,,
PRO-140/PGDM1400/PGT121,X1254_C3,Khan et al. J Virol. 92: e00384 (2018) - dataset 1,29976677,0.026,,
PRO-140/PGDM1400/PGT121,X1632_S2_B10,Khan et al. J Virol. 92: e00384 (2018) - dataset 1,29976677,0.39,,
PRO-140/PGDM1400/PGT121,X2088_C9,Khan et al. J Virol. 92: e00384 (2018) - dataset 1,29976677,0.287,,
PRO-140/PGDM1400/PGT121,X2131_C1_B5,Khan et al. J Virol. 92: e00384 (2018) - dataset 1,29976677,0.287,,
PRO-140/PGDM1400/PGT121,ZM109_4,Khan et al. J Virol. 92: e00384 (2018) - dataset 1,29976677,0.116,,
PRO-140/PGDM1400/PGT121,ZM135_10A,Khan et al. J Virol. 92: e00384 (2018) - dataset 1,29976677,8.662,,
PRO-140/PGDM1400/PGT121,ZM197_7,Khan et al. J Virol. 92: e00384 (2018) - dataset 1,29976677,0.062,,
PRO-140/PGDM1400/PGT121,ZM214_15,Khan et al. J Virol. 92: e00384 (2018) - dataset 1,29976677,4.481,,
PRO-140/PGDM1400/PGT121,ZM233_6,Khan et al. J Virol. 92: e00384 (2018) - dataset 1,29976677,0.003,,
PRO-140/PGDM1400/PGT121,ZM246F,Khan et al. J Virol. 92: e00384 (2018) - dataset 1,29976677,0.132,,
PRO-140/PGDM1400/PGT121,ZM247_V1,Khan et al. J Virol. 92: e00384 (2018) - dataset 1,29976677,0.011,,
PRO-140/PGDM1400/PGT121,ZM249_1,Khan et al. J Virol. 92: e00384 (2018) - dataset 1,29976677,0.018,,
PRO-140/PGDM1400/PGT121,ZM53_12,Khan et al. J Virol. 92: e00384 (2018) - dataset 1,29976677,0.002,,
RoAb13/PGDM1400/PGT121,0013095_2_11,Khan et al. J Virol. 92: e00384 (2018) - dataset 1,29976677,0.009,,
RoAb13/PGDM1400/PGT121,001428_2_42,Khan et al. J Virol. 92: e00384 (2018) - dataset 1,29976677,0.0119,,
RoAb13/PGDM1400/PGT121,0260_V5_C36,Khan et al. J Virol. 92: e00384 (2018) - dataset 1,29976677,0.0225,,
RoAb13/PGDM1400/PGT121,0330_V4_C3,Khan et al. J Virol. 92: e00384 (2018) - dataset 1,29976677,0.0041,,
RoAb13/PGDM1400/PGT121,0815_V3_C3,Khan et al. J Virol. 92: e00384 (2018) - dataset 1,29976677,0.1775,,
RoAb13/PGDM1400/PGT121,1006_11_C3_1601,Khan et al. J Virol. 92: e00384 (2018) - dataset 1,29976677,0.0082,,
RoAb13/PGDM1400/PGT121,1012_11_TC21_3257,Khan et al. J Virol. 92: e00384 (2018) - dataset 1,29976677,0.0215,,
RoAb13/PGDM1400/PGT121,1054_07_TC4_1499,Khan et al. J Virol. 92: e00384 (2018) - dataset 1,29976677,0.0001,,
RoAb13/PGDM1400/PGT121,1056_10_TA11_1826,Khan et al. J Virol. 92: e00384 (2018) - dataset 1,29976677,0.0521,,
RoAb13/PGDM1400/PGT121,1394_C9G1,Khan et al. J Virol. 92: e00384 (2018) - dataset 1,29976677,0.0027,,
RoAb13/PGDM1400/PGT121,16055_2_3,Khan et al. J Virol. 92: e00384 (2018) - dataset 1,29976677,0.0043,,
RoAb13/PGDM1400/PGT121,16845_2_22,Khan et al. J Virol. 92: e00384 (2018) - dataset 1,29976677,6.74,,
RoAb13/PGDM1400/PGT121,191084_B7_19,Khan et al. J Virol. 92: e00384 (2018) - dataset 1,29976677,0.0377,,
RoAb13/PGDM1400/PGT121,211_9,Khan et al. J Virol. 92: e00384 (2018) - dataset 1,29976677,0.1376,,
RoAb13/PGDM1400/PGT121,231965_C1,Khan et al. J Virol. 92: e00384 (2018) - dataset 1,29976677,3.859,,
RoAb13/PGDM1400/PGT121,235_47,Khan et al. J Virol. 92: e00384 (2018) - dataset 1,29976677,0.0047,,
RoAb13/PGDM1400/PGT121,249M_B10,Khan et al. J Virol. 92: e00384 (2018) - dataset 1,29976677,0.1728,,
RoAb13/PGDM1400/PGT121,263_8,Khan et al. J Virol. 92: e00384 (2018) - dataset 1,29976677,0.0556,,
RoAb13/PGDM1400/PGT121,3016_V5_C45,Khan et al. J Virol. 92: e00384 (2018) - dataset 1,29976677,0.7723,,
RoAb13/PGDM1400/PGT121,3103_V3_C10,Khan et al. J Virol. 92: e00384 (2018) - dataset 1,29976677,0.0001,,
RoAb13/PGDM1400/PGT121,3301_V1_C24,Khan et al. J Virol. 92: e00384 (2018) - dataset 1,29976677,0.0268,,
RoAb13/PGDM1400/PGT121,3817_V2_C59,Khan et al. J Virol. 92: e00384 (2018) - dataset 1,29976677,>40,,
RoAb13/PGDM1400/PGT121,6041_V3_C23,Khan et al. J Virol. 92: e00384 (2018) - dataset 1,29976677,0.1223,,
RoAb13/PGDM1400/PGT121,620345_C1,Khan et al. J Virol. 92: e00384 (2018) - dataset 1,29976677,0.0001,,
RoAb13/PGDM1400/PGT121,62357_14_D3_4589,Khan et al. J Virol. 92: e00384 (2018) - dataset 1,29976677,6.418,,
RoAb13/PGDM1400/PGT121,6240_08_TA5_4622,Khan et al. J Virol. 92: e00384 (2018) - dataset 1,29976677,0.5856,,
RoAb13/PGDM1400/PGT121,6244_13_B5_4567,Khan et al. J Virol. 92: e00384 (2018) - dataset 1,29976677,>40,,
RoAb13/PGDM1400/PGT121,6480_V4_C25,Khan et al. J Virol. 92: e00384 (2018) - dataset 1,29976677,0.0571,,
RoAb13/PGDM1400/PGT121,6535_3,Khan et al. J Virol. 92: e00384 (2018) - dataset 1,29976677,0.0158,,
RoAb13/PGDM1400/PGT121,6540_V4_C1,Khan et al. J Virol. 92: e00384 (2018) - dataset 1,29976677,0.2359,,
RoAb13/PGDM1400/PGT121,6545_V4_C1,Khan et al. J Virol. 92: e00384 (2018) - dataset 1,29976677,0.1775,,
RoAb13/PGDM1400/PGT121,6811_V7_C18,Khan et al. J Virol. 92: e00384 (2018) - dataset 1,29976677,0.047,,
RoAb13/PGDM1400/PGT121,6952_V1_C20,Khan et al. J Virol. 92: e00384 (2018) - dataset 1,29976677,0.1239,,
RoAb13/PGDM1400/PGT121,703010054_2A2,Khan et al. J Virol. 92: e00384 (2018) - dataset 1,29976677,0.122,,
RoAb13/PGDM1400/PGT121,703010200_1E5,Khan et al. J Virol. 92: e00384 (2018) - dataset 1,29976677,0.1319,,
RoAb13/PGDM1400/PGT121,704809221_1B3,Khan et al. J Virol. 92: e00384 (2018) - dataset 1,29976677,0.2936,,
RoAb13/PGDM1400/PGT121,89_F1_2_25,Khan et al. J Virol. 92: e00384 (2018) - dataset 1,29976677,0.0763,,
RoAb13/PGDM1400/PGT121,928_28,Khan et al. J Virol. 92: e00384 (2018) - dataset 1,29976677,0.0442,,
RoAb13/PGDM1400/PGT121,A07412M1_VRC12,Khan et al. J Virol. 92: e00384 (2018) - dataset 1,29976677,0.7723,,
RoAb13/PGDM1400/PGT121,AC10_29,Khan et al. J Virol. 92: e00384 (2018) - dataset 1,29976677,0.1505,,
RoAb13/PGDM1400/PGT121,BF1266_431A,Khan et al. J Virol. 92: e00384 (2018) - dataset 1,29976677,0.0078,,
RoAb13/PGDM1400/PGT121,BJOX009000_02_4,Khan et al. J Virol. 92: e00384 (2018) - dataset 1,29976677,0.6272,,
RoAb13/PGDM1400/PGT121,BJOX010000_06_2,Khan et al. J Virol. 92: e00384 (2018) - dataset 1,29976677,0.6272,,
RoAb13/PGDM1400/PGT121,BJOX015000_11_5,Khan et al. J Virol. 92: e00384 (2018) - dataset 1,29976677,0.145,,
RoAb13/PGDM1400/PGT121,BJOX025000_01_1,Khan et al. J Virol. 92: e00384 (2018) - dataset 1,29976677,1.754,,
RoAb13/PGDM1400/PGT121,BJOX028000_10_3,Khan et al. J Virol. 92: e00384 (2018) - dataset 1,29976677,0.1552,,
RoAb13/PGDM1400/PGT121,C1080_C3,Khan et al. J Virol. 92: e00384 (2018) - dataset 1,29976677,0.0105,,
RoAb13/PGDM1400/PGT121,C3347_C11,Khan et al. J Virol. 92: e00384 (2018) - dataset 1,29976677,0.0076,,
RoAb13/PGDM1400/PGT121,C4118_9,Khan et al. J Virol. 92: e00384 (2018) - dataset 1,29976677,0.0684,,
RoAb13/PGDM1400/PGT121,CAAN5342,Khan et al. J Virol. 92: e00384 (2018) - dataset 1,29976677,0.4855,,
RoAb13/PGDM1400/PGT121,CAP210_E8,Khan et al. J Virol. 92: e00384 (2018) - dataset 1,29976677,0.0787,,
RoAb13/PGDM1400/PGT121,CAP45_G3,Khan et al. J Virol. 92: e00384 (2018) - dataset 1,29976677,0.0001,,
RoAb13/PGDM1400/PGT121,CE0393_C3,Khan et al. J Virol. 92: e00384 (2018) - dataset 1,29976677,0.0035,,
RoAb13/PGDM1400/PGT121,CE1172_H1,Khan et al. J Virol. 92: e00384 (2018) - dataset 1,29976677,0.0054,,
RoAb13/PGDM1400/PGT121,CE1176_A3,Khan et al. J Virol. 92: e00384 (2018) - dataset 1,29976677,0.0168,,
RoAb13/PGDM1400/PGT121,CE2010_F5,Khan et al. J Virol. 92: e00384 (2018) - dataset 1,29976677,15.82,,
RoAb13/PGDM1400/PGT121,CE2060_G9,Khan et al. J Virol. 92: e00384 (2018) - dataset 1,29976677,0.0045,,
RoAb13/PGDM1400/PGT121,CNE17,Khan et al. J Virol. 92: e00384 (2018) - dataset 1,29976677,0.109,,
RoAb13/PGDM1400/PGT121,CNE19,Khan et al. J Virol. 92: e00384 (2018) - dataset 1,29976677,0.0013,,
RoAb13/PGDM1400/PGT121,CNE20,Khan et al. J Virol. 92: e00384 (2018) - dataset 1,29976677,0.0004,,
RoAb13/PGDM1400/PGT121,CNE21,Khan et al. J Virol. 92: e00384 (2018) - dataset 1,29976677,0.0064,,
RoAb13/PGDM1400/PGT121,CNE30,Khan et al. J Virol. 92: e00384 (2018) - dataset 1,29976677,1.832,,
RoAb13/PGDM1400/PGT121,CNE5,Khan et al. J Virol. 92: e00384 (2018) - dataset 1,29976677,0.0043,,
RoAb13/PGDM1400/PGT121,CNE52,Khan et al. J Virol. 92: e00384 (2018) - dataset 1,29976677,3.656,,
RoAb13/PGDM1400/PGT121,CNE58,Khan et al. J Virol. 92: e00384 (2018) - dataset 1,29976677,0.0151,,
RoAb13/PGDM1400/PGT121,CNE8,Khan et al. J Virol. 92: e00384 (2018) - dataset 1,29976677,0.0684,,
RoAb13/PGDM1400/PGT121,DU156_12,Khan et al. J Virol. 92: e00384 (2018) - dataset 1,29976677,0.0053,,
RoAb13/PGDM1400/PGT121,DU172_17,Khan et al. J Virol. 92: e00384 (2018) - dataset 1,29976677,3.29,,
RoAb13/PGDM1400/PGT121,DU422_1,Khan et al. J Virol. 92: e00384 (2018) - dataset 1,29976677,>40,,
RoAb13/PGDM1400/PGT121,MS208_A1,Khan et al. J Virol. 92: e00384 (2018) - dataset 1,29976677,0.0016,,
RoAb13/PGDM1400/PGT121,P0402_C2_11,Khan et al. J Virol. 92: e00384 (2018) - dataset 1,29976677,0.0468,,
RoAb13/PGDM1400/PGT121,P1981_C5_3,Khan et al. J Virol. 92: e00384 (2018) - dataset 1,29976677,0.0181,,
RoAb13/PGDM1400/PGT121,PVO_4,Khan et al. J Virol. 92: e00384 (2018) - dataset 1,29976677,3.523,,
RoAb13/PGDM1400/PGT121,Q23_17,Khan et al. J Virol. 92: e00384 (2018) - dataset 1,29976677,0.0012,,
RoAb13/PGDM1400/PGT121,Q461_E2,Khan et al. J Virol. 92: e00384 (2018) - dataset 1,29976677,3.646,,
RoAb13/PGDM1400/PGT121,Q769_D22,Khan et al. J Virol. 92: e00384 (2018) - dataset 1,29976677,0.0223,,
RoAb13/PGDM1400/PGT121,QH0692_42,Khan et al. J Virol. 92: e00384 (2018) - dataset 1,29976677,>40,,
RoAb13/PGDM1400/PGT121,R1166_C1,Khan et al. J Virol. 92: e00384 (2018) - dataset 1,29976677,6.07,,
RoAb13/PGDM1400/PGT121,R2184_C4,Khan et al. J Virol. 92: e00384 (2018) - dataset 1,29976677,0.3036,,
RoAb13/PGDM1400/PGT121,R3265_C6,Khan et al. J Virol. 92: e00384 (2018) - dataset 1,29976677,0.0085,,
RoAb13/PGDM1400/PGT121,REJO4541_67,Khan et al. J Virol. 92: e00384 (2018) - dataset 1,29976677,7.06,,
RoAb13/PGDM1400/PGT121,RHPA4259_7,Khan et al. J Virol. 92: e00384 (2018) - dataset 1,29976677,0.0687,,
RoAb13/PGDM1400/PGT121,SC05_8C11_2344,Khan et al. J Virol. 92: e00384 (2018) - dataset 1,29976677,0.6914,,
RoAb13/PGDM1400/PGT121,SC422_8,Khan et al. J Virol. 92: e00384 (2018) - dataset 1,29976677,0.4021,,
RoAb13/PGDM1400/PGT121,T250_4,Khan et al. J Virol. 92: e00384 (2018) - dataset 1,29976677,0.0075,,
RoAb13/PGDM1400/PGT121,T251_18,Khan et al. J Virol. 92: e00384 (2018) - dataset 1,29976677,>40,,
RoAb13/PGDM1400/PGT121,T255_34,Khan et al. J Virol. 92: e00384 (2018) - dataset 1,29976677,0.0066,,
RoAb13/PGDM1400/PGT121,T257_31,Khan et al. J Virol. 92: e00384 (2018) - dataset 1,29976677,0.0041,,
RoAb13/PGDM1400/PGT121,T278_50,Khan et al. J Virol. 92: e00384 (2018) - dataset 1,29976677,4.761,,
RoAb13/PGDM1400/PGT121,TRJO4551_58,Khan et al. J Virol. 92: e00384 (2018) - dataset 1,29976677,>40,,
RoAb13/PGDM1400/PGT121,TRO_11,Khan et al. J Virol. 92: e00384 (2018) - dataset 1,29976677,0.0161,,
RoAb13/PGDM1400/PGT121,WEAU_D15_410,Khan et al. J Virol. 92: e00384 (2018) - dataset 1,29976677,0.0346,,
RoAb13/PGDM1400/PGT121,WITO4160_33,Khan et al. J Virol. 92: e00384 (2018) - dataset 1,29976677,0.0051,,
RoAb13/PGDM1400/PGT121,X1193_C1,Khan et al. J Virol. 92: e00384 (2018) - dataset 1,29976677,0.1552,,
RoAb13/PGDM1400/PGT121,X1254_C3,Khan et al. J Virol. 92: e00384 (2018) - dataset 1,29976677,0.153,,
RoAb13/PGDM1400/PGT121,X1632_S2_B10,Khan et al. J Virol. 92: e00384 (2018) - dataset 1,29976677,4.472,,
RoAb13/PGDM1400/PGT121,X2088_C9,Khan et al. J Virol. 92: e00384 (2018) - dataset 1,29976677,0.3201,,
RoAb13/PGDM1400/PGT121,X2131_C1_B5,Khan et al. J Virol. 92: e00384 (2018) - dataset 1,29976677,0.3201,,
RoAb13/PGDM1400/PGT121,ZM109_4,Khan et al. J Virol. 92: e00384 (2018) - dataset 1,29976677,0.1888,,
RoAb13/PGDM1400/PGT121,ZM135_10A,Khan et al. J Virol. 92: e00384 (2018) - dataset 1,29976677,2.643,,
RoAb13/PGDM1400/PGT121,ZM197_7,Khan et al. J Virol. 92: e00384 (2018) - dataset 1,29976677,0.2189,,
RoAb13/PGDM1400/PGT121,ZM214_15,Khan et al. J Virol. 92: e00384 (2018) - dataset 1,29976677,>40,,
RoAb13/PGDM1400/PGT121,ZM233_6,Khan et al. J Virol. 92: e00384 (2018) - dataset 1,29976677,0.0016,,
RoAb13/PGDM1400/PGT121,ZM246F,Khan et al. J Virol. 92: e00384 (2018) - dataset 1,29976677,1.209,,
RoAb13/PGDM1400/PGT121,ZM247_V1,Khan et al. J Virol. 92: e00384 (2018) - dataset 1,29976677,0.0101,,
RoAb13/PGDM1400/PGT121,ZM249_1,Khan et al. J Virol. 92: e00384 (2018) - dataset 1,29976677,0.0364,,
RoAb13/PGDM1400/PGT121,ZM53_12,Khan et al. J Virol. 92: e00384 (2018) - dataset 1,29976677,0.0031,,
RoAb13/PRO-140,0013095_2_11,Khan et al. J Virol. 92: e00384 (2018) - dataset 1,29976677,0.15,,
RoAb13/PRO-140,001428_2_42,Khan et al. J Virol. 92: e00384 (2018) - dataset 1,29976677,0.399,,
RoAb13/PRO-140,0260_V5_C36,Khan et al. J Virol. 92: e00384 (2018) - dataset 1,29976677,0.319,,
RoAb13/PRO-140,0815_V3_C3,Khan et al. J Virol. 92: e00384 (2018) - dataset 1,29976677,0.19,,
RoAb13/PRO-140,1012_11_TC21_3257,Khan et al. J Virol. 92: e00384 (2018) - dataset 1,29976677,0.395,,
RoAb13/PRO-140,1054_07_TC4_1499,Khan et al. J Virol. 92: e00384 (2018) - dataset 1,29976677,0.263,,
RoAb13/PRO-140,1056_10_TA11_1826,Khan et al. J Virol. 92: e00384 (2018) - dataset 1,29976677,0.231,,
RoAb13/PRO-140,1394_C9G1,Khan et al. J Virol. 92: e00384 (2018) - dataset 1,29976677,0.292,,
RoAb13/PRO-140,16055_2_3,Khan et al. J Virol. 92: e00384 (2018) - dataset 1,29976677,0.137,,
RoAb13/PRO-140,16845_2_22,Khan et al. J Virol. 92: e00384 (2018) - dataset 1,29976677,0.274,,
RoAb13/PRO-140,191084_B7_19,Khan et al. J Virol. 92: e00384 (2018) - dataset 1,29976677,0.097,,
RoAb13/PRO-140,191955_A11,Khan et al. J Virol. 92: e00384 (2018) - dataset 1,29976677,0.014,,
RoAb13/PRO-140,211_9,Khan et al. J Virol. 92: e00384 (2018) - dataset 1,29976677,0.386,,
RoAb13/PRO-140,231965_C1,Khan et al. J Virol. 92: e00384 (2018) - dataset 1,29976677,0.322,,
RoAb13/PRO-140,235_47,Khan et al. J Virol. 92: e00384 (2018) - dataset 1,29976677,0.113,,
RoAb13/PRO-140,249M_B10,Khan et al. J Virol. 92: e00384 (2018) - dataset 1,29976677,0.061,,
RoAb13/PRO-140,263_8,Khan et al. J Virol. 92: e00384 (2018) - dataset 1,29976677,0.231,,
RoAb13/PRO-140,3016_V5_C45,Khan et al. J Virol. 92: e00384 (2018) - dataset 1,29976677,0.087,,
RoAb13/PRO-140,3103_V3_C10,Khan et al. J Virol. 92: e00384 (2018) - dataset 1,29976677,0.325,,
RoAb13/PRO-140,3301_V1_C24,Khan et al. J Virol. 92: e00384 (2018) - dataset 1,29976677,0.277,,
RoAb13/PRO-140,3817_V2_C59,Khan et al. J Virol. 92: e00384 (2018) - dataset 1,29976677,0.275,,
RoAb13/PRO-140,6041_V3_C23,Khan et al. J Virol. 92: e00384 (2018) - dataset 1,29976677,0.25,,
RoAb13/PRO-140,620345_C1,Khan et al. J Virol. 92: e00384 (2018) - dataset 1,29976677,0.156,,
RoAb13/PRO-140,62357_14_D3_4589,Khan et al. J Virol. 92: e00384 (2018) - dataset 1,29976677,0.112,,
RoAb13/PRO-140,6240_08_TA5_4622,Khan et al. J Virol. 92: e00384 (2018) - dataset 1,29976677,0.226,,
RoAb13/PRO-140,6244_13_B5_4567,Khan et al. J Virol. 92: e00384 (2018) - dataset 1,29976677,0.255,,
RoAb13/PRO-140,6480_V4_C25,Khan et al. J Virol. 92: e00384 (2018) - dataset 1,29976677,0.304,,
RoAb13/PRO-140,6535_3,Khan et al. J Virol. 92: e00384 (2018) - dataset 1,29976677,0.307,,
RoAb13/PRO-140,6540_V4_C1,Khan et al. J Virol. 92: e00384 (2018) - dataset 1,29976677,0.315,,
RoAb13/PRO-140,6545_V4_C1,Khan et al. J Virol. 92: e00384 (2018) - dataset 1,29976677,0.232,,
RoAb13/PRO-140,6811_V7_C18,Khan et al. J Virol. 92: e00384 (2018) - dataset 1,29976677,0.365,,
RoAb13/PRO-140,6952_V1_C20,Khan et al. J Virol. 92: e00384 (2018) - dataset 1,29976677,0.333,,
RoAb13/PRO-140,703010054_2A2,Khan et al. J Virol. 92: e00384 (2018) - dataset 1,29976677,0.05,,
RoAb13/PRO-140,703010200_1E5,Khan et al. J Virol. 92: e00384 (2018) - dataset 1,29976677,0.288,,
RoAb13/PRO-140,704809221_1B3,Khan et al. J Virol. 92: e00384 (2018) - dataset 1,29976677,0.325,,
RoAb13/PRO-140,89_F1_2_25,Khan et al. J Virol. 92: e00384 (2018) - dataset 1,29976677,0.055,,
RoAb13/PRO-140,928_28,Khan et al. J Virol. 92: e00384 (2018) - dataset 1,29976677,0.247,,
RoAb13/PRO-140,A07412M1_VRC12,Khan et al. J Virol. 92: e00384 (2018) - dataset 1,29976677,0.464,,
RoAb13/PRO-140,BF1266_431A,Khan et al. J Virol. 92: e00384 (2018) - dataset 1,29976677,0.094,,
RoAb13/PRO-140,BJOX009000_02_4,Khan et al. J Virol. 92: e00384 (2018) - dataset 1,29976677,0.623,,
RoAb13/PRO-140,BJOX010000_06_2,Khan et al. J Virol. 92: e00384 (2018) - dataset 1,29976677,0.246,,
RoAb13/PRO-140,BJOX015000_11_5,Khan et al. J Virol. 92: e00384 (2018) - dataset 1,29976677,0.318,,
RoAb13/PRO-140,BJOX025000_01_1,Khan et al. J Virol. 92: e00384 (2018) - dataset 1,29976677,0.272,,
RoAb13/PRO-140,BJOX028000_10_3,Khan et al. J Virol. 92: e00384 (2018) - dataset 1,29976677,0.231,,
RoAb13/PRO-140,C1080_C3,Khan et al. J Virol. 92: e00384 (2018) - dataset 1,29976677,0.389,,
RoAb13/PRO-140,C3347_C11,Khan et al. J Virol. 92: e00384 (2018) - dataset 1,29976677,0.155,,
RoAb13/PRO-140,C4118_9,Khan et al. J Virol. 92: e00384 (2018) - dataset 1,29976677,0.086,,
RoAb13/PRO-140,CAAN5342,Khan et al. J Virol. 92: e00384 (2018) - dataset 1,29976677,0.483,,
RoAb13/PRO-140,CAP210_E8,Khan et al. J Virol. 92: e00384 (2018) - dataset 1,29976677,0.306,,
RoAb13/PRO-140,CAP45_G3,Khan et al. J Virol. 92: e00384 (2018) - dataset 1,29976677,0.222,,
RoAb13/PRO-140,CE0393_C3,Khan et al. J Virol. 92: e00384 (2018) - dataset 1,29976677,0.044,,
RoAb13/PRO-140,CE1172_H1,Khan et al. J Virol. 92: e00384 (2018) - dataset 1,29976677,0.47,,
RoAb13/PRO-140,CE1176_A3,Khan et al. J Virol. 92: e00384 (2018) - dataset 1,29976677,0.319,,
RoAb13/PRO-140,CE2010_F5,Khan et al. J Virol. 92: e00384 (2018) - dataset 1,29976677,0.261,,
RoAb13/PRO-140,CE2060_G9,Khan et al. J Virol. 92: e00384 (2018) - dataset 1,29976677,0.266,,
RoAb13/PRO-140,CNE17,Khan et al. J Virol. 92: e00384 (2018) - dataset 1,29976677,0.324,,
RoAb13/PRO-140,CNE19,Khan et al. J Virol. 92: e00384 (2018) - dataset 1,29976677,0.292,,
RoAb13/PRO-140,CNE20,Khan et al. J Virol. 92: e00384 (2018) - dataset 1,29976677,0.121,,
RoAb13/PRO-140,CNE21,Khan et al. J Virol. 92: e00384 (2018) - dataset 1,29976677,0.125,,
RoAb13/PRO-140,CNE30,Khan et al. J Virol. 92: e00384 (2018) - dataset 1,29976677,0.364,,
RoAb13/PRO-140,CNE5,Khan et al. J Virol. 92: e00384 (2018) - dataset 1,29976677,0.067,,
RoAb13/PRO-140,CNE52,Khan et al. J Virol. 92: e00384 (2018) - dataset 1,29976677,0.356,,
RoAb13/PRO-140,CNE53,Khan et al. J Virol. 92: e00384 (2018) - dataset 1,29976677,0.288,,
RoAb13/PRO-140,CNE58,Khan et al. J Virol. 92: e00384 (2018) - dataset 1,29976677,0.427,,
RoAb13/PRO-140,CNE8,Khan et al. J Virol. 92: e00384 (2018) - dataset 1,29976677,1.274,,
RoAb13/PRO-140,DU156_12,Khan et al. J Virol. 92: e00384 (2018) - dataset 1,29976677,0.215,,
RoAb13/PRO-140,DU172_17,Khan et al. J Virol. 92: e00384 (2018) - dataset 1,29976677,0.231,,
RoAb13/PRO-140,DU422_1,Khan et al. J Virol. 92: e00384 (2018) - dataset 1,29976677,0.122,,
RoAb13/PRO-140,MS208_A1,Khan et al. J Virol. 92: e00384 (2018) - dataset 1,29976677,0.069,,
RoAb13/PRO-140,P0402_C2_11,Khan et al. J Virol. 92: e00384 (2018) - dataset 1,29976677,0.442,,
RoAb13/PRO-140,P1981_C5_3,Khan et al. J Virol. 92: e00384 (2018) - dataset 1,29976677,0.31,,
RoAb13/PRO-140,PVO_4,Khan et al. J Virol. 92: e00384 (2018) - dataset 1,29976677,0.444,,
RoAb13/PRO-140,Q23_17,Khan et al. J Virol. 92: e00384 (2018) - dataset 1,29976677,0.66,,
RoAb13/PRO-140,Q461_E2,Khan et al. J Virol. 92: e00384 (2018) - dataset 1,29976677,0.339,,
RoAb13/PRO-140,Q769_D22,Khan et al. J Virol. 92: e00384 (2018) - dataset 1,29976677,0.351,,
RoAb13/PRO-140,QH0692_42,Khan et al. J Virol. 92: e00384 (2018) - dataset 1,29976677,0.436,,
RoAb13/PRO-140,R1166_C1,Khan et al. J Virol. 92: e00384 (2018) - dataset 1,29976677,0.216,,
RoAb13/PRO-140,R2184_C4,Khan et al. J Virol. 92: e00384 (2018) - dataset 1,29976677,0.235,,
RoAb13/PRO-140,R3265_C6,Khan et al. J Virol. 92: e00384 (2018) - dataset 1,29976677,0.255,,
RoAb13/PRO-140,REJO4541_67,Khan et al. J Virol. 92: e00384 (2018) - dataset 1,29976677,0.483,,
RoAb13/PRO-140,RHPA4259_7,Khan et al. J Virol. 92: e00384 (2018) - dataset 1,29976677,0.407,,
RoAb13/PRO-140,SC05_8C11_2344,Khan et al. J Virol. 92: e00384 (2018) - dataset 1,29976677,0.119,,
RoAb13/PRO-140,SC422_8,Khan et al. J Virol. 92: e00384 (2018) - dataset 1,29976677,0.347,,
RoAb13/PRO-140,T250_4,Khan et al. J Virol. 92: e00384 (2018) - dataset 1,29976677,0.306,,
RoAb13/PRO-140,T251_18,Khan et al. J Virol. 92: e00384 (2018) - dataset 1,29976677,0.345,,
RoAb13/PRO-140,T255_34,Khan et al. J Virol. 92: e00384 (2018) - dataset 1,29976677,0.256,,
RoAb13/PRO-140,T257_31,Khan et al. J Virol. 92: e00384 (2018) - dataset 1,29976677,0.335,,
RoAb13/PRO-140,T278_50,Khan et al. J Virol. 92: e00384 (2018) - dataset 1,29976677,0.311,,
RoAb13/PRO-140,TRJO4551_58,Khan et al. J Virol. 92: e00384 (2018) - dataset 1,29976677,0.629,,
RoAb13/PRO-140,TRO_11,Khan et al. J Virol. 92: e00384 (2018) - dataset 1,29976677,1.23,,
RoAb13/PRO-140,WEAU_D15_410,Khan et al. J Virol. 92: e00384 (2018) - dataset 1,29976677,>40,,
RoAb13/PRO-140,WITO4160_33,Khan et al. J Virol. 92: e00384 (2018) - dataset 1,29976677,0.353,,
RoAb13/PRO-140,X1193_C1,Khan et al. J Virol. 92: e00384 (2018) - dataset 1,29976677,0.29,,
RoAb13/PRO-140,X1254_C3,Khan et al. J Virol. 92: e00384 (2018) - dataset 1,29976677,0.283,,
RoAb13/PRO-140,X1632_S2_B10,Khan et al. J Virol. 92: e00384 (2018) - dataset 1,29976677,0.385,,
RoAb13/PRO-140,X2088_C9,Khan et al. J Virol. 92: e00384 (2018) - dataset 1,29976677,0.272,,
RoAb13/PRO-140,X2131_C1_B5,Khan et al. J Virol. 92: e00384 (2018) - dataset 1,29976677,0.272,,
RoAb13/PRO-140,ZM109_4,Khan et al. J Virol. 92: e00384 (2018) - dataset 1,29976677,0.256,,
RoAb13/PRO-140,ZM135_10A,Khan et al. J Virol. 92: e00384 (2018) - dataset 1,29976677,0.214,,
RoAb13/PRO-140,ZM197_7,Khan et al. J Virol. 92: e00384 (2018) - dataset 1,29976677,0.085,,
RoAb13/PRO-140,ZM214_15,Khan et al. J Virol. 92: e00384 (2018) - dataset 1,29976677,0.077,,
RoAb13/PRO-140,ZM233_6,Khan et al. J Virol. 92: e00384 (2018) - dataset 1,29976677,0.026,,
RoAb13/PRO-140,ZM246F,Khan et al. J Virol. 92: e00384 (2018) - dataset 1,29976677,0.094,,
RoAb13/PRO-140,ZM247_V1,Khan et al. J Virol. 92: e00384 (2018) - dataset 1,29976677,0.134,,
RoAb13/PRO-140,ZM249_1,Khan et al. J Virol. 92: e00384 (2018) - dataset 1,29976677,0.033,,
RoAb13/PRO-140,ZM53_12,Khan et al. J Virol. 92: e00384 (2018) - dataset 1,29976677,0.222,,
VRC01-0fH/0fL,6101_1,Georgiev et al. J Immunol 192:1100 (2014),24391217,>50,,
VRC01-0fH/0fL,92RW020_2,Georgiev et al. J Immunol 192:1100 (2014),24391217,>50,,
VRC01-0fH/0fL,BAL_01,Georgiev et al. J Immunol 192:1100 (2014),24391217,>50,,
VRC01-0fH/0fL,BG1168_1,Georgiev et al. J Immunol 192:1100 (2014),24391217,>50,,
VRC01-0fH/0fL,CAAN5342,Georgiev et al. J Immunol 192:1100 (2014),24391217,>50,,
VRC01-0fH/0fL,DU156_12,Georgiev et al. J Immunol 192:1100 (2014),24391217,>50,,
VRC01-0fH/0fL,DU422_1,Georgiev et al. J Immunol 192:1100 (2014),24391217,>50,,
VRC01-0fH/0fL,JRCSF,Georgiev et al. J Immunol 192:1100 (2014),24391217,>50,,
VRC01-0fH/0fL,JRFL,Georgiev et al. J Immunol 192:1100 (2014),24391217,>50,,
VRC01-0fH/0fL,KER2018_11,Georgiev et al. J Immunol 192:1100 (2014),24391217,>50,,
VRC01-0fH/0fL,PVO_4,Georgiev et al. J Immunol 192:1100 (2014),24391217,>50,,
VRC01-0fH/0fL,Q168_A2,Georgiev et al. J Immunol 192:1100 (2014),24391217,>50,,
VRC01-0fH/0fL,Q23_17,Georgiev et al. J Immunol 192:1100 (2014),24391217,>50,,
VRC01-0fH/0fL,Q769_H5,Georgiev et al. J Immunol 192:1100 (2014),24391217,>50,,
VRC01-0fH/0fL,THRO4156,Georgiev et al. J Immunol 192:1100 (2014),24391217,>50,,
VRC01-0fH/0fL,TRJO4551_58,Georgiev et al. J Immunol 192:1100 (2014),24391217,>50,,
VRC01-0fH/0fL,TRO_11,Georgiev et al. J Immunol 192:1100 (2014),24391217,>50,,
VRC01-0fH/0fL,YU2,Georgiev et al. J Immunol 192:1100 (2014),24391217,>50,,
VRC01-0fH/0fL,ZA012_29,Georgiev et al. J Immunol 192:1100 (2014),24391217,>50,,
VRC01-0fH/0fL,ZM106_9,Georgiev et al. J Immunol 192:1100 (2014),24391217,>50,,
VRC01-0fH/0fL,ZM55_28A,Georgiev et al. J Immunol 192:1100 (2014),24391217,>50,,
VRC01-30fH/10fL,6101_1,Georgiev et al. J Immunol 192:1100 (2014),24391217,0.039,,
VRC01-30fH/10fL,92RW020_2,Georgiev et al. J Immunol 192:1100 (2014),24391217,0.082,,
VRC01-30fH/10fL,BAL_01,Georgiev et al. J Immunol 192:1100 (2014),24391217,0.013,,
VRC01-30fH/10fL,BG1168_1,Georgiev et al. J Immunol 192:1100 (2014),24391217,0.236,,
VRC01-30fH/10fL,CAAN5342,Georgiev et al. J Immunol 192:1100 (2014),24391217,0.423,,
VRC01-30fH/10fL,DU156_12,Georgiev et al. J Immunol 192:1100 (2014),24391217,0.032,,
VRC01-30fH/10fL,DU422_1,Georgiev et al. J Immunol 192:1100 (2014),24391217,>50,,
VRC01-30fH/10fL,JRCSF,Georgiev et al. J Immunol 192:1100 (2014),24391217,0.045,,
VRC01-30fH/10fL,JRFL,Georgiev et al. J Immunol 192:1100 (2014),24391217,0.014,,
VRC01-30fH/10fL,KER2018_11,Georgiev et al. J Immunol 192:1100 (2014),24391217,0.22,,
VRC01-30fH/10fL,PVO_4,Georgiev et al. J Immunol 192:1100 (2014),24391217,0.112,,
VRC01-30fH/10fL,Q168_A2,Georgiev et al. J Immunol 192:1100 (2014),24391217,0.048,,
VRC01-30fH/10fL,Q23_17,Georgiev et al. J Immunol 192:1100 (2014),24391217,0.04,,
VRC01-30fH/10fL,Q769_H5,Georgiev et al. J Immunol 192:1100 (2014),24391217,0.052,,
VRC01-30fH/10fL,THRO4156,Georgiev et al. J Immunol 192:1100 (2014),24391217,2.16,,
VRC01-30fH/10fL,TRJO4551_58,Georgiev et al. J Immunol 192:1100 (2014),24391217,0.034,,
VRC01-30fH/10fL,TRO_11,Georgiev et al. J Immunol 192:1100 (2014),24391217,0.093,,
VRC01-30fH/10fL,YU2,Georgiev et al. J Immunol 192:1100 (2014),24391217,0.061,,
VRC01-30fH/10fL,ZA012_29,Georgiev et al. J Immunol 192:1100 (2014),24391217,0.105,,
VRC01-30fH/10fL,ZM106_9,Georgiev et al. J Immunol 192:1100 (2014),24391217,0.15,,
VRC01-30fH/10fL,ZM55_28A,Georgiev et al. J Immunol 192:1100 (2014),24391217,0.167,,
VRC01-30fH/19fL,6101_1,Georgiev et al. J Immunol 192:1100 (2014),24391217,0.079,,
VRC01-30fH/19fL,92RW020_2,Georgiev et al. J Immunol 192:1100 (2014),24391217,0.182,,
VRC01-30fH/19fL,BAL_01,Georgiev et al. J Immunol 192:1100 (2014),24391217,0.02,,
VRC01-30fH/19fL,BG1168_1,Georgiev et al. J Immunol 192:1100 (2014),24391217,0.686,,
VRC01-30fH/19fL,CAAN5342,Georgiev et al. J Immunol 192:1100 (2014),24391217,0.882,,
VRC01-30fH/19fL,DU156_12,Georgiev et al. J Immunol 192:1100 (2014),24391217,0.063,,
VRC01-30fH/19fL,DU422_1,Georgiev et al. J Immunol 192:1100 (2014),24391217,>50,,
VRC01-30fH/19fL,JRCSF,Georgiev et al. J Immunol 192:1100 (2014),24391217,0.131,,
VRC01-30fH/19fL,JRFL,Georgiev et al. J Immunol 192:1100 (2014),24391217,0.033,,
VRC01-30fH/19fL,KER2018_11,Georgiev et al. J Immunol 192:1100 (2014),24391217,0.544,,
VRC01-30fH/19fL,PVO_4,Georgiev et al. J Immunol 192:1100 (2014),24391217,0.54,,
VRC01-30fH/19fL,Q168_A2,Georgiev et al. J Immunol 192:1100 (2014),24391217,0.088,,
VRC01-30fH/19fL,Q23_17,Georgiev et al. J Immunol 192:1100 (2014),24391217,0.075,,
VRC01-30fH/19fL,Q769_H5,Georgiev et al. J Immunol 192:1100 (2014),24391217,0.061,,
VRC01-30fH/19fL,THRO4156,Georgiev et al. J Immunol 192:1100 (2014),24391217,4.37,,
VRC01-30fH/19fL,TRJO4551_58,Georgiev et al. J Immunol 192:1100 (2014),24391217,0.067,,
VRC01-30fH/19fL,TRO_11,Georgiev et al. J Immunol 192:1100 (2014),24391217,0.337,,
VRC01-30fH/19fL,YU2,Georgiev et al. J Immunol 192:1100 (2014),24391217,0.1,,
VRC01-30fH/19fL,ZA012_29,Georgiev et al. J Immunol 192:1100 (2014),24391217,0.255,,
VRC01-30fH/19fL,ZM106_9,Georgiev et al. J Immunol 192:1100 (2014),24391217,0.29,,
VRC01-30fH/19fL,ZM55_28A,Georgiev et al. J Immunol 192:1100 (2014),24391217,0.339,,
VRC01-5fH/0fL,6101_1,Georgiev et al. J Immunol 192:1100 (2014),24391217,0.559,,
VRC01-5fH/0fL,92RW020_2,Georgiev et al. J Immunol 192:1100 (2014),24391217,>50,,
VRC01-5fH/0fL,BAL_01,Georgiev et al. J Immunol 192:1100 (2014),24391217,>50,,
VRC01-5fH/0fL,BG1168_1,Georgiev et al. J Immunol 192:1100 (2014),24391217,>50,,
VRC01-5fH/0fL,CAAN5342,Georgiev et al. J Immunol 192:1100 (2014),24391217,>50,,
VRC01-5fH/0fL,DU156_12,Georgiev et al. J Immunol 192:1100 (2014),24391217,>50,,
VRC01-5fH/0fL,DU422_1,Georgiev et al. J Immunol 192:1100 (2014),24391217,>50,,
VRC01-5fH/0fL,JRCSF,Georgiev et al. J Immunol 192:1100 (2014),24391217,>50,,
VRC01-5fH/0fL,JRFL,Georgiev et al. J Immunol 192:1100 (2014),24391217,>50,,
VRC01-5fH/0fL,KER2018_11,Georgiev et al. J Immunol 192:1100 (2014),24391217,>50,,
VRC01-5fH/0fL,PVO_4,Georgiev et al. J Immunol 192:1100 (2014),24391217,>50,,
VRC01-5fH/0fL,Q168_A2,Georgiev et al. J Immunol 192:1100 (2014),24391217,>50,,
VRC01-5fH/0fL,Q23_17,Georgiev et al. J Immunol 192:1100 (2014),24391217,>50,,
VRC01-5fH/0fL,Q769_H5,Georgiev et al. J Immunol 192:1100 (2014),24391217,0.08,,
VRC01-5fH/0fL,THRO4156,Georgiev et al. J Immunol 192:1100 (2014),24391217,>50,,
VRC01-5fH/0fL,TRJO4551_58,Georgiev et al. J Immunol 192:1100 (2014),24391217,>50,,
VRC01-5fH/0fL,TRO_11,Georgiev et al. J Immunol 192:1100 (2014),24391217,>50,,
VRC01-5fH/0fL,YU2,Georgiev et al. J Immunol 192:1100 (2014),24391217,6.47,,
VRC01-5fH/0fL,ZA012_29,Georgiev et al. J Immunol 192:1100 (2014),24391217,>50,,
VRC01-5fH/0fL,ZM106_9,Georgiev et al. J Immunol 192:1100 (2014),24391217,>50,,
VRC01-5fH/0fL,ZM55_28A,Georgiev et al. J Immunol 192:1100 (2014),24391217,>50,,
VRC01-5fH/10fL,6101_1,Georgiev et al. J Immunol 192:1100 (2014),24391217,0.064,,
VRC01-5fH/10fL,92RW020_2,Georgiev et al. J Immunol 192:1100 (2014),24391217,0.388,,
VRC01-5fH/10fL,BAL_01,Georgiev et al. J Immunol 192:1100 (2014),24391217,0.052,,
VRC01-5fH/10fL,BG1168_1,Georgiev et al. J Immunol 192:1100 (2014),24391217,>50,,
VRC01-5fH/10fL,CAAN5342,Georgiev et al. J Immunol 192:1100 (2014),24391217,1.48,,
VRC01-5fH/10fL,DU156_12,Georgiev et al. J Immunol 192:1100 (2014),24391217,0.174,,
VRC01-5fH/10fL,DU422_1,Georgiev et al. J Immunol 192:1100 (2014),24391217,>50,,
VRC01-5fH/10fL,JRCSF,Georgiev et al. J Immunol 192:1100 (2014),24391217,0.254,,
VRC01-5fH/10fL,JRFL,Georgiev et al. J Immunol 192:1100 (2014),24391217,0.101,,
VRC01-5fH/10fL,KER2018_11,Georgiev et al. J Immunol 192:1100 (2014),24391217,0.717,,
VRC01-5fH/10fL,PVO_4,Georgiev et al. J Immunol 192:1100 (2014),24391217,0.7,,
VRC01-5fH/10fL,Q168_A2,Georgiev et al. J Immunol 192:1100 (2014),24391217,0.16,,
VRC01-5fH/10fL,Q23_17,Georgiev et al. J Immunol 192:1100 (2014),24391217,0.132,,
VRC01-5fH/10fL,Q769_H5,Georgiev et al. J Immunol 192:1100 (2014),24391217,0.088,,
VRC01-5fH/10fL,THRO4156,Georgiev et al. J Immunol 192:1100 (2014),24391217,3.18,,
VRC01-5fH/10fL,TRJO4551_58,Georgiev et al. J Immunol 192:1100 (2014),24391217,0.128,,
VRC01-5fH/10fL,TRO_11,Georgiev et al. J Immunol 192:1100 (2014),24391217,0.573,,
VRC01-5fH/10fL,YU2,Georgiev et al. J Immunol 192:1100 (2014),24391217,0.097,,
VRC01-5fH/10fL,ZA012_29,Georgiev et al. J Immunol 192:1100 (2014),24391217,0.556,,
VRC01-5fH/10fL,ZM106_9,Georgiev et al. J Immunol 192:1100 (2014),24391217,0.565,,
VRC01-5fH/10fL,ZM55_28A,Georgiev et al. J Immunol 192:1100 (2014),24391217,0.263,,
VRC01-5fH/6fL,6101_1,Georgiev et al. J Immunol 192:1100 (2014),24391217,0.066,,
VRC01-5fH/6fL,92RW020_2,Georgiev et al. J Immunol 192:1100 (2014),24391217,0.339,,
VRC01-5fH/6fL,BAL_01,Georgiev et al. J Immunol 192:1100 (2014),24391217,0.031,,
VRC01-5fH/6fL,BG1168_1,Georgiev et al. J Immunol 192:1100 (2014),24391217,>50,,
VRC01-5fH/6fL,CAAN5342,Georgiev et al. J Immunol 192:1100 (2014),24391217,0.653,,
VRC01-5fH/6fL,DU156_12,Georgiev et al. J Immunol 192:1100 (2014),24391217,0.089,,
VRC01-5fH/6fL,DU422_1,Georgiev et al. J Immunol 192:1100 (2014),24391217,>50,,
VRC01-5fH/6fL,JRCSF,Georgiev et al. J Immunol 192:1100 (2014),24391217,0.11,,
VRC01-5fH/6fL,JRFL,Georgiev et al. J Immunol 192:1100 (2014),24391217,0.33,,
VRC01-5fH/6fL,KER2018_11,Georgiev et al. J Immunol 192:1100 (2014),24391217,0.312,,
VRC01-5fH/6fL,PVO_4,Georgiev et al. J Immunol 192:1100 (2014),24391217,0.217,,
VRC01-5fH/6fL,Q168_A2,Georgiev et al. J Immunol 192:1100 (2014),24391217,0.105,,
VRC01-5fH/6fL,Q23_17,Georgiev et al. J Immunol 192:1100 (2014),24391217,0.101,,
VRC01-5fH/6fL,Q769_H5,Georgiev et al. J Immunol 192:1100 (2014),24391217,0.072,,
VRC01-5fH/6fL,THRO4156,Georgiev et al. J Immunol 192:1100 (2014),24391217,4.57,,
VRC01-5fH/6fL,TRJO4551_58,Georgiev et al. J Immunol 192:1100 (2014),24391217,0.101,,
VRC01-5fH/6fL,TRO_11,Georgiev et al. J Immunol 192:1100 (2014),24391217,9.29,,
VRC01-5fH/6fL,YU2,Georgiev et al. J Immunol 192:1100 (2014),24391217,0.061,,
VRC01-5fH/6fL,ZA012_29,Georgiev et al. J Immunol 192:1100 (2014),24391217,0.264,,
VRC01-5fH/6fL,ZM106_9,Georgiev et al. J Immunol 192:1100 (2014),24391217,0.506,,
VRC01-5fH/6fL,ZM55_28A,Georgiev et al. J Immunol 192:1100 (2014),24391217,0.341,,
VRC01-8fH/10fL,6101_1,Georgiev et al. J Immunol 192:1100 (2014),24391217,0.108,,
VRC01-8fH/10fL,92RW020_2,Georgiev et al. J Immunol 192:1100 (2014),24391217,0.492,,
VRC01-8fH/10fL,BAL_01,Georgiev et al. J Immunol 192:1100 (2014),24391217,0.021,,
VRC01-8fH/10fL,BG1168_1,Georgiev et al. J Immunol 192:1100 (2014),24391217,>50,,
VRC01-8fH/10fL,CAAN5342,Georgiev et al. J Immunol 192:1100 (2014),24391217,0.674,,
VRC01-8fH/10fL,DU156_12,Georgiev et al. J Immunol 192:1100 (2014),24391217,0.068,,
VRC01-8fH/10fL,DU422_1,Georgiev et al. J Immunol 192:1100 (2014),24391217,>50,,
VRC01-8fH/10fL,JRCSF,Georgiev et al. J Immunol 192:1100 (2014),24391217,0.179,,
VRC01-8fH/10fL,JRFL,Georgiev et al. J Immunol 192:1100 (2014),24391217,0.739,,
VRC01-8fH/10fL,KER2018_11,Georgiev et al. J Immunol 192:1100 (2014),24391217,0.581,,
VRC01-8fH/10fL,PVO_4,Georgiev et al. J Immunol 192:1100 (2014),24391217,0.503,,
VRC01-8fH/10fL,Q168_A2,Georgiev et al. J Immunol 192:1100 (2014),24391217,0.085,,
VRC01-8fH/10fL,Q23_17,Georgiev et al. J Immunol 192:1100 (2014),24391217,0.178,,
VRC01-8fH/10fL,Q769_H5,Georgiev et al. J Immunol 192:1100 (2014),24391217,0.047,,
VRC01-8fH/10fL,THRO4156,Georgiev et al. J Immunol 192:1100 (2014),24391217,3.19,,
VRC01-8fH/10fL,TRJO4551_58,Georgiev et al. J Immunol 192:1100 (2014),24391217,0.1,,
VRC01-8fH/10fL,TRO_11,Georgiev et al. J Immunol 192:1100 (2014),24391217,5.75,,
VRC01-8fH/10fL,YU2,Georgiev et al. J Immunol 192:1100 (2014),24391217,0.082,,
VRC01-8fH/10fL,ZA012_29,Georgiev et al. J Immunol 192:1100 (2014),24391217,0.392,,
VRC01-8fH/10fL,ZM106_9,Georgiev et al. J Immunol 192:1100 (2014),24391217,0.629,,
VRC01-8fH/10fL,ZM55_28A,Georgiev et al. J Immunol 192:1100 (2014),24391217,0.567,,
VRC01-8fH/19fL,6101_1,Georgiev et al. J Immunol 192:1100 (2014),24391217,0.106,,
VRC01-8fH/19fL,92RW020_2,Georgiev et al. J Immunol 192:1100 (2014),24391217,0.88,,
VRC01-8fH/19fL,BAL_01,Georgiev et al. J Immunol 192:1100 (2014),24391217,0.207,,
VRC01-8fH/19fL,BG1168_1,Georgiev et al. J Immunol 192:1100 (2014),24391217,>50,,
VRC01-8fH/19fL,CAAN5342,Georgiev et al. J Immunol 192:1100 (2014),24391217,2.53,,
VRC01-8fH/19fL,DU156_12,Georgiev et al. J Immunol 192:1100 (2014),24391217,0.353,,
VRC01-8fH/19fL,DU422_1,Georgiev et al. J Immunol 192:1100 (2014),24391217,>50,,
VRC01-8fH/19fL,JRCSF,Georgiev et al. J Immunol 192:1100 (2014),24391217,0.216,,
VRC01-8fH/19fL,JRFL,Georgiev et al. J Immunol 192:1100 (2014),24391217,0.331,,
VRC01-8fH/19fL,KER2018_11,Georgiev et al. J Immunol 192:1100 (2014),24391217,0.578,,
VRC01-8fH/19fL,PVO_4,Georgiev et al. J Immunol 192:1100 (2014),24391217,1.1,,
VRC01-8fH/19fL,Q168_A2,Georgiev et al. J Immunol 192:1100 (2014),24391217,0.271,,
VRC01-8fH/19fL,Q23_17,Georgiev et al. J Immunol 192:1100 (2014),24391217,0.23,,
VRC01-8fH/19fL,Q769_H5,Georgiev et al. J Immunol 192:1100 (2014),24391217,0.163,,
VRC01-8fH/19fL,THRO4156,Georgiev et al. J Immunol 192:1100 (2014),24391217,4.74,,
VRC01-8fH/19fL,TRJO4551_58,Georgiev et al. J Immunol 192:1100 (2014),24391217,0.132,,
VRC01-8fH/19fL,TRO_11,Georgiev et al. J Immunol 192:1100 (2014),24391217,17,,
VRC01-8fH/19fL,YU2,Georgiev et al. J Immunol 192:1100 (2014),24391217,0.158,,
VRC01-8fH/19fL,ZA012_29,Georgiev et al. J Immunol 192:1100 (2014),24391217,0.739,,
VRC01-8fH/19fL,ZM106_9,Georgiev et al. J Immunol 192:1100 (2014),24391217,0.891,,
VRC01-8fH/19fL,ZM55_28A,Georgiev et al. J Immunol 192:1100 (2014),24391217,3.99,,
VRC01-8fH/6fL,6101_1,Georgiev et al. J Immunol 192:1100 (2014),24391217,0.224,,
VRC01-8fH/6fL,92RW020_2,Georgiev et al. J Immunol 192:1100 (2014),24391217,1.12,,
VRC01-8fH/6fL,BAL_01,Georgiev et al. J Immunol 192:1100 (2014),24391217,0.084,,
VRC01-8fH/6fL,BG1168_1,Georgiev et al. J Immunol 192:1100 (2014),24391217,>50,,
VRC01-8fH/6fL,CAAN5342,Georgiev et al. J Immunol 192:1100 (2014),24391217,2.03,,
VRC01-8fH/6fL,DU156_12,Georgiev et al. J Immunol 192:1100 (2014),24391217,0.082,,
VRC01-8fH/6fL,DU422_1,Georgiev et al. J Immunol 192:1100 (2014),24391217,>50,,
VRC01-8fH/6fL,JRCSF,Georgiev et al. J Immunol 192:1100 (2014),24391217,0.241,,
VRC01-8fH/6fL,JRFL,Georgiev et al. J Immunol 192:1100 (2014),24391217,1.76,,
VRC01-8fH/6fL,KER2018_11,Georgiev et al. J Immunol 192:1100 (2014),24391217,0.779,,
VRC01-8fH/6fL,PVO_4,Georgiev et al. J Immunol 192:1100 (2014),24391217,1.05,,
VRC01-8fH/6fL,Q168_A2,Georgiev et al. J Immunol 192:1100 (2014),24391217,0.187,,
VRC01-8fH/6fL,Q23_17,Georgiev et al. J Immunol 192:1100 (2014),24391217,0.293,,
VRC01-8fH/6fL,Q769_H5,Georgiev et al. J Immunol 192:1100 (2014),24391217,0.051,,
VRC01-8fH/6fL,THRO4156,Georgiev et al. J Immunol 192:1100 (2014),24391217,4.36,,
VRC01-8fH/6fL,TRJO4551_58,Georgiev et al. J Immunol 192:1100 (2014),24391217,0.094,,
VRC01-8fH/6fL,TRO_11,Georgiev et al. J Immunol 192:1100 (2014),24391217,8.92,,
VRC01-8fH/6fL,YU2,Georgiev et al. J Immunol 192:1100 (2014),24391217,0.155,,
VRC01-8fH/6fL,ZA012_29,Georgiev et al. J Immunol 192:1100 (2014),24391217,0.762,,
VRC01-8fH/6fL,ZM106_9,Georgiev et al. J Immunol 192:1100 (2014),24391217,1.39,,
VRC01-8fH/6fL,ZM55_28A,Georgiev et al. J Immunol 192:1100 (2014),24391217,2.34,,
VRC01/PGDM1400-10E8v4,0013095_2_11,Xu et al. Science 358:85 (2017),28931639,0.009,0.019,
VRC01/PGDM1400-10E8v4,001428_2_42,Xu et al. Science 358:85 (2017),28931639,0.006,0.015,
VRC01/PGDM1400-10E8v4,0077_V1_C16,Xu et al. Science 358:85 (2017),28931639,0.028,0.097,
VRC01/PGDM1400-10E8v4,00836_2_5,Xu et al. Science 358:85 (2017),28931639,0.029,0.122,
VRC01/PGDM1400-10E8v4,0260_V5_C36,Xu et al. Science 358:85 (2017),28931639,0.025,0.098,
VRC01/PGDM1400-10E8v4,0330_V4_C3,Xu et al. Science 358:85 (2017),28931639,0.012,0.032,
VRC01/PGDM1400-10E8v4,0439_V5_C1,Xu et al. Science 358:85 (2017),28931639,0.417,1.25,
VRC01/PGDM1400-10E8v4,0815_V3_C3,Xu et al. Science 358:85 (2017),28931639,0.095,0.383,
VRC01/PGDM1400-10E8v4,0921_V2_C14,Xu et al. Science 358:85 (2017),28931639,0.027,0.042,
VRC01/PGDM1400-10E8v4,16055_2_3,Xu et al. Science 358:85 (2017),28931639,0.005,0.013,
VRC01/PGDM1400-10E8v4,16845_2_22,Xu et al. Science 358:85 (2017),28931639,0.542,4.23,
VRC01/PGDM1400-10E8v4,16936_2_21,Xu et al. Science 358:85 (2017),28931639,0.011,0.104,
VRC01/PGDM1400-10E8v4,191821_E6_1,Xu et al. Science 358:85 (2017),28931639,0.069,0.215,
VRC01/PGDM1400-10E8v4,231965_C1,Xu et al. Science 358:85 (2017),28931639,0.029,0.095,
VRC01/PGDM1400-10E8v4,235_47,Xu et al. Science 358:85 (2017),28931639,0.027,0.058,
VRC01/PGDM1400-10E8v4,242_14,Xu et al. Science 358:85 (2017),28931639,0.019,0.095,
VRC01/PGDM1400-10E8v4,246_F3_C10_2,Xu et al. Science 358:85 (2017),28931639,0.031,0.068,
VRC01/PGDM1400-10E8v4,247_23,Xu et al. Science 358:85 (2017),28931639,0.024,0.054,
VRC01/PGDM1400-10E8v4,25710_2_43,Xu et al. Science 358:85 (2017),28931639,0.025,0.057,
VRC01/PGDM1400-10E8v4,25711_2_4,Xu et al. Science 358:85 (2017),28931639,0.602,1.76,
VRC01/PGDM1400-10E8v4,25925_2_22,Xu et al. Science 358:85 (2017),28931639,0.015,0.033,
VRC01/PGDM1400-10E8v4,26191_2_48,Xu et al. Science 358:85 (2017),28931639,0.002,0.025,
VRC01/PGDM1400-10E8v4,263_8,Xu et al. Science 358:85 (2017),28931639,0.01,0.064,
VRC01/PGDM1400-10E8v4,269_12,Xu et al. Science 358:85 (2017),28931639,0.386,1,
VRC01/PGDM1400-10E8v4,271_11,Xu et al. Science 358:85 (2017),28931639,0.016,0.06,
VRC01/PGDM1400-10E8v4,286_36,Xu et al. Science 358:85 (2017),28931639,0.003,0.039,
VRC01/PGDM1400-10E8v4,288_38,Xu et al. Science 358:85 (2017),28931639,0.061,0.446,
VRC01/PGDM1400-10E8v4,3016_V5_C45,Xu et al. Science 358:85 (2017),28931639,0.005,0.042,
VRC01/PGDM1400-10E8v4,3168_V4_C10,Xu et al. Science 358:85 (2017),28931639,0.104,0.394,
VRC01/PGDM1400-10E8v4,3301_V1_C24,Xu et al. Science 358:85 (2017),28931639,0.049,0.129,
VRC01/PGDM1400-10E8v4,3326_V4_C3,Xu et al. Science 358:85 (2017),28931639,0.014,0.035,
VRC01/PGDM1400-10E8v4,3337_V2_C6,Xu et al. Science 358:85 (2017),28931639,0.059,0.214,
VRC01/PGDM1400-10E8v4,3365_V2_C20,Xu et al. Science 358:85 (2017),28931639,0.017,0.069,
VRC01/PGDM1400-10E8v4,3415_V1_C1,Xu et al. Science 358:85 (2017),28931639,0.025,0.07,
VRC01/PGDM1400-10E8v4,3468_V1_C12,Xu et al. Science 358:85 (2017),28931639,0.25,0.83,
VRC01/PGDM1400-10E8v4,3589_V1_C4,Xu et al. Science 358:85 (2017),28931639,0.022,0.087,
VRC01/PGDM1400-10E8v4,3637_V5_C3,Xu et al. Science 358:85 (2017),28931639,5.4,16.7,
VRC01/PGDM1400-10E8v4,3718_3_11,Xu et al. Science 358:85 (2017),28931639,0.015,0.043,
VRC01/PGDM1400-10E8v4,3817_V2_C59,Xu et al. Science 358:85 (2017),28931639,2.48,>50,
VRC01/PGDM1400-10E8v4,3873_V1_C24,Xu et al. Science 358:85 (2017),28931639,0.014,0.04,
VRC01/PGDM1400-10E8v4,3988_25,Xu et al. Science 358:85 (2017),28931639,0.12,0.276,
VRC01/PGDM1400-10E8v4,398_F1_F6_20,Xu et al. Science 358:85 (2017),28931639,0.021,0.068,
VRC01/PGDM1400-10E8v4,45_01DG5,Xu et al. Science 358:85 (2017),28931639,0.022,0.086,
VRC01/PGDM1400-10E8v4,57128_VRC15,Xu et al. Science 358:85 (2017),28931639,0.056,0.328,
VRC01/PGDM1400-10E8v4,5768_4,Xu et al. Science 358:85 (2017),28931639,0.063,0.171,
VRC01/PGDM1400-10E8v4,6095_V1_C10,Xu et al. Science 358:85 (2017),28931639,0.006,0.032,
VRC01/PGDM1400-10E8v4,6101_1,Xu et al. Science 358:85 (2017),28931639,0.04,0.156,
VRC01/PGDM1400-10E8v4,620345_C1,Xu et al. Science 358:85 (2017),28931639,2.74,>50,
VRC01/PGDM1400-10E8v4,6322_V4_C1,Xu et al. Science 358:85 (2017),28931639,0.032,0.159,
VRC01/PGDM1400-10E8v4,6405_V4_C34,Xu et al. Science 358:85 (2017),28931639,4.08,15.2,
VRC01/PGDM1400-10E8v4,6471_V1_C16,Xu et al. Science 358:85 (2017),28931639,>50,>50,
VRC01/PGDM1400-10E8v4,6535_3,Xu et al. Science 358:85 (2017),28931639,0.027,0.214,
VRC01/PGDM1400-10E8v4,6540_V4_C1,Xu et al. Science 358:85 (2017),28931639,0.02,0.143,
VRC01/PGDM1400-10E8v4,6545_V4_C1,Xu et al. Science 358:85 (2017),28931639,0.013,0.06,
VRC01/PGDM1400-10E8v4,6631_V3_C10,Xu et al. Science 358:85 (2017),28931639,>50,>50,
VRC01/PGDM1400-10E8v4,6644_V2_C33,Xu et al. Science 358:85 (2017),28931639,0.016,0.052,
VRC01/PGDM1400-10E8v4,6785_V5_C14,Xu et al. Science 358:85 (2017),28931639,0.003,0.04,
VRC01/PGDM1400-10E8v4,6838_V1_C35,Xu et al. Science 358:85 (2017),28931639,0.012,0.048,
VRC01/PGDM1400-10E8v4,703010217_B6,Xu et al. Science 358:85 (2017),28931639,0.017,0.046,
VRC01/PGDM1400-10E8v4,7165_18,Xu et al. Science 358:85 (2017),28931639,2.22,7.22,
VRC01/PGDM1400-10E8v4,89_6,Xu et al. Science 358:85 (2017),28931639,0.569,2.45,
VRC01/PGDM1400-10E8v4,928_28,Xu et al. Science 358:85 (2017),28931639,0.031,0.132,
VRC01/PGDM1400-10E8v4,92BR025_9,Xu et al. Science 358:85 (2017),28931639,0.018,0.04,
VRC01/PGDM1400-10E8v4,92RW020_2,Xu et al. Science 358:85 (2017),28931639,0.007,0.055,
VRC01/PGDM1400-10E8v4,96ZM651_02,Xu et al. Science 358:85 (2017),28931639,0.085,0.361,
VRC01/PGDM1400-10E8v4,A03349M1_VRC4A,Xu et al. Science 358:85 (2017),28931639,0.213,0.675,
VRC01/PGDM1400-10E8v4,A07412M1_VRC12,Xu et al. Science 358:85 (2017),28931639,0.007,0.053,
VRC01/PGDM1400-10E8v4,AC10_29,Xu et al. Science 358:85 (2017),28931639,0.221,0.575,
VRC01/PGDM1400-10E8v4,ADA,Xu et al. Science 358:85 (2017),28931639,0.125,0.457,
VRC01/PGDM1400-10E8v4,BAL_01,Xu et al. Science 358:85 (2017),28931639,0.012,0.044,
VRC01/PGDM1400-10E8v4,BAL_26,Xu et al. Science 358:85 (2017),28931639,0.014,0.046,
VRC01/PGDM1400-10E8v4,BB201_B42,Xu et al. Science 358:85 (2017),28931639,0.006,0.014,
VRC01/PGDM1400-10E8v4,BB539_2B13,Xu et al. Science 358:85 (2017),28931639,0.009,0.035,
VRC01/PGDM1400-10E8v4,BG1168_1,Xu et al. Science 358:85 (2017),28931639,0.793,2.61,
VRC01/PGDM1400-10E8v4,BG505_W6M_C2,Xu et al. Science 358:85 (2017),28931639,0.018,0.052,
VRC01/PGDM1400-10E8v4,BI369_9A,Xu et al. Science 358:85 (2017),28931639,0.01,0.065,
VRC01/PGDM1400-10E8v4,BJOX002000_03_2,Xu et al. Science 358:85 (2017),28931639,0.006,0.104,
VRC01/PGDM1400-10E8v4,BJOX009000_02_4,Xu et al. Science 358:85 (2017),28931639,0.099,0.526,
VRC01/PGDM1400-10E8v4,BJOX010000_06_2,Xu et al. Science 358:85 (2017),28931639,0.029,0.096,
VRC01/PGDM1400-10E8v4,BJOX025000_01_1,Xu et al. Science 358:85 (2017),28931639,0.011,0.059,
VRC01/PGDM1400-10E8v4,BJOX028000_10_3,Xu et al. Science 358:85 (2017),28931639,0.021,0.095,
VRC01/PGDM1400-10E8v4,BL01,Xu et al. Science 358:85 (2017),28931639,>50,>50,
VRC01/PGDM1400-10E8v4,BR07,Xu et al. Science 358:85 (2017),28931639,0.638,2.69,
VRC01/PGDM1400-10E8v4,BS208_B1,Xu et al. Science 358:85 (2017),28931639,0.008,0.017,
VRC01/PGDM1400-10E8v4,BX08_16,Xu et al. Science 358:85 (2017),28931639,0.011,0.065,
VRC01/PGDM1400-10E8v4,C1080_C3,Xu et al. Science 358:85 (2017),28931639,0.005,0.009,
VRC01/PGDM1400-10E8v4,C2101_C1,Xu et al. Science 358:85 (2017),28931639,0.022,0.068,
VRC01/PGDM1400-10E8v4,C3347_C11,Xu et al. Science 358:85 (2017),28931639,0.018,0.053,
VRC01/PGDM1400-10E8v4,C4118_9,Xu et al. Science 358:85 (2017),28931639,0.009,0.023,
VRC01/PGDM1400-10E8v4,CAAN5342,Xu et al. Science 358:85 (2017),28931639,2.83,8.84,
VRC01/PGDM1400-10E8v4,CAP210_E8,Xu et al. Science 358:85 (2017),28931639,0.201,3.99,
VRC01/PGDM1400-10E8v4,CAP244_D3,Xu et al. Science 358:85 (2017),28931639,0.338,1.84,
VRC01/PGDM1400-10E8v4,CAP256_SU,Xu et al. Science 358:85 (2017),28931639,0.02,0.04,
VRC01/PGDM1400-10E8v4,CAP45_G3,Xu et al. Science 358:85 (2017),28931639,0.008,0.02,
VRC01/PGDM1400-10E8v4,CE1176_A3,Xu et al. Science 358:85 (2017),28931639,0.001,0.017,
VRC01/PGDM1400-10E8v4,CH038_12,Xu et al. Science 358:85 (2017),28931639,0.102,0.583,
VRC01/PGDM1400-10E8v4,CH070_1,Xu et al. Science 358:85 (2017),28931639,0.002,0.009,
VRC01/PGDM1400-10E8v4,CH117_4,Xu et al. Science 358:85 (2017),28931639,0.003,0.011,
VRC01/PGDM1400-10E8v4,CH119_10,Xu et al. Science 358:85 (2017),28931639,0.169,0.7,
VRC01/PGDM1400-10E8v4,CH181_12,Xu et al. Science 358:85 (2017),28931639,0.002,0.007,
VRC01/PGDM1400-10E8v4,CM244_EC1,Xu et al. Science 358:85 (2017),28931639,0.0006,0.002,
VRC01/PGDM1400-10E8v4,CNE10,Xu et al. Science 358:85 (2017),28931639,1.08,3.28,
VRC01/PGDM1400-10E8v4,CNE12,Xu et al. Science 358:85 (2017),28931639,1.41,3.54,
VRC01/PGDM1400-10E8v4,CNE14,Xu et al. Science 358:85 (2017),28931639,1.02,3.27,
VRC01/PGDM1400-10E8v4,CNE15,Xu et al. Science 358:85 (2017),28931639,0.008,0.028,
VRC01/PGDM1400-10E8v4,CNE19,Xu et al. Science 358:85 (2017),28931639,0.012,0.025,
VRC01/PGDM1400-10E8v4,CNE20,Xu et al. Science 358:85 (2017),28931639,0.013,0.037,
VRC01/PGDM1400-10E8v4,CNE21,Xu et al. Science 358:85 (2017),28931639,0.008,0.016,
VRC01/PGDM1400-10E8v4,CNE3,Xu et al. Science 358:85 (2017),28931639,0.001,0.144,
VRC01/PGDM1400-10E8v4,CNE30,Xu et al. Science 358:85 (2017),28931639,1.17,5.29,
VRC01/PGDM1400-10E8v4,CNE31,Xu et al. Science 358:85 (2017),28931639,0.382,1.22,
VRC01/PGDM1400-10E8v4,CNE4,Xu et al. Science 358:85 (2017),28931639,0.236,1.52,
VRC01/PGDM1400-10E8v4,CNE40,Xu et al. Science 358:85 (2017),28931639,0.087,0.371,
VRC01/PGDM1400-10E8v4,CNE5,Xu et al. Science 358:85 (2017),28931639,0.006,0.016,
VRC01/PGDM1400-10E8v4,CNE53,Xu et al. Science 358:85 (2017),28931639,0.031,0.125,
VRC01/PGDM1400-10E8v4,CNE55,Xu et al. Science 358:85 (2017),28931639,0.016,0.053,
VRC01/PGDM1400-10E8v4,CNE56,Xu et al. Science 358:85 (2017),28931639,0.365,1.59,
VRC01/PGDM1400-10E8v4,CNE57,Xu et al. Science 358:85 (2017),28931639,0.774,2.44,
VRC01/PGDM1400-10E8v4,CNE58,Xu et al. Science 358:85 (2017),28931639,0.01,0.026,
VRC01/PGDM1400-10E8v4,CNE59,Xu et al. Science 358:85 (2017),28931639,0.016,0.042,
VRC01/PGDM1400-10E8v4,CNE7,Xu et al. Science 358:85 (2017),28931639,0.019,0.077,
VRC01/PGDM1400-10E8v4,CNE8,Xu et al. Science 358:85 (2017),28931639,0.009,0.022,
VRC01/PGDM1400-10E8v4,DJ263_8,Xu et al. Science 358:85 (2017),28931639,0.015,0.036,
VRC01/PGDM1400-10E8v4,DU123_06,Xu et al. Science 358:85 (2017),28931639,0.021,0.07,
VRC01/PGDM1400-10E8v4,DU151_02,Xu et al. Science 358:85 (2017),28931639,0.012,0.084,
VRC01/PGDM1400-10E8v4,DU156_12,Xu et al. Science 358:85 (2017),28931639,0.019,0.052,
VRC01/PGDM1400-10E8v4,DU172_17,Xu et al. Science 358:85 (2017),28931639,1.07,5.71,
VRC01/PGDM1400-10E8v4,DU422_1,Xu et al. Science 358:85 (2017),28931639,2.96,28.9,
VRC01/PGDM1400-10E8v4,H086_8,Xu et al. Science 358:85 (2017),28931639,0.22,0.606,
VRC01/PGDM1400-10E8v4,HT593_1,Xu et al. Science 358:85 (2017),28931639,0.198,0.824,
VRC01/PGDM1400-10E8v4,HXB2,Xu et al. Science 358:85 (2017),28931639,0.043,0.132,
VRC01/PGDM1400-10E8v4,JRCSF,Xu et al. Science 358:85 (2017),28931639,0.01,0.025,
VRC01/PGDM1400-10E8v4,JRFL,Xu et al. Science 358:85 (2017),28931639,0.119,0.57,
VRC01/PGDM1400-10E8v4,KER2008_12,Xu et al. Science 358:85 (2017),28931639,0.005,0.017,
VRC01/PGDM1400-10E8v4,KER2018_11,Xu et al. Science 358:85 (2017),28931639,0.007,0.016,
VRC01/PGDM1400-10E8v4,KNH1209_18,Xu et al. Science 358:85 (2017),28931639,0.005,0.039,
VRC01/PGDM1400-10E8v4,KO426_T78_10,Xu et al. Science 358:85 (2017),28931639,1.58,6.41,
VRC01/PGDM1400-10E8v4,M02138,Xu et al. Science 358:85 (2017),28931639,0.026,0.182,
VRC01/PGDM1400-10E8v4,MB201_A1,Xu et al. Science 358:85 (2017),28931639,0.154,0.487,
VRC01/PGDM1400-10E8v4,MB539_2B7,Xu et al. Science 358:85 (2017),28931639,0.015,0.059,
VRC01/PGDM1400-10E8v4,MI369_A5,Xu et al. Science 358:85 (2017),28931639,0.003,0.026,
VRC01/PGDM1400-10E8v4,MN_3,Xu et al. Science 358:85 (2017),28931639,0.009,0.045,
VRC01/PGDM1400-10E8v4,MS208_A1,Xu et al. Science 358:85 (2017),28931639,0.001,0.039,
VRC01/PGDM1400-10E8v4,MW965_26,Xu et al. Science 358:85 (2017),28931639,0.009,0.042,
VRC01/PGDM1400-10E8v4,NKU3006_EC1,Xu et al. Science 358:85 (2017),28931639,1.1,3.9,
VRC01/PGDM1400-10E8v4,P0402_C2_11,Xu et al. Science 358:85 (2017),28931639,0.007,0.02,
VRC01/PGDM1400-10E8v4,P1981_C5_3,Xu et al. Science 358:85 (2017),28931639,0.036,0.107,
VRC01/PGDM1400-10E8v4,PVO_4,Xu et al. Science 358:85 (2017),28931639,0.756,2.37,
VRC01/PGDM1400-10E8v4,Q168_A2,Xu et al. Science 358:85 (2017),28931639,0.017,0.034,
VRC01/PGDM1400-10E8v4,Q23_17,Xu et al. Science 358:85 (2017),28931639,0.002,0.005,
VRC01/PGDM1400-10E8v4,Q259_17,Xu et al. Science 358:85 (2017),28931639,0.002,0.05,
VRC01/PGDM1400-10E8v4,Q461_E2,Xu et al. Science 358:85 (2017),28931639,0.116,0.319,
VRC01/PGDM1400-10E8v4,Q769_D22,Xu et al. Science 358:85 (2017),28931639,0.001,0.02,
VRC01/PGDM1400-10E8v4,Q769_H5,Xu et al. Science 358:85 (2017),28931639,0.013,0.036,
VRC01/PGDM1400-10E8v4,Q842_D12,Xu et al. Science 358:85 (2017),28931639,0.009,0.02,
VRC01/PGDM1400-10E8v4,QH0515_1,Xu et al. Science 358:85 (2017),28931639,1.08,2.92,
VRC01/PGDM1400-10E8v4,QH0692_42,Xu et al. Science 358:85 (2017),28931639,0.8,4.86,
VRC01/PGDM1400-10E8v4,QH209_14M_A2,Xu et al. Science 358:85 (2017),28931639,0.029,0.088,
VRC01/PGDM1400-10E8v4,R1166_C1,Xu et al. Science 358:85 (2017),28931639,0.867,2.78,
VRC01/PGDM1400-10E8v4,R2184_C4,Xu et al. Science 358:85 (2017),28931639,0.005,0.037,
VRC01/PGDM1400-10E8v4,R3265_C6,Xu et al. Science 358:85 (2017),28931639,0.025,0.09,
VRC01/PGDM1400-10E8v4,REJO4541_67,Xu et al. Science 358:85 (2017),28931639,0.012,0.026,
VRC01/PGDM1400-10E8v4,RHPA4259_7,Xu et al. Science 358:85 (2017),28931639,0.084,0.235,
VRC01/PGDM1400-10E8v4,S018_18,Xu et al. Science 358:85 (2017),28931639,0.004,0.01,
VRC01/PGDM1400-10E8v4,SC422_8,Xu et al. Science 358:85 (2017),28931639,0.173,0.5,
VRC01/PGDM1400-10E8v4,SF162,Xu et al. Science 358:85 (2017),28931639,0.33,0.924,
VRC01/PGDM1400-10E8v4,SS1196_1,Xu et al. Science 358:85 (2017),28931639,0.037,0.154,
VRC01/PGDM1400-10E8v4,T250_4,Xu et al. Science 358:85 (2017),28931639,0.007,0.03,
VRC01/PGDM1400-10E8v4,T251_18,Xu et al. Science 358:85 (2017),28931639,1.33,6.88,
VRC01/PGDM1400-10E8v4,T253_11,Xu et al. Science 358:85 (2017),28931639,0.001,0.008,
VRC01/PGDM1400-10E8v4,T255_34,Xu et al. Science 358:85 (2017),28931639,0.002,0.032,
VRC01/PGDM1400-10E8v4,T257_31,Xu et al. Science 358:85 (2017),28931639,0.001,0.009,
VRC01/PGDM1400-10E8v4,T266_60,Xu et al. Science 358:85 (2017),28931639,0.648,2.2,
VRC01/PGDM1400-10E8v4,T278_50,Xu et al. Science 358:85 (2017),28931639,0.189,0.898,
VRC01/PGDM1400-10E8v4,T280_5,Xu et al. Science 358:85 (2017),28931639,0.038,0.175,
VRC01/PGDM1400-10E8v4,T33_7,Xu et al. Science 358:85 (2017),28931639,0.008,0.022,
VRC01/PGDM1400-10E8v4,TH023_6,Xu et al. Science 358:85 (2017),28931639,0.014,0.177,
VRC01/PGDM1400-10E8v4,TH966_8,Xu et al. Science 358:85 (2017),28931639,0.019,0.04,
VRC01/PGDM1400-10E8v4,TH976_17,Xu et al. Science 358:85 (2017),28931639,0.022,0.223,
VRC01/PGDM1400-10E8v4,THRO4156,Xu et al. Science 358:85 (2017),28931639,0.226,0.721,
VRC01/PGDM1400-10E8v4,TRJO4551_58,Xu et al. Science 358:85 (2017),28931639,0.175,0.53,
VRC01/PGDM1400-10E8v4,TRO_11,Xu et al. Science 358:85 (2017),28931639,0.264,0.766,
VRC01/PGDM1400-10E8v4,TV1_29,Xu et al. Science 358:85 (2017),28931639,0.009,0.03,
VRC01/PGDM1400-10E8v4,TZA125_17,Xu et al. Science 358:85 (2017),28931639,0.083,0.359,
VRC01/PGDM1400-10E8v4,TZBD_02,Xu et al. Science 358:85 (2017),28931639,0.006,0.034,
VRC01/PGDM1400-10E8v4,UG021_16,Xu et al. Science 358:85 (2017),28931639,0.027,0.267,
VRC01/PGDM1400-10E8v4,UG024_2,Xu et al. Science 358:85 (2017),28931639,0.038,0.191,
VRC01/PGDM1400-10E8v4,UG037_8,Xu et al. Science 358:85 (2017),28931639,0.036,0.176,
VRC01/PGDM1400-10E8v4,WITO4160_33,Xu et al. Science 358:85 (2017),28931639,0.002,0.019,
VRC01/PGDM1400-10E8v4,X1193_C1,Xu et al. Science 358:85 (2017),28931639,0.055,0.312,
VRC01/PGDM1400-10E8v4,X1254_C3,Xu et al. Science 358:85 (2017),28931639,0.021,0.113,
VRC01/PGDM1400-10E8v4,X1632_S2_B10,Xu et al. Science 358:85 (2017),28931639,0.001,0.023,
VRC01/PGDM1400-10E8v4,X2088_C9,Xu et al. Science 358:85 (2017),28931639,>50,>50,
VRC01/PGDM1400-10E8v4,X2131_C1_B5,Xu et al. Science 358:85 (2017),28931639,0.088,0.439,
VRC01/PGDM1400-10E8v4,X2278_C2_B6,Xu et al. Science 358:85 (2017),28931639,0.032,0.118,
VRC01/PGDM1400-10E8v4,YU2,Xu et al. Science 358:85 (2017),28931639,0.214,0.518,
VRC01/PGDM1400-10E8v4,ZA012_29,Xu et al. Science 358:85 (2017),28931639,0.031,0.126,
VRC01/PGDM1400-10E8v4,ZM106_9,Xu et al. Science 358:85 (2017),28931639,0.016,0.073,
VRC01/PGDM1400-10E8v4,ZM109_4,Xu et al. Science 358:85 (2017),28931639,0.021,0.1,
VRC01/PGDM1400-10E8v4,ZM135_10A,Xu et al. Science 358:85 (2017),28931639,0.036,1.24,
VRC01/PGDM1400-10E8v4,ZM176_66,Xu et al. Science 358:85 (2017),28931639,0.005,0.014,
VRC01/PGDM1400-10E8v4,ZM197_7,Xu et al. Science 358:85 (2017),28931639,0.049,0.168,
VRC01/PGDM1400-10E8v4,ZM214_15,Xu et al. Science 358:85 (2017),28931639,1.87,7.12,
VRC01/PGDM1400-10E8v4,ZM215_8,Xu et al. Science 358:85 (2017),28931639,0.004,0.014,
VRC01/PGDM1400-10E8v4,ZM233_6,Xu et al. Science 358:85 (2017),28931639,0.005,0.013,
VRC01/PGDM1400-10E8v4,ZM249_1,Xu et al. Science 358:85 (2017),28931639,0.003,0.032,
VRC01/PGDM1400-10E8v4,ZM53_12,Xu et al. Science 358:85 (2017),28931639,0.016,0.037,
VRC01/PGDM1400-10E8v4,ZM55_28A,Xu et al. Science 358:85 (2017),28931639,0.084,0.266,
VRC08H/UCAL,246_F3_C10_2,Bonsignori et al. Immunity 49:1162 (2018) - dataset 2,30552024,13,,
VRC08H/UCAL,25710_2_43,Bonsignori et al. Immunity 49:1162 (2018) - dataset 2,30552024,6.8,,
VRC08H/UCAL,398_F1_F6_20,Bonsignori et al. Immunity 49:1162 (2018) - dataset 2,30552024,>50,,
VRC08H/UCAL,703010217_B6,Bonsignori et al. Immunity 49:1162 (2018) - dataset 2,30552024,>50,,
VRC08H/UCAL,BJOX002000_03_2,Bonsignori et al. Immunity 49:1162 (2018) - dataset 2,30552024,>50,,
VRC08H/UCAL,CE1176_A3,Bonsignori et al. Immunity 49:1162 (2018) - dataset 2,30552024,>50,,
VRC08H/UCAL,CH119_10,Bonsignori et al. Immunity 49:1162 (2018) - dataset 2,30552024,>50,,
VRC08H/UCAL,CNE55,Bonsignori et al. Immunity 49:1162 (2018) - dataset 2,30552024,0.44,,
VRC08H/UCAL,CNE8,Bonsignori et al. Immunity 49:1162 (2018) - dataset 2,30552024,1.7,,
VRC08H/UCAL,KO426_N276D,Bonsignori et al. Immunity 49:1162 (2018) - dataset 2,30552024,0.11,,
VRC08H/UCAL,KO426_T78_10,Bonsignori et al. Immunity 49:1162 (2018) - dataset 2,30552024,0.71,,
VRC08H/UCAL,TRO_11,Bonsignori et al. Immunity 49:1162 (2018) - dataset 2,30552024,0.65,,
VRC08H/UCAL,X1632_S2_B10,Bonsignori et al. Immunity 49:1162 (2018) - dataset 2,30552024,>50,,
VRC08H/UCAL,X2278_C2_B6,Bonsignori et al. Immunity 49:1162 (2018) - dataset 2,30552024,0.21,,
VRC26.25 D99E/E100bV,246_F3_C10_2,Yin et al. PNAS USA 118:e2106203118 (2021),34261793,0.0014,,
VRC26.25 D99E/E100bV,25710_2_43,Yin et al. PNAS USA 118:e2106203118 (2021),34261793,0.004,,
VRC26.25 D99E/E100bV,398_F1_F6_20,Yin et al. PNAS USA 118:e2106203118 (2021),34261793,>50,,
VRC26.25 D99E/E100bV,703010217_B6,Yin et al. PNAS USA 118:e2106203118 (2021),34261793,0.003,,
VRC26.25 D99E/E100bV,BG505_W6M_C2,Yin et al. PNAS USA 118:e2106203118 (2021),34261793,0.0028,,
VRC26.25 D99E/E100bV,BJOX002000_03_2,Yin et al. PNAS USA 118:e2106203118 (2021),34261793,0.0029,,
VRC26.25 D99E/E100bV,CE1176_A3,Yin et al. PNAS USA 118:e2106203118 (2021),34261793,0.0022,,
VRC26.25 D99E/E100bV,CH119_10,Yin et al. PNAS USA 118:e2106203118 (2021),34261793,0.01,,
VRC26.25 D99E/E100bV,CNE55,Yin et al. PNAS USA 118:e2106203118 (2021),34261793,0.0023,,
VRC26.25 D99E/E100bV,CNE8,Yin et al. PNAS USA 118:e2106203118 (2021),34261793,0.0073,,
VRC26.25 D99E/E100bV,T250_4,Yin et al. PNAS USA 118:e2106203118 (2021),34261793,0.001,,
VRC26.25 D99E/E100bV,TRO_11,Yin et al. PNAS USA 118:e2106203118 (2021),34261793,8.4135,,
VRC26.25 D99E/E100bV,WITO4160_33,Yin et al. PNAS USA 118:e2106203118 (2021),34261793,1.42,,
VRC26.25 D99E/E100bV,X1632_S2_B10,Yin et al. PNAS USA 118:e2106203118 (2021),34261793,0.0026,,
VRC26.25 D99E/E100bV,X2278_C2_B6,Yin et al. PNAS USA 118:e2106203118 (2021),34261793,0.0045,,
VRC26.25 D99E/E100bV,YU2,Yin et al. PNAS USA 118:e2106203118 (2021),34261793,2.48,,
VRC26.25 D99E/E100bV/K100sR,246_F3_C10_2,Yin et al. PNAS USA 118:e2106203118 (2021),34261793,0.0016,,
VRC26.25 D99E/E100bV/K100sR,25710_2_43,Yin et al. PNAS USA 118:e2106203118 (2021),34261793,0.0032,,
VRC26.25 D99E/E100bV/K100sR,398_F1_F6_20,Yin et al. PNAS USA 118:e2106203118 (2021),34261793,>50,,
VRC26.25 D99E/E100bV/K100sR,703010217_B6,Yin et al. PNAS USA 118:e2106203118 (2021),34261793,0.0029,,
VRC26.25 D99E/E100bV/K100sR,BG505_W6M_C2,Yin et al. PNAS USA 118:e2106203118 (2021),34261793,0.0025,,
VRC26.25 D99E/E100bV/K100sR,BJOX002000_03_2,Yin et al. PNAS USA 118:e2106203118 (2021),34261793,0.0035,,
VRC26.25 D99E/E100bV/K100sR,CE1176_A3,Yin et al. PNAS USA 118:e2106203118 (2021),34261793,0.0019,,
VRC26.25 D99E/E100bV/K100sR,CH119_10,Yin et al. PNAS USA 118:e2106203118 (2021),34261793,0.0089,,
VRC26.25 D99E/E100bV/K100sR,CNE55,Yin et al. PNAS USA 118:e2106203118 (2021),34261793,0.002,,
VRC26.25 D99E/E100bV/K100sR,CNE8,Yin et al. PNAS USA 118:e2106203118 (2021),34261793,0.0054,,
VRC26.25 D99E/E100bV/K100sR,T250_4,Yin et al. PNAS USA 118:e2106203118 (2021),34261793,0.0006,,
VRC26.25 D99E/E100bV/K100sR,TRO_11,Yin et al. PNAS USA 118:e2106203118 (2021),34261793,5.81,,
VRC26.25 D99E/E100bV/K100sR,WITO4160_33,Yin et al. PNAS USA 118:e2106203118 (2021),34261793,0.17,,
VRC26.25 D99E/E100bV/K100sR,X1632_S2_B10,Yin et al. PNAS USA 118:e2106203118 (2021),34261793,0.0028,,
VRC26.25 D99E/E100bV/K100sR,X2278_C2_B6,Yin et al. PNAS USA 118:e2106203118 (2021),34261793,0.0033,,
VRC26.25 D99E/E100bV/K100sR,YU2,Yin et al. PNAS USA 118:e2106203118 (2021),34261793,1.8237,,
VRC26.25 D99E/K100sR,246_F3_C10_2,Yin et al. PNAS USA 118:e2106203118 (2021),34261793,0.002,,
VRC26.25 D99E/K100sR,25710_2_43,Yin et al. PNAS USA 118:e2106203118 (2021),34261793,0.0036,,
VRC26.25 D99E/K100sR,398_F1_F6_20,Yin et al. PNAS USA 118:e2106203118 (2021),34261793,>50,,
VRC26.25 D99E/K100sR,703010217_B6,Yin et al. PNAS USA 118:e2106203118 (2021),34261793,0.0036,,
VRC26.25 D99E/K100sR,BG505_W6M_C2,Yin et al. PNAS USA 118:e2106203118 (2021),34261793,0.0021,,
VRC26.25 D99E/K100sR,BJOX002000_03_2,Yin et al. PNAS USA 118:e2106203118 (2021),34261793,0.0043,,
VRC26.25 D99E/K100sR,CE1176_A3,Yin et al. PNAS USA 118:e2106203118 (2021),34261793,0.002,,
VRC26.25 D99E/K100sR,CH119_10,Yin et al. PNAS USA 118:e2106203118 (2021),34261793,0.0098,,
VRC26.25 D99E/K100sR,CNE55,Yin et al. PNAS USA 118:e2106203118 (2021),34261793,0.002,,
VRC26.25 D99E/K100sR,CNE8,Yin et al. PNAS USA 118:e2106203118 (2021),34261793,0.0083,,
VRC26.25 D99E/K100sR,T250_4,Yin et al. PNAS USA 118:e2106203118 (2021),34261793,0.0009,,
VRC26.25 D99E/K100sR,TRO_11,Yin et al. PNAS USA 118:e2106203118 (2021),34261793,7.7125,,
VRC26.25 D99E/K100sR,WITO4160_33,Yin et al. PNAS USA 118:e2106203118 (2021),34261793,4.51,,
VRC26.25 D99E/K100sR,X1632_S2_B10,Yin et al. PNAS USA 118:e2106203118 (2021),34261793,0.0027,,
VRC26.25 D99E/K100sR,X2278_C2_B6,Yin et al. PNAS USA 118:e2106203118 (2021),34261793,0.0047,,
VRC26.25 D99E/K100sR,YU2,Yin et al. PNAS USA 118:e2106203118 (2021),34261793,5.817,,
VRC26.25 E100bV/K100sR,246_F3_C10_2,Yin et al. PNAS USA 118:e2106203118 (2021),34261793,0.0015,,
VRC26.25 E100bV/K100sR,25710_2_43,Yin et al. PNAS USA 118:e2106203118 (2021),34261793,0.0035,,
VRC26.25 E100bV/K100sR,398_F1_F6_20,Yin et al. PNAS USA 118:e2106203118 (2021),34261793,>50,,
VRC26.25 E100bV/K100sR,703010217_B6,Yin et al. PNAS USA 118:e2106203118 (2021),34261793,0.0032,,
VRC26.25 E100bV/K100sR,BG505_W6M_C2,Yin et al. PNAS USA 118:e2106203118 (2021),34261793,0.0016,,
VRC26.25 E100bV/K100sR,BJOX002000_03_2,Yin et al. PNAS USA 118:e2106203118 (2021),34261793,0.0031,,
VRC26.25 E100bV/K100sR,CE1176_A3,Yin et al. PNAS USA 118:e2106203118 (2021),34261793,0.0017,,
VRC26.25 E100bV/K100sR,CH119_10,Yin et al. PNAS USA 118:e2106203118 (2021),34261793,0.0071,,
VRC26.25 E100bV/K100sR,CNE55,Yin et al. PNAS USA 118:e2106203118 (2021),34261793,0.0015,,
VRC26.25 E100bV/K100sR,CNE8,Yin et al. PNAS USA 118:e2106203118 (2021),34261793,0.0055,,
VRC26.25 E100bV/K100sR,T250_4,Yin et al. PNAS USA 118:e2106203118 (2021),34261793,0.0007,,
VRC26.25 E100bV/K100sR,TRO_11,Yin et al. PNAS USA 118:e2106203118 (2021),34261793,4.745,,
VRC26.25 E100bV/K100sR,WITO4160_33,Yin et al. PNAS USA 118:e2106203118 (2021),34261793,0.315,,
VRC26.25 E100bV/K100sR,X1632_S2_B10,Yin et al. PNAS USA 118:e2106203118 (2021),34261793,0.0023,,
VRC26.25 E100bV/K100sR,X2278_C2_B6,Yin et al. PNAS USA 118:e2106203118 (2021),34261793,0.004,,
VRC26.25 E100bV/K100sR,YU2,Yin et al. PNAS USA 118:e2106203118 (2021),34261793,0.826,,
VRC26.25 E100bV/K100sR/L:S95bD,246_F3_C10_2,Yin et al. PNAS USA 118:e2106203118 (2021),34261793,0.00057,,
VRC26.25 E100bV/K100sR/L:S95bD,25710_2_43,Yin et al. PNAS USA 118:e2106203118 (2021),34261793,0.00096,,
VRC26.25 E100bV/K100sR/L:S95bD,398_F1_F6_20,Yin et al. PNAS USA 118:e2106203118 (2021),34261793,>50,,
VRC26.25 E100bV/K100sR/L:S95bD,703010217_B6,Yin et al. PNAS USA 118:e2106203118 (2021),34261793,0.001,,
VRC26.25 E100bV/K100sR/L:S95bD,BG505_W6M_C2,Yin et al. PNAS USA 118:e2106203118 (2021),34261793,0.00105,,
VRC26.25 E100bV/K100sR/L:S95bD,BJOX002000_03_2,Yin et al. PNAS USA 118:e2106203118 (2021),34261793,0.0015,,
VRC26.25 E100bV/K100sR/L:S95bD,CE1176_A3,Yin et al. PNAS USA 118:e2106203118 (2021),34261793,0.00113,,
VRC26.25 E100bV/K100sR/L:S95bD,CH119_10,Yin et al. PNAS USA 118:e2106203118 (2021),34261793,0.0085,,
VRC26.25 E100bV/K100sR/L:S95bD,CNE55,Yin et al. PNAS USA 118:e2106203118 (2021),34261793,0.0008,,
VRC26.25 E100bV/K100sR/L:S95bD,CNE8,Yin et al. PNAS USA 118:e2106203118 (2021),34261793,0.008,,
VRC26.25 E100bV/K100sR/L:S95bD,T250_4,Yin et al. PNAS USA 118:e2106203118 (2021),34261793,0.00036,,
VRC26.25 E100bV/K100sR/L:S95bD,TRO_11,Yin et al. PNAS USA 118:e2106203118 (2021),34261793,6.045,,
VRC26.25 E100bV/K100sR/L:S95bD,WITO4160_33,Yin et al. PNAS USA 118:e2106203118 (2021),34261793,0.445,,
VRC26.25 E100bV/K100sR/L:S95bD,X1632_S2_B10,Yin et al. PNAS USA 118:e2106203118 (2021),34261793,0.00098,,
VRC26.25 E100bV/K100sR/L:S95bD,X2278_C2_B6,Yin et al. PNAS USA 118:e2106203118 (2021),34261793,0.00145,,
VRC26.25 E100bV/K100sR/L:S95bD,YU2,Yin et al. PNAS USA 118:e2106203118 (2021),34261793,2.7,,
VRC26.25 E100bV/Q100nE/K100sR,246_F3_C10_2,Yin et al. PNAS USA 118:e2106203118 (2021),34261793,0.0003,,
VRC26.25 E100bV/Q100nE/K100sR,25710_2_43,Yin et al. PNAS USA 118:e2106203118 (2021),34261793,0.00079,,
VRC26.25 E100bV/Q100nE/K100sR,398_F1_F6_20,Yin et al. PNAS USA 118:e2106203118 (2021),34261793,>50,,
VRC26.25 E100bV/Q100nE/K100sR,703010217_B6,Yin et al. PNAS USA 118:e2106203118 (2021),34261793,0.00068,,
VRC26.25 E100bV/Q100nE/K100sR,BG505_W6M_C2,Yin et al. PNAS USA 118:e2106203118 (2021),34261793,0.0007,,
VRC26.25 E100bV/Q100nE/K100sR,BJOX002000_03_2,Yin et al. PNAS USA 118:e2106203118 (2021),34261793,0.00125,,
VRC26.25 E100bV/Q100nE/K100sR,CE1176_A3,Yin et al. PNAS USA 118:e2106203118 (2021),34261793,0.00052,,
VRC26.25 E100bV/Q100nE/K100sR,CH119_10,Yin et al. PNAS USA 118:e2106203118 (2021),34261793,0.00475,,
VRC26.25 E100bV/Q100nE/K100sR,CNE55,Yin et al. PNAS USA 118:e2106203118 (2021),34261793,0.00055,,
VRC26.25 E100bV/Q100nE/K100sR,CNE8,Yin et al. PNAS USA 118:e2106203118 (2021),34261793,0.00495,,
VRC26.25 E100bV/Q100nE/K100sR,T250_4,Yin et al. PNAS USA 118:e2106203118 (2021),34261793,0.00031,,
VRC26.25 E100bV/Q100nE/K100sR,TRO_11,Yin et al. PNAS USA 118:e2106203118 (2021),34261793,1.68,,
VRC26.25 E100bV/Q100nE/K100sR,WITO4160_33,Yin et al. PNAS USA 118:e2106203118 (2021),34261793,0.0505,,
VRC26.25 E100bV/Q100nE/K100sR,X1632_S2_B10,Yin et al. PNAS USA 118:e2106203118 (2021),34261793,0.0007,,
VRC26.25 E100bV/Q100nE/K100sR,X2278_C2_B6,Yin et al. PNAS USA 118:e2106203118 (2021),34261793,0.00086,,
VRC26.25 E100bV/Q100nE/K100sR,YU2,Yin et al. PNAS USA 118:e2106203118 (2021),34261793,1.035,,
VRC26.25 R97G/D99V/E100bV,246_F3_C10_2,Yin et al. PNAS USA 118:e2106203118 (2021),34261793,0.0012,,
VRC26.25 R97G/D99V/E100bV,25710_2_43,Yin et al. PNAS USA 118:e2106203118 (2021),34261793,0.0032,,
VRC26.25 R97G/D99V/E100bV,398_F1_F6_20,Yin et al. PNAS USA 118:e2106203118 (2021),34261793,>50,,
VRC26.25 R97G/D99V/E100bV,703010217_B6,Yin et al. PNAS USA 118:e2106203118 (2021),34261793,0.0023,,
VRC26.25 R97G/D99V/E100bV,BG505_W6M_C2,Yin et al. PNAS USA 118:e2106203118 (2021),34261793,0.0021,,
VRC26.25 R97G/D99V/E100bV,BJOX002000_03_2,Yin et al. PNAS USA 118:e2106203118 (2021),34261793,0.0031,,
VRC26.25 R97G/D99V/E100bV,CE1176_A3,Yin et al. PNAS USA 118:e2106203118 (2021),34261793,0.0036,,
VRC26.25 R97G/D99V/E100bV,CH119_10,Yin et al. PNAS USA 118:e2106203118 (2021),34261793,0.0083,,
VRC26.25 R97G/D99V/E100bV,CNE55,Yin et al. PNAS USA 118:e2106203118 (2021),34261793,0.0019,,
VRC26.25 R97G/D99V/E100bV,CNE8,Yin et al. PNAS USA 118:e2106203118 (2021),34261793,0.0043,,
VRC26.25 R97G/D99V/E100bV,T250_4,Yin et al. PNAS USA 118:e2106203118 (2021),34261793,0.0006,,
VRC26.25 R97G/D99V/E100bV,TRO_11,Yin et al. PNAS USA 118:e2106203118 (2021),34261793,6.266,,
VRC26.25 R97G/D99V/E100bV,WITO4160_33,Yin et al. PNAS USA 118:e2106203118 (2021),34261793,4.835,,
VRC26.25 R97G/D99V/E100bV,X1632_S2_B10,Yin et al. PNAS USA 118:e2106203118 (2021),34261793,0.0025,,
VRC26.25 R97G/D99V/E100bV,X2278_C2_B6,Yin et al. PNAS USA 118:e2106203118 (2021),34261793,0.0033,,
VRC26.25 R97G/D99V/E100bV,YU2,Yin et al. PNAS USA 118:e2106203118 (2021),34261793,2.845,,
10-1074+10E8,0013095_2_11,Kong et al. J Virol 89:2659 (2015) - dataset 2,25520506,0.013,0.093,
10-1074+10E8,001428_2_42,Kong et al. J Virol 89:2659 (2015) - dataset 2,25520506,0.104,0.248,
10-1074+10E8,0260_V5_C36,Kong et al. J Virol 89:2659 (2015) - dataset 2,25520506,0.272,0.812,
10-1074+10E8,0330_V4_C3,Kong et al. J Virol 89:2659 (2015) - dataset 2,25520506,0.042,0.152,
10-1074+10E8,0815_V3_C3,Kong et al. J Virol 89:2659 (2015) - dataset 2,25520506,0.039,0.145,
10-1074+10E8,1006_11_C3_1601,Kong et al. J Virol 89:2659 (2015) - dataset 2,25520506,0.004,0.017,
10-1074+10E8,1012_11_TC21_3257,Kong et al. J Virol 89:2659 (2015) - dataset 2,25520506,0.017,0.081,
10-1074+10E8,1054_07_TC4_1499,Kong et al. J Virol 89:2659 (2015) - dataset 2,25520506,0.012,0.099,
10-1074+10E8,1056_10_TA11_1826,Kong et al. J Virol 89:2659 (2015) - dataset 2,25520506,0.021,0.13,
10-1074+10E8,1394_C9G1,Kong et al. J Virol 89:2659 (2015) - dataset 2,25520506,0.029,0.125,
10-1074+10E8,16055_2_3,Kong et al. J Virol 89:2659 (2015) - dataset 2,25520506,0.226,1.36,
10-1074+10E8,16845_2_22,Kong et al. J Virol 89:2659 (2015) - dataset 2,25520506,0.01,0.137,
10-1074+10E8,191084_B7_19,Kong et al. J Virol 89:2659 (2015) - dataset 2,25520506,0.035,0.136,
10-1074+10E8,191821_E6_1,Kong et al. J Virol 89:2659 (2015) - dataset 2,25520506,0.307,1.6,
10-1074+10E8,191955_A11,Kong et al. J Virol 89:2659 (2015) - dataset 2,25520506,0.206,0.831,
10-1074+10E8,211_9,Kong et al. J Virol 89:2659 (2015) - dataset 2,25520506,0.126,0.357,
10-1074+10E8,231965_C1,Kong et al. J Virol 89:2659 (2015) - dataset 2,25520506,6.47,17.1,
10-1074+10E8,231966_C2,Kong et al. J Virol 89:2659 (2015) - dataset 2,25520506,0.022,0.311,
10-1074+10E8,235_47,Kong et al. J Virol 89:2659 (2015) - dataset 2,25520506,0.012,0.066,
10-1074+10E8,246_F3_C10_2,Kong et al. J Virol 89:2659 (2015) - dataset 2,25520506,1.17,3.75,
10-1074+10E8,249M_B10,Kong et al. J Virol 89:2659 (2015) - dataset 2,25520506,1.33,4.19,
10-1074+10E8,25710_2_43,Kong et al. J Virol 89:2659 (2015) - dataset 2,25520506,0.014,0.065,
10-1074+10E8,263_8,Kong et al. J Virol 89:2659 (2015) - dataset 2,25520506,0.023,0.252,
10-1074+10E8,3016_V5_C45,Kong et al. J Virol 89:2659 (2015) - dataset 2,25520506,0.442,2.28,
10-1074+10E8,3103_V3_C10,Kong et al. J Virol 89:2659 (2015) - dataset 2,25520506,0.019,0.06,
10-1074+10E8,3301_V1_C24,Kong et al. J Virol 89:2659 (2015) - dataset 2,25520506,0.009,0.045,
10-1074+10E8,3817_V2_C59,Kong et al. J Virol 89:2659 (2015) - dataset 2,25520506,0.047,0.354,
10-1074+10E8,398_F1_F6_20,Kong et al. J Virol 89:2659 (2015) - dataset 2,25520506,0.012,0.061,
10-1074+10E8,6041_V3_C23,Kong et al. J Virol 89:2659 (2015) - dataset 2,25520506,1.2,4.93,
10-1074+10E8,620345_C1,Kong et al. J Virol 89:2659 (2015) - dataset 2,25520506,0.888,5.15,
10-1074+10E8,62357_14_D3_4589,Kong et al. J Virol 89:2659 (2015) - dataset 2,25520506,0.421,1.8,
10-1074+10E8,6240_08_TA5_4622,Kong et al. J Virol 89:2659 (2015) - dataset 2,25520506,0.04,0.152,
10-1074+10E8,6244_13_B5_4567,Kong et al. J Virol 89:2659 (2015) - dataset 2,25520506,0.021,0.148,
10-1074+10E8,6535_3,Kong et al. J Virol 89:2659 (2015) - dataset 2,25520506,0.017,0.062,
10-1074+10E8,6540_V4_C1,Kong et al. J Virol 89:2659 (2015) - dataset 2,25520506,2.39,6.38,
10-1074+10E8,6545_V4_C1,Kong et al. J Virol 89:2659 (2015) - dataset 2,25520506,1.35,4.93,
10-1074+10E8,6811_V7_C18,Kong et al. J Virol 89:2659 (2015) - dataset 2,25520506,0.005,0.017,
10-1074+10E8,6952_V1_C20,Kong et al. J Virol 89:2659 (2015) - dataset 2,25520506,0.003,0.026,
10-1074+10E8,703010054_2A2,Kong et al. J Virol 89:2659 (2015) - dataset 2,25520506,0.941,2.52,
10-1074+10E8,703010200_1E5,Kong et al. J Virol 89:2659 (2015) - dataset 2,25520506,0.017,0.045,
10-1074+10E8,703010217_B6,Kong et al. J Virol 89:2659 (2015) - dataset 2,25520506,0.012,0.046,
10-1074+10E8,704809221_1B3,Kong et al. J Virol 89:2659 (2015) - dataset 2,25520506,0.002,0.039,
10-1074+10E8,89_F1_2_25,Kong et al. J Virol 89:2659 (2015) - dataset 2,25520506,1.51,4.66,
10-1074+10E8,9004SS_A3_4,Kong et al. J Virol 89:2659 (2015) - dataset 2,25520506,0.004,0.022,
10-1074+10E8,928_28,Kong et al. J Virol 89:2659 (2015) - dataset 2,25520506,0.045,0.298,
10-1074+10E8,A07412M1_VRC12,Kong et al. J Virol 89:2659 (2015) - dataset 2,25520506,0.013,0.05,
10-1074+10E8,AC10_29,Kong et al. J Virol 89:2659 (2015) - dataset 2,25520506,0.025,0.083,
10-1074+10E8,BF1266_431A,Kong et al. J Virol 89:2659 (2015) - dataset 2,25520506,1.06,5.77,
10-1074+10E8,BJOX002000_03_2,Kong et al. J Virol 89:2659 (2015) - dataset 2,25520506,0.032,0.091,
10-1074+10E8,BJOX009000_02_4,Kong et al. J Virol 89:2659 (2015) - dataset 2,25520506,0.231,2.14,
10-1074+10E8,BJOX010000_06_2,Kong et al. J Virol 89:2659 (2015) - dataset 2,25520506,0.034,0.525,
10-1074+10E8,BJOX015000_11_5,Kong et al. J Virol 89:2659 (2015) - dataset 2,25520506,0.016,0.364,
10-1074+10E8,BJOX025000_01_1,Kong et al. J Virol 89:2659 (2015) - dataset 2,25520506,0.431,3.15,
10-1074+10E8,BJOX028000_10_3,Kong et al. J Virol 89:2659 (2015) - dataset 2,25520506,0.319,1.56,
10-1074+10E8,C1080_C3,Kong et al. J Virol 89:2659 (2015) - dataset 2,25520506,0.072,0.55,
10-1074+10E8,C2101_C1,Kong et al. J Virol 89:2659 (2015) - dataset 2,25520506,0.915,3.35,
10-1074+10E8,C3347_C11,Kong et al. J Virol 89:2659 (2015) - dataset 2,25520506,0.004,0.043,
10-1074+10E8,C4118_9,Kong et al. J Virol 89:2659 (2015) - dataset 2,25520506,0.538,3.83,
10-1074+10E8,CAAN5342,Kong et al. J Virol 89:2659 (2015) - dataset 2,25520506,0.006,0.029,
10-1074+10E8,CAP210_E8,Kong et al. J Virol 89:2659 (2015) - dataset 2,25520506,0.921,3.32,
10-1074+10E8,CAP45_G3,Kong et al. J Virol 89:2659 (2015) - dataset 2,25520506,0.984,4.52,
10-1074+10E8,CE0393_C3,Kong et al. J Virol 89:2659 (2015) - dataset 2,25520506,0.375,1.48,
10-1074+10E8,CE0682_E4,Kong et al. J Virol 89:2659 (2015) - dataset 2,25520506,0.391,1.69,
10-1074+10E8,CE1086_B2,Kong et al. J Virol 89:2659 (2015) - dataset 2,25520506,0.053,0.61,
10-1074+10E8,CE1172_H1,Kong et al. J Virol 89:2659 (2015) - dataset 2,25520506,0.014,0.09,
10-1074+10E8,CE1176_A3,Kong et al. J Virol 89:2659 (2015) - dataset 2,25520506,0.014,0.066,
10-1074+10E8,CE2010_F5,Kong et al. J Virol 89:2659 (2015) - dataset 2,25520506,1.13,4.32,
10-1074+10E8,CE2060_G9,Kong et al. J Virol 89:2659 (2015) - dataset 2,25520506,1.05,4,
10-1074+10E8,CH119_10,Kong et al. J Virol 89:2659 (2015) - dataset 2,25520506,0.012,0.057,
10-1074+10E8,CNE17,Kong et al. J Virol 89:2659 (2015) - dataset 2,25520506,0.314,1.13,
10-1074+10E8,CNE19,Kong et al. J Virol 89:2659 (2015) - dataset 2,25520506,0.016,0.136,
10-1074+10E8,CNE20,Kong et al. J Virol 89:2659 (2015) - dataset 2,25520506,0.002,0.012,
10-1074+10E8,CNE21,Kong et al. J Virol 89:2659 (2015) - dataset 2,25520506,0.054,0.218,
10-1074+10E8,CNE30,Kong et al. J Virol 89:2659 (2015) - dataset 2,25520506,0.252,0.806,
10-1074+10E8,CNE5,Kong et al. J Virol 89:2659 (2015) - dataset 2,25520506,1.08,3.57,
10-1074+10E8,CNE52,Kong et al. J Virol 89:2659 (2015) - dataset 2,25520506,0.287,1.1,
10-1074+10E8,CNE53,Kong et al. J Virol 89:2659 (2015) - dataset 2,25520506,0.01,0.065,
10-1074+10E8,CNE55,Kong et al. J Virol 89:2659 (2015) - dataset 2,25520506,0.103,1.06,
10-1074+10E8,CNE58,Kong et al. J Virol 89:2659 (2015) - dataset 2,25520506,0.087,0.397,
10-1074+10E8,CNE8,Kong et al. J Virol 89:2659 (2015) - dataset 2,25520506,0.056,0.71,
10-1074+10E8,DU156_12,Kong et al. J Virol 89:2659 (2015) - dataset 2,25520506,0.005,0.025,
10-1074+10E8,DU172_17,Kong et al. J Virol 89:2659 (2015) - dataset 2,25520506,0.011,0.073,
10-1074+10E8,DU422_1,Kong et al. J Virol 89:2659 (2015) - dataset 2,25520506,0.051,0.175,
10-1074+10E8,MS208_A1,Kong et al. J Virol 89:2659 (2015) - dataset 2,25520506,0.334,1.46,
10-1074+10E8,P0402_C2_11,Kong et al. J Virol 89:2659 (2015) - dataset 2,25520506,0.004,0.026,
10-1074+10E8,P1981_C5_3,Kong et al. J Virol 89:2659 (2015) - dataset 2,25520506,0.004,0.023,
10-1074+10E8,PVO_4,Kong et al. J Virol 89:2659 (2015) - dataset 2,25520506,0.133,0.371,
10-1074+10E8,Q23_17,Kong et al. J Virol 89:2659 (2015) - dataset 2,25520506,0.006,0.028,
10-1074+10E8,Q259_17,Kong et al. J Virol 89:2659 (2015) - dataset 2,25520506,1.97,7.51,
10-1074+10E8,Q461_E2,Kong et al. J Virol 89:2659 (2015) - dataset 2,25520506,1.16,3.65,
10-1074+10E8,Q769_D22,Kong et al. J Virol 89:2659 (2015) - dataset 2,25520506,0.994,4.28,
10-1074+10E8,Q842_D12,Kong et al. J Virol 89:2659 (2015) - dataset 2,25520506,2.28,8.32,
10-1074+10E8,QH0692_42,Kong et al. J Virol 89:2659 (2015) - dataset 2,25520506,0.068,0.288,
10-1074+10E8,R1166_C1,Kong et al. J Virol 89:2659 (2015) - dataset 2,25520506,0.409,1.74,
10-1074+10E8,R2184_C4,Kong et al. J Virol 89:2659 (2015) - dataset 2,25520506,0.596,2.21,
10-1074+10E8,R3265_C6,Kong et al. J Virol 89:2659 (2015) - dataset 2,25520506,0.196,5.11,
10-1074+10E8,REJO4541_67,Kong et al. J Virol 89:2659 (2015) - dataset 2,25520506,0.216,1.28,
10-1074+10E8,RHPA4259_7,Kong et al. J Virol 89:2659 (2015) - dataset 2,25520506,0.029,0.108,
10-1074+10E8,SC05_8C11_2344,Kong et al. J Virol 89:2659 (2015) - dataset 2,25520506,0.021,0.077,
10-1074+10E8,SC422_8,Kong et al. J Virol 89:2659 (2015) - dataset 2,25520506,0.041,0.173,
10-1074+10E8,T250_4,Kong et al. J Virol 89:2659 (2015) - dataset 2,25520506,0.0004,0.006,
10-1074+10E8,T251_18,Kong et al. J Virol 89:2659 (2015) - dataset 2,25520506,0.106,0.51,
10-1074+10E8,T255_34,Kong et al. J Virol 89:2659 (2015) - dataset 2,25520506,0.043,0.428,
10-1074+10E8,T257_31,Kong et al. J Virol 89:2659 (2015) - dataset 2,25520506,0.458,1.91,
10-1074+10E8,T278_50,Kong et al. J Virol 89:2659 (2015) - dataset 2,25520506,0.167,0.946,
10-1074+10E8,THRO4156,Kong et al. J Virol 89:2659 (2015) - dataset 2,25520506,0.09,0.687,
10-1074+10E8,TRJO4551_58,Kong et al. J Virol 89:2659 (2015) - dataset 2,25520506,0.242,0.823,
10-1074+10E8,TRO_11,Kong et al. J Virol 89:2659 (2015) - dataset 2,25520506,0.006,0.033,
10-1074+10E8,WEAU_D15_410,Kong et al. J Virol 89:2659 (2015) - dataset 2,25520506,0.065,0.267,
10-1074+10E8,WITO4160_33,Kong et al. J Virol 89:2659 (2015) - dataset 2,25520506,0.033,0.289,
10-1074+10E8,X1193_C1,Kong et al. J Virol 89:2659 (2015) - dataset 2,25520506,0.076,0.228,
10-1074+10E8,X1254_C3,Kong et al. J Virol 89:2659 (2015) - dataset 2,25520506,0.112,0.359,
10-1074+10E8,X1632_S2_B10,Kong et al. J Virol 89:2659 (2015) - dataset 2,25520506,0.429,2.32,
10-1074+10E8,X2088_C9,Kong et al. J Virol 89:2659 (2015) - dataset 2,25520506,0.004,0.019,
10-1074+10E8,X2131_C1_B5,Kong et al. J Virol 89:2659 (2015) - dataset 2,25520506,0.008,0.031,
10-1074+10E8,X2278_C2_B6,Kong et al. J Virol 89:2659 (2015) - dataset 2,25520506,0.023,0.079,
10-1074+10E8,ZM109_4,Kong et al. J Virol 89:2659 (2015) - dataset 2,25520506,0.395,1.67,
10-1074+10E8,ZM135_10A,Kong et al. J Virol 89:2659 (2015) - dataset 2,25520506,0.026,0.151,
10-1074+10E8,ZM197_7,Kong et al. J Virol 89:2659 (2015) - dataset 2,25520506,0.115,0.506,
10-1074+10E8,ZM214_15,Kong et al. J Virol 89:2659 (2015) - dataset 2,25520506,0.597,1.87,
10-1074+10E8,ZM233_6,Kong et al. J Virol 89:2659 (2015) - dataset 2,25520506,0.06,0.173,
10-1074+10E8,ZM246F,Kong et al. J Virol 89:2659 (2015) - dataset 2,25520506,0.037,0.12,
10-1074+10E8,ZM247_V1,Kong et al. J Virol 89:2659 (2015) - dataset 2,25520506,0.039,0.137,
10-1074+10E8,ZM249_1,Kong et al. J Virol 89:2659 (2015) - dataset 2,25520506,0.741,2.49,
10-1074+10E8,ZM53_12,Kong et al. J Virol 89:2659 (2015) - dataset 2,25520506,2.01,8.24,
10-1074+10E8+3BNC117,0013095_2_11,Kong et al. J Virol 89:2659 (2015) - dataset 2,25520506,0.008,0.102,
10-1074+10E8+3BNC117,001428_2_42,Kong et al. J Virol 89:2659 (2015) - dataset 2,25520506,0.008,0.023,
10-1074+10E8+3BNC117,0260_V5_C36,Kong et al. J Virol 89:2659 (2015) - dataset 2,25520506,0.097,0.276,
10-1074+10E8+3BNC117,0330_V4_C3,Kong et al. J Virol 89:2659 (2015) - dataset 2,25520506,0.013,0.05,
10-1074+10E8+3BNC117,0815_V3_C3,Kong et al. J Virol 89:2659 (2015) - dataset 2,25520506,0.007,0.03,
10-1074+10E8+3BNC117,1006_11_C3_1601,Kong et al. J Virol 89:2659 (2015) - dataset 2,25520506,0.003,0.015,
10-1074+10E8+3BNC117,1012_11_TC21_3257,Kong et al. J Virol 89:2659 (2015) - dataset 2,25520506,0.008,0.033,
10-1074+10E8+3BNC117,1054_07_TC4_1499,Kong et al. J Virol 89:2659 (2015) - dataset 2,25520506,0.009,0.064,
10-1074+10E8+3BNC117,1056_10_TA11_1826,Kong et al. J Virol 89:2659 (2015) - dataset 2,25520506,0.023,0.112,
10-1074+10E8+3BNC117,1394_C9G1,Kong et al. J Virol 89:2659 (2015) - dataset 2,25520506,0.026,0.119,
10-1074+10E8+3BNC117,16055_2_3,Kong et al. J Virol 89:2659 (2015) - dataset 2,25520506,0.127,1.06,
10-1074+10E8+3BNC117,16845_2_22,Kong et al. J Virol 89:2659 (2015) - dataset 2,25520506,0.016,0.212,
10-1074+10E8+3BNC117,191084_B7_19,Kong et al. J Virol 89:2659 (2015) - dataset 2,25520506,0.015,0.074,
10-1074+10E8+3BNC117,191821_E6_1,Kong et al. J Virol 89:2659 (2015) - dataset 2,25520506,0.099,0.337,
10-1074+10E8+3BNC117,191955_A11,Kong et al. J Virol 89:2659 (2015) - dataset 2,25520506,0.166,0.696,
10-1074+10E8+3BNC117,211_9,Kong et al. J Virol 89:2659 (2015) - dataset 2,25520506,0.061,0.243,
10-1074+10E8+3BNC117,231965_C1,Kong et al. J Virol 89:2659 (2015) - dataset 2,25520506,0.054,0.19,
10-1074+10E8+3BNC117,231966_C2,Kong et al. J Virol 89:2659 (2015) - dataset 2,25520506,0.025,0.137,
10-1074+10E8+3BNC117,235_47,Kong et al. J Virol 89:2659 (2015) - dataset 2,25520506,0.008,0.045,
10-1074+10E8+3BNC117,246_F3_C10_2,Kong et al. J Virol 89:2659 (2015) - dataset 2,25520506,0.073,0.254,
10-1074+10E8+3BNC117,249M_B10,Kong et al. J Virol 89:2659 (2015) - dataset 2,25520506,0.047,0.165,
10-1074+10E8+3BNC117,25710_2_43,Kong et al. J Virol 89:2659 (2015) - dataset 2,25520506,0.009,0.068,
10-1074+10E8+3BNC117,263_8,Kong et al. J Virol 89:2659 (2015) - dataset 2,25520506,0.007,0.038,
10-1074+10E8+3BNC117,3016_V5_C45,Kong et al. J Virol 89:2659 (2015) - dataset 2,25520506,0.182,0.641,
10-1074+10E8+3BNC117,3103_V3_C10,Kong et al. J Virol 89:2659 (2015) - dataset 2,25520506,0.009,0.048,
10-1074+10E8+3BNC117,3301_V1_C24,Kong et al. J Virol 89:2659 (2015) - dataset 2,25520506,0.004,0.022,
10-1074+10E8+3BNC117,3817_V2_C59,Kong et al. J Virol 89:2659 (2015) - dataset 2,25520506,0.013,0.129,
10-1074+10E8+3BNC117,398_F1_F6_20,Kong et al. J Virol 89:2659 (2015) - dataset 2,25520506,0.007,0.043,
10-1074+10E8+3BNC117,6041_V3_C23,Kong et al. J Virol 89:2659 (2015) - dataset 2,25520506,0.01,0.028,
10-1074+10E8+3BNC117,620345_C1,Kong et al. J Virol 89:2659 (2015) - dataset 2,25520506,0.737,4.57,
10-1074+10E8+3BNC117,62357_14_D3_4589,Kong et al. J Virol 89:2659 (2015) - dataset 2,25520506,0.031,0.094,
10-1074+10E8+3BNC117,6240_08_TA5_4622,Kong et al. J Virol 89:2659 (2015) - dataset 2,25520506,0.025,0.087,
10-1074+10E8+3BNC117,6244_13_B5_4567,Kong et al. J Virol 89:2659 (2015) - dataset 2,25520506,0.01,0.049,
10-1074+10E8+3BNC117,6535_3,Kong et al. J Virol 89:2659 (2015) - dataset 2,25520506,0.015,0.06,
10-1074+10E8+3BNC117,6540_V4_C1,Kong et al. J Virol 89:2659 (2015) - dataset 2,25520506,2.23,6.72,
10-1074+10E8+3BNC117,6545_V4_C1,Kong et al. J Virol 89:2659 (2015) - dataset 2,25520506,1.43,5.71,
10-1074+10E8+3BNC117,6811_V7_C18,Kong et al. J Virol 89:2659 (2015) - dataset 2,25520506,0.004,0.019,
10-1074+10E8+3BNC117,6952_V1_C20,Kong et al. J Virol 89:2659 (2015) - dataset 2,25520506,0.003,0.021,
10-1074+10E8+3BNC117,703010054_2A2,Kong et al. J Virol 89:2659 (2015) - dataset 2,25520506,0.134,0.418,
10-1074+10E8+3BNC117,703010200_1E5,Kong et al. J Virol 89:2659 (2015) - dataset 2,25520506,0.016,0.051,
10-1074+10E8+3BNC117,703010217_B6,Kong et al. J Virol 89:2659 (2015) - dataset 2,25520506,0.008,0.027,
10-1074+10E8+3BNC117,704809221_1B3,Kong et al. J Virol 89:2659 (2015) - dataset 2,25520506,0.001,0.027,
10-1074+10E8+3BNC117,89_F1_2_25,Kong et al. J Virol 89:2659 (2015) - dataset 2,25520506,1.09,4.47,
10-1074+10E8+3BNC117,9004SS_A3_4,Kong et al. J Virol 89:2659 (2015) - dataset 2,25520506,0.003,0.017,
10-1074+10E8+3BNC117,928_28,Kong et al. J Virol 89:2659 (2015) - dataset 2,25520506,0.028,0.126,
10-1074+10E8+3BNC117,A07412M1_VRC12,Kong et al. J Virol 89:2659 (2015) - dataset 2,25520506,0.013,0.041,
10-1074+10E8+3BNC117,AC10_29,Kong et al. J Virol 89:2659 (2015) - dataset 2,25520506,0.021,0.085,
10-1074+10E8+3BNC117,BF1266_431A,Kong et al. J Virol 89:2659 (2015) - dataset 2,25520506,0.02,0.047,
10-1074+10E8+3BNC117,BJOX002000_03_2,Kong et al. J Virol 89:2659 (2015) - dataset 2,25520506,0.029,0.084,
10-1074+10E8+3BNC117,BJOX009000_02_4,Kong et al. J Virol 89:2659 (2015) - dataset 2,25520506,0.078,0.491,
10-1074+10E8+3BNC117,BJOX010000_06_2,Kong et al. J Virol 89:2659 (2015) - dataset 2,25520506,0.017,0.273,
10-1074+10E8+3BNC117,BJOX015000_11_5,Kong et al. J Virol 89:2659 (2015) - dataset 2,25520506,0.013,0.089,
10-1074+10E8+3BNC117,BJOX025000_01_1,Kong et al. J Virol 89:2659 (2015) - dataset 2,25520506,0.048,0.182,
10-1074+10E8+3BNC117,BJOX028000_10_3,Kong et al. J Virol 89:2659 (2015) - dataset 2,25520506,0.012,0.038,
10-1074+10E8+3BNC117,C1080_C3,Kong et al. J Virol 89:2659 (2015) - dataset 2,25520506,0.026,0.19,
10-1074+10E8+3BNC117,C2101_C1,Kong et al. J Virol 89:2659 (2015) - dataset 2,25520506,0.029,0.106,
10-1074+10E8+3BNC117,C3347_C11,Kong et al. J Virol 89:2659 (2015) - dataset 2,25520506,0.002,0.012,
10-1074+10E8+3BNC117,C4118_9,Kong et al. J Virol 89:2659 (2015) - dataset 2,25520506,0.03,0.092,
10-1074+10E8+3BNC117,CAAN5342,Kong et al. J Virol 89:2659 (2015) - dataset 2,25520506,0.004,0.038,
10-1074+10E8+3BNC117,CAP210_E8,Kong et al. J Virol 89:2659 (2015) - dataset 2,25520506,0.76,2.69,
10-1074+10E8+3BNC117,CAP45_G3,Kong et al. J Virol 89:2659 (2015) - dataset 2,25520506,0.331,1.44,
10-1074+10E8+3BNC117,CE0393_C3,Kong et al. J Virol 89:2659 (2015) - dataset 2,25520506,0.086,0.25,
10-1074+10E8+3BNC117,CE0682_E4,Kong et al. J Virol 89:2659 (2015) - dataset 2,25520506,0.024,0.081,
10-1074+10E8+3BNC117,CE1086_B2,Kong et al. J Virol 89:2659 (2015) - dataset 2,25520506,0.017,0.081,
10-1074+10E8+3BNC117,CE1172_H1,Kong et al. J Virol 89:2659 (2015) - dataset 2,25520506,0.008,0.077,
10-1074+10E8+3BNC117,CE1176_A3,Kong et al. J Virol 89:2659 (2015) - dataset 2,25520506,0.009,0.049,
10-1074+10E8+3BNC117,CE2010_F5,Kong et al. J Virol 89:2659 (2015) - dataset 2,25520506,0.053,0.169,
10-1074+10E8+3BNC117,CE2060_G9,Kong et al. J Virol 89:2659 (2015) - dataset 2,25520506,0.116,0.306,
10-1074+10E8+3BNC117,CH119_10,Kong et al. J Virol 89:2659 (2015) - dataset 2,25520506,0.013,0.066,
10-1074+10E8+3BNC117,CNE17,Kong et al. J Virol 89:2659 (2015) - dataset 2,25520506,0.19,0.89,
10-1074+10E8+3BNC117,CNE19,Kong et al. J Virol 89:2659 (2015) - dataset 2,25520506,0.007,0.033,
10-1074+10E8+3BNC117,CNE20,Kong et al. J Virol 89:2659 (2015) - dataset 2,25520506,0.002,0.011,
10-1074+10E8+3BNC117,CNE21,Kong et al. J Virol 89:2659 (2015) - dataset 2,25520506,0.059,0.206,
10-1074+10E8+3BNC117,CNE30,Kong et al. J Virol 89:2659 (2015) - dataset 2,25520506,0.089,0.375,
10-1074+10E8+3BNC117,CNE5,Kong et al. J Virol 89:2659 (2015) - dataset 2,25520506,0.192,0.661,
10-1074+10E8+3BNC117,CNE52,Kong et al. J Virol 89:2659 (2015) - dataset 2,25520506,0.035,0.11,
10-1074+10E8+3BNC117,CNE53,Kong et al. J Virol 89:2659 (2015) - dataset 2,25520506,0.01,0.047,
10-1074+10E8+3BNC117,CNE55,Kong et al. J Virol 89:2659 (2015) - dataset 2,25520506,0.035,0.181,
10-1074+10E8+3BNC117,CNE58,Kong et al. J Virol 89:2659 (2015) - dataset 2,25520506,0.058,0.225,
10-1074+10E8+3BNC117,CNE8,Kong et al. J Virol 89:2659 (2015) - dataset 2,25520506,0.025,0.138,
10-1074+10E8+3BNC117,DU156_12,Kong et al. J Virol 89:2659 (2015) - dataset 2,25520506,0.009,0.032,
10-1074+10E8+3BNC117,DU172_17,Kong et al. J Virol 89:2659 (2015) - dataset 2,25520506,0.008,0.054,
10-1074+10E8+3BNC117,DU422_1,Kong et al. J Virol 89:2659 (2015) - dataset 2,25520506,0.049,0.151,
10-1074+10E8+3BNC117,MS208_A1,Kong et al. J Virol 89:2659 (2015) - dataset 2,25520506,0.045,0.183,
10-1074+10E8+3BNC117,P0402_C2_11,Kong et al. J Virol 89:2659 (2015) - dataset 2,25520506,0.002,0.019,
10-1074+10E8+3BNC117,P1981_C5_3,Kong et al. J Virol 89:2659 (2015) - dataset 2,25520506,0.002,0.016,
10-1074+10E8+3BNC117,PVO_4,Kong et al. J Virol 89:2659 (2015) - dataset 2,25520506,0.029,0.09,
10-1074+10E8+3BNC117,Q23_17,Kong et al. J Virol 89:2659 (2015) - dataset 2,25520506,0.002,0.02,
10-1074+10E8+3BNC117,Q259_17,Kong et al. J Virol 89:2659 (2015) - dataset 2,25520506,0.02,0.051,
10-1074+10E8+3BNC117,Q461_E2,Kong et al. J Virol 89:2659 (2015) - dataset 2,25520506,0.046,0.137,
10-1074+10E8+3BNC117,Q769_D22,Kong et al. J Virol 89:2659 (2015) - dataset 2,25520506,0.017,0.042,
10-1074+10E8+3BNC117,Q842_D12,Kong et al. J Virol 89:2659 (2015) - dataset 2,25520506,0.009,0.029,
10-1074+10E8+3BNC117,QH0692_42,Kong et al. J Virol 89:2659 (2015) - dataset 2,25520506,0.038,0.151,
10-1074+10E8+3BNC117,R1166_C1,Kong et al. J Virol 89:2659 (2015) - dataset 2,25520506,0.073,0.312,
10-1074+10E8+3BNC117,R2184_C4,Kong et al. J Virol 89:2659 (2015) - dataset 2,25520506,0.022,0.078,
10-1074+10E8+3BNC117,R3265_C6,Kong et al. J Virol 89:2659 (2015) - dataset 2,25520506,0.113,0.792,
10-1074+10E8+3BNC117,REJO4541_67,Kong et al. J Virol 89:2659 (2015) - dataset 2,25520506,0.026,0.088,
10-1074+10E8+3BNC117,RHPA4259_7,Kong et al. J Virol 89:2659 (2015) - dataset 2,25520506,0.008,0.03,
10-1074+10E8+3BNC117,SC05_8C11_2344,Kong et al. J Virol 89:2659 (2015) - dataset 2,25520506,0.013,0.057,
10-1074+10E8+3BNC117,SC422_8,Kong et al. J Virol 89:2659 (2015) - dataset 2,25520506,0.02,0.074,
10-1074+10E8+3BNC117,T250_4,Kong et al. J Virol 89:2659 (2015) - dataset 2,25520506,0.0006,0.006,
10-1074+10E8+3BNC117,T251_18,Kong et al. J Virol 89:2659 (2015) - dataset 2,25520506,0.058,0.217,
10-1074+10E8+3BNC117,T255_34,Kong et al. J Virol 89:2659 (2015) - dataset 2,25520506,0.019,0.088,
10-1074+10E8+3BNC117,T257_31,Kong et al. J Virol 89:2659 (2015) - dataset 2,25520506,0.091,0.359,
10-1074+10E8+3BNC117,T278_50,Kong et al. J Virol 89:2659 (2015) - dataset 2,25520506,0.187,1.08,
10-1074+10E8+3BNC117,THRO4156,Kong et al. J Virol 89:2659 (2015) - dataset 2,25520506,0.097,0.439,
10-1074+10E8+3BNC117,TRJO4551_58,Kong et al. J Virol 89:2659 (2015) - dataset 2,25520506,0.078,0.217,
10-1074+10E8+3BNC117,TRO_11,Kong et al. J Virol 89:2659 (2015) - dataset 2,25520506,0.004,0.023,
10-1074+10E8+3BNC117,WEAU_D15_410,Kong et al. J Virol 89:2659 (2015) - dataset 2,25520506,0.029,0.091,
10-1074+10E8+3BNC117,WITO4160_33,Kong et al. J Virol 89:2659 (2015) - dataset 2,25520506,0.019,0.047,
10-1074+10E8+3BNC117,X1193_C1,Kong et al. J Virol 89:2659 (2015) - dataset 2,25520506,0.032,0.101,
10-1074+10E8+3BNC117,X1254_C3,Kong et al. J Virol 89:2659 (2015) - dataset 2,25520506,0.045,0.132,
10-1074+10E8+3BNC117,X1632_S2_B10,Kong et al. J Virol 89:2659 (2015) - dataset 2,25520506,0.11,0.673,
10-1074+10E8+3BNC117,X2088_C9,Kong et al. J Virol 89:2659 (2015) - dataset 2,25520506,0.005,0.024,
10-1074+10E8+3BNC117,X2131_C1_B5,Kong et al. J Virol 89:2659 (2015) - dataset 2,25520506,0.009,0.043,
10-1074+10E8+3BNC117,X2278_C2_B6,Kong et al. J Virol 89:2659 (2015) - dataset 2,25520506,0.009,0.035,
10-1074+10E8+3BNC117,ZM109_4,Kong et al. J Virol 89:2659 (2015) - dataset 2,25520506,0.058,0.241,
10-1074+10E8+3BNC117,ZM135_10A,Kong et al. J Virol 89:2659 (2015) - dataset 2,25520506,0.021,0.083,
10-1074+10E8+3BNC117,ZM197_7,Kong et al. J Virol 89:2659 (2015) - dataset 2,25520506,0.07,0.32,
10-1074+10E8+3BNC117,ZM214_15,Kong et al. J Virol 89:2659 (2015) - dataset 2,25520506,0.197,0.51,
10-1074+10E8+3BNC117,ZM233_6,Kong et al. J Virol 89:2659 (2015) - dataset 2,25520506,0.049,0.173,
10-1074+10E8+3BNC117,ZM246F,Kong et al. J Virol 89:2659 (2015) - dataset 2,25520506,0.029,0.111,
10-1074+10E8+3BNC117,ZM247_V1,Kong et al. J Virol 89:2659 (2015) - dataset 2,25520506,0.027,0.139,
10-1074+10E8+3BNC117,ZM249_1,Kong et al. J Virol 89:2659 (2015) - dataset 2,25520506,0.07,0.218,
10-1074+10E8+3BNC117,ZM53_12,Kong et al. J Virol 89:2659 (2015) - dataset 2,25520506,0.223,0.602,
10-1074+10E8+3BNC117+PG9,0013095_2_11,Kong et al. J Virol 89:2659 (2015) - dataset 2,25520506,0.006,0.027,
10-1074+10E8+3BNC117+PG9,001428_2_42,Kong et al. J Virol 89:2659 (2015) - dataset 2,25520506,0.001,0.006,
10-1074+10E8+3BNC117+PG9,0260_V5_C36,Kong et al. J Virol 89:2659 (2015) - dataset 2,25520506,0.083,0.218,
10-1074+10E8+3BNC117+PG9,0330_V4_C3,Kong et al. J Virol 89:2659 (2015) - dataset 2,25520506,0.005,0.018,
10-1074+10E8+3BNC117+PG9,0815_V3_C3,Kong et al. J Virol 89:2659 (2015) - dataset 2,25520506,0.008,0.026,
10-1074+10E8+3BNC117+PG9,1006_11_C3_1601,Kong et al. J Virol 89:2659 (2015) - dataset 2,25520506,0.003,0.017,
10-1074+10E8+3BNC117+PG9,1012_11_TC21_3257,Kong et al. J Virol 89:2659 (2015) - dataset 2,25520506,0.009,0.037,
10-1074+10E8+3BNC117+PG9,1054_07_TC4_1499,Kong et al. J Virol 89:2659 (2015) - dataset 2,25520506,0.017,0.074,
10-1074+10E8+3BNC117+PG9,1056_10_TA11_1826,Kong et al. J Virol 89:2659 (2015) - dataset 2,25520506,0.03,0.113,
10-1074+10E8+3BNC117+PG9,1394_C9G1,Kong et al. J Virol 89:2659 (2015) - dataset 2,25520506,0.007,0.024,
10-1074+10E8+3BNC117+PG9,16055_2_3,Kong et al. J Virol 89:2659 (2015) - dataset 2,25520506,0.006,0.024,
10-1074+10E8+3BNC117+PG9,16845_2_22,Kong et al. J Virol 89:2659 (2015) - dataset 2,25520506,0.012,0.121,
10-1074+10E8+3BNC117+PG9,191084_B7_19,Kong et al. J Virol 89:2659 (2015) - dataset 2,25520506,0.008,0.028,
10-1074+10E8+3BNC117+PG9,191821_E6_1,Kong et al. J Virol 89:2659 (2015) - dataset 2,25520506,0.087,0.314,
10-1074+10E8+3BNC117+PG9,191955_A11,Kong et al. J Virol 89:2659 (2015) - dataset 2,25520506,0.016,0.048,
10-1074+10E8+3BNC117+PG9,211_9,Kong et al. J Virol 89:2659 (2015) - dataset 2,25520506,0.036,0.112,
10-1074+10E8+3BNC117+PG9,231965_C1,Kong et al. J Virol 89:2659 (2015) - dataset 2,25520506,0.045,0.132,
10-1074+10E8+3BNC117+PG9,231966_C2,Kong et al. J Virol 89:2659 (2015) - dataset 2,25520506,0.014,0.055,
10-1074+10E8+3BNC117+PG9,235_47,Kong et al. J Virol 89:2659 (2015) - dataset 2,25520506,0.005,0.024,
10-1074+10E8+3BNC117+PG9,246_F3_C10_2,Kong et al. J Virol 89:2659 (2015) - dataset 2,25520506,0.012,0.039,
10-1074+10E8+3BNC117+PG9,249M_B10,Kong et al. J Virol 89:2659 (2015) - dataset 2,25520506,0.016,0.051,
10-1074+10E8+3BNC117+PG9,25710_2_43,Kong et al. J Virol 89:2659 (2015) - dataset 2,25520506,0.005,0.029,
10-1074+10E8+3BNC117+PG9,263_8,Kong et al. J Virol 89:2659 (2015) - dataset 2,25520506,0.008,0.042,
10-1074+10E8+3BNC117+PG9,3016_V5_C45,Kong et al. J Virol 89:2659 (2015) - dataset 2,25520506,0.058,0.216,
10-1074+10E8+3BNC117+PG9,3103_V3_C10,Kong et al. J Virol 89:2659 (2015) - dataset 2,25520506,0.019,0.061,
10-1074+10E8+3BNC117+PG9,3301_V1_C24,Kong et al. J Virol 89:2659 (2015) - dataset 2,25520506,0.007,0.026,
10-1074+10E8+3BNC117+PG9,3817_V2_C59,Kong et al. J Virol 89:2659 (2015) - dataset 2,25520506,0.002,0.007,
10-1074+10E8+3BNC117+PG9,398_F1_F6_20,Kong et al. J Virol 89:2659 (2015) - dataset 2,25520506,0.01,0.046,
10-1074+10E8+3BNC117+PG9,6041_V3_C23,Kong et al. J Virol 89:2659 (2015) - dataset 2,25520506,0.005,0.017,
10-1074+10E8+3BNC117+PG9,620345_C1,Kong et al. J Virol 89:2659 (2015) - dataset 2,25520506,0.127,0.746,
10-1074+10E8+3BNC117+PG9,62357_14_D3_4589,Kong et al. J Virol 89:2659 (2015) - dataset 2,25520506,0.036,0.093,
10-1074+10E8+3BNC117+PG9,6240_08_TA5_4622,Kong et al. J Virol 89:2659 (2015) - dataset 2,25520506,0.03,0.107,
10-1074+10E8+3BNC117+PG9,6244_13_B5_4567,Kong et al. J Virol 89:2659 (2015) - dataset 2,25520506,0.011,0.051,
10-1074+10E8+3BNC117+PG9,6535_3,Kong et al. J Virol 89:2659 (2015) - dataset 2,25520506,0.012,0.042,
10-1074+10E8+3BNC117+PG9,6540_V4_C1,Kong et al. J Virol 89:2659 (2015) - dataset 2,25520506,0.02,0.076,
10-1074+10E8+3BNC117+PG9,6545_V4_C1,Kong et al. J Virol 89:2659 (2015) - dataset 2,25520506,0.033,0.105,
10-1074+10E8+3BNC117+PG9,6811_V7_C18,Kong et al. J Virol 89:2659 (2015) - dataset 2,25520506,0.003,0.018,
10-1074+10E8+3BNC117+PG9,6952_V1_C20,Kong et al. J Virol 89:2659 (2015) - dataset 2,25520506,0.007,0.03,
10-1074+10E8+3BNC117+PG9,703010054_2A2,Kong et al. J Virol 89:2659 (2015) - dataset 2,25520506,0.013,0.048,
10-1074+10E8+3BNC117+PG9,703010200_1E5,Kong et al. J Virol 89:2659 (2015) - dataset 2,25520506,0.014,0.052,
10-1074+10E8+3BNC117+PG9,703010217_B6,Kong et al. J Virol 89:2659 (2015) - dataset 2,25520506,0.003,0.013,
10-1074+10E8+3BNC117+PG9,704809221_1B3,Kong et al. J Virol 89:2659 (2015) - dataset 2,25520506,0.002,0.021,
10-1074+10E8+3BNC117+PG9,89_F1_2_25,Kong et al. J Virol 89:2659 (2015) - dataset 2,25520506,0.208,0.968,
10-1074+10E8+3BNC117+PG9,9004SS_A3_4,Kong et al. J Virol 89:2659 (2015) - dataset 2,25520506,0.003,0.014,
10-1074+10E8+3BNC117+PG9,928_28,Kong et al. J Virol 89:2659 (2015) - dataset 2,25520506,0.007,0.041,
10-1074+10E8+3BNC117+PG9,A07412M1_VRC12,Kong et al. J Virol 89:2659 (2015) - dataset 2,25520506,0.01,0.032,
10-1074+10E8+3BNC117+PG9,AC10_29,Kong et al. J Virol 89:2659 (2015) - dataset 2,25520506,0.011,0.041,
10-1074+10E8+3BNC117+PG9,BF1266_431A,Kong et al. J Virol 89:2659 (2015) - dataset 2,25520506,0.007,0.021,
10-1074+10E8+3BNC117+PG9,BJOX002000_03_2,Kong et al. J Virol 89:2659 (2015) - dataset 2,25520506,0.012,0.05,
10-1074+10E8+3BNC117+PG9,BJOX009000_02_4,Kong et al. J Virol 89:2659 (2015) - dataset 2,25520506,0.086,0.392,
10-1074+10E8+3BNC117+PG9,BJOX010000_06_2,Kong et al. J Virol 89:2659 (2015) - dataset 2,25520506,0.016,0.099,
10-1074+10E8+3BNC117+PG9,BJOX015000_11_5,Kong et al. J Virol 89:2659 (2015) - dataset 2,25520506,0.01,0.072,
10-1074+10E8+3BNC117+PG9,BJOX025000_01_1,Kong et al. J Virol 89:2659 (2015) - dataset 2,25520506,0.034,0.1,
10-1074+10E8+3BNC117+PG9,BJOX028000_10_3,Kong et al. J Virol 89:2659 (2015) - dataset 2,25520506,0.01,0.036,
10-1074+10E8+3BNC117+PG9,C1080_C3,Kong et al. J Virol 89:2659 (2015) - dataset 2,25520506,0.001,0.005,
10-1074+10E8+3BNC117+PG9,C2101_C1,Kong et al. J Virol 89:2659 (2015) - dataset 2,25520506,0.01,0.04,
10-1074+10E8+3BNC117+PG9,C3347_C11,Kong et al. J Virol 89:2659 (2015) - dataset 2,25520506,0.003,0.014,
10-1074+10E8+3BNC117+PG9,C4118_9,Kong et al. J Virol 89:2659 (2015) - dataset 2,25520506,0.014,0.039,
10-1074+10E8+3BNC117+PG9,CAAN5342,Kong et al. J Virol 89:2659 (2015) - dataset 2,25520506,0.009,0.043,
10-1074+10E8+3BNC117+PG9,CAP210_E8,Kong et al. J Virol 89:2659 (2015) - dataset 2,25520506,0.1,0.409,
10-1074+10E8+3BNC117+PG9,CAP45_G3,Kong et al. J Virol 89:2659 (2015) - dataset 2,25520506,0.002,0.009,
10-1074+10E8+3BNC117+PG9,CE0393_C3,Kong et al. J Virol 89:2659 (2015) - dataset 2,25520506,0.009,0.027,
10-1074+10E8+3BNC117+PG9,CE0682_E4,Kong et al. J Virol 89:2659 (2015) - dataset 2,25520506,0.02,0.058,
10-1074+10E8+3BNC117+PG9,CE1086_B2,Kong et al. J Virol 89:2659 (2015) - dataset 2,25520506,0.014,0.073,
10-1074+10E8+3BNC117+PG9,CE1172_H1,Kong et al. J Virol 89:2659 (2015) - dataset 2,25520506,0.013,0.06,
10-1074+10E8+3BNC117+PG9,CE1176_A3,Kong et al. J Virol 89:2659 (2015) - dataset 2,25520506,0.003,0.016,
10-1074+10E8+3BNC117+PG9,CE2010_F5,Kong et al. J Virol 89:2659 (2015) - dataset 2,25520506,0.056,0.205,
10-1074+10E8+3BNC117+PG9,CE2060_G9,Kong et al. J Virol 89:2659 (2015) - dataset 2,25520506,0.028,0.083,
10-1074+10E8+3BNC117+PG9,CH119_10,Kong et al. J Virol 89:2659 (2015) - dataset 2,25520506,0.015,0.061,
10-1074+10E8+3BNC117+PG9,CNE17,Kong et al. J Virol 89:2659 (2015) - dataset 2,25520506,0.06,0.192,
10-1074+10E8+3BNC117+PG9,CNE19,Kong et al. J Virol 89:2659 (2015) - dataset 2,25520506,0.004,0.016,
10-1074+10E8+3BNC117+PG9,CNE20,Kong et al. J Virol 89:2659 (2015) - dataset 2,25520506,0.001,0.012,
10-1074+10E8+3BNC117+PG9,CNE21,Kong et al. J Virol 89:2659 (2015) - dataset 2,25520506,0.019,0.061,
10-1074+10E8+3BNC117+PG9,CNE30,Kong et al. J Virol 89:2659 (2015) - dataset 2,25520506,0.104,0.396,
10-1074+10E8+3BNC117+PG9,CNE5,Kong et al. J Virol 89:2659 (2015) - dataset 2,25520506,0.008,0.026,
10-1074+10E8+3BNC117+PG9,CNE52,Kong et al. J Virol 89:2659 (2015) - dataset 2,25520506,0.014,0.046,
10-1074+10E8+3BNC117+PG9,CNE53,Kong et al. J Virol 89:2659 (2015) - dataset 2,25520506,0.01,0.034,
10-1074+10E8+3BNC117+PG9,CNE55,Kong et al. J Virol 89:2659 (2015) - dataset 2,25520506,0.021,0.102,
10-1074+10E8+3BNC117+PG9,CNE58,Kong et al. J Virol 89:2659 (2015) - dataset 2,25520506,0.009,0.035,
10-1074+10E8+3BNC117+PG9,CNE8,Kong et al. J Virol 89:2659 (2015) - dataset 2,25520506,0.02,0.097,
10-1074+10E8+3BNC117+PG9,DU156_12,Kong et al. J Virol 89:2659 (2015) - dataset 2,25520506,0.005,0.02,
10-1074+10E8+3BNC117+PG9,DU172_17,Kong et al. J Virol 89:2659 (2015) - dataset 2,25520506,0.011,0.053,
10-1074+10E8+3BNC117+PG9,DU422_1,Kong et al. J Virol 89:2659 (2015) - dataset 2,25520506,0.022,0.089,
10-1074+10E8+3BNC117+PG9,MS208_A1,Kong et al. J Virol 89:2659 (2015) - dataset 2,25520506,0.022,0.069,
10-1074+10E8+3BNC117+PG9,P0402_C2_11,Kong et al. J Virol 89:2659 (2015) - dataset 2,25520506,0.002,0.022,
10-1074+10E8+3BNC117+PG9,P1981_C5_3,Kong et al. J Virol 89:2659 (2015) - dataset 2,25520506,0.003,0.021,
10-1074+10E8+3BNC117+PG9,PVO_4,Kong et al. J Virol 89:2659 (2015) - dataset 2,25520506,0.029,0.087,
10-1074+10E8+3BNC117+PG9,Q23_17,Kong et al. J Virol 89:2659 (2015) - dataset 2,25520506,0.001,0.005,
10-1074+10E8+3BNC117+PG9,Q259_17,Kong et al. J Virol 89:2659 (2015) - dataset 2,25520506,0.01,0.033,
10-1074+10E8+3BNC117+PG9,Q461_E2,Kong et al. J Virol 89:2659 (2015) - dataset 2,25520506,0.052,0.152,
10-1074+10E8+3BNC117+PG9,Q769_D22,Kong et al. J Virol 89:2659 (2015) - dataset 2,25520506,0.004,0.012,
10-1074+10E8+3BNC117+PG9,Q842_D12,Kong et al. J Virol 89:2659 (2015) - dataset 2,25520506,0.005,0.015,
10-1074+10E8+3BNC117+PG9,QH0692_42,Kong et al. J Virol 89:2659 (2015) - dataset 2,25520506,0.039,0.155,
10-1074+10E8+3BNC117+PG9,R1166_C1,Kong et al. J Virol 89:2659 (2015) - dataset 2,25520506,0.062,0.203,
10-1074+10E8+3BNC117+PG9,R2184_C4,Kong et al. J Virol 89:2659 (2015) - dataset 2,25520506,0.014,0.048,
10-1074+10E8+3BNC117+PG9,R3265_C6,Kong et al. J Virol 89:2659 (2015) - dataset 2,25520506,0.027,0.144,
10-1074+10E8+3BNC117+PG9,REJO4541_67,Kong et al. J Virol 89:2659 (2015) - dataset 2,25520506,0.004,0.017,
10-1074+10E8+3BNC117+PG9,RHPA4259_7,Kong et al. J Virol 89:2659 (2015) - dataset 2,25520506,0.01,0.029,
10-1074+10E8+3BNC117+PG9,SC05_8C11_2344,Kong et al. J Virol 89:2659 (2015) - dataset 2,25520506,0.015,0.061,
10-1074+10E8+3BNC117+PG9,SC422_8,Kong et al. J Virol 89:2659 (2015) - dataset 2,25520506,0.018,0.06,
10-1074+10E8+3BNC117+PG9,T250_4,Kong et al. J Virol 89:2659 (2015) - dataset 2,25520506,0.0001,0.002,
10-1074+10E8+3BNC117+PG9,T251_18,Kong et al. J Virol 89:2659 (2015) - dataset 2,25520506,0.067,0.214,
10-1074+10E8+3BNC117+PG9,T255_34,Kong et al. J Virol 89:2659 (2015) - dataset 2,25520506,0.01,0.051,
10-1074+10E8+3BNC117+PG9,T257_31,Kong et al. J Virol 89:2659 (2015) - dataset 2,25520506,0.029,0.086,
10-1074+10E8+3BNC117+PG9,T278_50,Kong et al. J Virol 89:2659 (2015) - dataset 2,25520506,0.147,0.536,
10-1074+10E8+3BNC117+PG9,THRO4156,Kong et al. J Virol 89:2659 (2015) - dataset 2,25520506,0.181,0.616,
10-1074+10E8+3BNC117+PG9,TRJO4551_58,Kong et al. J Virol 89:2659 (2015) - dataset 2,25520506,0.051,0.142,
10-1074+10E8+3BNC117+PG9,TRO_11,Kong et al. J Virol 89:2659 (2015) - dataset 2,25520506,0.005,0.026,
10-1074+10E8+3BNC117+PG9,WEAU_D15_410,Kong et al. J Virol 89:2659 (2015) - dataset 2,25520506,0.032,0.092,
10-1074+10E8+3BNC117+PG9,WITO4160_33,Kong et al. J Virol 89:2659 (2015) - dataset 2,25520506,0.004,0.016,
10-1074+10E8+3BNC117+PG9,X1193_C1,Kong et al. J Virol 89:2659 (2015) - dataset 2,25520506,0.023,0.068,
10-1074+10E8+3BNC117+PG9,X1254_C3,Kong et al. J Virol 89:2659 (2015) - dataset 2,25520506,0.018,0.053,
10-1074+10E8+3BNC117+PG9,X1632_S2_B10,Kong et al. J Virol 89:2659 (2015) - dataset 2,25520506,0.035,0.12,
10-1074+10E8+3BNC117+PG9,X2088_C9,Kong et al. J Virol 89:2659 (2015) - dataset 2,25520506,0.005,0.026,
10-1074+10E8+3BNC117+PG9,X2131_C1_B5,Kong et al. J Virol 89:2659 (2015) - dataset 2,25520506,0.007,0.022,
10-1074+10E8+3BNC117+PG9,X2278_C2_B6,Kong et al. J Virol 89:2659 (2015) - dataset 2,25520506,0.005,0.012,
10-1074+10E8+3BNC117+PG9,ZM109_4,Kong et al. J Virol 89:2659 (2015) - dataset 2,25520506,0.035,0.127,
10-1074+10E8+3BNC117+PG9,ZM135_10A,Kong et al. J Virol 89:2659 (2015) - dataset 2,25520506,0.028,0.098,
10-1074+10E8+3BNC117+PG9,ZM197_7,Kong et al. J Virol 89:2659 (2015) - dataset 2,25520506,0.058,0.19,
10-1074+10E8+3BNC117+PG9,ZM214_15,Kong et al. J Virol 89:2659 (2015) - dataset 2,25520506,0.155,0.531,
10-1074+10E8+3BNC117+PG9,ZM233_6,Kong et al. J Virol 89:2659 (2015) - dataset 2,25520506,0.006,0.017,
10-1074+10E8+3BNC117+PG9,ZM246F,Kong et al. J Virol 89:2659 (2015) - dataset 2,25520506,0.036,0.115,
10-1074+10E8+3BNC117+PG9,ZM247_V1,Kong et al. J Virol 89:2659 (2015) - dataset 2,25520506,0.019,0.067,
10-1074+10E8+3BNC117+PG9,ZM249_1,Kong et al. J Virol 89:2659 (2015) - dataset 2,25520506,0.015,0.068,
10-1074+10E8+3BNC117+PG9,ZM53_12,Kong et al. J Virol 89:2659 (2015) - dataset 2,25520506,0.026,0.074,
10-1074+10E8+PG9,0013095_2_11,Kong et al. J Virol 89:2659 (2015) - dataset 2,25520506,0.005,0.018,
10-1074+10E8+PG9,001428_2_42,Kong et al. J Virol 89:2659 (2015) - dataset 2,25520506,0.002,0.008,
10-1074+10E8+PG9,0260_V5_C36,Kong et al. J Virol 89:2659 (2015) - dataset 2,25520506,0.186,0.524,
10-1074+10E8+PG9,0330_V4_C3,Kong et al. J Virol 89:2659 (2015) - dataset 2,25520506,0.007,0.028,
10-1074+10E8+PG9,0815_V3_C3,Kong et al. J Virol 89:2659 (2015) - dataset 2,25520506,0.029,0.132,
10-1074+10E8+PG9,1006_11_C3_1601,Kong et al. J Virol 89:2659 (2015) - dataset 2,25520506,0.003,0.017,
10-1074+10E8+PG9,1012_11_TC21_3257,Kong et al. J Virol 89:2659 (2015) - dataset 2,25520506,0.016,0.061,
10-1074+10E8+PG9,1054_07_TC4_1499,Kong et al. J Virol 89:2659 (2015) - dataset 2,25520506,0.014,0.083,
10-1074+10E8+PG9,1056_10_TA11_1826,Kong et al. J Virol 89:2659 (2015) - dataset 2,25520506,0.029,0.149,
10-1074+10E8+PG9,1394_C9G1,Kong et al. J Virol 89:2659 (2015) - dataset 2,25520506,0.006,0.026,
10-1074+10E8+PG9,16055_2_3,Kong et al. J Virol 89:2659 (2015) - dataset 2,25520506,0.006,0.025,
10-1074+10E8+PG9,16845_2_22,Kong et al. J Virol 89:2659 (2015) - dataset 2,25520506,0.012,0.15,
10-1074+10E8+PG9,191084_B7_19,Kong et al. J Virol 89:2659 (2015) - dataset 2,25520506,0.012,0.04,
10-1074+10E8+PG9,191821_E6_1,Kong et al. J Virol 89:2659 (2015) - dataset 2,25520506,0.369,1.17,
10-1074+10E8+PG9,191955_A11,Kong et al. J Virol 89:2659 (2015) - dataset 2,25520506,0.013,0.042,
10-1074+10E8+PG9,211_9,Kong et al. J Virol 89:2659 (2015) - dataset 2,25520506,0.04,0.13,
10-1074+10E8+PG9,231965_C1,Kong et al. J Virol 89:2659 (2015) - dataset 2,25520506,0.403,2.46,
10-1074+10E8+PG9,231966_C2,Kong et al. J Virol 89:2659 (2015) - dataset 2,25520506,0.017,0.096,
10-1074+10E8+PG9,235_47,Kong et al. J Virol 89:2659 (2015) - dataset 2,25520506,0.011,0.069,
10-1074+10E8+PG9,246_F3_C10_2,Kong et al. J Virol 89:2659 (2015) - dataset 2,25520506,0.021,0.065,
10-1074+10E8+PG9,249M_B10,Kong et al. J Virol 89:2659 (2015) - dataset 2,25520506,0.025,0.1,
10-1074+10E8+PG9,25710_2_43,Kong et al. J Virol 89:2659 (2015) - dataset 2,25520506,0.008,0.037,
10-1074+10E8+PG9,263_8,Kong et al. J Virol 89:2659 (2015) - dataset 2,25520506,0.027,0.146,
10-1074+10E8+PG9,3016_V5_C45,Kong et al. J Virol 89:2659 (2015) - dataset 2,25520506,0.061,0.318,
10-1074+10E8+PG9,3103_V3_C10,Kong et al. J Virol 89:2659 (2015) - dataset 2,25520506,0.014,0.065,
10-1074+10E8+PG9,3301_V1_C24,Kong et al. J Virol 89:2659 (2015) - dataset 2,25520506,0.007,0.035,
10-1074+10E8+PG9,3817_V2_C59,Kong et al. J Virol 89:2659 (2015) - dataset 2,25520506,0.002,0.008,
10-1074+10E8+PG9,398_F1_F6_20,Kong et al. J Virol 89:2659 (2015) - dataset 2,25520506,0.009,0.059,
10-1074+10E8+PG9,6041_V3_C23,Kong et al. J Virol 89:2659 (2015) - dataset 2,25520506,0.06,0.358,
10-1074+10E8+PG9,620345_C1,Kong et al. J Virol 89:2659 (2015) - dataset 2,25520506,0.285,1.3,
10-1074+10E8+PG9,62357_14_D3_4589,Kong et al. J Virol 89:2659 (2015) - dataset 2,25520506,0.355,1.67,
10-1074+10E8+PG9,6240_08_TA5_4622,Kong et al. J Virol 89:2659 (2015) - dataset 2,25520506,0.034,0.15,
10-1074+10E8+PG9,6244_13_B5_4567,Kong et al. J Virol 89:2659 (2015) - dataset 2,25520506,0.021,0.168,
10-1074+10E8+PG9,6535_3,Kong et al. J Virol 89:2659 (2015) - dataset 2,25520506,0.013,0.055,
10-1074+10E8+PG9,6540_V4_C1,Kong et al. J Virol 89:2659 (2015) - dataset 2,25520506,0.019,0.075,
10-1074+10E8+PG9,6545_V4_C1,Kong et al. J Virol 89:2659 (2015) - dataset 2,25520506,0.028,0.099,
10-1074+10E8+PG9,6811_V7_C18,Kong et al. J Virol 89:2659 (2015) - dataset 2,25520506,0.005,0.021,
10-1074+10E8+PG9,6952_V1_C20,Kong et al. J Virol 89:2659 (2015) - dataset 2,25520506,0.004,0.035,
10-1074+10E8+PG9,703010054_2A2,Kong et al. J Virol 89:2659 (2015) - dataset 2,25520506,0.019,0.053,
10-1074+10E8+PG9,703010200_1E5,Kong et al. J Virol 89:2659 (2015) - dataset 2,25520506,0.016,0.052,
10-1074+10E8+PG9,703010217_B6,Kong et al. J Virol 89:2659 (2015) - dataset 2,25520506,0.003,0.016,
10-1074+10E8+PG9,704809221_1B3,Kong et al. J Virol 89:2659 (2015) - dataset 2,25520506,0.002,0.019,
10-1074+10E8+PG9,89_F1_2_25,Kong et al. J Virol 89:2659 (2015) - dataset 2,25520506,0.191,1.11,
10-1074+10E8+PG9,9004SS_A3_4,Kong et al. J Virol 89:2659 (2015) - dataset 2,25520506,0.003,0.014,
10-1074+10E8+PG9,928_28,Kong et al. J Virol 89:2659 (2015) - dataset 2,25520506,0.012,0.059,
10-1074+10E8+PG9,A07412M1_VRC12,Kong et al. J Virol 89:2659 (2015) - dataset 2,25520506,0.012,0.045,
10-1074+10E8+PG9,AC10_29,Kong et al. J Virol 89:2659 (2015) - dataset 2,25520506,0.013,0.039,
10-1074+10E8+PG9,BF1266_431A,Kong et al. J Virol 89:2659 (2015) - dataset 2,25520506,0.018,0.043,
10-1074+10E8+PG9,BJOX002000_03_2,Kong et al. J Virol 89:2659 (2015) - dataset 2,25520506,0.016,0.044,
10-1074+10E8+PG9,BJOX009000_02_4,Kong et al. J Virol 89:2659 (2015) - dataset 2,25520506,0.106,0.656,
10-1074+10E8+PG9,BJOX010000_06_2,Kong et al. J Virol 89:2659 (2015) - dataset 2,25520506,0.019,0.12,
10-1074+10E8+PG9,BJOX015000_11_5,Kong et al. J Virol 89:2659 (2015) - dataset 2,25520506,0.011,0.201,
10-1074+10E8+PG9,BJOX025000_01_1,Kong et al. J Virol 89:2659 (2015) - dataset 2,25520506,0.055,0.319,
10-1074+10E8+PG9,BJOX028000_10_3,Kong et al. J Virol 89:2659 (2015) - dataset 2,25520506,0.099,0.415,
10-1074+10E8+PG9,C1080_C3,Kong et al. J Virol 89:2659 (2015) - dataset 2,25520506,0.001,0.005,
10-1074+10E8+PG9,C2101_C1,Kong et al. J Virol 89:2659 (2015) - dataset 2,25520506,0.021,0.077,
10-1074+10E8+PG9,C3347_C11,Kong et al. J Virol 89:2659 (2015) - dataset 2,25520506,0.003,0.019,
10-1074+10E8+PG9,C4118_9,Kong et al. J Virol 89:2659 (2015) - dataset 2,25520506,0.02,0.064,
10-1074+10E8+PG9,CAAN5342,Kong et al. J Virol 89:2659 (2015) - dataset 2,25520506,0.007,0.035,
10-1074+10E8+PG9,CAP210_E8,Kong et al. J Virol 89:2659 (2015) - dataset 2,25520506,0.095,0.368,
10-1074+10E8+PG9,CAP45_G3,Kong et al. J Virol 89:2659 (2015) - dataset 2,25520506,0.004,0.012,
10-1074+10E8+PG9,CE0393_C3,Kong et al. J Virol 89:2659 (2015) - dataset 2,25520506,0.009,0.034,
10-1074+10E8+PG9,CE0682_E4,Kong et al. J Virol 89:2659 (2015) - dataset 2,25520506,0.078,0.258,
10-1074+10E8+PG9,CE1086_B2,Kong et al. J Virol 89:2659 (2015) - dataset 2,25520506,0.047,0.769,
10-1074+10E8+PG9,CE1172_H1,Kong et al. J Virol 89:2659 (2015) - dataset 2,25520506,0.005,0.036,
10-1074+10E8+PG9,CE1176_A3,Kong et al. J Virol 89:2659 (2015) - dataset 2,25520506,0.003,0.015,
10-1074+10E8+PG9,CE2010_F5,Kong et al. J Virol 89:2659 (2015) - dataset 2,25520506,0.969,3.84,
10-1074+10E8+PG9,CE2060_G9,Kong et al. J Virol 89:2659 (2015) - dataset 2,25520506,0.031,0.095,
10-1074+10E8+PG9,CH119_10,Kong et al. J Virol 89:2659 (2015) - dataset 2,25520506,0.012,0.064,
10-1074+10E8+PG9,CNE17,Kong et al. J Virol 89:2659 (2015) - dataset 2,25520506,0.052,0.184,
10-1074+10E8+PG9,CNE19,Kong et al. J Virol 89:2659 (2015) - dataset 2,25520506,0.005,0.019,
10-1074+10E8+PG9,CNE20,Kong et al. J Virol 89:2659 (2015) - dataset 2,25520506,0.001,0.009,
10-1074+10E8+PG9,CNE21,Kong et al. J Virol 89:2659 (2015) - dataset 2,25520506,0.021,0.074,
10-1074+10E8+PG9,CNE30,Kong et al. J Virol 89:2659 (2015) - dataset 2,25520506,0.175,0.91,
10-1074+10E8+PG9,CNE5,Kong et al. J Virol 89:2659 (2015) - dataset 2,25520506,0.009,0.028,
10-1074+10E8+PG9,CNE52,Kong et al. J Virol 89:2659 (2015) - dataset 2,25520506,0.022,0.084,
10-1074+10E8+PG9,CNE53,Kong et al. J Virol 89:2659 (2015) - dataset 2,25520506,0.014,0.053,
10-1074+10E8+PG9,CNE55,Kong et al. J Virol 89:2659 (2015) - dataset 2,25520506,0.032,0.232,
10-1074+10E8+PG9,CNE58,Kong et al. J Virol 89:2659 (2015) - dataset 2,25520506,0.01,0.039,
10-1074+10E8+PG9,CNE8,Kong et al. J Virol 89:2659 (2015) - dataset 2,25520506,0.031,0.211,
10-1074+10E8+PG9,DU156_12,Kong et al. J Virol 89:2659 (2015) - dataset 2,25520506,0.005,0.023,
10-1074+10E8+PG9,DU172_17,Kong et al. J Virol 89:2659 (2015) - dataset 2,25520506,0.008,0.061,
10-1074+10E8+PG9,DU422_1,Kong et al. J Virol 89:2659 (2015) - dataset 2,25520506,0.025,0.088,
10-1074+10E8+PG9,MS208_A1,Kong et al. J Virol 89:2659 (2015) - dataset 2,25520506,0.05,0.245,
10-1074+10E8+PG9,P0402_C2_11,Kong et al. J Virol 89:2659 (2015) - dataset 2,25520506,0.003,0.025,
10-1074+10E8+PG9,P1981_C5_3,Kong et al. J Virol 89:2659 (2015) - dataset 2,25520506,0.002,0.021,
10-1074+10E8+PG9,PVO_4,Kong et al. J Virol 89:2659 (2015) - dataset 2,25520506,0.092,0.33,
10-1074+10E8+PG9,Q23_17,Kong et al. J Virol 89:2659 (2015) - dataset 2,25520506,0.001,0.006,
10-1074+10E8+PG9,Q259_17,Kong et al. J Virol 89:2659 (2015) - dataset 2,25520506,0.03,0.162,
10-1074+10E8+PG9,Q461_E2,Kong et al. J Virol 89:2659 (2015) - dataset 2,25520506,0.308,1.03,
10-1074+10E8+PG9,Q769_D22,Kong et al. J Virol 89:2659 (2015) - dataset 2,25520506,0.007,0.028,
10-1074+10E8+PG9,Q842_D12,Kong et al. J Virol 89:2659 (2015) - dataset 2,25520506,0.012,0.043,
10-1074+10E8+PG9,QH0692_42,Kong et al. J Virol 89:2659 (2015) - dataset 2,25520506,0.047,0.271,
10-1074+10E8+PG9,R1166_C1,Kong et al. J Virol 89:2659 (2015) - dataset 2,25520506,0.188,0.621,
10-1074+10E8+PG9,R2184_C4,Kong et al. J Virol 89:2659 (2015) - dataset 2,25520506,0.066,0.299,
10-1074+10E8+PG9,R3265_C6,Kong et al. J Virol 89:2659 (2015) - dataset 2,25520506,0.014,0.133,
10-1074+10E8+PG9,REJO4541_67,Kong et al. J Virol 89:2659 (2015) - dataset 2,25520506,0.005,0.026,
10-1074+10E8+PG9,RHPA4259_7,Kong et al. J Virol 89:2659 (2015) - dataset 2,25520506,0.03,0.112,
10-1074+10E8+PG9,SC05_8C11_2344,Kong et al. J Virol 89:2659 (2015) - dataset 2,25520506,0.017,0.072,
10-1074+10E8+PG9,SC422_8,Kong et al. J Virol 89:2659 (2015) - dataset 2,25520506,0.025,0.131,
10-1074+10E8+PG9,T250_4,Kong et al. J Virol 89:2659 (2015) - dataset 2,25520506,0.0002,0.002,
10-1074+10E8+PG9,T251_18,Kong et al. J Virol 89:2659 (2015) - dataset 2,25520506,0.104,0.515,
10-1074+10E8+PG9,T255_34,Kong et al. J Virol 89:2659 (2015) - dataset 2,25520506,0.016,0.089,
10-1074+10E8+PG9,T257_31,Kong et al. J Virol 89:2659 (2015) - dataset 2,25520506,0.027,0.09,
10-1074+10E8+PG9,T278_50,Kong et al. J Virol 89:2659 (2015) - dataset 2,25520506,0.131,0.415,
10-1074+10E8+PG9,THRO4156,Kong et al. J Virol 89:2659 (2015) - dataset 2,25520506,0.131,0.652,
10-1074+10E8+PG9,TRJO4551_58,Kong et al. J Virol 89:2659 (2015) - dataset 2,25520506,0.093,0.322,
10-1074+10E8+PG9,TRO_11,Kong et al. J Virol 89:2659 (2015) - dataset 2,25520506,0.007,0.048,
10-1074+10E8+PG9,WEAU_D15_410,Kong et al. J Virol 89:2659 (2015) - dataset 2,25520506,0.048,0.184,
10-1074+10E8+PG9,WITO4160_33,Kong et al. J Virol 89:2659 (2015) - dataset 2,25520506,0.004,0.017,
10-1074+10E8+PG9,X1193_C1,Kong et al. J Virol 89:2659 (2015) - dataset 2,25520506,0.052,0.147,
10-1074+10E8+PG9,X1254_C3,Kong et al. J Virol 89:2659 (2015) - dataset 2,25520506,0.024,0.074,
10-1074+10E8+PG9,X1632_S2_B10,Kong et al. J Virol 89:2659 (2015) - dataset 2,25520506,0.039,0.171,
10-1074+10E8+PG9,X2088_C9,Kong et al. J Virol 89:2659 (2015) - dataset 2,25520506,0.004,0.021,
10-1074+10E8+PG9,X2131_C1_B5,Kong et al. J Virol 89:2659 (2015) - dataset 2,25520506,0.004,0.023,
10-1074+10E8+PG9,X2278_C2_B6,Kong et al. J Virol 89:2659 (2015) - dataset 2,25520506,0.004,0.015,
10-1074+10E8+PG9,ZM109_4,Kong et al. J Virol 89:2659 (2015) - dataset 2,25520506,0.042,0.287,
10-1074+10E8+PG9,ZM135_10A,Kong et al. J Virol 89:2659 (2015) - dataset 2,25520506,0.042,0.181,
10-1074+10E8+PG9,ZM197_7,Kong et al. J Virol 89:2659 (2015) - dataset 2,25520506,0.101,0.292,
10-1074+10E8+PG9,ZM214_15,Kong et al. J Virol 89:2659 (2015) - dataset 2,25520506,0.634,1.78,
10-1074+10E8+PG9,ZM233_6,Kong et al. J Virol 89:2659 (2015) - dataset 2,25520506,0.008,0.025,
10-1074+10E8+PG9,ZM246F,Kong et al. J Virol 89:2659 (2015) - dataset 2,25520506,0.033,0.124,
10-1074+10E8+PG9,ZM247_V1,Kong et al. J Virol 89:2659 (2015) - dataset 2,25520506,0.017,0.066,
10-1074+10E8+PG9,ZM249_1,Kong et al. J Virol 89:2659 (2015) - dataset 2,25520506,0.046,0.167,
10-1074+10E8+PG9,ZM53_12,Kong et al. J Virol 89:2659 (2015) - dataset 2,25520506,0.04,0.117,
10-1074+3BNC117,0013095_2_11,Kong et al. J Virol 89:2659 (2015) - dataset 2,25520506,0.484,2.23,
10-1074+3BNC117,001428_2_42,Kong et al. J Virol 89:2659 (2015) - dataset 2,25520506,0.009,0.027,
10-1074+3BNC117,0260_V5_C36,Kong et al. J Virol 89:2659 (2015) - dataset 2,25520506,0.091,0.285,
10-1074+3BNC117,0330_V4_C3,Kong et al. J Virol 89:2659 (2015) - dataset 2,25520506,0.013,0.049,
10-1074+3BNC117,0815_V3_C3,Kong et al. J Virol 89:2659 (2015) - dataset 2,25520506,0.006,0.027,
10-1074+3BNC117,1006_11_C3_1601,Kong et al. J Virol 89:2659 (2015) - dataset 2,25520506,0.004,0.019,
10-1074+3BNC117,1012_11_TC21_3257,Kong et al. J Virol 89:2659 (2015) - dataset 2,25520506,0.004,0.022,
10-1074+3BNC117,1054_07_TC4_1499,Kong et al. J Virol 89:2659 (2015) - dataset 2,25520506,0.052,0.183,
10-1074+3BNC117,1056_10_TA11_1826,Kong et al. J Virol 89:2659 (2015) - dataset 2,25520506,0.05,0.19,
10-1074+3BNC117,1394_C9G1,Kong et al. J Virol 89:2659 (2015) - dataset 2,25520506,0.019,0.12,
10-1074+3BNC117,16055_2_3,Kong et al. J Virol 89:2659 (2015) - dataset 2,25520506,4.41,>25,
10-1074+3BNC117,16845_2_22,Kong et al. J Virol 89:2659 (2015) - dataset 2,25520506,0.956,4.09,
10-1074+3BNC117,191084_B7_19,Kong et al. J Virol 89:2659 (2015) - dataset 2,25520506,0.011,0.074,
10-1074+3BNC117,191821_E6_1,Kong et al. J Virol 89:2659 (2015) - dataset 2,25520506,0.14,0.586,
10-1074+3BNC117,191955_A11,Kong et al. J Virol 89:2659 (2015) - dataset 2,25520506,>25,>25,
10-1074+3BNC117,211_9,Kong et al. J Virol 89:2659 (2015) - dataset 2,25520506,0.071,0.285,
10-1074+3BNC117,231965_C1,Kong et al. J Virol 89:2659 (2015) - dataset 2,25520506,0.083,0.214,
10-1074+3BNC117,231966_C2,Kong et al. J Virol 89:2659 (2015) - dataset 2,25520506,0.072,0.571,
10-1074+3BNC117,235_47,Kong et al. J Virol 89:2659 (2015) - dataset 2,25520506,0.005,0.048,
10-1074+3BNC117,246_F3_C10_2,Kong et al. J Virol 89:2659 (2015) - dataset 2,25520506,0.096,0.344,
10-1074+3BNC117,249M_B10,Kong et al. J Virol 89:2659 (2015) - dataset 2,25520506,0.069,0.222,
10-1074+3BNC117,25710_2_43,Kong et al. J Virol 89:2659 (2015) - dataset 2,25520506,0.033,0.169,
10-1074+3BNC117,263_8,Kong et al. J Virol 89:2659 (2015) - dataset 2,25520506,0.014,0.073,
10-1074+3BNC117,3016_V5_C45,Kong et al. J Virol 89:2659 (2015) - dataset 2,25520506,0.95,3.53,
10-1074+3BNC117,3103_V3_C10,Kong et al. J Virol 89:2659 (2015) - dataset 2,25520506,0.003,0.027,
10-1074+3BNC117,3301_V1_C24,Kong et al. J Virol 89:2659 (2015) - dataset 2,25520506,0.002,0.01,
10-1074+3BNC117,3817_V2_C59,Kong et al. J Virol 89:2659 (2015) - dataset 2,25520506,0.132,0.471,
10-1074+3BNC117,398_F1_F6_20,Kong et al. J Virol 89:2659 (2015) - dataset 2,25520506,0.015,0.052,
10-1074+3BNC117,6041_V3_C23,Kong et al. J Virol 89:2659 (2015) - dataset 2,25520506,0.009,0.034,
10-1074+3BNC117,620345_C1,Kong et al. J Virol 89:2659 (2015) - dataset 2,25520506,>25,>25,
10-1074+3BNC117,62357_14_D3_4589,Kong et al. J Virol 89:2659 (2015) - dataset 2,25520506,0.049,0.138,
10-1074+3BNC117,6240_08_TA5_4622,Kong et al. J Virol 89:2659 (2015) - dataset 2,25520506,0.026,0.111,
10-1074+3BNC117,6244_13_B5_4567,Kong et al. J Virol 89:2659 (2015) - dataset 2,25520506,0.018,0.066,
10-1074+3BNC117,6535_3,Kong et al. J Virol 89:2659 (2015) - dataset 2,25520506,0.024,0.077,
10-1074+3BNC117,6540_V4_C1,Kong et al. J Virol 89:2659 (2015) - dataset 2,25520506,>25,>25,
10-1074+3BNC117,6545_V4_C1,Kong et al. J Virol 89:2659 (2015) - dataset 2,25520506,>25,>25,
10-1074+3BNC117,6811_V7_C18,Kong et al. J Virol 89:2659 (2015) - dataset 2,25520506,0.004,0.023,
10-1074+3BNC117,6952_V1_C20,Kong et al. J Virol 89:2659 (2015) - dataset 2,25520506,0.002,0.02,
10-1074+3BNC117,703010054_2A2,Kong et al. J Virol 89:2659 (2015) - dataset 2,25520506,0.19,0.831,
10-1074+3BNC117,703010200_1E5,Kong et al. J Virol 89:2659 (2015) - dataset 2,25520506,0.013,0.056,
10-1074+3BNC117,703010217_B6,Kong et al. J Virol 89:2659 (2015) - dataset 2,25520506,0.011,0.042,
10-1074+3BNC117,704809221_1B3,Kong et al. J Virol 89:2659 (2015) - dataset 2,25520506,0.03,0.191,
10-1074+3BNC117,89_F1_2_25,Kong et al. J Virol 89:2659 (2015) - dataset 2,25520506,>25,>25,
10-1074+3BNC117,9004SS_A3_4,Kong et al. J Virol 89:2659 (2015) - dataset 2,25520506,0.002,0.012,
10-1074+3BNC117,928_28,Kong et al. J Virol 89:2659 (2015) - dataset 2,25520506,0.121,0.392,
10-1074+3BNC117,A07412M1_VRC12,Kong et al. J Virol 89:2659 (2015) - dataset 2,25520506,0.006,0.025,
10-1074+3BNC117,AC10_29,Kong et al. J Virol 89:2659 (2015) - dataset 2,25520506,0.025,0.098,
10-1074+3BNC117,BF1266_431A,Kong et al. J Virol 89:2659 (2015) - dataset 2,25520506,0.025,0.063,
10-1074+3BNC117,BJOX002000_03_2,Kong et al. J Virol 89:2659 (2015) - dataset 2,25520506,0.028,0.086,
10-1074+3BNC117,BJOX009000_02_4,Kong et al. J Virol 89:2659 (2015) - dataset 2,25520506,0.494,1.39,
10-1074+3BNC117,BJOX010000_06_2,Kong et al. J Virol 89:2659 (2015) - dataset 2,25520506,1.98,6.07,
10-1074+3BNC117,BJOX015000_11_5,Kong et al. J Virol 89:2659 (2015) - dataset 2,25520506,0.024,0.161,
10-1074+3BNC117,BJOX025000_01_1,Kong et al. J Virol 89:2659 (2015) - dataset 2,25520506,0.145,0.242,
10-1074+3BNC117,BJOX028000_10_3,Kong et al. J Virol 89:2659 (2015) - dataset 2,25520506,0.015,0.047,
10-1074+3BNC117,C1080_C3,Kong et al. J Virol 89:2659 (2015) - dataset 2,25520506,0.195,0.639,
10-1074+3BNC117,C2101_C1,Kong et al. J Virol 89:2659 (2015) - dataset 2,25520506,0.044,0.143,
10-1074+3BNC117,C3347_C11,Kong et al. J Virol 89:2659 (2015) - dataset 2,25520506,0.03,0.094,
10-1074+3BNC117,C4118_9,Kong et al. J Virol 89:2659 (2015) - dataset 2,25520506,0.052,0.137,
10-1074+3BNC117,CAAN5342,Kong et al. J Virol 89:2659 (2015) - dataset 2,25520506,0.002,0.02,
10-1074+3BNC117,CAP210_E8,Kong et al. J Virol 89:2659 (2015) - dataset 2,25520506,8.11,>25,
10-1074+3BNC117,CAP45_G3,Kong et al. J Virol 89:2659 (2015) - dataset 2,25520506,1.42,7.69,
10-1074+3BNC117,CE0393_C3,Kong et al. J Virol 89:2659 (2015) - dataset 2,25520506,0.194,0.68,
10-1074+3BNC117,CE0682_E4,Kong et al. J Virol 89:2659 (2015) - dataset 2,25520506,0.026,0.09,
10-1074+3BNC117,CE1086_B2,Kong et al. J Virol 89:2659 (2015) - dataset 2,25520506,0.02,0.087,
10-1074+3BNC117,CE1172_H1,Kong et al. J Virol 89:2659 (2015) - dataset 2,25520506,0.012,0.119,
10-1074+3BNC117,CE1176_A3,Kong et al. J Virol 89:2659 (2015) - dataset 2,25520506,0.003,0.044,
10-1074+3BNC117,CE2010_F5,Kong et al. J Virol 89:2659 (2015) - dataset 2,25520506,0.07,0.239,
10-1074+3BNC117,CE2060_G9,Kong et al. J Virol 89:2659 (2015) - dataset 2,25520506,0.173,0.567,
10-1074+3BNC117,CH119_10,Kong et al. J Virol 89:2659 (2015) - dataset 2,25520506,0.006,0.054,
10-1074+3BNC117,CNE17,Kong et al. J Virol 89:2659 (2015) - dataset 2,25520506,0.744,3.7,
10-1074+3BNC117,CNE19,Kong et al. J Virol 89:2659 (2015) - dataset 2,25520506,0.01,0.036,
10-1074+3BNC117,CNE20,Kong et al. J Virol 89:2659 (2015) - dataset 2,25520506,0.003,0.02,
10-1074+3BNC117,CNE21,Kong et al. J Virol 89:2659 (2015) - dataset 2,25520506,0.049,0.2,
10-1074+3BNC117,CNE30,Kong et al. J Virol 89:2659 (2015) - dataset 2,25520506,0.153,0.454,
10-1074+3BNC117,CNE5,Kong et al. J Virol 89:2659 (2015) - dataset 2,25520506,0.368,1.08,
10-1074+3BNC117,CNE52,Kong et al. J Virol 89:2659 (2015) - dataset 2,25520506,0.051,0.128,
10-1074+3BNC117,CNE53,Kong et al. J Virol 89:2659 (2015) - dataset 2,25520506,0.007,0.043,
10-1074+3BNC117,CNE55,Kong et al. J Virol 89:2659 (2015) - dataset 2,25520506,0.108,0.308,
10-1074+3BNC117,CNE58,Kong et al. J Virol 89:2659 (2015) - dataset 2,25520506,0.05,0.282,
10-1074+3BNC117,CNE8,Kong et al. J Virol 89:2659 (2015) - dataset 2,25520506,0.112,0.447,
10-1074+3BNC117,DU156_12,Kong et al. J Virol 89:2659 (2015) - dataset 2,25520506,0.005,0.027,
10-1074+3BNC117,DU172_17,Kong et al. J Virol 89:2659 (2015) - dataset 2,25520506,0.034,0.205,
10-1074+3BNC117,DU422_1,Kong et al. J Virol 89:2659 (2015) - dataset 2,25520506,0.073,0.26,
10-1074+3BNC117,MS208_A1,Kong et al. J Virol 89:2659 (2015) - dataset 2,25520506,0.065,0.262,
10-1074+3BNC117,P0402_C2_11,Kong et al. J Virol 89:2659 (2015) - dataset 2,25520506,0.003,0.028,
10-1074+3BNC117,P1981_C5_3,Kong et al. J Virol 89:2659 (2015) - dataset 2,25520506,0.009,0.033,
10-1074+3BNC117,PVO_4,Kong et al. J Virol 89:2659 (2015) - dataset 2,25520506,0.031,0.096,
10-1074+3BNC117,Q23_17,Kong et al. J Virol 89:2659 (2015) - dataset 2,25520506,0.004,0.018,
10-1074+3BNC117,Q259_17,Kong et al. J Virol 89:2659 (2015) - dataset 2,25520506,0.018,0.061,
10-1074+3BNC117,Q461_E2,Kong et al. J Virol 89:2659 (2015) - dataset 2,25520506,0.057,0.176,
10-1074+3BNC117,Q769_D22,Kong et al. J Virol 89:2659 (2015) - dataset 2,25520506,0.015,0.043,
10-1074+3BNC117,Q842_D12,Kong et al. J Virol 89:2659 (2015) - dataset 2,25520506,0.009,0.026,
10-1074+3BNC117,QH0692_42,Kong et al. J Virol 89:2659 (2015) - dataset 2,25520506,0.067,0.281,
10-1074+3BNC117,R1166_C1,Kong et al. J Virol 89:2659 (2015) - dataset 2,25520506,0.176,0.574,
10-1074+3BNC117,R2184_C4,Kong et al. J Virol 89:2659 (2015) - dataset 2,25520506,0.024,0.09,
10-1074+3BNC117,R3265_C6,Kong et al. J Virol 89:2659 (2015) - dataset 2,25520506,0.041,0.926,
10-1074+3BNC117,REJO4541_67,Kong et al. J Virol 89:2659 (2015) - dataset 2,25520506,0.047,0.134,
10-1074+3BNC117,RHPA4259_7,Kong et al. J Virol 89:2659 (2015) - dataset 2,25520506,0.007,0.029,
10-1074+3BNC117,SC05_8C11_2344,Kong et al. J Virol 89:2659 (2015) - dataset 2,25520506,0.011,0.053,
10-1074+3BNC117,SC422_8,Kong et al. J Virol 89:2659 (2015) - dataset 2,25520506,0.026,0.089,
10-1074+3BNC117,T250_4,Kong et al. J Virol 89:2659 (2015) - dataset 2,25520506,0.001,0.013,
10-1074+3BNC117,T251_18,Kong et al. J Virol 89:2659 (2015) - dataset 2,25520506,0.084,0.372,
10-1074+3BNC117,T255_34,Kong et al. J Virol 89:2659 (2015) - dataset 2,25520506,0.022,0.111,
10-1074+3BNC117,T257_31,Kong et al. J Virol 89:2659 (2015) - dataset 2,25520506,0.199,0.659,
10-1074+3BNC117,T278_50,Kong et al. J Virol 89:2659 (2015) - dataset 2,25520506,0.588,4.35,
10-1074+3BNC117,THRO4156,Kong et al. J Virol 89:2659 (2015) - dataset 2,25520506,2.13,9.51,
10-1074+3BNC117,TRJO4551_58,Kong et al. J Virol 89:2659 (2015) - dataset 2,25520506,0.095,0.254,
10-1074+3BNC117,TRO_11,Kong et al. J Virol 89:2659 (2015) - dataset 2,25520506,0.007,0.028,
10-1074+3BNC117,WEAU_D15_410,Kong et al. J Virol 89:2659 (2015) - dataset 2,25520506,0.023,0.084,
10-1074+3BNC117,WITO4160_33,Kong et al. J Virol 89:2659 (2015) - dataset 2,25520506,0.03,0.099,
10-1074+3BNC117,X1193_C1,Kong et al. J Virol 89:2659 (2015) - dataset 2,25520506,0.023,0.115,
10-1074+3BNC117,X1254_C3,Kong et al. J Virol 89:2659 (2015) - dataset 2,25520506,0.029,0.107,
10-1074+3BNC117,X1632_S2_B10,Kong et al. J Virol 89:2659 (2015) - dataset 2,25520506,0.618,13.9,
10-1074+3BNC117,X2088_C9,Kong et al. J Virol 89:2659 (2015) - dataset 2,25520506,0.006,0.028,
10-1074+3BNC117,X2131_C1_B5,Kong et al. J Virol 89:2659 (2015) - dataset 2,25520506,0.013,0.05,
10-1074+3BNC117,X2278_C2_B6,Kong et al. J Virol 89:2659 (2015) - dataset 2,25520506,0.006,0.028,
10-1074+3BNC117,ZM109_4,Kong et al. J Virol 89:2659 (2015) - dataset 2,25520506,0.102,0.605,
10-1074+3BNC117,ZM135_10A,Kong et al. J Virol 89:2659 (2015) - dataset 2,25520506,0.055,0.19,
10-1074+3BNC117,ZM197_7,Kong et al. J Virol 89:2659 (2015) - dataset 2,25520506,0.733,1.79,
10-1074+3BNC117,ZM214_15,Kong et al. J Virol 89:2659 (2015) - dataset 2,25520506,0.159,0.726,
10-1074+3BNC117,ZM233_6,Kong et al. J Virol 89:2659 (2015) - dataset 2,25520506,0.101,0.45,
10-1074+3BNC117,ZM246F,Kong et al. J Virol 89:2659 (2015) - dataset 2,25520506,0.019,0.113,
10-1074+3BNC117,ZM247_V1,Kong et al. J Virol 89:2659 (2015) - dataset 2,25520506,0.031,0.163,
10-1074+3BNC117,ZM249_1,Kong et al. J Virol 89:2659 (2015) - dataset 2,25520506,0.09,0.326,
10-1074+3BNC117,ZM53_12,Kong et al. J Virol 89:2659 (2015) - dataset 2,25520506,0.237,0.958,
10-1074+3BNC117+PG9,0013095_2_11,Kong et al. J Virol 89:2659 (2015) - dataset 2,25520506,0.016,0.053,
10-1074+3BNC117+PG9,001428_2_42,Kong et al. J Virol 89:2659 (2015) - dataset 2,25520506,0.002,0.005,
10-1074+3BNC117+PG9,0260_V5_C36,Kong et al. J Virol 89:2659 (2015) - dataset 2,25520506,0.081,0.229,
10-1074+3BNC117+PG9,0330_V4_C3,Kong et al. J Virol 89:2659 (2015) - dataset 2,25520506,0.005,0.024,
10-1074+3BNC117+PG9,0815_V3_C3,Kong et al. J Virol 89:2659 (2015) - dataset 2,25520506,0.008,0.035,
10-1074+3BNC117+PG9,1006_11_C3_1601,Kong et al. J Virol 89:2659 (2015) - dataset 2,25520506,0.004,0.018,
10-1074+3BNC117+PG9,1012_11_TC21_3257,Kong et al. J Virol 89:2659 (2015) - dataset 2,25520506,0.007,0.031,
10-1074+3BNC117+PG9,1054_07_TC4_1499,Kong et al. J Virol 89:2659 (2015) - dataset 2,25520506,0.064,0.206,
10-1074+3BNC117+PG9,1056_10_TA11_1826,Kong et al. J Virol 89:2659 (2015) - dataset 2,25520506,0.061,0.181,
10-1074+3BNC117+PG9,1394_C9G1,Kong et al. J Virol 89:2659 (2015) - dataset 2,25520506,0.007,0.025,
10-1074+3BNC117+PG9,16055_2_3,Kong et al. J Virol 89:2659 (2015) - dataset 2,25520506,0.009,0.034,
10-1074+3BNC117+PG9,16845_2_22,Kong et al. J Virol 89:2659 (2015) - dataset 2,25520506,0.615,2.44,
10-1074+3BNC117+PG9,191084_B7_19,Kong et al. J Virol 89:2659 (2015) - dataset 2,25520506,0.008,0.028,
10-1074+3BNC117+PG9,191821_E6_1,Kong et al. J Virol 89:2659 (2015) - dataset 2,25520506,0.168,0.525,
10-1074+3BNC117+PG9,191955_A11,Kong et al. J Virol 89:2659 (2015) - dataset 2,25520506,0.024,0.067,
10-1074+3BNC117+PG9,211_9,Kong et al. J Virol 89:2659 (2015) - dataset 2,25520506,0.038,0.13,
10-1074+3BNC117+PG9,231965_C1,Kong et al. J Virol 89:2659 (2015) - dataset 2,25520506,0.063,0.165,
10-1074+3BNC117+PG9,231966_C2,Kong et al. J Virol 89:2659 (2015) - dataset 2,25520506,0.037,0.127,
10-1074+3BNC117+PG9,235_47,Kong et al. J Virol 89:2659 (2015) - dataset 2,25520506,0.011,0.049,
10-1074+3BNC117+PG9,246_F3_C10_2,Kong et al. J Virol 89:2659 (2015) - dataset 2,25520506,0.016,0.051,
10-1074+3BNC117+PG9,249M_B10,Kong et al. J Virol 89:2659 (2015) - dataset 2,25520506,0.023,0.074,
10-1074+3BNC117+PG9,25710_2_43,Kong et al. J Virol 89:2659 (2015) - dataset 2,25520506,0.018,0.048,
10-1074+3BNC117+PG9,263_8,Kong et al. J Virol 89:2659 (2015) - dataset 2,25520506,0.018,0.05,
10-1074+3BNC117+PG9,3016_V5_C45,Kong et al. J Virol 89:2659 (2015) - dataset 2,25520506,0.133,0.703,
10-1074+3BNC117+PG9,3103_V3_C10,Kong et al. J Virol 89:2659 (2015) - dataset 2,25520506,0.007,0.039,
10-1074+3BNC117+PG9,3301_V1_C24,Kong et al. J Virol 89:2659 (2015) - dataset 2,25520506,0.003,0.017,
10-1074+3BNC117+PG9,3817_V2_C59,Kong et al. J Virol 89:2659 (2015) - dataset 2,25520506,0.002,0.008,
10-1074+3BNC117+PG9,398_F1_F6_20,Kong et al. J Virol 89:2659 (2015) - dataset 2,25520506,0.014,0.049,
10-1074+3BNC117+PG9,6041_V3_C23,Kong et al. J Virol 89:2659 (2015) - dataset 2,25520506,0.007,0.022,
10-1074+3BNC117+PG9,620345_C1,Kong et al. J Virol 89:2659 (2015) - dataset 2,25520506,1.18,>25,
10-1074+3BNC117+PG9,62357_14_D3_4589,Kong et al. J Virol 89:2659 (2015) - dataset 2,25520506,0.111,0.182,
10-1074+3BNC117+PG9,6240_08_TA5_4622,Kong et al. J Virol 89:2659 (2015) - dataset 2,25520506,0.03,0.11,
10-1074+3BNC117+PG9,6244_13_B5_4567,Kong et al. J Virol 89:2659 (2015) - dataset 2,25520506,0.018,0.066,
10-1074+3BNC117+PG9,6535_3,Kong et al. J Virol 89:2659 (2015) - dataset 2,25520506,0.018,0.061,
10-1074+3BNC117+PG9,6540_V4_C1,Kong et al. J Virol 89:2659 (2015) - dataset 2,25520506,0.026,0.112,
10-1074+3BNC117+PG9,6545_V4_C1,Kong et al. J Virol 89:2659 (2015) - dataset 2,25520506,0.037,0.129,
10-1074+3BNC117+PG9,6811_V7_C18,Kong et al. J Virol 89:2659 (2015) - dataset 2,25520506,0.004,0.019,
10-1074+3BNC117+PG9,6952_V1_C20,Kong et al. J Virol 89:2659 (2015) - dataset 2,25520506,0.005,0.032,
10-1074+3BNC117+PG9,703010054_2A2,Kong et al. J Virol 89:2659 (2015) - dataset 2,25520506,0.017,0.056,
10-1074+3BNC117+PG9,703010200_1E5,Kong et al. J Virol 89:2659 (2015) - dataset 2,25520506,0.017,0.052,
10-1074+3BNC117+PG9,703010217_B6,Kong et al. J Virol 89:2659 (2015) - dataset 2,25520506,0.003,0.014,
10-1074+3BNC117+PG9,704809221_1B3,Kong et al. J Virol 89:2659 (2015) - dataset 2,25520506,0.014,0.055,
10-1074+3BNC117+PG9,89_F1_2_25,Kong et al. J Virol 89:2659 (2015) - dataset 2,25520506,1.44,>25,
10-1074+3BNC117+PG9,9004SS_A3_4,Kong et al. J Virol 89:2659 (2015) - dataset 2,25520506,0.002,0.01,
10-1074+3BNC117+PG9,928_28,Kong et al. J Virol 89:2659 (2015) - dataset 2,25520506,0.034,0.102,
10-1074+3BNC117+PG9,A07412M1_VRC12,Kong et al. J Virol 89:2659 (2015) - dataset 2,25520506,0.011,0.035,
10-1074+3BNC117+PG9,AC10_29,Kong et al. J Virol 89:2659 (2015) - dataset 2,25520506,0.015,0.045,
10-1074+3BNC117+PG9,BF1266_431A,Kong et al. J Virol 89:2659 (2015) - dataset 2,25520506,0.01,0.024,
10-1074+3BNC117+PG9,BJOX002000_03_2,Kong et al. J Virol 89:2659 (2015) - dataset 2,25520506,0.017,0.052,
10-1074+3BNC117+PG9,BJOX009000_02_4,Kong et al. J Virol 89:2659 (2015) - dataset 2,25520506,0.31,0.952,
10-1074+3BNC117+PG9,BJOX010000_06_2,Kong et al. J Virol 89:2659 (2015) - dataset 2,25520506,0.168,0.748,
10-1074+3BNC117+PG9,BJOX015000_11_5,Kong et al. J Virol 89:2659 (2015) - dataset 2,25520506,0.035,0.23,
10-1074+3BNC117+PG9,BJOX025000_01_1,Kong et al. J Virol 89:2659 (2015) - dataset 2,25520506,0.062,0.193,
10-1074+3BNC117+PG9,BJOX028000_10_3,Kong et al. J Virol 89:2659 (2015) - dataset 2,25520506,0.013,0.043,
10-1074+3BNC117+PG9,C1080_C3,Kong et al. J Virol 89:2659 (2015) - dataset 2,25520506,0.002,0.006,
10-1074+3BNC117+PG9,C2101_C1,Kong et al. J Virol 89:2659 (2015) - dataset 2,25520506,0.012,0.046,
10-1074+3BNC117+PG9,C3347_C11,Kong et al. J Virol 89:2659 (2015) - dataset 2,25520506,0.015,0.042,
10-1074+3BNC117+PG9,C4118_9,Kong et al. J Virol 89:2659 (2015) - dataset 2,25520506,0.019,0.05,
10-1074+3BNC117+PG9,CAAN5342,Kong et al. J Virol 89:2659 (2015) - dataset 2,25520506,0.003,0.025,
10-1074+3BNC117+PG9,CAP210_E8,Kong et al. J Virol 89:2659 (2015) - dataset 2,25520506,0.204,0.821,
10-1074+3BNC117+PG9,CAP45_G3,Kong et al. J Virol 89:2659 (2015) - dataset 2,25520506,0.003,0.011,
10-1074+3BNC117+PG9,CE0393_C3,Kong et al. J Virol 89:2659 (2015) - dataset 2,25520506,0.014,0.041,
10-1074+3BNC117+PG9,CE0682_E4,Kong et al. J Virol 89:2659 (2015) - dataset 2,25520506,0.027,0.081,
10-1074+3BNC117+PG9,CE1086_B2,Kong et al. J Virol 89:2659 (2015) - dataset 2,25520506,0.034,0.147,
10-1074+3BNC117+PG9,CE1172_H1,Kong et al. J Virol 89:2659 (2015) - dataset 2,25520506,0.012,0.067,
10-1074+3BNC117+PG9,CE1176_A3,Kong et al. J Virol 89:2659 (2015) - dataset 2,25520506,0.003,0.014,
10-1074+3BNC117+PG9,CE2010_F5,Kong et al. J Virol 89:2659 (2015) - dataset 2,25520506,0.079,0.254,
10-1074+3BNC117+PG9,CE2060_G9,Kong et al. J Virol 89:2659 (2015) - dataset 2,25520506,0.029,0.113,
10-1074+3BNC117+PG9,CH119_10,Kong et al. J Virol 89:2659 (2015) - dataset 2,25520506,0.008,0.052,
10-1074+3BNC117+PG9,CNE17,Kong et al. J Virol 89:2659 (2015) - dataset 2,25520506,0.085,0.323,
10-1074+3BNC117+PG9,CNE19,Kong et al. J Virol 89:2659 (2015) - dataset 2,25520506,0.007,0.023,
10-1074+3BNC117+PG9,CNE20,Kong et al. J Virol 89:2659 (2015) - dataset 2,25520506,0.002,0.012,
10-1074+3BNC117+PG9,CNE21,Kong et al. J Virol 89:2659 (2015) - dataset 2,25520506,0.017,0.071,
10-1074+3BNC117+PG9,CNE30,Kong et al. J Virol 89:2659 (2015) - dataset 2,25520506,0.177,0.581,
10-1074+3BNC117+PG9,CNE5,Kong et al. J Virol 89:2659 (2015) - dataset 2,25520506,0.01,0.031,
10-1074+3BNC117+PG9,CNE52,Kong et al. J Virol 89:2659 (2015) - dataset 2,25520506,0.017,0.059,
10-1074+3BNC117+PG9,CNE53,Kong et al. J Virol 89:2659 (2015) - dataset 2,25520506,0.007,0.042,
10-1074+3BNC117+PG9,CNE55,Kong et al. J Virol 89:2659 (2015) - dataset 2,25520506,0.053,0.181,
10-1074+3BNC117+PG9,CNE58,Kong et al. J Virol 89:2659 (2015) - dataset 2,25520506,0.016,0.043,
10-1074+3BNC117+PG9,CNE8,Kong et al. J Virol 89:2659 (2015) - dataset 2,25520506,0.108,0.315,
10-1074+3BNC117+PG9,DU156_12,Kong et al. J Virol 89:2659 (2015) - dataset 2,25520506,0.006,0.032,
10-1074+3BNC117+PG9,DU172_17,Kong et al. J Virol 89:2659 (2015) - dataset 2,25520506,0.045,0.159,
10-1074+3BNC117+PG9,DU422_1,Kong et al. J Virol 89:2659 (2015) - dataset 2,25520506,0.057,0.174,
10-1074+3BNC117+PG9,MS208_A1,Kong et al. J Virol 89:2659 (2015) - dataset 2,25520506,0.034,0.117,
10-1074+3BNC117+PG9,P0402_C2_11,Kong et al. J Virol 89:2659 (2015) - dataset 2,25520506,0.007,0.028,
10-1074+3BNC117+PG9,P1981_C5_3,Kong et al. J Virol 89:2659 (2015) - dataset 2,25520506,0.008,0.031,
10-1074+3BNC117+PG9,PVO_4,Kong et al. J Virol 89:2659 (2015) - dataset 2,25520506,0.038,0.097,
10-1074+3BNC117+PG9,Q23_17,Kong et al. J Virol 89:2659 (2015) - dataset 2,25520506,0.001,0.005,
10-1074+3BNC117+PG9,Q259_17,Kong et al. J Virol 89:2659 (2015) - dataset 2,25520506,0.012,0.037,
10-1074+3BNC117+PG9,Q461_E2,Kong et al. J Virol 89:2659 (2015) - dataset 2,25520506,0.053,0.15,
10-1074+3BNC117+PG9,Q769_D22,Kong et al. J Virol 89:2659 (2015) - dataset 2,25520506,0.005,0.014,
10-1074+3BNC117+PG9,Q842_D12,Kong et al. J Virol 89:2659 (2015) - dataset 2,25520506,0.006,0.014,
10-1074+3BNC117+PG9,QH0692_42,Kong et al. J Virol 89:2659 (2015) - dataset 2,25520506,0.09,0.252,
10-1074+3BNC117+PG9,R1166_C1,Kong et al. J Virol 89:2659 (2015) - dataset 2,25520506,0.153,0.476,
10-1074+3BNC117+PG9,R2184_C4,Kong et al. J Virol 89:2659 (2015) - dataset 2,25520506,0.021,0.064,
10-1074+3BNC117+PG9,R3265_C6,Kong et al. J Virol 89:2659 (2015) - dataset 2,25520506,0.022,0.172,
10-1074+3BNC117+PG9,REJO4541_67,Kong et al. J Virol 89:2659 (2015) - dataset 2,25520506,0.006,0.024,
10-1074+3BNC117+PG9,RHPA4259_7,Kong et al. J Virol 89:2659 (2015) - dataset 2,25520506,0.008,0.033,
10-1074+3BNC117+PG9,SC05_8C11_2344,Kong et al. J Virol 89:2659 (2015) - dataset 2,25520506,0.014,0.059,
10-1074+3BNC117+PG9,SC422_8,Kong et al. J Virol 89:2659 (2015) - dataset 2,25520506,0.024,0.076,
10-1074+3BNC117+PG9,T250_4,Kong et al. J Virol 89:2659 (2015) - dataset 2,25520506,0.0004,0.003,
10-1074+3BNC117+PG9,T251_18,Kong et al. J Virol 89:2659 (2015) - dataset 2,25520506,0.118,0.338,
10-1074+3BNC117+PG9,T255_34,Kong et al. J Virol 89:2659 (2015) - dataset 2,25520506,0.012,0.043,
10-1074+3BNC117+PG9,T257_31,Kong et al. J Virol 89:2659 (2015) - dataset 2,25520506,0.021,0.076,
10-1074+3BNC117+PG9,T278_50,Kong et al. J Virol 89:2659 (2015) - dataset 2,25520506,0.118,0.68,
10-1074+3BNC117+PG9,THRO4156,Kong et al. J Virol 89:2659 (2015) - dataset 2,25520506,0.688,5.03,
10-1074+3BNC117+PG9,TRJO4551_58,Kong et al. J Virol 89:2659 (2015) - dataset 2,25520506,0.057,0.161,
10-1074+3BNC117+PG9,TRO_11,Kong et al. J Virol 89:2659 (2015) - dataset 2,25520506,0.009,0.04,
10-1074+3BNC117+PG9,WEAU_D15_410,Kong et al. J Virol 89:2659 (2015) - dataset 2,25520506,0.027,0.097,
10-1074+3BNC117+PG9,WITO4160_33,Kong et al. J Virol 89:2659 (2015) - dataset 2,25520506,0.006,0.016,
10-1074+3BNC117+PG9,X1193_C1,Kong et al. J Virol 89:2659 (2015) - dataset 2,25520506,0.025,0.086,
10-1074+3BNC117+PG9,X1254_C3,Kong et al. J Virol 89:2659 (2015) - dataset 2,25520506,0.02,0.058,
10-1074+3BNC117+PG9,X1632_S2_B10,Kong et al. J Virol 89:2659 (2015) - dataset 2,25520506,0.058,0.238,
10-1074+3BNC117+PG9,X2088_C9,Kong et al. J Virol 89:2659 (2015) - dataset 2,25520506,0.007,0.025,
10-1074+3BNC117+PG9,X2131_C1_B5,Kong et al. J Virol 89:2659 (2015) - dataset 2,25520506,0.01,0.042,
10-1074+3BNC117+PG9,X2278_C2_B6,Kong et al. J Virol 89:2659 (2015) - dataset 2,25520506,0.003,0.012,
10-1074+3BNC117+PG9,ZM109_4,Kong et al. J Virol 89:2659 (2015) - dataset 2,25520506,0.052,0.236,
10-1074+3BNC117+PG9,ZM135_10A,Kong et al. J Virol 89:2659 (2015) - dataset 2,25520506,0.047,0.17,
10-1074+3BNC117+PG9,ZM197_7,Kong et al. J Virol 89:2659 (2015) - dataset 2,25520506,0.249,0.813,
10-1074+3BNC117+PG9,ZM214_15,Kong et al. J Virol 89:2659 (2015) - dataset 2,25520506,0.383,0.925,
10-1074+3BNC117+PG9,ZM233_6,Kong et al. J Virol 89:2659 (2015) - dataset 2,25520506,0.007,0.023,
10-1074+3BNC117+PG9,ZM246F,Kong et al. J Virol 89:2659 (2015) - dataset 2,25520506,0.033,0.133,
10-1074+3BNC117+PG9,ZM247_V1,Kong et al. J Virol 89:2659 (2015) - dataset 2,25520506,0.017,0.069,
10-1074+3BNC117+PG9,ZM249_1,Kong et al. J Virol 89:2659 (2015) - dataset 2,25520506,0.04,0.126,
10-1074+3BNC117+PG9,ZM53_12,Kong et al. J Virol 89:2659 (2015) - dataset 2,25520506,0.029,0.103,
10-1074+PG9,0013095_2_11,Kong et al. J Virol 89:2659 (2015) - dataset 2,25520506,0.017,0.063,
10-1074+PG9,001428_2_42,Kong et al. J Virol 89:2659 (2015) - dataset 2,25520506,0.002,0.008,
10-1074+PG9,0260_V5_C36,Kong et al. J Virol 89:2659 (2015) - dataset 2,25520506,0.097,0.423,
10-1074+PG9,0330_V4_C3,Kong et al. J Virol 89:2659 (2015) - dataset 2,25520506,0.003,0.02,
10-1074+PG9,0815_V3_C3,Kong et al. J Virol 89:2659 (2015) - dataset 2,25520506,0.019,0.129,
10-1074+PG9,1006_11_C3_1601,Kong et al. J Virol 89:2659 (2015) - dataset 2,25520506,0.003,0.016,
10-1074+PG9,1012_11_TC21_3257,Kong et al. J Virol 89:2659 (2015) - dataset 2,25520506,0.005,0.042,
10-1074+PG9,1054_07_TC4_1499,Kong et al. J Virol 89:2659 (2015) - dataset 2,25520506,0.111,0.407,
10-1074+PG9,1056_10_TA11_1826,Kong et al. J Virol 89:2659 (2015) - dataset 2,25520506,0.047,0.226,
10-1074+PG9,1394_C9G1,Kong et al. J Virol 89:2659 (2015) - dataset 2,25520506,0.005,0.024,
10-1074+PG9,16055_2_3,Kong et al. J Virol 89:2659 (2015) - dataset 2,25520506,0.008,0.039,
10-1074+PG9,16845_2_22,Kong et al. J Virol 89:2659 (2015) - dataset 2,25520506,0.334,2.15,
10-1074+PG9,191084_B7_19,Kong et al. J Virol 89:2659 (2015) - dataset 2,25520506,0.007,0.033,
10-1074+PG9,191821_E6_1,Kong et al. J Virol 89:2659 (2015) - dataset 2,25520506,23,>25,
10-1074+PG9,191955_A11,Kong et al. J Virol 89:2659 (2015) - dataset 2,25520506,0.016,0.052,
10-1074+PG9,211_9,Kong et al. J Virol 89:2659 (2015) - dataset 2,25520506,0.023,0.119,
10-1074+PG9,231965_C1,Kong et al. J Virol 89:2659 (2015) - dataset 2,25520506,0.265,6.48,
10-1074+PG9,231966_C2,Kong et al. J Virol 89:2659 (2015) - dataset 2,25520506,0.053,0.315,
10-1074+PG9,235_47,Kong et al. J Virol 89:2659 (2015) - dataset 2,25520506,0.011,0.096,
10-1074+PG9,246_F3_C10_2,Kong et al. J Virol 89:2659 (2015) - dataset 2,25520506,0.018,0.068,
10-1074+PG9,249M_B10,Kong et al. J Virol 89:2659 (2015) - dataset 2,25520506,0.019,0.132,
10-1074+PG9,25710_2_43,Kong et al. J Virol 89:2659 (2015) - dataset 2,25520506,0.007,0.042,
10-1074+PG9,263_8,Kong et al. J Virol 89:2659 (2015) - dataset 2,25520506,0.074,0.347,
10-1074+PG9,3016_V5_C45,Kong et al. J Virol 89:2659 (2015) - dataset 2,25520506,0.148,5.79,
10-1074+PG9,3103_V3_C10,Kong et al. J Virol 89:2659 (2015) - dataset 2,25520506,0.004,0.033,
10-1074+PG9,3301_V1_C24,Kong et al. J Virol 89:2659 (2015) - dataset 2,25520506,0.002,0.019,
10-1074+PG9,3817_V2_C59,Kong et al. J Virol 89:2659 (2015) - dataset 2,25520506,0.002,0.009,
10-1074+PG9,398_F1_F6_20,Kong et al. J Virol 89:2659 (2015) - dataset 2,25520506,0.015,0.06,
10-1074+PG9,6041_V3_C23,Kong et al. J Virol 89:2659 (2015) - dataset 2,25520506,0.103,2.15,
10-1074+PG9,620345_C1,Kong et al. J Virol 89:2659 (2015) - dataset 2,25520506,0.613,>25,
10-1074+PG9,62357_14_D3_4589,Kong et al. J Virol 89:2659 (2015) - dataset 2,25520506,>25,>25,
10-1074+PG9,6240_08_TA5_4622,Kong et al. J Virol 89:2659 (2015) - dataset 2,25520506,0.028,0.131,
10-1074+PG9,6244_13_B5_4567,Kong et al. J Virol 89:2659 (2015) - dataset 2,25520506,0.084,0.39,
10-1074+PG9,6535_3,Kong et al. J Virol 89:2659 (2015) - dataset 2,25520506,0.014,0.066,
10-1074+PG9,6540_V4_C1,Kong et al. J Virol 89:2659 (2015) - dataset 2,25520506,0.026,0.095,
10-1074+PG9,6545_V4_C1,Kong et al. J Virol 89:2659 (2015) - dataset 2,25520506,0.037,0.121,
10-1074+PG9,6811_V7_C18,Kong et al. J Virol 89:2659 (2015) - dataset 2,25520506,0.003,0.019,
10-1074+PG9,6952_V1_C20,Kong et al. J Virol 89:2659 (2015) - dataset 2,25520506,0.004,0.032,
10-1074+PG9,703010054_2A2,Kong et al. J Virol 89:2659 (2015) - dataset 2,25520506,0.018,0.062,
10-1074+PG9,703010200_1E5,Kong et al. J Virol 89:2659 (2015) - dataset 2,25520506,0.011,0.049,
10-1074+PG9,703010217_B6,Kong et al. J Virol 89:2659 (2015) - dataset 2,25520506,0.003,0.013,
10-1074+PG9,704809221_1B3,Kong et al. J Virol 89:2659 (2015) - dataset 2,25520506,0.018,0.082,
10-1074+PG9,89_F1_2_25,Kong et al. J Virol 89:2659 (2015) - dataset 2,25520506,1.31,>25,
10-1074+PG9,9004SS_A3_4,Kong et al. J Virol 89:2659 (2015) - dataset 2,25520506,0.001,0.007,
10-1074+PG9,928_28,Kong et al. J Virol 89:2659 (2015) - dataset 2,25520506,0.025,0.093,
10-1074+PG9,A07412M1_VRC12,Kong et al. J Virol 89:2659 (2015) - dataset 2,25520506,0.015,0.051,
10-1074+PG9,AC10_29,Kong et al. J Virol 89:2659 (2015) - dataset 2,25520506,0.01,0.035,
10-1074+PG9,BF1266_431A,Kong et al. J Virol 89:2659 (2015) - dataset 2,25520506,0.014,0.058,
10-1074+PG9,BJOX002000_03_2,Kong et al. J Virol 89:2659 (2015) - dataset 2,25520506,0.012,0.049,
10-1074+PG9,BJOX009000_02_4,Kong et al. J Virol 89:2659 (2015) - dataset 2,25520506,0.988,3.53,
10-1074+PG9,BJOX010000_06_2,Kong et al. J Virol 89:2659 (2015) - dataset 2,25520506,0.117,0.811,
10-1074+PG9,BJOX015000_11_5,Kong et al. J Virol 89:2659 (2015) - dataset 2,25520506,0.729,5.34,
10-1074+PG9,BJOX025000_01_1,Kong et al. J Virol 89:2659 (2015) - dataset 2,25520506,0.208,2,
10-1074+PG9,BJOX028000_10_3,Kong et al. J Virol 89:2659 (2015) - dataset 2,25520506,0.314,1.49,
10-1074+PG9,C1080_C3,Kong et al. J Virol 89:2659 (2015) - dataset 2,25520506,0.002,0.006,
10-1074+PG9,C2101_C1,Kong et al. J Virol 89:2659 (2015) - dataset 2,25520506,0.021,0.085,
10-1074+PG9,C3347_C11,Kong et al. J Virol 89:2659 (2015) - dataset 2,25520506,0.032,0.109,
10-1074+PG9,C4118_9,Kong et al. J Virol 89:2659 (2015) - dataset 2,25520506,0.019,0.074,
10-1074+PG9,CAAN5342,Kong et al. J Virol 89:2659 (2015) - dataset 2,25520506,0.002,0.029,
10-1074+PG9,CAP210_E8,Kong et al. J Virol 89:2659 (2015) - dataset 2,25520506,0.121,0.692,
10-1074+PG9,CAP45_G3,Kong et al. J Virol 89:2659 (2015) - dataset 2,25520506,0.002,0.009,
10-1074+PG9,CE0393_C3,Kong et al. J Virol 89:2659 (2015) - dataset 2,25520506,0.009,0.038,
10-1074+PG9,CE0682_E4,Kong et al. J Virol 89:2659 (2015) - dataset 2,25520506,0.144,0.45,
10-1074+PG9,CE1086_B2,Kong et al. J Virol 89:2659 (2015) - dataset 2,25520506,>25,>25,
10-1074+PG9,CE1172_H1,Kong et al. J Virol 89:2659 (2015) - dataset 2,25520506,0.015,0.047,
10-1074+PG9,CE1176_A3,Kong et al. J Virol 89:2659 (2015) - dataset 2,25520506,0.003,0.014,
10-1074+PG9,CE2010_F5,Kong et al. J Virol 89:2659 (2015) - dataset 2,25520506,>25,>25,
10-1074+PG9,CE2060_G9,Kong et al. J Virol 89:2659 (2015) - dataset 2,25520506,0.043,0.151,
10-1074+PG9,CH119_10,Kong et al. J Virol 89:2659 (2015) - dataset 2,25520506,0.004,0.041,
10-1074+PG9,CNE17,Kong et al. J Virol 89:2659 (2015) - dataset 2,25520506,0.07,0.274,
10-1074+PG9,CNE19,Kong et al. J Virol 89:2659 (2015) - dataset 2,25520506,0.011,0.031,
10-1074+PG9,CNE20,Kong et al. J Virol 89:2659 (2015) - dataset 2,25520506,0.001,0.011,
10-1074+PG9,CNE21,Kong et al. J Virol 89:2659 (2015) - dataset 2,25520506,0.016,0.052,
10-1074+PG9,CNE30,Kong et al. J Virol 89:2659 (2015) - dataset 2,25520506,0.367,1.36,
10-1074+PG9,CNE5,Kong et al. J Virol 89:2659 (2015) - dataset 2,25520506,0.007,0.022,
10-1074+PG9,CNE52,Kong et al. J Virol 89:2659 (2015) - dataset 2,25520506,0.026,0.101,
10-1074+PG9,CNE53,Kong et al. J Virol 89:2659 (2015) - dataset 2,25520506,0.005,0.034,
10-1074+PG9,CNE55,Kong et al. J Virol 89:2659 (2015) - dataset 2,25520506,0.191,2,
10-1074+PG9,CNE58,Kong et al. J Virol 89:2659 (2015) - dataset 2,25520506,0.015,0.053,
10-1074+PG9,CNE8,Kong et al. J Virol 89:2659 (2015) - dataset 2,25520506,0.386,1.61,
10-1074+PG9,DU156_12,Kong et al. J Virol 89:2659 (2015) - dataset 2,25520506,0.005,0.025,
10-1074+PG9,DU172_17,Kong et al. J Virol 89:2659 (2015) - dataset 2,25520506,0.037,0.145,
10-1074+PG9,DU422_1,Kong et al. J Virol 89:2659 (2015) - dataset 2,25520506,0.032,0.117,
10-1074+PG9,MS208_A1,Kong et al. J Virol 89:2659 (2015) - dataset 2,25520506,0.066,0.562,
10-1074+PG9,P0402_C2_11,Kong et al. J Virol 89:2659 (2015) - dataset 2,25520506,0.008,0.042,
10-1074+PG9,P1981_C5_3,Kong et al. J Virol 89:2659 (2015) - dataset 2,25520506,0.006,0.027,
10-1074+PG9,PVO_4,Kong et al. J Virol 89:2659 (2015) - dataset 2,25520506,0.095,0.378,
10-1074+PG9,Q23_17,Kong et al. J Virol 89:2659 (2015) - dataset 2,25520506,0.002,0.006,
10-1074+PG9,Q259_17,Kong et al. J Virol 89:2659 (2015) - dataset 2,25520506,0.036,0.216,
10-1074+PG9,Q461_E2,Kong et al. J Virol 89:2659 (2015) - dataset 2,25520506,1.01,13,
10-1074+PG9,Q769_D22,Kong et al. J Virol 89:2659 (2015) - dataset 2,25520506,0.008,0.03,
10-1074+PG9,Q842_D12,Kong et al. J Virol 89:2659 (2015) - dataset 2,25520506,0.013,0.039,
10-1074+PG9,QH0692_42,Kong et al. J Virol 89:2659 (2015) - dataset 2,25520506,0.196,0.777,
10-1074+PG9,R1166_C1,Kong et al. J Virol 89:2659 (2015) - dataset 2,25520506,0.742,3.17,
10-1074+PG9,R2184_C4,Kong et al. J Virol 89:2659 (2015) - dataset 2,25520506,0.158,1.36,
10-1074+PG9,R3265_C6,Kong et al. J Virol 89:2659 (2015) - dataset 2,25520506,0.074,0.362,
10-1074+PG9,REJO4541_67,Kong et al. J Virol 89:2659 (2015) - dataset 2,25520506,0.004,0.042,
10-1074+PG9,RHPA4259_7,Kong et al. J Virol 89:2659 (2015) - dataset 2,25520506,0.016,0.091,
10-1074+PG9,SC05_8C11_2344,Kong et al. J Virol 89:2659 (2015) - dataset 2,25520506,0.008,0.057,
10-1074+PG9,SC422_8,Kong et al. J Virol 89:2659 (2015) - dataset 2,25520506,0.031,0.163,
10-1074+PG9,T250_4,Kong et al. J Virol 89:2659 (2015) - dataset 2,25520506,0.0002,0.002,
10-1074+PG9,T251_18,Kong et al. J Virol 89:2659 (2015) - dataset 2,25520506,0.262,1.84,
10-1074+PG9,T255_34,Kong et al. J Virol 89:2659 (2015) - dataset 2,25520506,0.012,0.073,
10-1074+PG9,T257_31,Kong et al. J Virol 89:2659 (2015) - dataset 2,25520506,0.018,0.073,
10-1074+PG9,T278_50,Kong et al. J Virol 89:2659 (2015) - dataset 2,25520506,0.101,0.603,
10-1074+PG9,THRO4156,Kong et al. J Virol 89:2659 (2015) - dataset 2,25520506,8.33,>25,
10-1074+PG9,TRJO4551_58,Kong et al. J Virol 89:2659 (2015) - dataset 2,25520506,0.107,0.426,
10-1074+PG9,TRO_11,Kong et al. J Virol 89:2659 (2015) - dataset 2,25520506,0.007,0.046,
10-1074+PG9,WEAU_D15_410,Kong et al. J Virol 89:2659 (2015) - dataset 2,25520506,0.033,0.154,
10-1074+PG9,WITO4160_33,Kong et al. J Virol 89:2659 (2015) - dataset 2,25520506,0.005,0.017,
10-1074+PG9,X1193_C1,Kong et al. J Virol 89:2659 (2015) - dataset 2,25520506,0.039,0.131,
10-1074+PG9,X1254_C3,Kong et al. J Virol 89:2659 (2015) - dataset 2,25520506,0.024,0.068,
10-1074+PG9,X1632_S2_B10,Kong et al. J Virol 89:2659 (2015) - dataset 2,25520506,0.069,0.584,
10-1074+PG9,X2088_C9,Kong et al. J Virol 89:2659 (2015) - dataset 2,25520506,0.002,0.023,
10-1074+PG9,X2131_C1_B5,Kong et al. J Virol 89:2659 (2015) - dataset 2,25520506,0.011,0.057,
10-1074+PG9,X2278_C2_B6,Kong et al. J Virol 89:2659 (2015) - dataset 2,25520506,0.002,0.013,
10-1074+PG9,ZM109_4,Kong et al. J Virol 89:2659 (2015) - dataset 2,25520506,0.171,2.5,
10-1074+PG9,ZM135_10A,Kong et al. J Virol 89:2659 (2015) - dataset 2,25520506,0.098,0.513,
10-1074+PG9,ZM197_7,Kong et al. J Virol 89:2659 (2015) - dataset 2,25520506,0.591,2.09,
10-1074+PG9,ZM214_15,Kong et al. J Virol 89:2659 (2015) - dataset 2,25520506,1.05,3.23,
10-1074+PG9,ZM233_6,Kong et al. J Virol 89:2659 (2015) - dataset 2,25520506,0.004,0.015,
10-1074+PG9,ZM246F,Kong et al. J Virol 89:2659 (2015) - dataset 2,25520506,0.015,0.093,
10-1074+PG9,ZM247_V1,Kong et al. J Virol 89:2659 (2015) - dataset 2,25520506,0.015,0.067,
10-1074+PG9,ZM249_1,Kong et al. J Virol 89:2659 (2015) - dataset 2,25520506,0.047,0.349,
10-1074+PG9,ZM53_12,Kong et al. J Virol 89:2659 (2015) - dataset 2,25520506,0.023,0.128,
10E8+2F5,0013095_2_11,Doria-Rose et al. PLoS Pathog 13:e1006148 (2017),28052137,0.056,,
10E8+2F5,001428_2_42,Doria-Rose et al. PLoS Pathog 13:e1006148 (2017),28052137,2.4,,
10E8+2F5,231965_C1,Doria-Rose et al. PLoS Pathog 13:e1006148 (2017),28052137,3.77,,
10E8+2F5,242_14,Doria-Rose et al. PLoS Pathog 13:e1006148 (2017),28052137,0.524,,
10E8+2F5,247_23,Doria-Rose et al. PLoS Pathog 13:e1006148 (2017),28052137,0.3,,
10E8+2F5,26191_2_48,Doria-Rose et al. PLoS Pathog 13:e1006148 (2017),28052137,2.58,,
10E8+2F5,3168_V4_C10,Doria-Rose et al. PLoS Pathog 13:e1006148 (2017),28052137,3,,
10E8+2F5,620345_C1,Doria-Rose et al. PLoS Pathog 13:e1006148 (2017),28052137,0.413,,
10E8+2F5,7165_18,Doria-Rose et al. PLoS Pathog 13:e1006148 (2017),28052137,0.295,,
10E8+2F5,CH038_12,Doria-Rose et al. PLoS Pathog 13:e1006148 (2017),28052137,0.728,,
10E8+2F5,CH070_1,Doria-Rose et al. PLoS Pathog 13:e1006148 (2017),28052137,6.12,,
10E8+2F5,CNE5,Doria-Rose et al. PLoS Pathog 13:e1006148 (2017),28052137,1.77,,
10E8+2F5,CNE55,Doria-Rose et al. PLoS Pathog 13:e1006148 (2017),28052137,0.085,,
10E8+2F5,KER2008_12,Doria-Rose et al. PLoS Pathog 13:e1006148 (2017),28052137,23.5,,
10E8+2F5,M02138,Doria-Rose et al. PLoS Pathog 13:e1006148 (2017),28052137,0.05,,
10E8+2F5,Q259_17,Doria-Rose et al. PLoS Pathog 13:e1006148 (2017),28052137,5.72,,
10E8+2F5,Q461_E2,Doria-Rose et al. PLoS Pathog 13:e1006148 (2017),28052137,2.4,,
10E8+2F5,TH976_17,Doria-Rose et al. PLoS Pathog 13:e1006148 (2017),28052137,0.295,,
10E8+2F5,YU2,Doria-Rose et al. PLoS Pathog 13:e1006148 (2017),28052137,2.94,,
10E8+2F5,ZM135_10A,Doria-Rose et al. PLoS Pathog 13:e1006148 (2017),28052137,0.2,,
10E8+3BNC117,0013095_2_11,Kong et al. J Virol 89:2659 (2015) - dataset 2,25520506,0.002,0.068,
10E8+3BNC117,001428_2_42,Kong et al. J Virol 89:2659 (2015) - dataset 2,25520506,0.008,0.026,
10E8+3BNC117,0260_V5_C36,Kong et al. J Virol 89:2659 (2015) - dataset 2,25520506,0.139,0.454,
10E8+3BNC117,0330_V4_C3,Kong et al. J Virol 89:2659 (2015) - dataset 2,25520506,0.027,0.091,
10E8+3BNC117,0815_V3_C3,Kong et al. J Virol 89:2659 (2015) - dataset 2,25520506,0.01,0.034,
10E8+3BNC117,1006_11_C3_1601,Kong et al. J Virol 89:2659 (2015) - dataset 2,25520506,0.03,0.098,
10E8+3BNC117,1012_11_TC21_3257,Kong et al. J Virol 89:2659 (2015) - dataset 2,25520506,0.024,0.067,
10E8+3BNC117,1054_07_TC4_1499,Kong et al. J Virol 89:2659 (2015) - dataset 2,25520506,0.011,0.091,
10E8+3BNC117,1056_10_TA11_1826,Kong et al. J Virol 89:2659 (2015) - dataset 2,25520506,0.049,0.25,
10E8+3BNC117,1394_C9G1,Kong et al. J Virol 89:2659 (2015) - dataset 2,25520506,0.407,2.94,
10E8+3BNC117,16055_2_3,Kong et al. J Virol 89:2659 (2015) - dataset 2,25520506,0.15,0.944,
10E8+3BNC117,16845_2_22,Kong et al. J Virol 89:2659 (2015) - dataset 2,25520506,0.007,0.136,
10E8+3BNC117,191084_B7_19,Kong et al. J Virol 89:2659 (2015) - dataset 2,25520506,0.049,0.183,
10E8+3BNC117,191821_E6_1,Kong et al. J Virol 89:2659 (2015) - dataset 2,25520506,0.066,0.28,
10E8+3BNC117,191955_A11,Kong et al. J Virol 89:2659 (2015) - dataset 2,25520506,0.144,0.634,
10E8+3BNC117,211_9,Kong et al. J Virol 89:2659 (2015) - dataset 2,25520506,0.173,0.565,
10E8+3BNC117,231965_C1,Kong et al. J Virol 89:2659 (2015) - dataset 2,25520506,0.063,0.181,
10E8+3BNC117,231966_C2,Kong et al. J Virol 89:2659 (2015) - dataset 2,25520506,0.023,0.072,
10E8+3BNC117,235_47,Kong et al. J Virol 89:2659 (2015) - dataset 2,25520506,0.015,0.089,
10E8+3BNC117,246_F3_C10_2,Kong et al. J Virol 89:2659 (2015) - dataset 2,25520506,0.063,0.218,
10E8+3BNC117,249M_B10,Kong et al. J Virol 89:2659 (2015) - dataset 2,25520506,0.049,0.168,
10E8+3BNC117,25710_2_43,Kong et al. J Virol 89:2659 (2015) - dataset 2,25520506,0.019,0.13,
10E8+3BNC117,263_8,Kong et al. J Virol 89:2659 (2015) - dataset 2,25520506,0.011,0.051,
10E8+3BNC117,3016_V5_C45,Kong et al. J Virol 89:2659 (2015) - dataset 2,25520506,0.146,0.601,
10E8+3BNC117,3103_V3_C10,Kong et al. J Virol 89:2659 (2015) - dataset 2,25520506,0.399,1.26,
10E8+3BNC117,3301_V1_C24,Kong et al. J Virol 89:2659 (2015) - dataset 2,25520506,0.036,0.104,
10E8+3BNC117,3817_V2_C59,Kong et al. J Virol 89:2659 (2015) - dataset 2,25520506,0.025,0.257,
10E8+3BNC117,398_F1_F6_20,Kong et al. J Virol 89:2659 (2015) - dataset 2,25520506,0.041,0.169,
10E8+3BNC117,6041_V3_C23,Kong et al. J Virol 89:2659 (2015) - dataset 2,25520506,0.006,0.026,
10E8+3BNC117,620345_C1,Kong et al. J Virol 89:2659 (2015) - dataset 2,25520506,0.589,3.22,
10E8+3BNC117,62357_14_D3_4589,Kong et al. J Virol 89:2659 (2015) - dataset 2,25520506,0.027,0.099,
10E8+3BNC117,6240_08_TA5_4622,Kong et al. J Virol 89:2659 (2015) - dataset 2,25520506,0.112,0.325,
10E8+3BNC117,6244_13_B5_4567,Kong et al. J Virol 89:2659 (2015) - dataset 2,25520506,0.008,0.054,
10E8+3BNC117,6535_3,Kong et al. J Virol 89:2659 (2015) - dataset 2,25520506,0.161,0.84,
10E8+3BNC117,6540_V4_C1,Kong et al. J Virol 89:2659 (2015) - dataset 2,25520506,1.76,6.35,
10E8+3BNC117,6545_V4_C1,Kong et al. J Virol 89:2659 (2015) - dataset 2,25520506,1.8,5.6,
10E8+3BNC117,6811_V7_C18,Kong et al. J Virol 89:2659 (2015) - dataset 2,25520506,0.057,0.149,
10E8+3BNC117,6952_V1_C20,Kong et al. J Virol 89:2659 (2015) - dataset 2,25520506,0.02,0.107,
10E8+3BNC117,703010054_2A2,Kong et al. J Virol 89:2659 (2015) - dataset 2,25520506,0.137,0.472,
10E8+3BNC117,703010200_1E5,Kong et al. J Virol 89:2659 (2015) - dataset 2,25520506,0.209,0.481,
10E8+3BNC117,703010217_B6,Kong et al. J Virol 89:2659 (2015) - dataset 2,25520506,0.031,0.122,
10E8+3BNC117,704809221_1B3,Kong et al. J Virol 89:2659 (2015) - dataset 2,25520506,0.001,0.023,
10E8+3BNC117,89_F1_2_25,Kong et al. J Virol 89:2659 (2015) - dataset 2,25520506,1.57,5.2,
10E8+3BNC117,9004SS_A3_4,Kong et al. J Virol 89:2659 (2015) - dataset 2,25520506,0.034,0.111,
10E8+3BNC117,928_28,Kong et al. J Virol 89:2659 (2015) - dataset 2,25520506,0.015,0.114,
10E8+3BNC117,A07412M1_VRC12,Kong et al. J Virol 89:2659 (2015) - dataset 2,25520506,0.028,0.107,
10E8+3BNC117,AC10_29,Kong et al. J Virol 89:2659 (2015) - dataset 2,25520506,0.117,0.7,
10E8+3BNC117,BF1266_431A,Kong et al. J Virol 89:2659 (2015) - dataset 2,25520506,0.015,0.054,
10E8+3BNC117,BJOX002000_03_2,Kong et al. J Virol 89:2659 (2015) - dataset 2,25520506,0.515,2.43,
10E8+3BNC117,BJOX009000_02_4,Kong et al. J Virol 89:2659 (2015) - dataset 2,25520506,0.076,0.438,
10E8+3BNC117,BJOX010000_06_2,Kong et al. J Virol 89:2659 (2015) - dataset 2,25520506,0.021,0.289,
10E8+3BNC117,BJOX015000_11_5,Kong et al. J Virol 89:2659 (2015) - dataset 2,25520506,0.01,0.081,
10E8+3BNC117,BJOX025000_01_1,Kong et al. J Virol 89:2659 (2015) - dataset 2,25520506,0.037,0.181,
10E8+3BNC117,BJOX028000_10_3,Kong et al. J Virol 89:2659 (2015) - dataset 2,25520506,0.008,0.03,
10E8+3BNC117,C1080_C3,Kong et al. J Virol 89:2659 (2015) - dataset 2,25520506,0.03,0.166,
10E8+3BNC117,C2101_C1,Kong et al. J Virol 89:2659 (2015) - dataset 2,25520506,0.035,0.115,
10E8+3BNC117,C3347_C11,Kong et al. J Virol 89:2659 (2015) - dataset 2,25520506,0.001,0.013,
10E8+3BNC117,C4118_9,Kong et al. J Virol 89:2659 (2015) - dataset 2,25520506,0.028,0.091,
10E8+3BNC117,CAAN5342,Kong et al. J Virol 89:2659 (2015) - dataset 2,25520506,0.337,1.15,
10E8+3BNC117,CAP210_E8,Kong et al. J Virol 89:2659 (2015) - dataset 2,25520506,0.695,2.78,
10E8+3BNC117,CAP45_G3,Kong et al. J Virol 89:2659 (2015) - dataset 2,25520506,0.33,1.35,
10E8+3BNC117,CE0393_C3,Kong et al. J Virol 89:2659 (2015) - dataset 2,25520506,0.081,0.33,
10E8+3BNC117,CE0682_E4,Kong et al. J Virol 89:2659 (2015) - dataset 2,25520506,0.022,0.073,
10E8+3BNC117,CE1086_B2,Kong et al. J Virol 89:2659 (2015) - dataset 2,25520506,0.018,0.073,
10E8+3BNC117,CE1172_H1,Kong et al. J Virol 89:2659 (2015) - dataset 2,25520506,0.142,1.16,
10E8+3BNC117,CE1176_A3,Kong et al. J Virol 89:2659 (2015) - dataset 2,25520506,0.055,0.268,
10E8+3BNC117,CE2010_F5,Kong et al. J Virol 89:2659 (2015) - dataset 2,25520506,0.048,0.169,
10E8+3BNC117,CE2060_G9,Kong et al. J Virol 89:2659 (2015) - dataset 2,25520506,0.086,0.311,
10E8+3BNC117,CH119_10,Kong et al. J Virol 89:2659 (2015) - dataset 2,25520506,0.498,1.85,
10E8+3BNC117,CNE17,Kong et al. J Virol 89:2659 (2015) - dataset 2,25520506,0.235,1.14,
10E8+3BNC117,CNE19,Kong et al. J Virol 89:2659 (2015) - dataset 2,25520506,0.016,0.052,
10E8+3BNC117,CNE20,Kong et al. J Virol 89:2659 (2015) - dataset 2,25520506,0.164,1.09,
10E8+3BNC117,CNE21,Kong et al. J Virol 89:2659 (2015) - dataset 2,25520506,0.517,3.03,
10E8+3BNC117,CNE30,Kong et al. J Virol 89:2659 (2015) - dataset 2,25520506,0.155,0.65,
10E8+3BNC117,CNE5,Kong et al. J Virol 89:2659 (2015) - dataset 2,25520506,0.167,0.564,
10E8+3BNC117,CNE52,Kong et al. J Virol 89:2659 (2015) - dataset 2,25520506,0.037,0.113,
10E8+3BNC117,CNE53,Kong et al. J Virol 89:2659 (2015) - dataset 2,25520506,0.057,0.219,
10E8+3BNC117,CNE55,Kong et al. J Virol 89:2659 (2015) - dataset 2,25520506,0.031,0.162,
10E8+3BNC117,CNE58,Kong et al. J Virol 89:2659 (2015) - dataset 2,25520506,0.11,0.459,
10E8+3BNC117,CNE8,Kong et al. J Virol 89:2659 (2015) - dataset 2,25520506,0.018,0.124,
10E8+3BNC117,DU156_12,Kong et al. J Virol 89:2659 (2015) - dataset 2,25520506,0.013,0.062,
10E8+3BNC117,DU172_17,Kong et al. J Virol 89:2659 (2015) - dataset 2,25520506,0.014,0.106,
10E8+3BNC117,DU422_1,Kong et al. J Virol 89:2659 (2015) - dataset 2,25520506,0.281,1.06,
10E8+3BNC117,MS208_A1,Kong et al. J Virol 89:2659 (2015) - dataset 2,25520506,0.044,0.19,
10E8+3BNC117,P0402_C2_11,Kong et al. J Virol 89:2659 (2015) - dataset 2,25520506,0.012,0.07,
10E8+3BNC117,P1981_C5_3,Kong et al. J Virol 89:2659 (2015) - dataset 2,25520506,0.025,0.15,
10E8+3BNC117,PVO_4,Kong et al. J Virol 89:2659 (2015) - dataset 2,25520506,0.045,0.121,
10E8+3BNC117,Q23_17,Kong et al. J Virol 89:2659 (2015) - dataset 2,25520506,0.011,0.043,
10E8+3BNC117,Q259_17,Kong et al. J Virol 89:2659 (2015) - dataset 2,25520506,0.02,0.059,
10E8+3BNC117,Q461_E2,Kong et al. J Virol 89:2659 (2015) - dataset 2,25520506,0.046,0.136,
10E8+3BNC117,Q769_D22,Kong et al. J Virol 89:2659 (2015) - dataset 2,25520506,0.012,0.039,
10E8+3BNC117,Q842_D12,Kong et al. J Virol 89:2659 (2015) - dataset 2,25520506,0.009,0.03,
10E8+3BNC117,QH0692_42,Kong et al. J Virol 89:2659 (2015) - dataset 2,25520506,0.042,0.258,
10E8+3BNC117,R1166_C1,Kong et al. J Virol 89:2659 (2015) - dataset 2,25520506,0.096,0.265,
10E8+3BNC117,R2184_C4,Kong et al. J Virol 89:2659 (2015) - dataset 2,25520506,0.018,0.07,
10E8+3BNC117,R3265_C6,Kong et al. J Virol 89:2659 (2015) - dataset 2,25520506,0.049,0.544,
10E8+3BNC117,REJO4541_67,Kong et al. J Virol 89:2659 (2015) - dataset 2,25520506,0.024,0.085,
10E8+3BNC117,RHPA4259_7,Kong et al. J Virol 89:2659 (2015) - dataset 2,25520506,0.014,0.043,
10E8+3BNC117,SC05_8C11_2344,Kong et al. J Virol 89:2659 (2015) - dataset 2,25520506,0.057,0.216,
10E8+3BNC117,SC422_8,Kong et al. J Virol 89:2659 (2015) - dataset 2,25520506,0.024,0.104,
10E8+3BNC117,T250_4,Kong et al. J Virol 89:2659 (2015) - dataset 2,25520506,0.752,3.44,
10E8+3BNC117,T251_18,Kong et al. J Virol 89:2659 (2015) - dataset 2,25520506,0.071,0.255,
10E8+3BNC117,T255_34,Kong et al. J Virol 89:2659 (2015) - dataset 2,25520506,0.028,0.123,
10E8+3BNC117,T257_31,Kong et al. J Virol 89:2659 (2015) - dataset 2,25520506,0.091,0.395,
10E8+3BNC117,T278_50,Kong et al. J Virol 89:2659 (2015) - dataset 2,25520506,0.978,4.44,
10E8+3BNC117,THRO4156,Kong et al. J Virol 89:2659 (2015) - dataset 2,25520506,0.07,0.386,
10E8+3BNC117,TRJO4551_58,Kong et al. J Virol 89:2659 (2015) - dataset 2,25520506,0.108,0.318,
10E8+3BNC117,TRO_11,Kong et al. J Virol 89:2659 (2015) - dataset 2,25520506,0.008,0.049,
10E8+3BNC117,WEAU_D15_410,Kong et al. J Virol 89:2659 (2015) - dataset 2,25520506,0.055,0.191,
10E8+3BNC117,WITO4160_33,Kong et al. J Virol 89:2659 (2015) - dataset 2,25520506,0.018,0.082,
10E8+3BNC117,X1193_C1,Kong et al. J Virol 89:2659 (2015) - dataset 2,25520506,0.047,0.15,
10E8+3BNC117,X1254_C3,Kong et al. J Virol 89:2659 (2015) - dataset 2,25520506,0.063,0.195,
10E8+3BNC117,X1632_S2_B10,Kong et al. J Virol 89:2659 (2015) - dataset 2,25520506,0.13,0.69,
10E8+3BNC117,X2088_C9,Kong et al. J Virol 89:2659 (2015) - dataset 2,25520506,>25,>25,
10E8+3BNC117,X2131_C1_B5,Kong et al. J Virol 89:2659 (2015) - dataset 2,25520506,0.009,0.076,
10E8+3BNC117,X2278_C2_B6,Kong et al. J Virol 89:2659 (2015) - dataset 2,25520506,0.019,0.051,
10E8+3BNC117,ZM109_4,Kong et al. J Virol 89:2659 (2015) - dataset 2,25520506,0.055,0.245,
10E8+3BNC117,ZM135_10A,Kong et al. J Virol 89:2659 (2015) - dataset 2,25520506,0.045,0.147,
10E8+3BNC117,ZM197_7,Kong et al. J Virol 89:2659 (2015) - dataset 2,25520506,0.046,0.269,
10E8+3BNC117,ZM214_15,Kong et al. J Virol 89:2659 (2015) - dataset 2,25520506,0.21,0.776,
10E8+3BNC117,ZM233_6,Kong et al. J Virol 89:2659 (2015) - dataset 2,25520506,0.133,0.368,
10E8+3BNC117,ZM246F,Kong et al. J Virol 89:2659 (2015) - dataset 2,25520506,1.02,2.79,
10E8+3BNC117,ZM247_V1,Kong et al. J Virol 89:2659 (2015) - dataset 2,25520506,0.42,2.14,
10E8+3BNC117,ZM249_1,Kong et al. J Virol 89:2659 (2015) - dataset 2,25520506,0.047,0.186,
10E8+3BNC117,ZM53_12,Kong et al. J Virol 89:2659 (2015) - dataset 2,25520506,0.129,0.561,
10E8+3BNC117+PG9,0013095_2_11,Kong et al. J Virol 89:2659 (2015) - dataset 2,25520506,0.003,0.022,
10E8+3BNC117+PG9,001428_2_42,Kong et al. J Virol 89:2659 (2015) - dataset 2,25520506,0.001,0.005,
10E8+3BNC117+PG9,0260_V5_C36,Kong et al. J Virol 89:2659 (2015) - dataset 2,25520506,0.135,0.405,
10E8+3BNC117+PG9,0330_V4_C3,Kong et al. J Virol 89:2659 (2015) - dataset 2,25520506,0.009,0.027,
10E8+3BNC117+PG9,0815_V3_C3,Kong et al. J Virol 89:2659 (2015) - dataset 2,25520506,0.015,0.049,
10E8+3BNC117+PG9,1006_11_C3_1601,Kong et al. J Virol 89:2659 (2015) - dataset 2,25520506,0.014,0.065,
10E8+3BNC117+PG9,1012_11_TC21_3257,Kong et al. J Virol 89:2659 (2015) - dataset 2,25520506,0.02,0.067,
10E8+3BNC117+PG9,1054_07_TC4_1499,Kong et al. J Virol 89:2659 (2015) - dataset 2,25520506,0.017,0.093,
10E8+3BNC117+PG9,1056_10_TA11_1826,Kong et al. J Virol 89:2659 (2015) - dataset 2,25520506,0.05,0.241,
10E8+3BNC117+PG9,1394_C9G1,Kong et al. J Virol 89:2659 (2015) - dataset 2,25520506,0.015,0.042,
10E8+3BNC117+PG9,16055_2_3,Kong et al. J Virol 89:2659 (2015) - dataset 2,25520506,0.007,0.025,
10E8+3BNC117+PG9,16845_2_22,Kong et al. J Virol 89:2659 (2015) - dataset 2,25520506,0.014,0.185,
10E8+3BNC117+PG9,191084_B7_19,Kong et al. J Virol 89:2659 (2015) - dataset 2,25520506,0.014,0.047,
10E8+3BNC117+PG9,191821_E6_1,Kong et al. J Virol 89:2659 (2015) - dataset 2,25520506,0.092,0.324,
10E8+3BNC117+PG9,191955_A11,Kong et al. J Virol 89:2659 (2015) - dataset 2,25520506,0.02,0.043,
10E8+3BNC117+PG9,211_9,Kong et al. J Virol 89:2659 (2015) - dataset 2,25520506,0.085,0.186,
10E8+3BNC117+PG9,231965_C1,Kong et al. J Virol 89:2659 (2015) - dataset 2,25520506,0.049,0.159,
10E8+3BNC117+PG9,231966_C2,Kong et al. J Virol 89:2659 (2015) - dataset 2,25520506,0.014,0.066,
10E8+3BNC117+PG9,235_47,Kong et al. J Virol 89:2659 (2015) - dataset 2,25520506,0.014,0.074,
10E8+3BNC117+PG9,246_F3_C10_2,Kong et al. J Virol 89:2659 (2015) - dataset 2,25520506,0.014,0.048,
10E8+3BNC117+PG9,249M_B10,Kong et al. J Virol 89:2659 (2015) - dataset 2,25520506,0.022,0.059,
10E8+3BNC117+PG9,25710_2_43,Kong et al. J Virol 89:2659 (2015) - dataset 2,25520506,0.009,0.044,
10E8+3BNC117+PG9,263_8,Kong et al. J Virol 89:2659 (2015) - dataset 2,25520506,0.013,0.045,
10E8+3BNC117+PG9,3016_V5_C45,Kong et al. J Virol 89:2659 (2015) - dataset 2,25520506,0.043,0.198,
10E8+3BNC117+PG9,3103_V3_C10,Kong et al. J Virol 89:2659 (2015) - dataset 2,25520506,0.345,0.922,
10E8+3BNC117+PG9,3301_V1_C24,Kong et al. J Virol 89:2659 (2015) - dataset 2,25520506,0.029,0.076,
10E8+3BNC117+PG9,3817_V2_C59,Kong et al. J Virol 89:2659 (2015) - dataset 2,25520506,0.002,0.008,
10E8+3BNC117+PG9,398_F1_F6_20,Kong et al. J Virol 89:2659 (2015) - dataset 2,25520506,0.039,0.185,
10E8+3BNC117+PG9,6041_V3_C23,Kong et al. J Virol 89:2659 (2015) - dataset 2,25520506,0.005,0.016,
10E8+3BNC117+PG9,620345_C1,Kong et al. J Virol 89:2659 (2015) - dataset 2,25520506,0.183,0.554,
10E8+3BNC117+PG9,62357_14_D3_4589,Kong et al. J Virol 89:2659 (2015) - dataset 2,25520506,0.032,0.105,
10E8+3BNC117+PG9,6240_08_TA5_4622,Kong et al. J Virol 89:2659 (2015) - dataset 2,25520506,0.098,0.276,
10E8+3BNC117+PG9,6244_13_B5_4567,Kong et al. J Virol 89:2659 (2015) - dataset 2,25520506,0.011,0.057,
10E8+3BNC117+PG9,6535_3,Kong et al. J Virol 89:2659 (2015) - dataset 2,25520506,0.064,0.205,
10E8+3BNC117+PG9,6540_V4_C1,Kong et al. J Virol 89:2659 (2015) - dataset 2,25520506,0.021,0.086,
10E8+3BNC117+PG9,6545_V4_C1,Kong et al. J Virol 89:2659 (2015) - dataset 2,25520506,0.025,0.096,
10E8+3BNC117+PG9,6811_V7_C18,Kong et al. J Virol 89:2659 (2015) - dataset 2,25520506,0.047,0.141,
10E8+3BNC117+PG9,6952_V1_C20,Kong et al. J Virol 89:2659 (2015) - dataset 2,25520506,0.021,0.12,
10E8+3BNC117+PG9,703010054_2A2,Kong et al. J Virol 89:2659 (2015) - dataset 2,25520506,0.018,0.04,
10E8+3BNC117+PG9,703010200_1E5,Kong et al. J Virol 89:2659 (2015) - dataset 2,25520506,0.3,0.8,
10E8+3BNC117+PG9,703010217_B6,Kong et al. J Virol 89:2659 (2015) - dataset 2,25520506,0.004,0.012,
10E8+3BNC117+PG9,704809221_1B3,Kong et al. J Virol 89:2659 (2015) - dataset 2,25520506,0.002,0.019,
10E8+3BNC117+PG9,89_F1_2_25,Kong et al. J Virol 89:2659 (2015) - dataset 2,25520506,0.218,1.09,
10E8+3BNC117+PG9,9004SS_A3_4,Kong et al. J Virol 89:2659 (2015) - dataset 2,25520506,0.015,0.04,
10E8+3BNC117+PG9,928_28,Kong et al. J Virol 89:2659 (2015) - dataset 2,25520506,0.012,0.053,
10E8+3BNC117+PG9,A07412M1_VRC12,Kong et al. J Virol 89:2659 (2015) - dataset 2,25520506,0.035,0.126,
10E8+3BNC117+PG9,AC10_29,Kong et al. J Virol 89:2659 (2015) - dataset 2,25520506,0.027,0.096,
10E8+3BNC117+PG9,BF1266_431A,Kong et al. J Virol 89:2659 (2015) - dataset 2,25520506,0.01,0.027,
10E8+3BNC117+PG9,BJOX002000_03_2,Kong et al. J Virol 89:2659 (2015) - dataset 2,25520506,0.031,0.144,
10E8+3BNC117+PG9,BJOX009000_02_4,Kong et al. J Virol 89:2659 (2015) - dataset 2,25520506,0.09,0.361,
10E8+3BNC117+PG9,BJOX010000_06_2,Kong et al. J Virol 89:2659 (2015) - dataset 2,25520506,0.016,0.098,
10E8+3BNC117+PG9,BJOX015000_11_5,Kong et al. J Virol 89:2659 (2015) - dataset 2,25520506,0.013,0.097,
10E8+3BNC117+PG9,BJOX025000_01_1,Kong et al. J Virol 89:2659 (2015) - dataset 2,25520506,0.029,0.102,
10E8+3BNC117+PG9,BJOX028000_10_3,Kong et al. J Virol 89:2659 (2015) - dataset 2,25520506,0.009,0.033,
10E8+3BNC117+PG9,C1080_C3,Kong et al. J Virol 89:2659 (2015) - dataset 2,25520506,0.001,0.004,
10E8+3BNC117+PG9,C2101_C1,Kong et al. J Virol 89:2659 (2015) - dataset 2,25520506,0.012,0.04,
10E8+3BNC117+PG9,C3347_C11,Kong et al. J Virol 89:2659 (2015) - dataset 2,25520506,0.002,0.012,
10E8+3BNC117+PG9,C4118_9,Kong et al. J Virol 89:2659 (2015) - dataset 2,25520506,0.013,0.04,
10E8+3BNC117+PG9,CAAN5342,Kong et al. J Virol 89:2659 (2015) - dataset 2,25520506,0.38,1.06,
10E8+3BNC117+PG9,CAP210_E8,Kong et al. J Virol 89:2659 (2015) - dataset 2,25520506,0.09,0.416,
10E8+3BNC117+PG9,CAP45_G3,Kong et al. J Virol 89:2659 (2015) - dataset 2,25520506,0.003,0.01,
10E8+3BNC117+PG9,CE0393_C3,Kong et al. J Virol 89:2659 (2015) - dataset 2,25520506,0.009,0.033,
10E8+3BNC117+PG9,CE0682_E4,Kong et al. J Virol 89:2659 (2015) - dataset 2,25520506,0.02,0.065,
10E8+3BNC117+PG9,CE1086_B2,Kong et al. J Virol 89:2659 (2015) - dataset 2,25520506,0.03,0.083,
10E8+3BNC117+PG9,CE1172_H1,Kong et al. J Virol 89:2659 (2015) - dataset 2,25520506,0.022,0.073,
10E8+3BNC117+PG9,CE1176_A3,Kong et al. J Virol 89:2659 (2015) - dataset 2,25520506,0.008,0.025,
10E8+3BNC117+PG9,CE2010_F5,Kong et al. J Virol 89:2659 (2015) - dataset 2,25520506,0.056,0.2,
10E8+3BNC117+PG9,CE2060_G9,Kong et al. J Virol 89:2659 (2015) - dataset 2,25520506,0.031,0.083,
10E8+3BNC117+PG9,CH119_10,Kong et al. J Virol 89:2659 (2015) - dataset 2,25520506,0.11,0.417,
10E8+3BNC117+PG9,CNE17,Kong et al. J Virol 89:2659 (2015) - dataset 2,25520506,0.048,0.169,
10E8+3BNC117+PG9,CNE19,Kong et al. J Virol 89:2659 (2015) - dataset 2,25520506,0.009,0.032,
10E8+3BNC117+PG9,CNE20,Kong et al. J Virol 89:2659 (2015) - dataset 2,25520506,0.016,0.08,
10E8+3BNC117+PG9,CNE21,Kong et al. J Virol 89:2659 (2015) - dataset 2,25520506,0.041,0.14,
10E8+3BNC117+PG9,CNE30,Kong et al. J Virol 89:2659 (2015) - dataset 2,25520506,0.167,0.597,
10E8+3BNC117+PG9,CNE5,Kong et al. J Virol 89:2659 (2015) - dataset 2,25520506,0.01,0.03,
10E8+3BNC117+PG9,CNE52,Kong et al. J Virol 89:2659 (2015) - dataset 2,25520506,0.018,0.052,
10E8+3BNC117+PG9,CNE53,Kong et al. J Virol 89:2659 (2015) - dataset 2,25520506,0.028,0.089,
10E8+3BNC117+PG9,CNE55,Kong et al. J Virol 89:2659 (2015) - dataset 2,25520506,0.021,0.085,
10E8+3BNC117+PG9,CNE58,Kong et al. J Virol 89:2659 (2015) - dataset 2,25520506,0.013,0.047,
10E8+3BNC117+PG9,CNE8,Kong et al. J Virol 89:2659 (2015) - dataset 2,25520506,0.017,0.091,
10E8+3BNC117+PG9,DU156_12,Kong et al. J Virol 89:2659 (2015) - dataset 2,25520506,0.014,0.045,
10E8+3BNC117+PG9,DU172_17,Kong et al. J Virol 89:2659 (2015) - dataset 2,25520506,0.019,0.102,
10E8+3BNC117+PG9,DU422_1,Kong et al. J Virol 89:2659 (2015) - dataset 2,25520506,0.058,0.261,
10E8+3BNC117+PG9,MS208_A1,Kong et al. J Virol 89:2659 (2015) - dataset 2,25520506,0.023,0.083,
10E8+3BNC117+PG9,P0402_C2_11,Kong et al. J Virol 89:2659 (2015) - dataset 2,25520506,0.005,0.051,
10E8+3BNC117+PG9,P1981_C5_3,Kong et al. J Virol 89:2659 (2015) - dataset 2,25520506,0.008,0.088,
10E8+3BNC117+PG9,PVO_4,Kong et al. J Virol 89:2659 (2015) - dataset 2,25520506,0.047,0.144,
10E8+3BNC117+PG9,Q23_17,Kong et al. J Virol 89:2659 (2015) - dataset 2,25520506,0.001,0.006,
10E8+3BNC117+PG9,Q259_17,Kong et al. J Virol 89:2659 (2015) - dataset 2,25520506,0.011,0.039,
10E8+3BNC117+PG9,Q461_E2,Kong et al. J Virol 89:2659 (2015) - dataset 2,25520506,0.038,0.108,
10E8+3BNC117+PG9,Q769_D22,Kong et al. J Virol 89:2659 (2015) - dataset 2,25520506,0.005,0.016,
10E8+3BNC117+PG9,Q842_D12,Kong et al. J Virol 89:2659 (2015) - dataset 2,25520506,0.006,0.015,
10E8+3BNC117+PG9,QH0692_42,Kong et al. J Virol 89:2659 (2015) - dataset 2,25520506,0.071,0.272,
10E8+3BNC117+PG9,R1166_C1,Kong et al. J Virol 89:2659 (2015) - dataset 2,25520506,0.051,0.199,
10E8+3BNC117+PG9,R2184_C4,Kong et al. J Virol 89:2659 (2015) - dataset 2,25520506,0.018,0.052,
10E8+3BNC117+PG9,R3265_C6,Kong et al. J Virol 89:2659 (2015) - dataset 2,25520506,0.036,0.164,
10E8+3BNC117+PG9,REJO4541_67,Kong et al. J Virol 89:2659 (2015) - dataset 2,25520506,0.004,0.018,
10E8+3BNC117+PG9,RHPA4259_7,Kong et al. J Virol 89:2659 (2015) - dataset 2,25520506,0.017,0.049,
10E8+3BNC117+PG9,SC05_8C11_2344,Kong et al. J Virol 89:2659 (2015) - dataset 2,25520506,0.064,0.183,
10E8+3BNC117+PG9,SC422_8,Kong et al. J Virol 89:2659 (2015) - dataset 2,25520506,0.024,0.077,
10E8+3BNC117+PG9,T250_4,Kong et al. J Virol 89:2659 (2015) - dataset 2,25520506,0.0005,0.003,
10E8+3BNC117+PG9,T251_18,Kong et al. J Virol 89:2659 (2015) - dataset 2,25520506,0.066,0.267,
10E8+3BNC117+PG9,T255_34,Kong et al. J Virol 89:2659 (2015) - dataset 2,25520506,0.015,0.044,
10E8+3BNC117+PG9,T257_31,Kong et al. J Virol 89:2659 (2015) - dataset 2,25520506,0.016,0.049,
10E8+3BNC117+PG9,T278_50,Kong et al. J Virol 89:2659 (2015) - dataset 2,25520506,0.12,0.596,
10E8+3BNC117+PG9,THRO4156,Kong et al. J Virol 89:2659 (2015) - dataset 2,25520506,0.078,0.419,
10E8+3BNC117+PG9,TRJO4551_58,Kong et al. J Virol 89:2659 (2015) - dataset 2,25520506,0.077,0.205,
10E8+3BNC117+PG9,TRO_11,Kong et al. J Virol 89:2659 (2015) - dataset 2,25520506,0.019,0.055,
10E8+3BNC117+PG9,WEAU_D15_410,Kong et al. J Virol 89:2659 (2015) - dataset 2,25520506,0.05,0.154,
10E8+3BNC117+PG9,WITO4160_33,Kong et al. J Virol 89:2659 (2015) - dataset 2,25520506,0.004,0.014,
10E8+3BNC117+PG9,X1193_C1,Kong et al. J Virol 89:2659 (2015) - dataset 2,25520506,0.029,0.095,
10E8+3BNC117+PG9,X1254_C3,Kong et al. J Virol 89:2659 (2015) - dataset 2,25520506,0.027,0.066,
10E8+3BNC117+PG9,X1632_S2_B10,Kong et al. J Virol 89:2659 (2015) - dataset 2,25520506,0.031,0.119,
10E8+3BNC117+PG9,X2088_C9,Kong et al. J Virol 89:2659 (2015) - dataset 2,25520506,>25,>25,
10E8+3BNC117+PG9,X2131_C1_B5,Kong et al. J Virol 89:2659 (2015) - dataset 2,25520506,0.011,0.038,
10E8+3BNC117+PG9,X2278_C2_B6,Kong et al. J Virol 89:2659 (2015) - dataset 2,25520506,0.006,0.018,
10E8+3BNC117+PG9,ZM109_4,Kong et al. J Virol 89:2659 (2015) - dataset 2,25520506,0.029,0.124,
10E8+3BNC117+PG9,ZM135_10A,Kong et al. J Virol 89:2659 (2015) - dataset 2,25520506,0.034,0.143,
10E8+3BNC117+PG9,ZM197_7,Kong et al. J Virol 89:2659 (2015) - dataset 2,25520506,0.052,0.256,
10E8+3BNC117+PG9,ZM214_15,Kong et al. J Virol 89:2659 (2015) - dataset 2,25520506,0.31,0.929,
10E8+3BNC117+PG9,ZM233_6,Kong et al. J Virol 89:2659 (2015) - dataset 2,25520506,0.008,0.026,
10E8+3BNC117+PG9,ZM246F,Kong et al. J Virol 89:2659 (2015) - dataset 2,25520506,0.79,2.64,
10E8+3BNC117+PG9,ZM247_V1,Kong et al. J Virol 89:2659 (2015) - dataset 2,25520506,0.039,0.135,
10E8+3BNC117+PG9,ZM249_1,Kong et al. J Virol 89:2659 (2015) - dataset 2,25520506,0.029,0.089,
10E8+3BNC117+PG9,ZM53_12,Kong et al. J Virol 89:2659 (2015) - dataset 2,25520506,0.028,0.097,
10E8+b12,0013095_2_11,Doria-Rose et al. PLoS Pathog 13:e1006148 (2017),28052137,0.076,,
10E8+b12,001428_2_42,Doria-Rose et al. PLoS Pathog 13:e1006148 (2017),28052137,3.61,,
10E8+b12,231965_C1,Doria-Rose et al. PLoS Pathog 13:e1006148 (2017),28052137,0.224,,
10E8+b12,242_14,Doria-Rose et al. PLoS Pathog 13:e1006148 (2017),28052137,1.41,,
10E8+b12,247_23,Doria-Rose et al. PLoS Pathog 13:e1006148 (2017),28052137,0.306,,
10E8+b12,26191_2_48,Doria-Rose et al. PLoS Pathog 13:e1006148 (2017),28052137,1.07,,
10E8+b12,3168_V4_C10,Doria-Rose et al. PLoS Pathog 13:e1006148 (2017),28052137,2.95,,
10E8+b12,620345_C1,Doria-Rose et al. PLoS Pathog 13:e1006148 (2017),28052137,0.746,,
10E8+b12,7165_18,Doria-Rose et al. PLoS Pathog 13:e1006148 (2017),28052137,0.627,,
10E8+b12,CH038_12,Doria-Rose et al. PLoS Pathog 13:e1006148 (2017),28052137,0.274,,
10E8+b12,CH070_1,Doria-Rose et al. PLoS Pathog 13:e1006148 (2017),28052137,5.5,,
10E8+b12,CNE5,Doria-Rose et al. PLoS Pathog 13:e1006148 (2017),28052137,0.891,,
10E8+b12,CNE55,Doria-Rose et al. PLoS Pathog 13:e1006148 (2017),28052137,0.113,,
10E8+b12,KER2008_12,Doria-Rose et al. PLoS Pathog 13:e1006148 (2017),28052137,>50,,
10E8+b12,M02138,Doria-Rose et al. PLoS Pathog 13:e1006148 (2017),28052137,0.044,,
10E8+b12,Q259_17,Doria-Rose et al. PLoS Pathog 13:e1006148 (2017),28052137,7.33,,
10E8+b12,Q461_E2,Doria-Rose et al. PLoS Pathog 13:e1006148 (2017),28052137,2.59,,
10E8+b12,TH976_17,Doria-Rose et al. PLoS Pathog 13:e1006148 (2017),28052137,0.709,,
10E8+b12,YU2,Doria-Rose et al. PLoS Pathog 13:e1006148 (2017),28052137,1.7,,
10E8+b12,ZM135_10A,Doria-Rose et al. PLoS Pathog 13:e1006148 (2017),28052137,0.181,,
10E8+PG9,0013095_2_11,Kong et al. J Virol 89:2659 (2015) - dataset 1,25520506,0.008,0.03,
10E8+PG9,0013095_2_11,Kong et al. J Virol 89:2659 (2015) - dataset 2,25520506,0.002,0.016,
10E8+PG9,001428_2_42,Kong et al. J Virol 89:2659 (2015) - dataset 1,25520506,0.003,0.011,
10E8+PG9,001428_2_42,Kong et al. J Virol 89:2659 (2015) - dataset 2,25520506,0.003,0.008,
10E8+PG9,0260_V5_C36,Kong et al. J Virol 89:2659 (2015) - dataset 1,25520506,0.518,2.59,
10E8+PG9,0260_V5_C36,Kong et al. J Virol 89:2659 (2015) - dataset 2,25520506,0.632,2.71,
10E8+PG9,0330_V4_C3,Kong et al. J Virol 89:2659 (2015) - dataset 1,25520506,0.005,0.019,
10E8+PG9,0330_V4_C3,Kong et al. J Virol 89:2659 (2015) - dataset 2,25520506,0.012,0.043,
10E8+PG9,0815_V3_C3,Kong et al. J Virol 89:2659 (2015) - dataset 1,25520506,0.121,1.04,
10E8+PG9,0815_V3_C3,Kong et al. J Virol 89:2659 (2015) - dataset 2,25520506,0.318,1.72,
10E8+PG9,1006_11_C3_1601,Kong et al. J Virol 89:2659 (2015) - dataset 1,25520506,0.079,0.416,
10E8+PG9,1006_11_C3_1601,Kong et al. J Virol 89:2659 (2015) - dataset 2,25520506,0.089,0.389,
10E8+PG9,1012_11_TC21_3257,Kong et al. J Virol 89:2659 (2015) - dataset 1,25520506,0.049,0.193,
10E8+PG9,1012_11_TC21_3257,Kong et al. J Virol 89:2659 (2015) - dataset 2,25520506,0.082,0.364,
10E8+PG9,1054_07_TC4_1499,Kong et al. J Virol 89:2659 (2015) - dataset 1,25520506,0.003,0.044,
10E8+PG9,1054_07_TC4_1499,Kong et al. J Virol 89:2659 (2015) - dataset 2,25520506,0.029,0.188,
10E8+PG9,1056_10_TA11_1826,Kong et al. J Virol 89:2659 (2015) - dataset 1,25520506,0.25,0.891,
10E8+PG9,1056_10_TA11_1826,Kong et al. J Virol 89:2659 (2015) - dataset 2,25520506,0.064,0.421,
10E8+PG9,1394_C9G1,Kong et al. J Virol 89:2659 (2015) - dataset 1,25520506,0.006,0.022,
10E8+PG9,1394_C9G1,Kong et al. J Virol 89:2659 (2015) - dataset 2,25520506,0.013,0.043,
10E8+PG9,16055_2_3,Kong et al. J Virol 89:2659 (2015) - dataset 1,25520506,0.004,0.015,
10E8+PG9,16055_2_3,Kong et al. J Virol 89:2659 (2015) - dataset 2,25520506,0.005,0.019,
10E8+PG9,16845_2_22,Kong et al. J Virol 89:2659 (2015) - dataset 1,25520506,0.056,0.264,
10E8+PG9,16845_2_22,Kong et al. J Virol 89:2659 (2015) - dataset 2,25520506,0.016,0.136,
10E8+PG9,191084_B7_19,Kong et al. J Virol 89:2659 (2015) - dataset 1,25520506,0.009,0.045,
10E8+PG9,191084_B7_19,Kong et al. J Virol 89:2659 (2015) - dataset 2,25520506,0.02,0.061,
10E8+PG9,191821_E6_1,Kong et al. J Virol 89:2659 (2015) - dataset 1,25520506,0.383,1.59,
10E8+PG9,191821_E6_1,Kong et al. J Virol 89:2659 (2015) - dataset 2,25520506,0.265,1.39,
10E8+PG9,191955_A11,Kong et al. J Virol 89:2659 (2015) - dataset 1,25520506,0.008,0.024,
10E8+PG9,191955_A11,Kong et al. J Virol 89:2659 (2015) - dataset 2,25520506,0.009,0.042,
10E8+PG9,211_9,Kong et al. J Virol 89:2659 (2015) - dataset 1,25520506,0.066,0.207,
10E8+PG9,211_9,Kong et al. J Virol 89:2659 (2015) - dataset 2,25520506,0.128,0.204,
10E8+PG9,231965_C1,Kong et al. J Virol 89:2659 (2015) - dataset 1,25520506,0.418,2.66,
10E8+PG9,231965_C1,Kong et al. J Virol 89:2659 (2015) - dataset 2,25520506,0.299,2.67,
10E8+PG9,231966_C2,Kong et al. J Virol 89:2659 (2015) - dataset 1,25520506,0.018,0.079,
10E8+PG9,231966_C2,Kong et al. J Virol 89:2659 (2015) - dataset 2,25520506,0.015,0.076,
10E8+PG9,235_47,Kong et al. J Virol 89:2659 (2015) - dataset 1,25520506,0.02,0.13,
10E8+PG9,235_47,Kong et al. J Virol 89:2659 (2015) - dataset 2,25520506,0.036,0.183,
10E8+PG9,246_F3_C10_2,Kong et al. J Virol 89:2659 (2015) - dataset 1,25520506,0.018,0.07,
10E8+PG9,246_F3_C10_2,Kong et al. J Virol 89:2659 (2015) - dataset 2,25520506,0.023,0.062,
10E8+PG9,249M_B10,Kong et al. J Virol 89:2659 (2015) - dataset 1,25520506,0.02,0.088,
10E8+PG9,249M_B10,Kong et al. J Virol 89:2659 (2015) - dataset 2,25520506,0.03,0.112,
10E8+PG9,25710_2_43,Kong et al. J Virol 89:2659 (2015) - dataset 1,25520506,0.005,0.029,
10E8+PG9,25710_2_43,Kong et al. J Virol 89:2659 (2015) - dataset 2,25520506,0.007,0.036,
10E8+PG9,263_8,Kong et al. J Virol 89:2659 (2015) - dataset 1,25520506,0.028,0.169,
10E8+PG9,263_8,Kong et al. J Virol 89:2659 (2015) - dataset 2,25520506,0.029,0.192,
10E8+PG9,3016_V5_C45,Kong et al. J Virol 89:2659 (2015) - dataset 1,25520506,0.026,0.177,
10E8+PG9,3016_V5_C45,Kong et al. J Virol 89:2659 (2015) - dataset 2,25520506,0.067,0.315,
10E8+PG9,3103_V3_C10,Kong et al. J Virol 89:2659 (2015) - dataset 1,25520506,>25,>25,
10E8+PG9,3103_V3_C10,Kong et al. J Virol 89:2659 (2015) - dataset 2,25520506,>25,>25,
10E8+PG9,3301_V1_C24,Kong et al. J Virol 89:2659 (2015) - dataset 1,25520506,0.097,0.391,
10E8+PG9,3301_V1_C24,Kong et al. J Virol 89:2659 (2015) - dataset 2,25520506,0.17,0.628,
10E8+PG9,3817_V2_C59,Kong et al. J Virol 89:2659 (2015) - dataset 1,25520506,0.002,0.008,
10E8+PG9,3817_V2_C59,Kong et al. J Virol 89:2659 (2015) - dataset 2,25520506,0.003,0.009,
10E8+PG9,398_F1_F6_20,Kong et al. J Virol 89:2659 (2015) - dataset 1,25520506,0.252,2.8,
10E8+PG9,398_F1_F6_20,Kong et al. J Virol 89:2659 (2015) - dataset 2,25520506,0.109,4.1,
10E8+PG9,6041_V3_C23,Kong et al. J Virol 89:2659 (2015) - dataset 1,25520506,0.035,0.192,
10E8+PG9,6041_V3_C23,Kong et al. J Virol 89:2659 (2015) - dataset 2,25520506,0.042,0.189,
10E8+PG9,620345_C1,Kong et al. J Virol 89:2659 (2015) - dataset 1,25520506,0.079,0.742,
10E8+PG9,620345_C1,Kong et al. J Virol 89:2659 (2015) - dataset 2,25520506,0.094,0.676,
10E8+PG9,62357_14_D3_4589,Kong et al. J Virol 89:2659 (2015) - dataset 1,25520506,0.227,1.37,
10E8+PG9,62357_14_D3_4589,Kong et al. J Virol 89:2659 (2015) - dataset 2,25520506,0.45,1.89,
10E8+PG9,6240_08_TA5_4622,Kong et al. J Virol 89:2659 (2015) - dataset 1,25520506,0.218,0.878,
10E8+PG9,6240_08_TA5_4622,Kong et al. J Virol 89:2659 (2015) - dataset 2,25520506,0.224,0.964,
10E8+PG9,6244_13_B5_4567,Kong et al. J Virol 89:2659 (2015) - dataset 1,25520506,0.016,0.186,
10E8+PG9,6244_13_B5_4567,Kong et al. J Virol 89:2659 (2015) - dataset 2,25520506,0.021,0.386,
10E8+PG9,6535_3,Kong et al. J Virol 89:2659 (2015) - dataset 1,25520506,0.024,0.132,
10E8+PG9,6535_3,Kong et al. J Virol 89:2659 (2015) - dataset 2,25520506,0.065,0.326,
10E8+PG9,6540_V4_C1,Kong et al. J Virol 89:2659 (2015) - dataset 1,25520506,0.018,0.061,
10E8+PG9,6540_V4_C1,Kong et al. J Virol 89:2659 (2015) - dataset 2,25520506,0.022,0.08,
10E8+PG9,6545_V4_C1,Kong et al. J Virol 89:2659 (2015) - dataset 1,25520506,0.017,0.065,
10E8+PG9,6545_V4_C1,Kong et al. J Virol 89:2659 (2015) - dataset 2,25520506,0.028,0.104,
10E8+PG9,6811_V7_C18,Kong et al. J Virol 89:2659 (2015) - dataset 1,25520506,4.28,13.5,
10E8+PG9,6811_V7_C18,Kong et al. J Virol 89:2659 (2015) - dataset 2,25520506,4.16,11.3,
10E8+PG9,6952_V1_C20,Kong et al. J Virol 89:2659 (2015) - dataset 1,25520506,0.035,0.287,
10E8+PG9,6952_V1_C20,Kong et al. J Virol 89:2659 (2015) - dataset 2,25520506,0.072,0.6,
10E8+PG9,703010054_2A2,Kong et al. J Virol 89:2659 (2015) - dataset 1,25520506,0.017,0.044,
10E8+PG9,703010054_2A2,Kong et al. J Virol 89:2659 (2015) - dataset 2,25520506,0.022,0.053,
10E8+PG9,703010200_1E5,Kong et al. J Virol 89:2659 (2015) - dataset 1,25520506,3.64,17.1,
10E8+PG9,703010200_1E5,Kong et al. J Virol 89:2659 (2015) - dataset 2,25520506,6,20,
10E8+PG9,703010217_B6,Kong et al. J Virol 89:2659 (2015) - dataset 1,25520506,0.004,0.014,
10E8+PG9,703010217_B6,Kong et al. J Virol 89:2659 (2015) - dataset 2,25520506,0.006,0.018,
10E8+PG9,704809221_1B3,Kong et al. J Virol 89:2659 (2015) - dataset 1,25520506,0.002,0.015,
10E8+PG9,704809221_1B3,Kong et al. J Virol 89:2659 (2015) - dataset 2,25520506,0.003,0.026,
10E8+PG9,89_F1_2_25,Kong et al. J Virol 89:2659 (2015) - dataset 1,25520506,0.071,0.506,
10E8+PG9,89_F1_2_25,Kong et al. J Virol 89:2659 (2015) - dataset 2,25520506,0.244,1.03,
10E8+PG9,9004SS_A3_4,Kong et al. J Virol 89:2659 (2015) - dataset 1,25520506,0.007,0.042,
10E8+PG9,9004SS_A3_4,Kong et al. J Virol 89:2659 (2015) - dataset 2,25520506,0.012,0.048,
10E8+PG9,928_28,Kong et al. J Virol 89:2659 (2015) - dataset 1,25520506,0.028,0.153,
10E8+PG9,928_28,Kong et al. J Virol 89:2659 (2015) - dataset 2,25520506,0.008,0.053,
10E8+PG9,A07412M1_VRC12,Kong et al. J Virol 89:2659 (2015) - dataset 1,25520506,0.154,0.81,
10E8+PG9,A07412M1_VRC12,Kong et al. J Virol 89:2659 (2015) - dataset 2,25520506,0.12,0.642,
10E8+PG9,AC10_29,Kong et al. J Virol 89:2659 (2015) - dataset 1,25520506,0.054,0.211,
10E8+PG9,AC10_29,Kong et al. J Virol 89:2659 (2015) - dataset 2,25520506,0.028,0.091,
10E8+PG9,BF1266_431A,Kong et al. J Virol 89:2659 (2015) - dataset 1,25520506,0.015,0.047,
10E8+PG9,BF1266_431A,Kong et al. J Virol 89:2659 (2015) - dataset 2,25520506,0.018,0.059,
10E8+PG9,BJOX002000_03_2,Kong et al. J Virol 89:2659 (2015) - dataset 1,25520506,0.02,0.084,
10E8+PG9,BJOX002000_03_2,Kong et al. J Virol 89:2659 (2015) - dataset 2,25520506,0.036,0.187,
10E8+PG9,BJOX009000_02_4,Kong et al. J Virol 89:2659 (2015) - dataset 1,25520506,0.065,0.634,
10E8+PG9,BJOX009000_02_4,Kong et al. J Virol 89:2659 (2015) - dataset 2,25520506,0.09,0.698,
10E8+PG9,BJOX010000_06_2,Kong et al. J Virol 89:2659 (2015) - dataset 1,25520506,0.019,0.126,
10E8+PG9,BJOX010000_06_2,Kong et al. J Virol 89:2659 (2015) - dataset 2,25520506,0.016,0.1,
10E8+PG9,BJOX015000_11_5,Kong et al. J Virol 89:2659 (2015) - dataset 1,25520506,0.024,0.282,
10E8+PG9,BJOX015000_11_5,Kong et al. J Virol 89:2659 (2015) - dataset 2,25520506,0.019,0.303,
10E8+PG9,BJOX025000_01_1,Kong et al. J Virol 89:2659 (2015) - dataset 1,25520506,0.071,0.304,
10E8+PG9,BJOX025000_01_1,Kong et al. J Virol 89:2659 (2015) - dataset 2,25520506,0.035,0.286,
10E8+PG9,BJOX028000_10_3,Kong et al. J Virol 89:2659 (2015) - dataset 1,25520506,0.106,0.466,
10E8+PG9,BJOX028000_10_3,Kong et al. J Virol 89:2659 (2015) - dataset 2,25520506,0.084,0.386,
10E8+PG9,C1080_C3,Kong et al. J Virol 89:2659 (2015) - dataset 1,25520506,0.002,0.007,
10E8+PG9,C1080_C3,Kong et al. J Virol 89:2659 (2015) - dataset 2,25520506,0.001,0.006,
10E8+PG9,C2101_C1,Kong et al. J Virol 89:2659 (2015) - dataset 1,25520506,0.017,0.07,
10E8+PG9,C2101_C1,Kong et al. J Virol 89:2659 (2015) - dataset 2,25520506,0.021,0.098,
10E8+PG9,C3347_C11,Kong et al. J Virol 89:2659 (2015) - dataset 1,25520506,0.015,0.069,
10E8+PG9,C3347_C11,Kong et al. J Virol 89:2659 (2015) - dataset 2,25520506,0.002,0.016,
10E8+PG9,C4118_9,Kong et al. J Virol 89:2659 (2015) - dataset 1,25520506,0.021,0.059,
10E8+PG9,C4118_9,Kong et al. J Virol 89:2659 (2015) - dataset 2,25520506,0.017,0.061,
10E8+PG9,CAAN5342,Kong et al. J Virol 89:2659 (2015) - dataset 1,25520506,0.785,3.51,
10E8+PG9,CAAN5342,Kong et al. J Virol 89:2659 (2015) - dataset 2,25520506,0.647,3.43,
10E8+PG9,CAP210_E8,Kong et al. J Virol 89:2659 (2015) - dataset 1,25520506,0.077,0.325,
10E8+PG9,CAP210_E8,Kong et al. J Virol 89:2659 (2015) - dataset 2,25520506,0.122,0.391,
10E8+PG9,CAP45_G3,Kong et al. J Virol 89:2659 (2015) - dataset 1,25520506,0.003,0.009,
10E8+PG9,CAP45_G3,Kong et al. J Virol 89:2659 (2015) - dataset 2,25520506,0.003,0.011,
10E8+PG9,CE0393_C3,Kong et al. J Virol 89:2659 (2015) - dataset 1,25520506,0.009,0.03,
10E8+PG9,CE0393_C3,Kong et al. J Virol 89:2659 (2015) - dataset 2,25520506,0.013,0.037,
10E8+PG9,CE0682_E4,Kong et al. J Virol 89:2659 (2015) - dataset 1,25520506,0.046,0.235,
10E8+PG9,CE0682_E4,Kong et al. J Virol 89:2659 (2015) - dataset 2,25520506,0.074,0.27,
10E8+PG9,CE1086_B2,Kong et al. J Virol 89:2659 (2015) - dataset 1,25520506,0.341,2.06,
10E8+PG9,CE1086_B2,Kong et al. J Virol 89:2659 (2015) - dataset 2,25520506,0.085,0.879,
10E8+PG9,CE1172_H1,Kong et al. J Virol 89:2659 (2015) - dataset 1,25520506,0.04,0.116,
10E8+PG9,CE1172_H1,Kong et al. J Virol 89:2659 (2015) - dataset 2,25520506,0.039,0.093,
10E8+PG9,CE1176_A3,Kong et al. J Virol 89:2659 (2015) - dataset 1,25520506,0.008,0.026,
10E8+PG9,CE1176_A3,Kong et al. J Virol 89:2659 (2015) - dataset 2,25520506,0.01,0.032,
10E8+PG9,CE2010_F5,Kong et al. J Virol 89:2659 (2015) - dataset 1,25520506,0.697,3.65,
10E8+PG9,CE2010_F5,Kong et al. J Virol 89:2659 (2015) - dataset 2,25520506,1.07,4.41,
10E8+PG9,CE2060_G9,Kong et al. J Virol 89:2659 (2015) - dataset 1,25520506,0.031,0.089,
10E8+PG9,CE2060_G9,Kong et al. J Virol 89:2659 (2015) - dataset 2,25520506,0.041,0.108,
10E8+PG9,CH119_10,Kong et al. J Virol 89:2659 (2015) - dataset 1,25520506,0.132,0.431,
10E8+PG9,CH119_10,Kong et al. J Virol 89:2659 (2015) - dataset 2,25520506,0.104,0.37,
10E8+PG9,CNE17,Kong et al. J Virol 89:2659 (2015) - dataset 1,25520506,0.042,0.161,
10E8+PG9,CNE17,Kong et al. J Virol 89:2659 (2015) - dataset 2,25520506,0.051,0.176,
10E8+PG9,CNE19,Kong et al. J Virol 89:2659 (2015) - dataset 1,25520506,0.009,0.031,
10E8+PG9,CNE19,Kong et al. J Virol 89:2659 (2015) - dataset 2,25520506,0.012,0.053,
10E8+PG9,CNE20,Kong et al. J Virol 89:2659 (2015) - dataset 1,25520506,0.023,0.099,
10E8+PG9,CNE20,Kong et al. J Virol 89:2659 (2015) - dataset 2,25520506,0.033,0.101,
10E8+PG9,CNE21,Kong et al. J Virol 89:2659 (2015) - dataset 1,25520506,0.024,0.119,
10E8+PG9,CNE21,Kong et al. J Virol 89:2659 (2015) - dataset 2,25520506,0.044,0.156,
10E8+PG9,CNE30,Kong et al. J Virol 89:2659 (2015) - dataset 1,25520506,0.341,3.75,
10E8+PG9,CNE30,Kong et al. J Virol 89:2659 (2015) - dataset 2,25520506,0.585,3.79,
10E8+PG9,CNE5,Kong et al. J Virol 89:2659 (2015) - dataset 1,25520506,0.006,0.019,
10E8+PG9,CNE5,Kong et al. J Virol 89:2659 (2015) - dataset 2,25520506,0.011,0.032,
10E8+PG9,CNE52,Kong et al. J Virol 89:2659 (2015) - dataset 1,25520506,0.012,0.052,
10E8+PG9,CNE52,Kong et al. J Virol 89:2659 (2015) - dataset 2,25520506,0.021,0.081,
10E8+PG9,CNE53,Kong et al. J Virol 89:2659 (2015) - dataset 1,25520506,0.041,0.157,
10E8+PG9,CNE53,Kong et al. J Virol 89:2659 (2015) - dataset 2,25520506,0.055,0.202,
10E8+PG9,CNE55,Kong et al. J Virol 89:2659 (2015) - dataset 1,25520506,0.018,0.16,
10E8+PG9,CNE55,Kong et al. J Virol 89:2659 (2015) - dataset 2,25520506,0.044,0.232,
10E8+PG9,CNE58,Kong et al. J Virol 89:2659 (2015) - dataset 1,25520506,0.012,0.044,
10E8+PG9,CNE58,Kong et al. J Virol 89:2659 (2015) - dataset 2,25520506,0.017,0.052,
10E8+PG9,CNE8,Kong et al. J Virol 89:2659 (2015) - dataset 1,25520506,0.047,0.243,
10E8+PG9,CNE8,Kong et al. J Virol 89:2659 (2015) - dataset 2,25520506,0.04,0.217,
10E8+PG9,DU156_12,Kong et al. J Virol 89:2659 (2015) - dataset 1,25520506,0.006,0.032,
10E8+PG9,DU156_12,Kong et al. J Virol 89:2659 (2015) - dataset 2,25520506,0.01,0.046,
10E8+PG9,DU172_17,Kong et al. J Virol 89:2659 (2015) - dataset 1,25520506,0.03,0.196,
10E8+PG9,DU172_17,Kong et al. J Virol 89:2659 (2015) - dataset 2,25520506,0.026,0.141,
10E8+PG9,DU422_1,Kong et al. J Virol 89:2659 (2015) - dataset 1,25520506,0.224,0.754,
10E8+PG9,DU422_1,Kong et al. J Virol 89:2659 (2015) - dataset 2,25520506,0.039,0.223,
10E8+PG9,MS208_A1,Kong et al. J Virol 89:2659 (2015) - dataset 1,25520506,0.049,0.232,
10E8+PG9,MS208_A1,Kong et al. J Virol 89:2659 (2015) - dataset 2,25520506,0.023,0.204,
10E8+PG9,P0402_C2_11,Kong et al. J Virol 89:2659 (2015) - dataset 1,25520506,0.067,0.405,
10E8+PG9,P0402_C2_11,Kong et al. J Virol 89:2659 (2015) - dataset 2,25520506,0.036,0.285,
10E8+PG9,P1981_C5_3,Kong et al. J Virol 89:2659 (2015) - dataset 1,25520506,0.012,0.087,
10E8+PG9,P1981_C5_3,Kong et al. J Virol 89:2659 (2015) - dataset 2,25520506,0.02,0.098,
10E8+PG9,PVO_4,Kong et al. J Virol 89:2659 (2015) - dataset 1,25520506,1.71,5.23,
10E8+PG9,PVO_4,Kong et al. J Virol 89:2659 (2015) - dataset 2,25520506,1.18,3.95,
10E8+PG9,Q23_17,Kong et al. J Virol 89:2659 (2015) - dataset 1,25520506,0.003,0.01,
10E8+PG9,Q23_17,Kong et al. J Virol 89:2659 (2015) - dataset 2,25520506,0.003,0.009,
10E8+PG9,Q259_17,Kong et al. J Virol 89:2659 (2015) - dataset 1,25520506,0.054,0.345,
10E8+PG9,Q259_17,Kong et al. J Virol 89:2659 (2015) - dataset 2,25520506,0.036,0.168,
10E8+PG9,Q461_E2,Kong et al. J Virol 89:2659 (2015) - dataset 1,25520506,0.334,1.48,
10E8+PG9,Q461_E2,Kong et al. J Virol 89:2659 (2015) - dataset 2,25520506,0.317,1.21,
10E8+PG9,Q769_D22,Kong et al. J Virol 89:2659 (2015) - dataset 1,25520506,0.011,0.041,
10E8+PG9,Q769_D22,Kong et al. J Virol 89:2659 (2015) - dataset 2,25520506,0.01,0.032,
10E8+PG9,Q842_D12,Kong et al. J Virol 89:2659 (2015) - dataset 1,25520506,0.027,0.07,
10E8+PG9,Q842_D12,Kong et al. J Virol 89:2659 (2015) - dataset 2,25520506,0.016,0.049,
10E8+PG9,QH0692_42,Kong et al. J Virol 89:2659 (2015) - dataset 1,25520506,0.956,4.2,
10E8+PG9,QH0692_42,Kong et al. J Virol 89:2659 (2015) - dataset 2,25520506,0.128,1.64,
10E8+PG9,R1166_C1,Kong et al. J Virol 89:2659 (2015) - dataset 1,25520506,0.288,0.967,
10E8+PG9,R1166_C1,Kong et al. J Virol 89:2659 (2015) - dataset 2,25520506,0.164,0.618,
10E8+PG9,R2184_C4,Kong et al. J Virol 89:2659 (2015) - dataset 1,25520506,0.085,0.398,
10E8+PG9,R2184_C4,Kong et al. J Virol 89:2659 (2015) - dataset 2,25520506,0.065,0.303,
10E8+PG9,R3265_C6,Kong et al. J Virol 89:2659 (2015) - dataset 1,25520506,0.089,0.301,
10E8+PG9,R3265_C6,Kong et al. J Virol 89:2659 (2015) - dataset 2,25520506,0.036,0.208,
10E8+PG9,REJO4541_67,Kong et al. J Virol 89:2659 (2015) - dataset 1,25520506,0.007,0.035,
10E8+PG9,REJO4541_67,Kong et al. J Virol 89:2659 (2015) - dataset 2,25520506,0.005,0.024,
10E8+PG9,RHPA4259_7,Kong et al. J Virol 89:2659 (2015) - dataset 1,25520506,0.498,3.08,
10E8+PG9,RHPA4259_7,Kong et al. J Virol 89:2659 (2015) - dataset 2,25520506,0.547,2.59,
10E8+PG9,SC05_8C11_2344,Kong et al. J Virol 89:2659 (2015) - dataset 1,25520506,0.09,0.432,
10E8+PG9,SC05_8C11_2344,Kong et al. J Virol 89:2659 (2015) - dataset 2,25520506,0.112,0.45,
10E8+PG9,SC422_8,Kong et al. J Virol 89:2659 (2015) - dataset 1,25520506,0.067,0.313,
10E8+PG9,SC422_8,Kong et al. J Virol 89:2659 (2015) - dataset 2,25520506,0.057,0.287,
10E8+PG9,T250_4,Kong et al. J Virol 89:2659 (2015) - dataset 1,25520506,0.003,0.007,
10E8+PG9,T250_4,Kong et al. J Virol 89:2659 (2015) - dataset 2,25520506,0.0008,0.004,
10E8+PG9,T251_18,Kong et al. J Virol 89:2659 (2015) - dataset 1,25520506,0.416,2.39,
10E8+PG9,T251_18,Kong et al. J Virol 89:2659 (2015) - dataset 2,25520506,0.266,1.47,
10E8+PG9,T255_34,Kong et al. J Virol 89:2659 (2015) - dataset 1,25520506,0.016,0.072,
10E8+PG9,T255_34,Kong et al. J Virol 89:2659 (2015) - dataset 2,25520506,0.021,0.083,
10E8+PG9,T257_31,Kong et al. J Virol 89:2659 (2015) - dataset 1,25520506,0.023,0.073,
10E8+PG9,T257_31,Kong et al. J Virol 89:2659 (2015) - dataset 2,25520506,0.014,0.055,
10E8+PG9,T278_50,Kong et al. J Virol 89:2659 (2015) - dataset 1,25520506,0.209,0.824,
10E8+PG9,T278_50,Kong et al. J Virol 89:2659 (2015) - dataset 2,25520506,0.109,0.498,
10E8+PG9,THRO4156,Kong et al. J Virol 89:2659 (2015) - dataset 1,25520506,0.051,0.465,
10E8+PG9,THRO4156,Kong et al. J Virol 89:2659 (2015) - dataset 2,25520506,0.077,0.465,
10E8+PG9,TRJO4551_58,Kong et al. J Virol 89:2659 (2015) - dataset 1,25520506,0.061,0.559,
10E8+PG9,TRJO4551_58,Kong et al. J Virol 89:2659 (2015) - dataset 2,25520506,0.113,0.543,
10E8+PG9,TRO_11,Kong et al. J Virol 89:2659 (2015) - dataset 1,25520506,0.019,0.344,
10E8+PG9,TRO_11,Kong et al. J Virol 89:2659 (2015) - dataset 2,25520506,0.035,0.3,
10E8+PG9,WEAU_D15_410,Kong et al. J Virol 89:2659 (2015) - dataset 1,25520506,0.683,24.3,
10E8+PG9,WEAU_D15_410,Kong et al. J Virol 89:2659 (2015) - dataset 2,25520506,1.33,>25,
10E8+PG9,WITO4160_33,Kong et al. J Virol 89:2659 (2015) - dataset 1,25520506,0.004,0.016,
10E8+PG9,WITO4160_33,Kong et al. J Virol 89:2659 (2015) - dataset 2,25520506,0.006,0.018,
10E8+PG9,X1193_C1,Kong et al. J Virol 89:2659 (2015) - dataset 1,25520506,0.055,0.231,
10E8+PG9,X1193_C1,Kong et al. J Virol 89:2659 (2015) - dataset 2,25520506,0.077,0.238,
10E8+PG9,X1254_C3,Kong et al. J Virol 89:2659 (2015) - dataset 1,25520506,0.042,0.149,
10E8+PG9,X1254_C3,Kong et al. J Virol 89:2659 (2015) - dataset 2,25520506,0.046,0.142,
10E8+PG9,X1632_S2_B10,Kong et al. J Virol 89:2659 (2015) - dataset 1,25520506,0.03,0.169,
10E8+PG9,X1632_S2_B10,Kong et al. J Virol 89:2659 (2015) - dataset 2,25520506,0.046,0.185,
10E8+PG9,X2088_C9,Kong et al. J Virol 89:2659 (2015) - dataset 1,25520506,>25,>25,
10E8+PG9,X2088_C9,Kong et al. J Virol 89:2659 (2015) - dataset 2,25520506,>25,>25,
10E8+PG9,X2131_C1_B5,Kong et al. J Virol 89:2659 (2015) - dataset 1,25520506,0.028,0.101,
10E8+PG9,X2131_C1_B5,Kong et al. J Virol 89:2659 (2015) - dataset 2,25520506,0.01,0.053,
10E8+PG9,X2278_C2_B6,Kong et al. J Virol 89:2659 (2015) - dataset 1,25520506,0.01,0.029,
10E8+PG9,X2278_C2_B6,Kong et al. J Virol 89:2659 (2015) - dataset 2,25520506,0.01,0.034,
10E8+PG9,ZM109_4,Kong et al. J Virol 89:2659 (2015) - dataset 1,25520506,0.045,0.263,
10E8+PG9,ZM109_4,Kong et al. J Virol 89:2659 (2015) - dataset 2,25520506,0.076,0.315,
10E8+PG9,ZM135_10A,Kong et al. J Virol 89:2659 (2015) - dataset 1,25520506,0.018,0.574,
10E8+PG9,ZM135_10A,Kong et al. J Virol 89:2659 (2015) - dataset 2,25520506,0.128,0.636,
10E8+PG9,ZM197_7,Kong et al. J Virol 89:2659 (2015) - dataset 1,25520506,0.054,0.301,
10E8+PG9,ZM197_7,Kong et al. J Virol 89:2659 (2015) - dataset 2,25520506,0.072,0.261,
10E8+PG9,ZM214_15,Kong et al. J Virol 89:2659 (2015) - dataset 1,25520506,1.61,7.36,
10E8+PG9,ZM214_15,Kong et al. J Virol 89:2659 (2015) - dataset 2,25520506,1.93,7.59,
10E8+PG9,ZM233_6,Kong et al. J Virol 89:2659 (2015) - dataset 1,25520506,0.004,0.022,
10E8+PG9,ZM233_6,Kong et al. J Virol 89:2659 (2015) - dataset 2,25520506,0.008,0.021,
10E8+PG9,ZM246F,Kong et al. J Virol 89:2659 (2015) - dataset 1,25520506,0.488,1.88,
10E8+PG9,ZM246F,Kong et al. J Virol 89:2659 (2015) - dataset 2,25520506,0.819,3.89,
10E8+PG9,ZM247_V1,Kong et al. J Virol 89:2659 (2015) - dataset 1,25520506,0.03,0.122,
10E8+PG9,ZM247_V1,Kong et al. J Virol 89:2659 (2015) - dataset 2,25520506,0.034,0.145,
10E8+PG9,ZM249_1,Kong et al. J Virol 89:2659 (2015) - dataset 1,25520506,0.054,0.21,
10E8+PG9,ZM249_1,Kong et al. J Virol 89:2659 (2015) - dataset 2,25520506,0.023,0.13,
10E8+PG9,ZM53_12,Kong et al. J Virol 89:2659 (2015) - dataset 1,25520506,0.037,0.137,
10E8+PG9,ZM53_12,Kong et al. J Virol 89:2659 (2015) - dataset 2,25520506,0.024,0.095,
10E8+PG9+PGT128,0013095_2_11,Kong et al. J Virol 89:2659 (2015) - dataset 1,25520506,0.008,0.028,
10E8+PG9+PGT128,001428_2_42,Kong et al. J Virol 89:2659 (2015) - dataset 1,25520506,0.004,0.011,
10E8+PG9+PGT128,0260_V5_C36,Kong et al. J Virol 89:2659 (2015) - dataset 1,25520506,0.027,0.076,
10E8+PG9+PGT128,0330_V4_C3,Kong et al. J Virol 89:2659 (2015) - dataset 1,25520506,0.005,0.02,
10E8+PG9+PGT128,0815_V3_C3,Kong et al. J Virol 89:2659 (2015) - dataset 1,25520506,0.007,0.03,
10E8+PG9+PGT128,1006_11_C3_1601,Kong et al. J Virol 89:2659 (2015) - dataset 1,25520506,0.01,0.032,
10E8+PG9+PGT128,1012_11_TC21_3257,Kong et al. J Virol 89:2659 (2015) - dataset 1,25520506,0.004,0.012,
10E8+PG9+PGT128,1054_07_TC4_1499,Kong et al. J Virol 89:2659 (2015) - dataset 1,25520506,0.004,0.02,
10E8+PG9+PGT128,1056_10_TA11_1826,Kong et al. J Virol 89:2659 (2015) - dataset 1,25520506,0.009,0.024,
10E8+PG9+PGT128,1394_C9G1,Kong et al. J Virol 89:2659 (2015) - dataset 1,25520506,0.003,0.008,
10E8+PG9+PGT128,16055_2_3,Kong et al. J Virol 89:2659 (2015) - dataset 1,25520506,0.005,0.013,
10E8+PG9+PGT128,16845_2_22,Kong et al. J Virol 89:2659 (2015) - dataset 1,25520506,0.035,0.155,
10E8+PG9+PGT128,191084_B7_19,Kong et al. J Virol 89:2659 (2015) - dataset 1,25520506,0.005,0.019,
10E8+PG9+PGT128,191821_E6_1,Kong et al. J Virol 89:2659 (2015) - dataset 1,25520506,0.031,0.103,
10E8+PG9+PGT128,191955_A11,Kong et al. J Virol 89:2659 (2015) - dataset 1,25520506,0.012,0.03,
10E8+PG9+PGT128,211_9,Kong et al. J Virol 89:2659 (2015) - dataset 1,25520506,0.018,0.067,
10E8+PG9+PGT128,231965_C1,Kong et al. J Virol 89:2659 (2015) - dataset 1,25520506,0.444,2.7,
10E8+PG9+PGT128,231966_C2,Kong et al. J Virol 89:2659 (2015) - dataset 1,25520506,0.033,0.133,
10E8+PG9+PGT128,235_47,Kong et al. J Virol 89:2659 (2015) - dataset 1,25520506,0.044,0.148,
10E8+PG9+PGT128,246_F3_C10_2,Kong et al. J Virol 89:2659 (2015) - dataset 1,25520506,0.0005,0.002,
10E8+PG9+PGT128,249M_B10,Kong et al. J Virol 89:2659 (2015) - dataset 1,25520506,0.02,0.081,
10E8+PG9+PGT128,25710_2_43,Kong et al. J Virol 89:2659 (2015) - dataset 1,25520506,0.004,0.014,
10E8+PG9+PGT128,263_8,Kong et al. J Virol 89:2659 (2015) - dataset 1,25520506,0.016,0.1,
10E8+PG9+PGT128,3016_V5_C45,Kong et al. J Virol 89:2659 (2015) - dataset 1,25520506,0.036,0.192,
10E8+PG9+PGT128,3103_V3_C10,Kong et al. J Virol 89:2659 (2015) - dataset 1,25520506,0.008,0.021,
10E8+PG9+PGT128,3301_V1_C24,Kong et al. J Virol 89:2659 (2015) - dataset 1,25520506,0.036,0.12,
10E8+PG9+PGT128,3817_V2_C59,Kong et al. J Virol 89:2659 (2015) - dataset 1,25520506,0.002,0.005,
10E8+PG9+PGT128,398_F1_F6_20,Kong et al. J Virol 89:2659 (2015) - dataset 1,25520506,0.003,0.011,
10E8+PG9+PGT128,6041_V3_C23,Kong et al. J Virol 89:2659 (2015) - dataset 1,25520506,0.058,0.282,
10E8+PG9+PGT128,620345_C1,Kong et al. J Virol 89:2659 (2015) - dataset 1,25520506,0.109,0.806,
10E8+PG9+PGT128,62357_14_D3_4589,Kong et al. J Virol 89:2659 (2015) - dataset 1,25520506,0.071,0.361,
10E8+PG9+PGT128,6240_08_TA5_4622,Kong et al. J Virol 89:2659 (2015) - dataset 1,25520506,0.015,0.035,
10E8+PG9+PGT128,6244_13_B5_4567,Kong et al. J Virol 89:2659 (2015) - dataset 1,25520506,0.007,0.032,
10E8+PG9+PGT128,6535_3,Kong et al. J Virol 89:2659 (2015) - dataset 1,25520506,0.005,0.016,
10E8+PG9+PGT128,6540_V4_C1,Kong et al. J Virol 89:2659 (2015) - dataset 1,25520506,0.018,0.065,
10E8+PG9+PGT128,6545_V4_C1,Kong et al. J Virol 89:2659 (2015) - dataset 1,25520506,0.023,0.074,
10E8+PG9+PGT128,6811_V7_C18,Kong et al. J Virol 89:2659 (2015) - dataset 1,25520506,0.009,0.043,
10E8+PG9+PGT128,6952_V1_C20,Kong et al. J Virol 89:2659 (2015) - dataset 1,25520506,0.035,0.334,
10E8+PG9+PGT128,703010054_2A2,Kong et al. J Virol 89:2659 (2015) - dataset 1,25520506,0.014,0.044,
10E8+PG9+PGT128,703010200_1E5,Kong et al. J Virol 89:2659 (2015) - dataset 1,25520506,0.005,0.015,
10E8+PG9+PGT128,703010217_B6,Kong et al. J Virol 89:2659 (2015) - dataset 1,25520506,0.004,0.011,
10E8+PG9+PGT128,704809221_1B3,Kong et al. J Virol 89:2659 (2015) - dataset 1,25520506,0.003,0.012,
10E8+PG9+PGT128,89_F1_2_25,Kong et al. J Virol 89:2659 (2015) - dataset 1,25520506,0.081,0.529,
10E8+PG9+PGT128,9004SS_A3_4,Kong et al. J Virol 89:2659 (2015) - dataset 1,25520506,0.002,0.007,
10E8+PG9+PGT128,928_28,Kong et al. J Virol 89:2659 (2015) - dataset 1,25520506,0.028,0.128,
10E8+PG9+PGT128,A07412M1_VRC12,Kong et al. J Virol 89:2659 (2015) - dataset 1,25520506,0.117,0.537,
10E8+PG9+PGT128,AC10_29,Kong et al. J Virol 89:2659 (2015) - dataset 1,25520506,0.006,0.022,
10E8+PG9+PGT128,BF1266_431A,Kong et al. J Virol 89:2659 (2015) - dataset 1,25520506,0.017,0.052,
10E8+PG9+PGT128,BJOX002000_03_2,Kong et al. J Virol 89:2659 (2015) - dataset 1,25520506,0.007,0.02,
10E8+PG9+PGT128,BJOX009000_02_4,Kong et al. J Virol 89:2659 (2015) - dataset 1,25520506,0.002,0.009,
10E8+PG9+PGT128,BJOX010000_06_2,Kong et al. J Virol 89:2659 (2015) - dataset 1,25520506,0.013,0.102,
10E8+PG9+PGT128,BJOX015000_11_5,Kong et al. J Virol 89:2659 (2015) - dataset 1,25520506,0.007,0.025,
10E8+PG9+PGT128,BJOX025000_01_1,Kong et al. J Virol 89:2659 (2015) - dataset 1,25520506,0.055,0.263,
10E8+PG9+PGT128,BJOX028000_10_3,Kong et al. J Virol 89:2659 (2015) - dataset 1,25520506,0.008,0.034,
10E8+PG9+PGT128,C1080_C3,Kong et al. J Virol 89:2659 (2015) - dataset 1,25520506,0.001,0.005,
10E8+PG9+PGT128,C2101_C1,Kong et al. J Virol 89:2659 (2015) - dataset 1,25520506,0.003,0.012,
10E8+PG9+PGT128,C3347_C11,Kong et al. J Virol 89:2659 (2015) - dataset 1,25520506,0.004,0.016,
10E8+PG9+PGT128,C4118_9,Kong et al. J Virol 89:2659 (2015) - dataset 1,25520506,0.017,0.065,
10E8+PG9+PGT128,CAAN5342,Kong et al. J Virol 89:2659 (2015) - dataset 1,25520506,0.054,0.265,
10E8+PG9+PGT128,CAP210_E8,Kong et al. J Virol 89:2659 (2015) - dataset 1,25520506,0.092,0.318,
10E8+PG9+PGT128,CAP45_G3,Kong et al. J Virol 89:2659 (2015) - dataset 1,25520506,0.003,0.009,
10E8+PG9+PGT128,CE0393_C3,Kong et al. J Virol 89:2659 (2015) - dataset 1,25520506,0.011,0.029,
10E8+PG9+PGT128,CE0682_E4,Kong et al. J Virol 89:2659 (2015) - dataset 1,25520506,0.075,0.264,
10E8+PG9+PGT128,CE1086_B2,Kong et al. J Virol 89:2659 (2015) - dataset 1,25520506,0.48,2.29,
10E8+PG9+PGT128,CE1172_H1,Kong et al. J Virol 89:2659 (2015) - dataset 1,25520506,0.006,0.015,
10E8+PG9+PGT128,CE1176_A3,Kong et al. J Virol 89:2659 (2015) - dataset 1,25520506,0.004,0.012,
10E8+PG9+PGT128,CE2010_F5,Kong et al. J Virol 89:2659 (2015) - dataset 1,25520506,0.661,4.27,
10E8+PG9+PGT128,CE2060_G9,Kong et al. J Virol 89:2659 (2015) - dataset 1,25520506,0.032,0.085,
10E8+PG9+PGT128,CH119_10,Kong et al. J Virol 89:2659 (2015) - dataset 1,25520506,0.024,0.042,
10E8+PG9+PGT128,CNE17,Kong et al. J Virol 89:2659 (2015) - dataset 1,25520506,0.042,0.118,
10E8+PG9+PGT128,CNE19,Kong et al. J Virol 89:2659 (2015) - dataset 1,25520506,0.007,0.026,
10E8+PG9+PGT128,CNE20,Kong et al. J Virol 89:2659 (2015) - dataset 1,25520506,0.002,0.007,
10E8+PG9+PGT128,CNE21,Kong et al. J Virol 89:2659 (2015) - dataset 1,25520506,0.007,0.018,
10E8+PG9+PGT128,CNE30,Kong et al. J Virol 89:2659 (2015) - dataset 1,25520506,0.138,0.69,
10E8+PG9+PGT128,CNE5,Kong et al. J Virol 89:2659 (2015) - dataset 1,25520506,0.007,0.02,
10E8+PG9+PGT128,CNE52,Kong et al. J Virol 89:2659 (2015) - dataset 1,25520506,0.013,0.05,
10E8+PG9+PGT128,CNE53,Kong et al. J Virol 89:2659 (2015) - dataset 1,25520506,0.015,0.04,
10E8+PG9+PGT128,CNE55,Kong et al. J Virol 89:2659 (2015) - dataset 1,25520506,0.027,0.151,
10E8+PG9+PGT128,CNE58,Kong et al. J Virol 89:2659 (2015) - dataset 1,25520506,0.011,0.046,
10E8+PG9+PGT128,CNE8,Kong et al. J Virol 89:2659 (2015) - dataset 1,25520506,0.005,0.021,
10E8+PG9+PGT128,DU156_12,Kong et al. J Virol 89:2659 (2015) - dataset 1,25520506,0.006,0.017,
10E8+PG9+PGT128,DU172_17,Kong et al. J Virol 89:2659 (2015) - dataset 1,25520506,0.012,0.048,
10E8+PG9+PGT128,DU422_1,Kong et al. J Virol 89:2659 (2015) - dataset 1,25520506,0.058,0.134,
10E8+PG9+PGT128,MS208_A1,Kong et al. J Virol 89:2659 (2015) - dataset 1,25520506,0.053,0.267,
10E8+PG9+PGT128,P0402_C2_11,Kong et al. J Virol 89:2659 (2015) - dataset 1,25520506,0.007,0.022,
10E8+PG9+PGT128,P1981_C5_3,Kong et al. J Virol 89:2659 (2015) - dataset 1,25520506,0.006,0.022,
10E8+PG9+PGT128,PVO_4,Kong et al. J Virol 89:2659 (2015) - dataset 1,25520506,0.011,0.026,
10E8+PG9+PGT128,Q23_17,Kong et al. J Virol 89:2659 (2015) - dataset 1,25520506,0.003,0.007,
10E8+PG9+PGT128,Q259_17,Kong et al. J Virol 89:2659 (2015) - dataset 1,25520506,0.045,0.253,
10E8+PG9+PGT128,Q461_E2,Kong et al. J Virol 89:2659 (2015) - dataset 1,25520506,0.359,1.32,
10E8+PG9+PGT128,Q769_D22,Kong et al. J Virol 89:2659 (2015) - dataset 1,25520506,0.01,0.032,
10E8+PG9+PGT128,Q842_D12,Kong et al. J Virol 89:2659 (2015) - dataset 1,25520506,0.008,0.028,
10E8+PG9+PGT128,QH0692_42,Kong et al. J Virol 89:2659 (2015) - dataset 1,25520506,0.023,0.067,
10E8+PG9+PGT128,R1166_C1,Kong et al. J Virol 89:2659 (2015) - dataset 1,25520506,0.257,0.907,
10E8+PG9+PGT128,R2184_C4,Kong et al. J Virol 89:2659 (2015) - dataset 1,25520506,0.099,0.373,
10E8+PG9+PGT128,R3265_C6,Kong et al. J Virol 89:2659 (2015) - dataset 1,25520506,0.075,0.314,
10E8+PG9+PGT128,REJO4541_67,Kong et al. J Virol 89:2659 (2015) - dataset 1,25520506,0.006,0.03,
10E8+PG9+PGT128,RHPA4259_7,Kong et al. J Virol 89:2659 (2015) - dataset 1,25520506,0.017,0.071,
10E8+PG9+PGT128,SC05_8C11_2344,Kong et al. J Virol 89:2659 (2015) - dataset 1,25520506,0.011,0.038,
10E8+PG9+PGT128,SC422_8,Kong et al. J Virol 89:2659 (2015) - dataset 1,25520506,0.049,0.258,
10E8+PG9+PGT128,T250_4,Kong et al. J Virol 89:2659 (2015) - dataset 1,25520506,0.001,0.003,
10E8+PG9+PGT128,T251_18,Kong et al. J Virol 89:2659 (2015) - dataset 1,25520506,0.314,1.76,
10E8+PG9+PGT128,T255_34,Kong et al. J Virol 89:2659 (2015) - dataset 1,25520506,0.019,0.093,
10E8+PG9+PGT128,T257_31,Kong et al. J Virol 89:2659 (2015) - dataset 1,25520506,0.019,0.075,
10E8+PG9+PGT128,T278_50,Kong et al. J Virol 89:2659 (2015) - dataset 1,25520506,0.036,0.104,
10E8+PG9+PGT128,THRO4156,Kong et al. J Virol 89:2659 (2015) - dataset 1,25520506,0.046,0.322,
10E8+PG9+PGT128,TRJO4551_58,Kong et al. J Virol 89:2659 (2015) - dataset 1,25520506,0.009,0.023,
10E8+PG9+PGT128,TRO_11,Kong et al. J Virol 89:2659 (2015) - dataset 1,25520506,0.005,0.024,
10E8+PG9+PGT128,WEAU_D15_410,Kong et al. J Virol 89:2659 (2015) - dataset 1,25520506,0.008,0.025,
10E8+PG9+PGT128,WITO4160_33,Kong et al. J Virol 89:2659 (2015) - dataset 1,25520506,0.004,0.016,
10E8+PG9+PGT128,X1193_C1,Kong et al. J Virol 89:2659 (2015) - dataset 1,25520506,0.008,0.026,
10E8+PG9+PGT128,X1254_C3,Kong et al. J Virol 89:2659 (2015) - dataset 1,25520506,0.009,0.027,
10E8+PG9+PGT128,X1632_S2_B10,Kong et al. J Virol 89:2659 (2015) - dataset 1,25520506,0.041,0.191,
10E8+PG9+PGT128,X2088_C9,Kong et al. J Virol 89:2659 (2015) - dataset 1,25520506,>25,>25,
10E8+PG9+PGT128,X2131_C1_B5,Kong et al. J Virol 89:2659 (2015) - dataset 1,25520506,0.013,0.036,
10E8+PG9+PGT128,X2278_C2_B6,Kong et al. J Virol 89:2659 (2015) - dataset 1,25520506,0.003,0.011,
10E8+PG9+PGT128,ZM109_4,Kong et al. J Virol 89:2659 (2015) - dataset 1,25520506,0.049,0.231,
10E8+PG9+PGT128,ZM135_10A,Kong et al. J Virol 89:2659 (2015) - dataset 1,25520506,0.08,0.635,
10E8+PG9+PGT128,ZM197_7,Kong et al. J Virol 89:2659 (2015) - dataset 1,25520506,0.043,0.234,
10E8+PG9+PGT128,ZM214_15,Kong et al. J Virol 89:2659 (2015) - dataset 1,25520506,0.234,1.79,
10E8+PG9+PGT128,ZM233_6,Kong et al. J Virol 89:2659 (2015) - dataset 1,25520506,0.003,0.02,
10E8+PG9+PGT128,ZM246F,Kong et al. J Virol 89:2659 (2015) - dataset 1,25520506,0.007,0.021,
10E8+PG9+PGT128,ZM247_V1,Kong et al. J Virol 89:2659 (2015) - dataset 1,25520506,0.004,0.03,
10E8+PG9+PGT128,ZM249_1,Kong et al. J Virol 89:2659 (2015) - dataset 1,25520506,0.04,0.163,
10E8+PG9+PGT128,ZM53_12,Kong et al. J Virol 89:2659 (2015) - dataset 1,25520506,0.036,0.124,
10E8+PG9+PGT128+VRC07,0013095_2_11,Kong et al. J Virol 89:2659 (2015) - dataset 1,25520506,0.005,0.022,
10E8+PG9+PGT128+VRC07,001428_2_42,Kong et al. J Virol 89:2659 (2015) - dataset 1,25520506,0.002,0.006,
10E8+PG9+PGT128+VRC07,0260_V5_C36,Kong et al. J Virol 89:2659 (2015) - dataset 1,25520506,0.028,0.069,
10E8+PG9+PGT128+VRC07,0330_V4_C3,Kong et al. J Virol 89:2659 (2015) - dataset 1,25520506,0.004,0.014,
10E8+PG9+PGT128+VRC07,0815_V3_C3,Kong et al. J Virol 89:2659 (2015) - dataset 1,25520506,0.005,0.015,
10E8+PG9+PGT128+VRC07,1006_11_C3_1601,Kong et al. J Virol 89:2659 (2015) - dataset 1,25520506,0.006,0.019,
10E8+PG9+PGT128+VRC07,1012_11_TC21_3257,Kong et al. J Virol 89:2659 (2015) - dataset 1,25520506,0.004,0.012,
10E8+PG9+PGT128+VRC07,1054_07_TC4_1499,Kong et al. J Virol 89:2659 (2015) - dataset 1,25520506,0.004,0.021,
10E8+PG9+PGT128+VRC07,1056_10_TA11_1826,Kong et al. J Virol 89:2659 (2015) - dataset 1,25520506,0.009,0.024,
10E8+PG9+PGT128+VRC07,1394_C9G1,Kong et al. J Virol 89:2659 (2015) - dataset 1,25520506,0.003,0.009,
10E8+PG9+PGT128+VRC07,16055_2_3,Kong et al. J Virol 89:2659 (2015) - dataset 1,25520506,0.004,0.01,
10E8+PG9+PGT128+VRC07,16845_2_22,Kong et al. J Virol 89:2659 (2015) - dataset 1,25520506,0.032,0.164,
10E8+PG9+PGT128+VRC07,191084_B7_19,Kong et al. J Virol 89:2659 (2015) - dataset 1,25520506,0.004,0.014,
10E8+PG9+PGT128+VRC07,191821_E6_1,Kong et al. J Virol 89:2659 (2015) - dataset 1,25520506,0.029,0.077,
10E8+PG9+PGT128+VRC07,191955_A11,Kong et al. J Virol 89:2659 (2015) - dataset 1,25520506,0.011,0.028,
10E8+PG9+PGT128+VRC07,211_9,Kong et al. J Virol 89:2659 (2015) - dataset 1,25520506,0.02,0.067,
10E8+PG9+PGT128+VRC07,231965_C1,Kong et al. J Virol 89:2659 (2015) - dataset 1,25520506,0.032,0.08,
10E8+PG9+PGT128+VRC07,231966_C2,Kong et al. J Virol 89:2659 (2015) - dataset 1,25520506,0.031,0.09,
10E8+PG9+PGT128+VRC07,235_47,Kong et al. J Virol 89:2659 (2015) - dataset 1,25520506,0.008,0.031,
10E8+PG9+PGT128+VRC07,246_F3_C10_2,Kong et al. J Virol 89:2659 (2015) - dataset 1,25520506,0.0004,0.001,
10E8+PG9+PGT128+VRC07,249M_B10,Kong et al. J Virol 89:2659 (2015) - dataset 1,25520506,0.011,0.036,
10E8+PG9+PGT128+VRC07,25710_2_43,Kong et al. J Virol 89:2659 (2015) - dataset 1,25520506,0.003,0.012,
10E8+PG9+PGT128+VRC07,263_8,Kong et al. J Virol 89:2659 (2015) - dataset 1,25520506,0.01,0.046,
10E8+PG9+PGT128+VRC07,3016_V5_C45,Kong et al. J Virol 89:2659 (2015) - dataset 1,25520506,0.023,0.07,
10E8+PG9+PGT128+VRC07,3103_V3_C10,Kong et al. J Virol 89:2659 (2015) - dataset 1,25520506,0.007,0.019,
10E8+PG9+PGT128+VRC07,3301_V1_C24,Kong et al. J Virol 89:2659 (2015) - dataset 1,25520506,0.01,0.026,
10E8+PG9+PGT128+VRC07,3817_V2_C59,Kong et al. J Virol 89:2659 (2015) - dataset 1,25520506,0.001,0.005,
10E8+PG9+PGT128+VRC07,398_F1_F6_20,Kong et al. J Virol 89:2659 (2015) - dataset 1,25520506,0.003,0.013,
10E8+PG9+PGT128+VRC07,6041_V3_C23,Kong et al. J Virol 89:2659 (2015) - dataset 1,25520506,0.006,0.016,
10E8+PG9+PGT128+VRC07,620345_C1,Kong et al. J Virol 89:2659 (2015) - dataset 1,25520506,0.103,0.827,
10E8+PG9+PGT128+VRC07,62357_14_D3_4589,Kong et al. J Virol 89:2659 (2015) - dataset 1,25520506,0.025,0.076,
10E8+PG9+PGT128+VRC07,6240_08_TA5_4622,Kong et al. J Virol 89:2659 (2015) - dataset 1,25520506,0.013,0.033,
10E8+PG9+PGT128+VRC07,6244_13_B5_4567,Kong et al. J Virol 89:2659 (2015) - dataset 1,25520506,0.008,0.028,
10E8+PG9+PGT128+VRC07,6535_3,Kong et al. J Virol 89:2659 (2015) - dataset 1,25520506,0.006,0.017,
10E8+PG9+PGT128+VRC07,6540_V4_C1,Kong et al. J Virol 89:2659 (2015) - dataset 1,25520506,0.021,0.069,
10E8+PG9+PGT128+VRC07,6545_V4_C1,Kong et al. J Virol 89:2659 (2015) - dataset 1,25520506,0.028,0.089,
10E8+PG9+PGT128+VRC07,6811_V7_C18,Kong et al. J Virol 89:2659 (2015) - dataset 1,25520506,0.01,0.031,
10E8+PG9+PGT128+VRC07,6952_V1_C20,Kong et al. J Virol 89:2659 (2015) - dataset 1,25520506,0.015,0.052,
10E8+PG9+PGT128+VRC07,703010054_2A2,Kong et al. J Virol 89:2659 (2015) - dataset 1,25520506,0.012,0.033,
10E8+PG9+PGT128+VRC07,703010200_1E5,Kong et al. J Virol 89:2659 (2015) - dataset 1,25520506,0.005,0.015,
10E8+PG9+PGT128+VRC07,703010217_B6,Kong et al. J Virol 89:2659 (2015) - dataset 1,25520506,0.002,0.01,
10E8+PG9+PGT128+VRC07,704809221_1B3,Kong et al. J Virol 89:2659 (2015) - dataset 1,25520506,0.002,0.011,
10E8+PG9+PGT128+VRC07,89_F1_2_25,Kong et al. J Virol 89:2659 (2015) - dataset 1,25520506,0.101,0.567,
10E8+PG9+PGT128+VRC07,9004SS_A3_4,Kong et al. J Virol 89:2659 (2015) - dataset 1,25520506,0.002,0.006,
10E8+PG9+PGT128+VRC07,928_28,Kong et al. J Virol 89:2659 (2015) - dataset 1,25520506,0.02,0.116,
10E8+PG9+PGT128+VRC07,A07412M1_VRC12,Kong et al. J Virol 89:2659 (2015) - dataset 1,25520506,0.032,0.117,
10E8+PG9+PGT128+VRC07,AC10_29,Kong et al. J Virol 89:2659 (2015) - dataset 1,25520506,0.006,0.023,
10E8+PG9+PGT128+VRC07,BF1266_431A,Kong et al. J Virol 89:2659 (2015) - dataset 1,25520506,0.008,0.022,
10E8+PG9+PGT128+VRC07,BJOX002000_03_2,Kong et al. J Virol 89:2659 (2015) - dataset 1,25520506,0.01,0.027,
10E8+PG9+PGT128+VRC07,BJOX009000_02_4,Kong et al. J Virol 89:2659 (2015) - dataset 1,25520506,0.003,0.01,
10E8+PG9+PGT128+VRC07,BJOX010000_06_2,Kong et al. J Virol 89:2659 (2015) - dataset 1,25520506,0.022,0.115,
10E8+PG9+PGT128+VRC07,BJOX015000_11_5,Kong et al. J Virol 89:2659 (2015) - dataset 1,25520506,0.009,0.026,
10E8+PG9+PGT128+VRC07,BJOX025000_01_1,Kong et al. J Virol 89:2659 (2015) - dataset 1,25520506,0.057,0.224,
10E8+PG9+PGT128+VRC07,BJOX028000_10_3,Kong et al. J Virol 89:2659 (2015) - dataset 1,25520506,0.005,0.02,
10E8+PG9+PGT128+VRC07,C1080_C3,Kong et al. J Virol 89:2659 (2015) - dataset 1,25520506,0.001,0.005,
10E8+PG9+PGT128+VRC07,C2101_C1,Kong et al. J Virol 89:2659 (2015) - dataset 1,25520506,0.004,0.012,
10E8+PG9+PGT128+VRC07,C3347_C11,Kong et al. J Virol 89:2659 (2015) - dataset 1,25520506,0.004,0.016,
10E8+PG9+PGT128+VRC07,C4118_9,Kong et al. J Virol 89:2659 (2015) - dataset 1,25520506,0.013,0.042,
10E8+PG9+PGT128+VRC07,CAAN5342,Kong et al. J Virol 89:2659 (2015) - dataset 1,25520506,0.047,0.17,
10E8+PG9+PGT128+VRC07,CAP210_E8,Kong et al. J Virol 89:2659 (2015) - dataset 1,25520506,0.065,0.314,
10E8+PG9+PGT128+VRC07,CAP45_G3,Kong et al. J Virol 89:2659 (2015) - dataset 1,25520506,0.002,0.007,
10E8+PG9+PGT128+VRC07,CE0393_C3,Kong et al. J Virol 89:2659 (2015) - dataset 1,25520506,0.009,0.024,
10E8+PG9+PGT128+VRC07,CE0682_E4,Kong et al. J Virol 89:2659 (2015) - dataset 1,25520506,0.02,0.095,
10E8+PG9+PGT128+VRC07,CE1086_B2,Kong et al. J Virol 89:2659 (2015) - dataset 1,25520506,0.041,0.137,
10E8+PG9+PGT128+VRC07,CE1172_H1,Kong et al. J Virol 89:2659 (2015) - dataset 1,25520506,0.006,0.016,
10E8+PG9+PGT128+VRC07,CE1176_A3,Kong et al. J Virol 89:2659 (2015) - dataset 1,25520506,0.004,0.011,
10E8+PG9+PGT128+VRC07,CE2010_F5,Kong et al. J Virol 89:2659 (2015) - dataset 1,25520506,0.076,0.29,
10E8+PG9+PGT128+VRC07,CE2060_G9,Kong et al. J Virol 89:2659 (2015) - dataset 1,25520506,0.022,0.059,
10E8+PG9+PGT128+VRC07,CH119_10,Kong et al. J Virol 89:2659 (2015) - dataset 1,25520506,0.017,0.049,
10E8+PG9+PGT128+VRC07,CNE17,Kong et al. J Virol 89:2659 (2015) - dataset 1,25520506,0.034,0.098,
10E8+PG9+PGT128+VRC07,CNE19,Kong et al. J Virol 89:2659 (2015) - dataset 1,25520506,0.008,0.023,
10E8+PG9+PGT128+VRC07,CNE20,Kong et al. J Virol 89:2659 (2015) - dataset 1,25520506,0.002,0.007,
10E8+PG9+PGT128+VRC07,CNE21,Kong et al. J Virol 89:2659 (2015) - dataset 1,25520506,0.007,0.017,
10E8+PG9+PGT128+VRC07,CNE30,Kong et al. J Virol 89:2659 (2015) - dataset 1,25520506,0.088,0.373,
10E8+PG9+PGT128+VRC07,CNE5,Kong et al. J Virol 89:2659 (2015) - dataset 1,25520506,0.006,0.018,
10E8+PG9+PGT128+VRC07,CNE52,Kong et al. J Virol 89:2659 (2015) - dataset 1,25520506,0.012,0.036,
10E8+PG9+PGT128+VRC07,CNE53,Kong et al. J Virol 89:2659 (2015) - dataset 1,25520506,0.008,0.023,
10E8+PG9+PGT128+VRC07,CNE55,Kong et al. J Virol 89:2659 (2015) - dataset 1,25520506,0.018,0.086,
10E8+PG9+PGT128+VRC07,CNE58,Kong et al. J Virol 89:2659 (2015) - dataset 1,25520506,0.01,0.033,
10E8+PG9+PGT128+VRC07,CNE8,Kong et al. J Virol 89:2659 (2015) - dataset 1,25520506,0.007,0.021,
10E8+PG9+PGT128+VRC07,DU156_12,Kong et al. J Virol 89:2659 (2015) - dataset 1,25520506,0.005,0.015,
10E8+PG9+PGT128+VRC07,DU172_17,Kong et al. J Virol 89:2659 (2015) - dataset 1,25520506,0.012,0.044,
10E8+PG9+PGT128+VRC07,DU422_1,Kong et al. J Virol 89:2659 (2015) - dataset 1,25520506,0.057,0.134,
10E8+PG9+PGT128+VRC07,MS208_A1,Kong et al. J Virol 89:2659 (2015) - dataset 1,25520506,0.03,0.097,
10E8+PG9+PGT128+VRC07,P0402_C2_11,Kong et al. J Virol 89:2659 (2015) - dataset 1,25520506,0.007,0.022,
10E8+PG9+PGT128+VRC07,P1981_C5_3,Kong et al. J Virol 89:2659 (2015) - dataset 1,25520506,0.006,0.02,
10E8+PG9+PGT128+VRC07,PVO_4,Kong et al. J Virol 89:2659 (2015) - dataset 1,25520506,0.01,0.025,
10E8+PG9+PGT128+VRC07,Q23_17,Kong et al. J Virol 89:2659 (2015) - dataset 1,25520506,0.002,0.006,
10E8+PG9+PGT128+VRC07,Q259_17,Kong et al. J Virol 89:2659 (2015) - dataset 1,25520506,0.02,0.055,
10E8+PG9+PGT128+VRC07,Q461_E2,Kong et al. J Virol 89:2659 (2015) - dataset 1,25520506,0.087,0.352,
10E8+PG9+PGT128+VRC07,Q769_D22,Kong et al. J Virol 89:2659 (2015) - dataset 1,25520506,0.006,0.019,
10E8+PG9+PGT128+VRC07,Q842_D12,Kong et al. J Virol 89:2659 (2015) - dataset 1,25520506,0.007,0.018,
10E8+PG9+PGT128+VRC07,QH0692_42,Kong et al. J Virol 89:2659 (2015) - dataset 1,25520506,0.019,0.071,
10E8+PG9+PGT128+VRC07,R1166_C1,Kong et al. J Virol 89:2659 (2015) - dataset 1,25520506,0.196,0.599,
10E8+PG9+PGT128+VRC07,R2184_C4,Kong et al. J Virol 89:2659 (2015) - dataset 1,25520506,0.034,0.097,
10E8+PG9+PGT128+VRC07,R3265_C6,Kong et al. J Virol 89:2659 (2015) - dataset 1,25520506,0.053,0.176,
10E8+PG9+PGT128+VRC07,REJO4541_67,Kong et al. J Virol 89:2659 (2015) - dataset 1,25520506,0.005,0.016,
10E8+PG9+PGT128+VRC07,RHPA4259_7,Kong et al. J Virol 89:2659 (2015) - dataset 1,25520506,0.012,0.035,
10E8+PG9+PGT128+VRC07,SC05_8C11_2344,Kong et al. J Virol 89:2659 (2015) - dataset 1,25520506,0.01,0.035,
10E8+PG9+PGT128+VRC07,SC422_8,Kong et al. J Virol 89:2659 (2015) - dataset 1,25520506,0.029,0.11,
10E8+PG9+PGT128+VRC07,T250_4,Kong et al. J Virol 89:2659 (2015) - dataset 1,25520506,0.001,0.004,
10E8+PG9+PGT128+VRC07,T251_18,Kong et al. J Virol 89:2659 (2015) - dataset 1,25520506,0.168,0.761,
10E8+PG9+PGT128+VRC07,T255_34,Kong et al. J Virol 89:2659 (2015) - dataset 1,25520506,0.016,0.061,
10E8+PG9+PGT128+VRC07,T257_31,Kong et al. J Virol 89:2659 (2015) - dataset 1,25520506,0.023,0.071,
10E8+PG9+PGT128+VRC07,T278_50,Kong et al. J Virol 89:2659 (2015) - dataset 1,25520506,0.036,0.109,
10E8+PG9+PGT128+VRC07,THRO4156,Kong et al. J Virol 89:2659 (2015) - dataset 1,25520506,0.064,0.317,
10E8+PG9+PGT128+VRC07,TRJO4551_58,Kong et al. J Virol 89:2659 (2015) - dataset 1,25520506,0.009,0.021,
10E8+PG9+PGT128+VRC07,TRO_11,Kong et al. J Virol 89:2659 (2015) - dataset 1,25520506,0.007,0.029,
10E8+PG9+PGT128+VRC07,WEAU_D15_410,Kong et al. J Virol 89:2659 (2015) - dataset 1,25520506,0.007,0.019,
10E8+PG9+PGT128+VRC07,WITO4160_33,Kong et al. J Virol 89:2659 (2015) - dataset 1,25520506,0.004,0.014,
10E8+PG9+PGT128+VRC07,X1193_C1,Kong et al. J Virol 89:2659 (2015) - dataset 1,25520506,0.007,0.024,
10E8+PG9+PGT128+VRC07,X1254_C3,Kong et al. J Virol 89:2659 (2015) - dataset 1,25520506,0.009,0.023,
10E8+PG9+PGT128+VRC07,X1632_S2_B10,Kong et al. J Virol 89:2659 (2015) - dataset 1,25520506,0.012,0.046,
10E8+PG9+PGT128+VRC07,X2088_C9,Kong et al. J Virol 89:2659 (2015) - dataset 1,25520506,>25,>25,
10E8+PG9+PGT128+VRC07,X2131_C1_B5,Kong et al. J Virol 89:2659 (2015) - dataset 1,25520506,0.011,0.032,
10E8+PG9+PGT128+VRC07,X2278_C2_B6,Kong et al. J Virol 89:2659 (2015) - dataset 1,25520506,0.003,0.011,
10E8+PG9+PGT128+VRC07,ZM109_4,Kong et al. J Virol 89:2659 (2015) - dataset 1,25520506,0.023,0.094,
10E8+PG9+PGT128+VRC07,ZM135_10A,Kong et al. J Virol 89:2659 (2015) - dataset 1,25520506,0.035,0.193,
10E8+PG9+PGT128+VRC07,ZM197_7,Kong et al. J Virol 89:2659 (2015) - dataset 1,25520506,0.036,0.171,
10E8+PG9+PGT128+VRC07,ZM214_15,Kong et al. J Virol 89:2659 (2015) - dataset 1,25520506,0.143,0.608,
10E8+PG9+PGT128+VRC07,ZM233_6,Kong et al. J Virol 89:2659 (2015) - dataset 1,25520506,0.004,0.022,
10E8+PG9+PGT128+VRC07,ZM246F,Kong et al. J Virol 89:2659 (2015) - dataset 1,25520506,0.007,0.023,
10E8+PG9+PGT128+VRC07,ZM247_V1,Kong et al. J Virol 89:2659 (2015) - dataset 1,25520506,0.004,0.023,
10E8+PG9+PGT128+VRC07,ZM249_1,Kong et al. J Virol 89:2659 (2015) - dataset 1,25520506,0.016,0.071,
10E8+PG9+PGT128+VRC07,ZM53_12,Kong et al. J Virol 89:2659 (2015) - dataset 1,25520506,0.024,0.091,
10E8+PG9+VRC07,0013095_2_11,Kong et al. J Virol 89:2659 (2015) - dataset 1,25520506,0.006,0.016,
10E8+PG9+VRC07,001428_2_42,Kong et al. J Virol 89:2659 (2015) - dataset 1,25520506,0.003,0.008,
10E8+PG9+VRC07,0260_V5_C36,Kong et al. J Virol 89:2659 (2015) - dataset 1,25520506,0.135,0.336,
10E8+PG9+VRC07,0330_V4_C3,Kong et al. J Virol 89:2659 (2015) - dataset 1,25520506,0.005,0.016,
10E8+PG9+VRC07,0815_V3_C3,Kong et al. J Virol 89:2659 (2015) - dataset 1,25520506,0.007,0.026,
10E8+PG9+VRC07,1006_11_C3_1601,Kong et al. J Virol 89:2659 (2015) - dataset 1,25520506,0.028,0.081,
10E8+PG9+VRC07,1012_11_TC21_3257,Kong et al. J Virol 89:2659 (2015) - dataset 1,25520506,0.01,0.027,
10E8+PG9+VRC07,1054_07_TC4_1499,Kong et al. J Virol 89:2659 (2015) - dataset 1,25520506,0.003,0.037,
10E8+PG9+VRC07,1056_10_TA11_1826,Kong et al. J Virol 89:2659 (2015) - dataset 1,25520506,0.113,0.34,
10E8+PG9+VRC07,1394_C9G1,Kong et al. J Virol 89:2659 (2015) - dataset 1,25520506,0.006,0.017,
10E8+PG9+VRC07,16055_2_3,Kong et al. J Virol 89:2659 (2015) - dataset 1,25520506,0.003,0.011,
10E8+PG9+VRC07,16845_2_22,Kong et al. J Virol 89:2659 (2015) - dataset 1,25520506,0.059,0.225,
10E8+PG9+VRC07,191084_B7_19,Kong et al. J Virol 89:2659 (2015) - dataset 1,25520506,0.007,0.021,
10E8+PG9+VRC07,191821_E6_1,Kong et al. J Virol 89:2659 (2015) - dataset 1,25520506,0.091,0.262,
10E8+PG9+VRC07,191955_A11,Kong et al. J Virol 89:2659 (2015) - dataset 1,25520506,0.01,0.027,
10E8+PG9+VRC07,211_9,Kong et al. J Virol 89:2659 (2015) - dataset 1,25520506,0.059,0.195,
10E8+PG9+VRC07,231965_C1,Kong et al. J Virol 89:2659 (2015) - dataset 1,25520506,0.029,0.073,
10E8+PG9+VRC07,231966_C2,Kong et al. J Virol 89:2659 (2015) - dataset 1,25520506,0.025,0.064,
10E8+PG9+VRC07,235_47,Kong et al. J Virol 89:2659 (2015) - dataset 1,25520506,0.009,0.033,
10E8+PG9+VRC07,246_F3_C10_2,Kong et al. J Virol 89:2659 (2015) - dataset 1,25520506,0.013,0.042,
10E8+PG9+VRC07,249M_B10,Kong et al. J Virol 89:2659 (2015) - dataset 1,25520506,0.009,0.032,
10E8+PG9+VRC07,25710_2_43,Kong et al. J Virol 89:2659 (2015) - dataset 1,25520506,0.006,0.026,
10E8+PG9+VRC07,263_8,Kong et al. J Virol 89:2659 (2015) - dataset 1,25520506,0.01,0.062,
10E8+PG9+VRC07,3016_V5_C45,Kong et al. J Virol 89:2659 (2015) - dataset 1,25520506,0.023,0.07,
10E8+PG9+VRC07,3103_V3_C10,Kong et al. J Virol 89:2659 (2015) - dataset 1,25520506,0.449,1.19,
10E8+PG9+VRC07,3301_V1_C24,Kong et al. J Virol 89:2659 (2015) - dataset 1,25520506,0.016,0.044,
10E8+PG9+VRC07,3817_V2_C59,Kong et al. J Virol 89:2659 (2015) - dataset 1,25520506,0.002,0.007,
10E8+PG9+VRC07,398_F1_F6_20,Kong et al. J Virol 89:2659 (2015) - dataset 1,25520506,0.088,0.529,
10E8+PG9+VRC07,6041_V3_C23,Kong et al. J Virol 89:2659 (2015) - dataset 1,25520506,0.007,0.017,
10E8+PG9+VRC07,620345_C1,Kong et al. J Virol 89:2659 (2015) - dataset 1,25520506,0.092,0.674,
10E8+PG9+VRC07,62357_14_D3_4589,Kong et al. J Virol 89:2659 (2015) - dataset 1,25520506,0.028,0.1,
10E8+PG9+VRC07,6240_08_TA5_4622,Kong et al. J Virol 89:2659 (2015) - dataset 1,25520506,0.105,0.326,
10E8+PG9+VRC07,6244_13_B5_4567,Kong et al. J Virol 89:2659 (2015) - dataset 1,25520506,0.011,0.062,
10E8+PG9+VRC07,6535_3,Kong et al. J Virol 89:2659 (2015) - dataset 1,25520506,0.015,0.076,
10E8+PG9+VRC07,6540_V4_C1,Kong et al. J Virol 89:2659 (2015) - dataset 1,25520506,0.021,0.062,
10E8+PG9+VRC07,6545_V4_C1,Kong et al. J Virol 89:2659 (2015) - dataset 1,25520506,0.021,0.078,
10E8+PG9+VRC07,6811_V7_C18,Kong et al. J Virol 89:2659 (2015) - dataset 1,25520506,0.056,0.16,
10E8+PG9+VRC07,6952_V1_C20,Kong et al. J Virol 89:2659 (2015) - dataset 1,25520506,0.011,0.044,
10E8+PG9+VRC07,703010054_2A2,Kong et al. J Virol 89:2659 (2015) - dataset 1,25520506,0.013,0.031,
10E8+PG9+VRC07,703010200_1E5,Kong et al. J Virol 89:2659 (2015) - dataset 1,25520506,0.153,0.439,
10E8+PG9+VRC07,703010217_B6,Kong et al. J Virol 89:2659 (2015) - dataset 1,25520506,0.004,0.013,
10E8+PG9+VRC07,704809221_1B3,Kong et al. J Virol 89:2659 (2015) - dataset 1,25520506,0.002,0.016,
10E8+PG9+VRC07,89_F1_2_25,Kong et al. J Virol 89:2659 (2015) - dataset 1,25520506,0.076,0.59,
10E8+PG9+VRC07,9004SS_A3_4,Kong et al. J Virol 89:2659 (2015) - dataset 1,25520506,0.007,0.029,
10E8+PG9+VRC07,928_28,Kong et al. J Virol 89:2659 (2015) - dataset 1,25520506,0.034,0.136,
10E8+PG9+VRC07,A07412M1_VRC12,Kong et al. J Virol 89:2659 (2015) - dataset 1,25520506,0.029,0.097,
10E8+PG9+VRC07,AC10_29,Kong et al. J Virol 89:2659 (2015) - dataset 1,25520506,0.05,0.18,
10E8+PG9+VRC07,BF1266_431A,Kong et al. J Virol 89:2659 (2015) - dataset 1,25520506,0.008,0.021,
10E8+PG9+VRC07,BJOX002000_03_2,Kong et al. J Virol 89:2659 (2015) - dataset 1,25520506,0.022,0.114,
10E8+PG9+VRC07,BJOX009000_02_4,Kong et al. J Virol 89:2659 (2015) - dataset 1,25520506,0.076,0.291,
10E8+PG9+VRC07,BJOX010000_06_2,Kong et al. J Virol 89:2659 (2015) - dataset 1,25520506,0.017,0.103,
10E8+PG9+VRC07,BJOX015000_11_5,Kong et al. J Virol 89:2659 (2015) - dataset 1,25520506,0.037,0.185,
10E8+PG9+VRC07,BJOX025000_01_1,Kong et al. J Virol 89:2659 (2015) - dataset 1,25520506,0.056,0.229,
10E8+PG9+VRC07,BJOX028000_10_3,Kong et al. J Virol 89:2659 (2015) - dataset 1,25520506,0.014,0.046,
10E8+PG9+VRC07,C1080_C3,Kong et al. J Virol 89:2659 (2015) - dataset 1,25520506,0.002,0.005,
10E8+PG9+VRC07,C2101_C1,Kong et al. J Virol 89:2659 (2015) - dataset 1,25520506,0.017,0.041,
10E8+PG9+VRC07,C3347_C11,Kong et al. J Virol 89:2659 (2015) - dataset 1,25520506,0.018,0.048,
10E8+PG9+VRC07,C4118_9,Kong et al. J Virol 89:2659 (2015) - dataset 1,25520506,0.012,0.033,
10E8+PG9+VRC07,CAAN5342,Kong et al. J Virol 89:2659 (2015) - dataset 1,25520506,0.226,0.644,
10E8+PG9+VRC07,CAP210_E8,Kong et al. J Virol 89:2659 (2015) - dataset 1,25520506,0.102,0.376,
10E8+PG9+VRC07,CAP45_G3,Kong et al. J Virol 89:2659 (2015) - dataset 1,25520506,0.003,0.007,
10E8+PG9+VRC07,CE0393_C3,Kong et al. J Virol 89:2659 (2015) - dataset 1,25520506,0.007,0.023,
10E8+PG9+VRC07,CE0682_E4,Kong et al. J Virol 89:2659 (2015) - dataset 1,25520506,0.031,0.084,
10E8+PG9+VRC07,CE1086_B2,Kong et al. J Virol 89:2659 (2015) - dataset 1,25520506,0.036,0.162,
10E8+PG9+VRC07,CE1172_H1,Kong et al. J Virol 89:2659 (2015) - dataset 1,25520506,0.03,0.107,
10E8+PG9+VRC07,CE1176_A3,Kong et al. J Virol 89:2659 (2015) - dataset 1,25520506,0.008,0.024,
10E8+PG9+VRC07,CE2010_F5,Kong et al. J Virol 89:2659 (2015) - dataset 1,25520506,0.094,0.286,
10E8+PG9+VRC07,CE2060_G9,Kong et al. J Virol 89:2659 (2015) - dataset 1,25520506,0.026,0.066,
10E8+PG9+VRC07,CH119_10,Kong et al. J Virol 89:2659 (2015) - dataset 1,25520506,0.075,0.215,
10E8+PG9+VRC07,CNE17,Kong et al. J Virol 89:2659 (2015) - dataset 1,25520506,0.043,0.132,
10E8+PG9+VRC07,CNE19,Kong et al. J Virol 89:2659 (2015) - dataset 1,25520506,0.007,0.024,
10E8+PG9+VRC07,CNE20,Kong et al. J Virol 89:2659 (2015) - dataset 1,25520506,0.012,0.046,
10E8+PG9+VRC07,CNE21,Kong et al. J Virol 89:2659 (2015) - dataset 1,25520506,0.023,0.069,
10E8+PG9+VRC07,CNE30,Kong et al. J Virol 89:2659 (2015) - dataset 1,25520506,0.178,0.549,
10E8+PG9+VRC07,CNE5,Kong et al. J Virol 89:2659 (2015) - dataset 1,25520506,0.009,0.024,
10E8+PG9+VRC07,CNE52,Kong et al. J Virol 89:2659 (2015) - dataset 1,25520506,0.012,0.04,
10E8+PG9+VRC07,CNE53,Kong et al. J Virol 89:2659 (2015) - dataset 1,25520506,0.017,0.058,
10E8+PG9+VRC07,CNE55,Kong et al. J Virol 89:2659 (2015) - dataset 1,25520506,0.02,0.111,
10E8+PG9+VRC07,CNE58,Kong et al. J Virol 89:2659 (2015) - dataset 1,25520506,0.014,0.042,
10E8+PG9+VRC07,CNE8,Kong et al. J Virol 89:2659 (2015) - dataset 1,25520506,0.026,0.125,
10E8+PG9+VRC07,DU156_12,Kong et al. J Virol 89:2659 (2015) - dataset 1,25520506,0.008,0.032,
10E8+PG9+VRC07,DU172_17,Kong et al. J Virol 89:2659 (2015) - dataset 1,25520506,0.036,0.161,
10E8+PG9+VRC07,DU422_1,Kong et al. J Virol 89:2659 (2015) - dataset 1,25520506,0.232,0.855,
10E8+PG9+VRC07,MS208_A1,Kong et al. J Virol 89:2659 (2015) - dataset 1,25520506,0.032,0.127,
10E8+PG9+VRC07,P0402_C2_11,Kong et al. J Virol 89:2659 (2015) - dataset 1,25520506,0.034,0.113,
10E8+PG9+VRC07,P1981_C5_3,Kong et al. J Virol 89:2659 (2015) - dataset 1,25520506,0.013,0.062,
10E8+PG9+VRC07,PVO_4,Kong et al. J Virol 89:2659 (2015) - dataset 1,25520506,0.14,0.368,
10E8+PG9+VRC07,Q23_17,Kong et al. J Virol 89:2659 (2015) - dataset 1,25520506,0.003,0.011,
10E8+PG9+VRC07,Q259_17,Kong et al. J Virol 89:2659 (2015) - dataset 1,25520506,0.017,0.055,
10E8+PG9+VRC07,Q461_E2,Kong et al. J Virol 89:2659 (2015) - dataset 1,25520506,0.132,0.353,
10E8+PG9+VRC07,Q769_D22,Kong et al. J Virol 89:2659 (2015) - dataset 1,25520506,0.007,0.021,
10E8+PG9+VRC07,Q842_D12,Kong et al. J Virol 89:2659 (2015) - dataset 1,25520506,0.011,0.029,
10E8+PG9+VRC07,QH0692_42,Kong et al. J Virol 89:2659 (2015) - dataset 1,25520506,0.354,1.52,
10E8+PG9+VRC07,R1166_C1,Kong et al. J Virol 89:2659 (2015) - dataset 1,25520506,0.196,0.553,
10E8+PG9+VRC07,R2184_C4,Kong et al. J Virol 89:2659 (2015) - dataset 1,25520506,0.039,0.101,
10E8+PG9+VRC07,R3265_C6,Kong et al. J Virol 89:2659 (2015) - dataset 1,25520506,0.051,0.173,
10E8+PG9+VRC07,REJO4541_67,Kong et al. J Virol 89:2659 (2015) - dataset 1,25520506,0.004,0.016,
10E8+PG9+VRC07,RHPA4259_7,Kong et al. J Virol 89:2659 (2015) - dataset 1,25520506,0.025,0.071,
10E8+PG9+VRC07,SC05_8C11_2344,Kong et al. J Virol 89:2659 (2015) - dataset 1,25520506,0.041,0.174,
10E8+PG9+VRC07,SC422_8,Kong et al. J Virol 89:2659 (2015) - dataset 1,25520506,0.027,0.099,
10E8+PG9+VRC07,T250_4,Kong et al. J Virol 89:2659 (2015) - dataset 1,25520506,0.002,0.007,
10E8+PG9+VRC07,T251_18,Kong et al. J Virol 89:2659 (2015) - dataset 1,25520506,0.239,0.948,
10E8+PG9+VRC07,T255_34,Kong et al. J Virol 89:2659 (2015) - dataset 1,25520506,0.014,0.054,
10E8+PG9+VRC07,T257_31,Kong et al. J Virol 89:2659 (2015) - dataset 1,25520506,0.021,0.068,
10E8+PG9+VRC07,T278_50,Kong et al. J Virol 89:2659 (2015) - dataset 1,25520506,0.209,0.898,
10E8+PG9+VRC07,THRO4156,Kong et al. J Virol 89:2659 (2015) - dataset 1,25520506,0.056,0.385,
10E8+PG9+VRC07,TRJO4551_58,Kong et al. J Virol 89:2659 (2015) - dataset 1,25520506,0.036,0.1,
10E8+PG9+VRC07,TRO_11,Kong et al. J Virol 89:2659 (2015) - dataset 1,25520506,0.023,0.191,
10E8+PG9+VRC07,WEAU_D15_410,Kong et al. J Virol 89:2659 (2015) - dataset 1,25520506,0.032,0.078,
10E8+PG9+VRC07,WITO4160_33,Kong et al. J Virol 89:2659 (2015) - dataset 1,25520506,0.003,0.013,
10E8+PG9+VRC07,X1193_C1,Kong et al. J Virol 89:2659 (2015) - dataset 1,25520506,0.031,0.082,
10E8+PG9+VRC07,X1254_C3,Kong et al. J Virol 89:2659 (2015) - dataset 1,25520506,0.022,0.055,
10E8+PG9+VRC07,X1632_S2_B10,Kong et al. J Virol 89:2659 (2015) - dataset 1,25520506,0.015,0.042,
10E8+PG9+VRC07,X2088_C9,Kong et al. J Virol 89:2659 (2015) - dataset 1,25520506,>25,>25,
10E8+PG9+VRC07,X2131_C1_B5,Kong et al. J Virol 89:2659 (2015) - dataset 1,25520506,0.02,0.081,
10E8+PG9+VRC07,X2278_C2_B6,Kong et al. J Virol 89:2659 (2015) - dataset 1,25520506,0.006,0.022,
10E8+PG9+VRC07,ZM109_4,Kong et al. J Virol 89:2659 (2015) - dataset 1,25520506,0.021,0.086,
10E8+PG9+VRC07,ZM135_10A,Kong et al. J Virol 89:2659 (2015) - dataset 1,25520506,0.046,0.245,
10E8+PG9+VRC07,ZM197_7,Kong et al. J Virol 89:2659 (2015) - dataset 1,25520506,0.029,0.16,
10E8+PG9+VRC07,ZM214_15,Kong et al. J Virol 89:2659 (2015) - dataset 1,25520506,0.3,1.27,
10E8+PG9+VRC07,ZM233_6,Kong et al. J Virol 89:2659 (2015) - dataset 1,25520506,0.007,0.025,
10E8+PG9+VRC07,ZM246F,Kong et al. J Virol 89:2659 (2015) - dataset 1,25520506,0.211,0.39,
10E8+PG9+VRC07,ZM247_V1,Kong et al. J Virol 89:2659 (2015) - dataset 1,25520506,0.018,0.072,
10E8+PG9+VRC07,ZM249_1,Kong et al. J Virol 89:2659 (2015) - dataset 1,25520506,0.029,0.082,
10E8+PG9+VRC07,ZM53_12,Kong et al. J Virol 89:2659 (2015) - dataset 1,25520506,0.026,0.095,
10E8+PGDM1400+PGT121,1056_10_TA11_1826,Khan et al. J Virol. 92: e00384 (2018) - dataset 1,29976677,0.026,,
10E8+PGDM1400+PGT121,3301_V1_C24,Khan et al. J Virol. 92: e00384 (2018) - dataset 1,29976677,0.116,,
10E8+PGDM1400+PGT121,6480_V4_C25,Khan et al. J Virol. 92: e00384 (2018) - dataset 1,29976677,0.008,,
10E8+PGDM1400+PGT121,6540_V4_C1,Khan et al. J Virol. 92: e00384 (2018) - dataset 1,29976677,0.025,,
10E8+PGDM1400+PGT121,6811_V7_C18,Khan et al. J Virol. 92: e00384 (2018) - dataset 1,29976677,0.091,,
10E8+PGDM1400+PGT121,89_F1_2_25,Khan et al. J Virol. 92: e00384 (2018) - dataset 1,29976677,0.175,,
10E8+PGDM1400+PGT121,BF1266_431A,Khan et al. J Virol. 92: e00384 (2018) - dataset 1,29976677,0.002,,
10E8+PGDM1400+PGT121,CE0393_C3,Khan et al. J Virol. 92: e00384 (2018) - dataset 1,29976677,0.007,,
10E8+PGDM1400+PGT121,CNE17,Khan et al. J Virol. 92: e00384 (2018) - dataset 1,29976677,0.04,,
10E8+PGDM1400+PGT121,SC05_8C11_2344,Khan et al. J Virol. 92: e00384 (2018) - dataset 1,29976677,0.102,,
10E8+PGDM1400+PGT121,TRO_11,Khan et al. J Virol. 92: e00384 (2018) - dataset 1,29976677,0.012,,
10E8+PGDM1400+PGT121,WEAU_D15_410,Khan et al. J Virol. 92: e00384 (2018) - dataset 1,29976677,0.059,,
10E8+PGDM1400+PGT121,X1254_C3,Khan et al. J Virol. 92: e00384 (2018) - dataset 1,29976677,0.499,,
10E8+PGDM1400+PGT121,X2088_C9,Khan et al. J Virol. 92: e00384 (2018) - dataset 1,29976677,0.128,,
10E8+PGDM1400+PGT121,ZM109_4,Khan et al. J Virol. 92: e00384 (2018) - dataset 1,29976677,0.142,,
10E8+PGDM1400+PGT121,ZM197_7,Khan et al. J Virol. 92: e00384 (2018) - dataset 1,29976677,0.013,,
10E8+PGDM1400+PGT121,ZM214_15,Khan et al. J Virol. 92: e00384 (2018) - dataset 1,29976677,0.649,,
10E8+PGDM1400+PGT121,ZM233_6,Khan et al. J Virol. 92: e00384 (2018) - dataset 1,29976677,0.001,,
10E8+PGT128,0013095_2_11,Kong et al. J Virol 89:2659 (2015) - dataset 1,25520506,0.016,0.249,
10E8+PGT128,001428_2_42,Kong et al. J Virol 89:2659 (2015) - dataset 1,25520506,0.047,0.114,
10E8+PGT128,0260_V5_C36,Kong et al. J Virol 89:2659 (2015) - dataset 1,25520506,0.027,0.071,
10E8+PGT128,0330_V4_C3,Kong et al. J Virol 89:2659 (2015) - dataset 1,25520506,0.312,1.13,
10E8+PGT128,0815_V3_C3,Kong et al. J Virol 89:2659 (2015) - dataset 1,25520506,0.004,0.022,
10E8+PGT128,1006_11_C3_1601,Kong et al. J Virol 89:2659 (2015) - dataset 1,25520506,0.012,0.036,
10E8+PGT128,1012_11_TC21_3257,Kong et al. J Virol 89:2659 (2015) - dataset 1,25520506,0.002,0.009,
10E8+PGT128,1054_07_TC4_1499,Kong et al. J Virol 89:2659 (2015) - dataset 1,25520506,0.002,0.014,
10E8+PGT128,1056_10_TA11_1826,Kong et al. J Virol 89:2659 (2015) - dataset 1,25520506,0.008,0.023,
10E8+PGT128,1394_C9G1,Kong et al. J Virol 89:2659 (2015) - dataset 1,25520506,0.003,0.011,
10E8+PGT128,16055_2_3,Kong et al. J Virol 89:2659 (2015) - dataset 1,25520506,0.39,2.27,
10E8+PGT128,16845_2_22,Kong et al. J Virol 89:2659 (2015) - dataset 1,25520506,0.042,0.196,
10E8+PGT128,191084_B7_19,Kong et al. J Virol 89:2659 (2015) - dataset 1,25520506,0.013,0.065,
10E8+PGT128,191821_E6_1,Kong et al. J Virol 89:2659 (2015) - dataset 1,25520506,0.025,0.093,
10E8+PGT128,191955_A11,Kong et al. J Virol 89:2659 (2015) - dataset 1,25520506,0.152,0.605,
10E8+PGT128,211_9,Kong et al. J Virol 89:2659 (2015) - dataset 1,25520506,0.035,0.129,
10E8+PGT128,231965_C1,Kong et al. J Virol 89:2659 (2015) - dataset 1,25520506,6.56,9.5,
10E8+PGT128,231966_C2,Kong et al. J Virol 89:2659 (2015) - dataset 1,25520506,0.048,0.238,
10E8+PGT128,235_47,Kong et al. J Virol 89:2659 (2015) - dataset 1,25520506,0.087,0.471,
10E8+PGT128,246_F3_C10_2,Kong et al. J Virol 89:2659 (2015) - dataset 1,25520506,0.0006,0.002,
10E8+PGT128,249M_B10,Kong et al. J Virol 89:2659 (2015) - dataset 1,25520506,0.858,2.6,
10E8+PGT128,25710_2_43,Kong et al. J Virol 89:2659 (2015) - dataset 1,25520506,0.004,0.018,
10E8+PGT128,263_8,Kong et al. J Virol 89:2659 (2015) - dataset 1,25520506,0.033,0.189,
10E8+PGT128,3016_V5_C45,Kong et al. J Virol 89:2659 (2015) - dataset 1,25520506,0.194,1.03,
10E8+PGT128,3103_V3_C10,Kong et al. J Virol 89:2659 (2015) - dataset 1,25520506,0.007,0.019,
10E8+PGT128,3301_V1_C24,Kong et al. J Virol 89:2659 (2015) - dataset 1,25520506,0.06,0.291,
10E8+PGT128,3817_V2_C59,Kong et al. J Virol 89:2659 (2015) - dataset 1,25520506,0.006,0.022,
10E8+PGT128,398_F1_F6_20,Kong et al. J Virol 89:2659 (2015) - dataset 1,25520506,0.002,0.011,
10E8+PGT128,6041_V3_C23,Kong et al. J Virol 89:2659 (2015) - dataset 1,25520506,0.671,3.87,
10E8+PGT128,620345_C1,Kong et al. J Virol 89:2659 (2015) - dataset 1,25520506,0.644,3.18,
10E8+PGT128,62357_14_D3_4589,Kong et al. J Virol 89:2659 (2015) - dataset 1,25520506,0.073,0.4,
10E8+PGT128,6240_08_TA5_4622,Kong et al. J Virol 89:2659 (2015) - dataset 1,25520506,0.012,0.035,
10E8+PGT128,6244_13_B5_4567,Kong et al. J Virol 89:2659 (2015) - dataset 1,25520506,0.008,0.027,
10E8+PGT128,6535_3,Kong et al. J Virol 89:2659 (2015) - dataset 1,25520506,0.004,0.017,
10E8+PGT128,6540_V4_C1,Kong et al. J Virol 89:2659 (2015) - dataset 1,25520506,0.749,3.32,
10E8+PGT128,6545_V4_C1,Kong et al. J Virol 89:2659 (2015) - dataset 1,25520506,0.977,5.13,
10E8+PGT128,6811_V7_C18,Kong et al. J Virol 89:2659 (2015) - dataset 1,25520506,0.008,0.039,
10E8+PGT128,6952_V1_C20,Kong et al. J Virol 89:2659 (2015) - dataset 1,25520506,0.047,0.335,
10E8+PGT128,703010054_2A2,Kong et al. J Virol 89:2659 (2015) - dataset 1,25520506,1.29,3.06,
10E8+PGT128,703010200_1E5,Kong et al. J Virol 89:2659 (2015) - dataset 1,25520506,0.004,0.014,
10E8+PGT128,703010217_B6,Kong et al. J Virol 89:2659 (2015) - dataset 1,25520506,0.019,0.066,
10E8+PGT128,704809221_1B3,Kong et al. J Virol 89:2659 (2015) - dataset 1,25520506,0.001,0.015,
10E8+PGT128,89_F1_2_25,Kong et al. J Virol 89:2659 (2015) - dataset 1,25520506,0.426,2.07,
10E8+PGT128,9004SS_A3_4,Kong et al. J Virol 89:2659 (2015) - dataset 1,25520506,0.001,0.006,
10E8+PGT128,928_28,Kong et al. J Virol 89:2659 (2015) - dataset 1,25520506,0.38,1.39,
10E8+PGT128,A07412M1_VRC12,Kong et al. J Virol 89:2659 (2015) - dataset 1,25520506,0.41,1.91,
10E8+PGT128,AC10_29,Kong et al. J Virol 89:2659 (2015) - dataset 1,25520506,0.008,0.03,
10E8+PGT128,BF1266_431A,Kong et al. J Virol 89:2659 (2015) - dataset 1,25520506,1.72,5.64,
10E8+PGT128,BJOX002000_03_2,Kong et al. J Virol 89:2659 (2015) - dataset 1,25520506,0.009,0.028,
10E8+PGT128,BJOX009000_02_4,Kong et al. J Virol 89:2659 (2015) - dataset 1,25520506,0.002,0.01,
10E8+PGT128,BJOX010000_06_2,Kong et al. J Virol 89:2659 (2015) - dataset 1,25520506,0.05,0.498,
10E8+PGT128,BJOX015000_11_5,Kong et al. J Virol 89:2659 (2015) - dataset 1,25520506,0.006,0.022,
10E8+PGT128,BJOX025000_01_1,Kong et al. J Virol 89:2659 (2015) - dataset 1,25520506,0.493,3.25,
10E8+PGT128,BJOX028000_10_3,Kong et al. J Virol 89:2659 (2015) - dataset 1,25520506,0.01,0.045,
10E8+PGT128,C1080_C3,Kong et al. J Virol 89:2659 (2015) - dataset 1,25520506,0.021,0.106,
10E8+PGT128,C2101_C1,Kong et al. J Virol 89:2659 (2015) - dataset 1,25520506,0.004,0.017,
10E8+PGT128,C3347_C11,Kong et al. J Virol 89:2659 (2015) - dataset 1,25520506,0.004,0.02,
10E8+PGT128,C4118_9,Kong et al. J Virol 89:2659 (2015) - dataset 1,25520506,0.387,2.9,
10E8+PGT128,CAAN5342,Kong et al. J Virol 89:2659 (2015) - dataset 1,25520506,0.057,0.432,
10E8+PGT128,CAP210_E8,Kong et al. J Virol 89:2659 (2015) - dataset 1,25520506,0.756,3.62,
10E8+PGT128,CAP45_G3,Kong et al. J Virol 89:2659 (2015) - dataset 1,25520506,0.885,4.67,
10E8+PGT128,CE0393_C3,Kong et al. J Virol 89:2659 (2015) - dataset 1,25520506,0.424,1.91,
10E8+PGT128,CE0682_E4,Kong et al. J Virol 89:2659 (2015) - dataset 1,25520506,0.301,2.09,
10E8+PGT128,CE1086_B2,Kong et al. J Virol 89:2659 (2015) - dataset 1,25520506,0.456,2.44,
10E8+PGT128,CE1172_H1,Kong et al. J Virol 89:2659 (2015) - dataset 1,25520506,0.004,0.011,
10E8+PGT128,CE1176_A3,Kong et al. J Virol 89:2659 (2015) - dataset 1,25520506,0.009,0.029,
10E8+PGT128,CE2010_F5,Kong et al. J Virol 89:2659 (2015) - dataset 1,25520506,1.14,4.83,
10E8+PGT128,CE2060_G9,Kong et al. J Virol 89:2659 (2015) - dataset 1,25520506,1.28,4.98,
10E8+PGT128,CH119_10,Kong et al. J Virol 89:2659 (2015) - dataset 1,25520506,0.018,0.044,
10E8+PGT128,CNE17,Kong et al. J Virol 89:2659 (2015) - dataset 1,25520506,0.083,0.384,
10E8+PGT128,CNE19,Kong et al. J Virol 89:2659 (2015) - dataset 1,25520506,0.186,1.19,
10E8+PGT128,CNE20,Kong et al. J Virol 89:2659 (2015) - dataset 1,25520506,0.002,0.008,
10E8+PGT128,CNE21,Kong et al. J Virol 89:2659 (2015) - dataset 1,25520506,0.009,0.024,
10E8+PGT128,CNE30,Kong et al. J Virol 89:2659 (2015) - dataset 1,25520506,0.247,1.08,
10E8+PGT128,CNE5,Kong et al. J Virol 89:2659 (2015) - dataset 1,25520506,0.06,0.234,
10E8+PGT128,CNE52,Kong et al. J Virol 89:2659 (2015) - dataset 1,25520506,0.188,1.25,
10E8+PGT128,CNE53,Kong et al. J Virol 89:2659 (2015) - dataset 1,25520506,0.024,0.059,
10E8+PGT128,CNE55,Kong et al. J Virol 89:2659 (2015) - dataset 1,25520506,0.092,1.17,
10E8+PGT128,CNE58,Kong et al. J Virol 89:2659 (2015) - dataset 1,25520506,0.331,1.48,
10E8+PGT128,CNE8,Kong et al. J Virol 89:2659 (2015) - dataset 1,25520506,0.005,0.022,
10E8+PGT128,DU156_12,Kong et al. J Virol 89:2659 (2015) - dataset 1,25520506,0.005,0.019,
10E8+PGT128,DU172_17,Kong et al. J Virol 89:2659 (2015) - dataset 1,25520506,0.011,0.057,
10E8+PGT128,DU422_1,Kong et al. J Virol 89:2659 (2015) - dataset 1,25520506,0.093,0.227,
10E8+PGT128,MS208_A1,Kong et al. J Virol 89:2659 (2015) - dataset 1,25520506,0.532,2.3,
10E8+PGT128,P0402_C2_11,Kong et al. J Virol 89:2659 (2015) - dataset 1,25520506,0.007,0.024,
10E8+PGT128,P1981_C5_3,Kong et al. J Virol 89:2659 (2015) - dataset 1,25520506,0.005,0.021,
10E8+PGT128,PVO_4,Kong et al. J Virol 89:2659 (2015) - dataset 1,25520506,0.01,0.026,
10E8+PGT128,Q23_17,Kong et al. J Virol 89:2659 (2015) - dataset 1,25520506,0.008,0.022,
10E8+PGT128,Q259_17,Kong et al. J Virol 89:2659 (2015) - dataset 1,25520506,6.35,14.7,
10E8+PGT128,Q461_E2,Kong et al. J Virol 89:2659 (2015) - dataset 1,25520506,1.47,4.24,
10E8+PGT128,Q769_D22,Kong et al. J Virol 89:2659 (2015) - dataset 1,25520506,1.67,5.57,
10E8+PGT128,Q842_D12,Kong et al. J Virol 89:2659 (2015) - dataset 1,25520506,0.021,0.094,
10E8+PGT128,QH0692_42,Kong et al. J Virol 89:2659 (2015) - dataset 1,25520506,0.021,0.077,
10E8+PGT128,R1166_C1,Kong et al. J Virol 89:2659 (2015) - dataset 1,25520506,0.788,3.43,
10E8+PGT128,R2184_C4,Kong et al. J Virol 89:2659 (2015) - dataset 1,25520506,0.512,1.75,
10E8+PGT128,R3265_C6,Kong et al. J Virol 89:2659 (2015) - dataset 1,25520506,3.48,17.1,
10E8+PGT128,REJO4541_67,Kong et al. J Virol 89:2659 (2015) - dataset 1,25520506,0.339,1.5,
10E8+PGT128,RHPA4259_7,Kong et al. J Virol 89:2659 (2015) - dataset 1,25520506,0.018,0.063,
10E8+PGT128,SC05_8C11_2344,Kong et al. J Virol 89:2659 (2015) - dataset 1,25520506,0.01,0.036,
10E8+PGT128,SC422_8,Kong et al. J Virol 89:2659 (2015) - dataset 1,25520506,0.139,0.822,
10E8+PGT128,T250_4,Kong et al. J Virol 89:2659 (2015) - dataset 1,25520506,0.003,0.01,
10E8+PGT128,T251_18,Kong et al. J Virol 89:2659 (2015) - dataset 1,25520506,0.436,2.96,
10E8+PGT128,T255_34,Kong et al. J Virol 89:2659 (2015) - dataset 1,25520506,0.295,1.77,
10E8+PGT128,T257_31,Kong et al. J Virol 89:2659 (2015) - dataset 1,25520506,0.722,2.52,
10E8+PGT128,T278_50,Kong et al. J Virol 89:2659 (2015) - dataset 1,25520506,0.039,0.135,
10E8+PGT128,THRO4156,Kong et al. J Virol 89:2659 (2015) - dataset 1,25520506,0.095,0.588,
10E8+PGT128,TRJO4551_58,Kong et al. J Virol 89:2659 (2015) - dataset 1,25520506,0.005,0.023,
10E8+PGT128,TRO_11,Kong et al. J Virol 89:2659 (2015) - dataset 1,25520506,0.002,0.017,
10E8+PGT128,WEAU_D15_410,Kong et al. J Virol 89:2659 (2015) - dataset 1,25520506,0.004,0.023,
10E8+PGT128,WITO4160_33,Kong et al. J Virol 89:2659 (2015) - dataset 1,25520506,0.083,0.658,
10E8+PGT128,X1193_C1,Kong et al. J Virol 89:2659 (2015) - dataset 1,25520506,0.007,0.032,
10E8+PGT128,X1254_C3,Kong et al. J Virol 89:2659 (2015) - dataset 1,25520506,0.01,0.041,
10E8+PGT128,X1632_S2_B10,Kong et al. J Virol 89:2659 (2015) - dataset 1,25520506,0.478,2.13,
10E8+PGT128,X2088_C9,Kong et al. J Virol 89:2659 (2015) - dataset 1,25520506,>25,>25,
10E8+PGT128,X2131_C1_B5,Kong et al. J Virol 89:2659 (2015) - dataset 1,25520506,0.013,0.035,
10E8+PGT128,X2278_C2_B6,Kong et al. J Virol 89:2659 (2015) - dataset 1,25520506,0.004,0.019,
10E8+PGT128,ZM109_4,Kong et al. J Virol 89:2659 (2015) - dataset 1,25520506,0.247,1.78,
10E8+PGT128,ZM135_10A,Kong et al. J Virol 89:2659 (2015) - dataset 1,25520506,0.133,0.889,
10E8+PGT128,ZM197_7,Kong et al. J Virol 89:2659 (2015) - dataset 1,25520506,0.117,0.605,
10E8+PGT128,ZM214_15,Kong et al. J Virol 89:2659 (2015) - dataset 1,25520506,0.454,1.93,
10E8+PGT128,ZM233_6,Kong et al. J Virol 89:2659 (2015) - dataset 1,25520506,0.388,1.05,
10E8+PGT128,ZM246F,Kong et al. J Virol 89:2659 (2015) - dataset 1,25520506,0.008,0.023,
10E8+PGT128,ZM247_V1,Kong et al. J Virol 89:2659 (2015) - dataset 1,25520506,0.009,0.048,
10E8+PGT128,ZM249_1,Kong et al. J Virol 89:2659 (2015) - dataset 1,25520506,0.652,2.27,
10E8+PGT128,ZM53_12,Kong et al. J Virol 89:2659 (2015) - dataset 1,25520506,3.75,11.7,
10E8+PGT128+VRC07,0013095_2_11,Kong et al. J Virol 89:2659 (2015) - dataset 1,25520506,0.013,0.05,
10E8+PGT128+VRC07,001428_2_42,Kong et al. J Virol 89:2659 (2015) - dataset 1,25520506,0.008,0.021,
10E8+PGT128+VRC07,0260_V5_C36,Kong et al. J Virol 89:2659 (2015) - dataset 1,25520506,0.02,0.065,
10E8+PGT128+VRC07,0330_V4_C3,Kong et al. J Virol 89:2659 (2015) - dataset 1,25520506,0.021,0.077,
10E8+PGT128+VRC07,0815_V3_C3,Kong et al. J Virol 89:2659 (2015) - dataset 1,25520506,0.003,0.011,
10E8+PGT128+VRC07,1006_11_C3_1601,Kong et al. J Virol 89:2659 (2015) - dataset 1,25520506,0.008,0.021,
10E8+PGT128+VRC07,1012_11_TC21_3257,Kong et al. J Virol 89:2659 (2015) - dataset 1,25520506,0.002,0.007,
10E8+PGT128+VRC07,1054_07_TC4_1499,Kong et al. J Virol 89:2659 (2015) - dataset 1,25520506,0.002,0.014,
10E8+PGT128+VRC07,1056_10_TA11_1826,Kong et al. J Virol 89:2659 (2015) - dataset 1,25520506,0.008,0.022,
10E8+PGT128+VRC07,1394_C9G1,Kong et al. J Virol 89:2659 (2015) - dataset 1,25520506,0.003,0.011,
10E8+PGT128+VRC07,16055_2_3,Kong et al. J Virol 89:2659 (2015) - dataset 1,25520506,0.02,0.061,
10E8+PGT128+VRC07,16845_2_22,Kong et al. J Virol 89:2659 (2015) - dataset 1,25520506,0.038,0.152,
10E8+PGT128+VRC07,191084_B7_19,Kong et al. J Virol 89:2659 (2015) - dataset 1,25520506,0.006,0.024,
10E8+PGT128+VRC07,191821_E6_1,Kong et al. J Virol 89:2659 (2015) - dataset 1,25520506,0.026,0.085,
10E8+PGT128+VRC07,191955_A11,Kong et al. J Virol 89:2659 (2015) - dataset 1,25520506,0.07,0.239,
10E8+PGT128+VRC07,211_9,Kong et al. J Virol 89:2659 (2015) - dataset 1,25520506,0.028,0.101,
10E8+PGT128+VRC07,231965_C1,Kong et al. J Virol 89:2659 (2015) - dataset 1,25520506,0.037,0.091,
10E8+PGT128+VRC07,231966_C2,Kong et al. J Virol 89:2659 (2015) - dataset 1,25520506,0.062,0.156,
10E8+PGT128+VRC07,235_47,Kong et al. J Virol 89:2659 (2015) - dataset 1,25520506,0.013,0.042,
10E8+PGT128+VRC07,246_F3_C10_2,Kong et al. J Virol 89:2659 (2015) - dataset 1,25520506,0.0005,0.002,
10E8+PGT128+VRC07,249M_B10,Kong et al. J Virol 89:2659 (2015) - dataset 1,25520506,0.038,0.114,
10E8+PGT128+VRC07,25710_2_43,Kong et al. J Virol 89:2659 (2015) - dataset 1,25520506,0.004,0.017,
10E8+PGT128+VRC07,263_8,Kong et al. J Virol 89:2659 (2015) - dataset 1,25520506,0.014,0.059,
10E8+PGT128+VRC07,3016_V5_C45,Kong et al. J Virol 89:2659 (2015) - dataset 1,25520506,0.058,0.14,
10E8+PGT128+VRC07,3103_V3_C10,Kong et al. J Virol 89:2659 (2015) - dataset 1,25520506,0.007,0.018,
10E8+PGT128+VRC07,3301_V1_C24,Kong et al. J Virol 89:2659 (2015) - dataset 1,25520506,0.013,0.041,
10E8+PGT128+VRC07,3817_V2_C59,Kong et al. J Virol 89:2659 (2015) - dataset 1,25520506,0.005,0.023,
10E8+PGT128+VRC07,398_F1_F6_20,Kong et al. J Virol 89:2659 (2015) - dataset 1,25520506,0.002,0.01,
10E8+PGT128+VRC07,6041_V3_C23,Kong et al. J Virol 89:2659 (2015) - dataset 1,25520506,0.008,0.024,
10E8+PGT128+VRC07,620345_C1,Kong et al. J Virol 89:2659 (2015) - dataset 1,25520506,0.392,2.16,
10E8+PGT128+VRC07,62357_14_D3_4589,Kong et al. J Virol 89:2659 (2015) - dataset 1,25520506,0.022,0.08,
10E8+PGT128+VRC07,6240_08_TA5_4622,Kong et al. J Virol 89:2659 (2015) - dataset 1,25520506,0.011,0.029,
10E8+PGT128+VRC07,6244_13_B5_4567,Kong et al. J Virol 89:2659 (2015) - dataset 1,25520506,0.005,0.02,
10E8+PGT128+VRC07,6535_3,Kong et al. J Virol 89:2659 (2015) - dataset 1,25520506,0.004,0.013,
10E8+PGT128+VRC07,6540_V4_C1,Kong et al. J Virol 89:2659 (2015) - dataset 1,25520506,0.643,3.31,
10E8+PGT128+VRC07,6545_V4_C1,Kong et al. J Virol 89:2659 (2015) - dataset 1,25520506,0.964,3.97,
10E8+PGT128+VRC07,6811_V7_C18,Kong et al. J Virol 89:2659 (2015) - dataset 1,25520506,0.007,0.025,
10E8+PGT128+VRC07,6952_V1_C20,Kong et al. J Virol 89:2659 (2015) - dataset 1,25520506,0.008,0.042,
10E8+PGT128+VRC07,703010054_2A2,Kong et al. J Virol 89:2659 (2015) - dataset 1,25520506,0.147,0.432,
10E8+PGT128+VRC07,703010200_1E5,Kong et al. J Virol 89:2659 (2015) - dataset 1,25520506,0.004,0.013,
10E8+PGT128+VRC07,703010217_B6,Kong et al. J Virol 89:2659 (2015) - dataset 1,25520506,0.01,0.034,
10E8+PGT128+VRC07,704809221_1B3,Kong et al. J Virol 89:2659 (2015) - dataset 1,25520506,0.002,0.015,
10E8+PGT128+VRC07,89_F1_2_25,Kong et al. J Virol 89:2659 (2015) - dataset 1,25520506,0.366,1.92,
10E8+PGT128+VRC07,9004SS_A3_4,Kong et al. J Virol 89:2659 (2015) - dataset 1,25520506,0.002,0.007,
10E8+PGT128+VRC07,928_28,Kong et al. J Virol 89:2659 (2015) - dataset 1,25520506,0.11,0.448,
10E8+PGT128+VRC07,A07412M1_VRC12,Kong et al. J Virol 89:2659 (2015) - dataset 1,25520506,0.044,0.157,
10E8+PGT128+VRC07,AC10_29,Kong et al. J Virol 89:2659 (2015) - dataset 1,25520506,0.008,0.033,
10E8+PGT128+VRC07,BF1266_431A,Kong et al. J Virol 89:2659 (2015) - dataset 1,25520506,0.014,0.049,
10E8+PGT128+VRC07,BJOX002000_03_2,Kong et al. J Virol 89:2659 (2015) - dataset 1,25520506,0.009,0.027,
10E8+PGT128+VRC07,BJOX009000_02_4,Kong et al. J Virol 89:2659 (2015) - dataset 1,25520506,0.002,0.007,
10E8+PGT128+VRC07,BJOX010000_06_2,Kong et al. J Virol 89:2659 (2015) - dataset 1,25520506,0.048,0.374,
10E8+PGT128+VRC07,BJOX015000_11_5,Kong et al. J Virol 89:2659 (2015) - dataset 1,25520506,0.01,0.03,
10E8+PGT128+VRC07,BJOX025000_01_1,Kong et al. J Virol 89:2659 (2015) - dataset 1,25520506,0.154,0.748,
10E8+PGT128+VRC07,BJOX028000_10_3,Kong et al. J Virol 89:2659 (2015) - dataset 1,25520506,0.005,0.022,
10E8+PGT128+VRC07,C1080_C3,Kong et al. J Virol 89:2659 (2015) - dataset 1,25520506,0.013,0.087,
10E8+PGT128+VRC07,C2101_C1,Kong et al. J Virol 89:2659 (2015) - dataset 1,25520506,0.003,0.015,
10E8+PGT128+VRC07,C3347_C11,Kong et al. J Virol 89:2659 (2015) - dataset 1,25520506,0.004,0.016,
10E8+PGT128+VRC07,C4118_9,Kong et al. J Virol 89:2659 (2015) - dataset 1,25520506,0.04,0.141,
10E8+PGT128+VRC07,CAAN5342,Kong et al. J Virol 89:2659 (2015) - dataset 1,25520506,0.043,0.194,
10E8+PGT128+VRC07,CAP210_E8,Kong et al. J Virol 89:2659 (2015) - dataset 1,25520506,0.544,2.7,
10E8+PGT128+VRC07,CAP45_G3,Kong et al. J Virol 89:2659 (2015) - dataset 1,25520506,0.227,0.706,
10E8+PGT128+VRC07,CE0393_C3,Kong et al. J Virol 89:2659 (2015) - dataset 1,25520506,0.098,0.302,
10E8+PGT128+VRC07,CE0682_E4,Kong et al. J Virol 89:2659 (2015) - dataset 1,25520506,0.041,0.142,
10E8+PGT128+VRC07,CE1086_B2,Kong et al. J Virol 89:2659 (2015) - dataset 1,25520506,0.028,0.162,
10E8+PGT128+VRC07,CE1172_H1,Kong et al. J Virol 89:2659 (2015) - dataset 1,25520506,0.006,0.015,
10E8+PGT128+VRC07,CE1176_A3,Kong et al. J Virol 89:2659 (2015) - dataset 1,25520506,0.008,0.025,
10E8+PGT128+VRC07,CE2010_F5,Kong et al. J Virol 89:2659 (2015) - dataset 1,25520506,0.066,0.317,
10E8+PGT128+VRC07,CE2060_G9,Kong et al. J Virol 89:2659 (2015) - dataset 1,25520506,0.078,0.258,
10E8+PGT128+VRC07,CH119_10,Kong et al. J Virol 89:2659 (2015) - dataset 1,25520506,0.016,0.046,
10E8+PGT128+VRC07,CNE17,Kong et al. J Virol 89:2659 (2015) - dataset 1,25520506,0.061,0.222,
10E8+PGT128+VRC07,CNE19,Kong et al. J Virol 89:2659 (2015) - dataset 1,25520506,0.037,0.142,
10E8+PGT128+VRC07,CNE20,Kong et al. J Virol 89:2659 (2015) - dataset 1,25520506,0.001,0.006,
10E8+PGT128+VRC07,CNE21,Kong et al. J Virol 89:2659 (2015) - dataset 1,25520506,0.009,0.022,
10E8+PGT128+VRC07,CNE30,Kong et al. J Virol 89:2659 (2015) - dataset 1,25520506,0.089,0.332,
10E8+PGT128+VRC07,CNE5,Kong et al. J Virol 89:2659 (2015) - dataset 1,25520506,0.037,0.117,
10E8+PGT128+VRC07,CNE52,Kong et al. J Virol 89:2659 (2015) - dataset 1,25520506,0.044,0.143,
10E8+PGT128+VRC07,CNE53,Kong et al. J Virol 89:2659 (2015) - dataset 1,25520506,0.011,0.034,
10E8+PGT128+VRC07,CNE55,Kong et al. J Virol 89:2659 (2015) - dataset 1,25520506,0.041,0.177,
10E8+PGT128+VRC07,CNE58,Kong et al. J Virol 89:2659 (2015) - dataset 1,25520506,0.051,0.144,
10E8+PGT128+VRC07,CNE8,Kong et al. J Virol 89:2659 (2015) - dataset 1,25520506,0.007,0.022,
10E8+PGT128+VRC07,DU156_12,Kong et al. J Virol 89:2659 (2015) - dataset 1,25520506,0.006,0.02,
10E8+PGT128+VRC07,DU172_17,Kong et al. J Virol 89:2659 (2015) - dataset 1,25520506,0.013,0.055,
10E8+PGT128+VRC07,DU422_1,Kong et al. J Virol 89:2659 (2015) - dataset 1,25520506,0.086,0.2,
10E8+PGT128+VRC07,MS208_A1,Kong et al. J Virol 89:2659 (2015) - dataset 1,25520506,0.092,0.315,
10E8+PGT128+VRC07,P0402_C2_11,Kong et al. J Virol 89:2659 (2015) - dataset 1,25520506,0.006,0.022,
10E8+PGT128+VRC07,P1981_C5_3,Kong et al. J Virol 89:2659 (2015) - dataset 1,25520506,0.004,0.02,
10E8+PGT128+VRC07,PVO_4,Kong et al. J Virol 89:2659 (2015) - dataset 1,25520506,0.008,0.023,
10E8+PGT128+VRC07,Q23_17,Kong et al. J Virol 89:2659 (2015) - dataset 1,25520506,0.006,0.02,
10E8+PGT128+VRC07,Q259_17,Kong et al. J Virol 89:2659 (2015) - dataset 1,25520506,0.038,0.105,
10E8+PGT128+VRC07,Q461_E2,Kong et al. J Virol 89:2659 (2015) - dataset 1,25520506,0.155,0.497,
10E8+PGT128+VRC07,Q769_D22,Kong et al. J Virol 89:2659 (2015) - dataset 1,25520506,0.029,0.073,
10E8+PGT128+VRC07,Q842_D12,Kong et al. J Virol 89:2659 (2015) - dataset 1,25520506,0.008,0.027,
10E8+PGT128+VRC07,QH0692_42,Kong et al. J Virol 89:2659 (2015) - dataset 1,25520506,0.021,0.066,
10E8+PGT128+VRC07,R1166_C1,Kong et al. J Virol 89:2659 (2015) - dataset 1,25520506,0.342,1.06,
10E8+PGT128+VRC07,R2184_C4,Kong et al. J Virol 89:2659 (2015) - dataset 1,25520506,0.053,0.16,
10E8+PGT128+VRC07,R3265_C6,Kong et al. J Virol 89:2659 (2015) - dataset 1,25520506,0.221,0.607,
10E8+PGT128+VRC07,REJO4541_67,Kong et al. J Virol 89:2659 (2015) - dataset 1,25520506,0.023,0.064,
10E8+PGT128+VRC07,RHPA4259_7,Kong et al. J Virol 89:2659 (2015) - dataset 1,25520506,0.009,0.028,
10E8+PGT128+VRC07,SC05_8C11_2344,Kong et al. J Virol 89:2659 (2015) - dataset 1,25520506,0.009,0.032,
10E8+PGT128+VRC07,SC422_8,Kong et al. J Virol 89:2659 (2015) - dataset 1,25520506,0.041,0.156,
10E8+PGT128+VRC07,T250_4,Kong et al. J Virol 89:2659 (2015) - dataset 1,25520506,0.002,0.009,
10E8+PGT128+VRC07,T251_18,Kong et al. J Virol 89:2659 (2015) - dataset 1,25520506,0.184,0.802,
10E8+PGT128+VRC07,T255_34,Kong et al. J Virol 89:2659 (2015) - dataset 1,25520506,0.073,0.287,
10E8+PGT128+VRC07,T257_31,Kong et al. J Virol 89:2659 (2015) - dataset 1,25520506,0.269,1.01,
10E8+PGT128+VRC07,T278_50,Kong et al. J Virol 89:2659 (2015) - dataset 1,25520506,0.043,0.139,
10E8+PGT128+VRC07,THRO4156,Kong et al. J Virol 89:2659 (2015) - dataset 1,25520506,0.048,0.393,
10E8+PGT128+VRC07,TRJO4551_58,Kong et al. J Virol 89:2659 (2015) - dataset 1,25520506,0.009,0.028,
10E8+PGT128+VRC07,TRO_11,Kong et al. J Virol 89:2659 (2015) - dataset 1,25520506,0.004,0.022,
10E8+PGT128+VRC07,WEAU_D15_410,Kong et al. J Virol 89:2659 (2015) - dataset 1,25520506,0.004,0.017,
10E8+PGT128+VRC07,WITO4160_33,Kong et al. J Virol 89:2659 (2015) - dataset 1,25520506,0.026,0.122,
10E8+PGT128+VRC07,X1193_C1,Kong et al. J Virol 89:2659 (2015) - dataset 1,25520506,0.008,0.031,
10E8+PGT128+VRC07,X1254_C3,Kong et al. J Virol 89:2659 (2015) - dataset 1,25520506,0.01,0.03,
10E8+PGT128+VRC07,X1632_S2_B10,Kong et al. J Virol 89:2659 (2015) - dataset 1,25520506,0.022,0.074,
10E8+PGT128+VRC07,X2088_C9,Kong et al. J Virol 89:2659 (2015) - dataset 1,25520506,>25,>25,
10E8+PGT128+VRC07,X2131_C1_B5,Kong et al. J Virol 89:2659 (2015) - dataset 1,25520506,0.013,0.045,
10E8+PGT128+VRC07,X2278_C2_B6,Kong et al. J Virol 89:2659 (2015) - dataset 1,25520506,0.006,0.019,
10E8+PGT128+VRC07,ZM109_4,Kong et al. J Virol 89:2659 (2015) - dataset 1,25520506,0.041,0.157,
10E8+PGT128+VRC07,ZM135_10A,Kong et al. J Virol 89:2659 (2015) - dataset 1,25520506,0.053,0.209,
10E8+PGT128+VRC07,ZM197_7,Kong et al. J Virol 89:2659 (2015) - dataset 1,25520506,0.046,0.256,
10E8+PGT128+VRC07,ZM214_15,Kong et al. J Virol 89:2659 (2015) - dataset 1,25520506,0.161,0.633,
10E8+PGT128+VRC07,ZM233_6,Kong et al. J Virol 89:2659 (2015) - dataset 1,25520506,0.203,0.484,
10E8+PGT128+VRC07,ZM246F,Kong et al. J Virol 89:2659 (2015) - dataset 1,25520506,0.007,0.022,
10E8+PGT128+VRC07,ZM247_V1,Kong et al. J Virol 89:2659 (2015) - dataset 1,25520506,0.005,0.03,
10E8+PGT128+VRC07,ZM249_1,Kong et al. J Virol 89:2659 (2015) - dataset 1,25520506,0.076,0.206,
10E8+PGT128+VRC07,ZM53_12,Kong et al. J Virol 89:2659 (2015) - dataset 1,25520506,0.359,1.13,
10E8v4-5R-100cF+N6,0013095_2_11,Kwon et al. Cell Reports 22:1798 (2018),29444432,0.002,0.012,
10E8v4-5R-100cF+N6,001428_2_42,Kwon et al. Cell Reports 22:1798 (2018),29444432,0.01,0.027,
10E8v4-5R-100cF+N6,0077_V1_C16,Kwon et al. Cell Reports 22:1798 (2018),29444432,0.023,0.087,
10E8v4-5R-100cF+N6,00836_2_5,Kwon et al. Cell Reports 22:1798 (2018),29444432,0.01,0.017,
10E8v4-5R-100cF+N6,0260_V5_C36,Kwon et al. Cell Reports 22:1798 (2018),29444432,0.101,0.262,
10E8v4-5R-100cF+N6,0330_V4_C3,Kwon et al. Cell Reports 22:1798 (2018),29444432,0.021,0.074,
10E8v4-5R-100cF+N6,0439_V5_C1,Kwon et al. Cell Reports 22:1798 (2018),29444432,0.031,0.084,
10E8v4-5R-100cF+N6,0815_V3_C3,Kwon et al. Cell Reports 22:1798 (2018),29444432,0.014,0.041,
10E8v4-5R-100cF+N6,0921_V2_C14,Kwon et al. Cell Reports 22:1798 (2018),29444432,0.039,0.104,
10E8v4-5R-100cF+N6,16055_2_3,Kwon et al. Cell Reports 22:1798 (2018),29444432,0.023,0.058,
10E8v4-5R-100cF+N6,16845_2_22,Kwon et al. Cell Reports 22:1798 (2018),29444432,0.003,0.015,
10E8v4-5R-100cF+N6,16936_2_21,Kwon et al. Cell Reports 22:1798 (2018),29444432,0.008,0.036,
10E8v4-5R-100cF+N6,191821_E6_1,Kwon et al. Cell Reports 22:1798 (2018),29444432,0.051,0.151,
10E8v4-5R-100cF+N6,231965_C1,Kwon et al. Cell Reports 22:1798 (2018),29444432,0.037,0.163,
10E8v4-5R-100cF+N6,235_47,Kwon et al. Cell Reports 22:1798 (2018),29444432,0.006,0.02,
10E8v4-5R-100cF+N6,242_14,Kwon et al. Cell Reports 22:1798 (2018),29444432,0.044,0.212,
10E8v4-5R-100cF+N6,246_F3_C10_2,Kwon et al. Cell Reports 22:1798 (2018),29444432,0.015,0.053,
10E8v4-5R-100cF+N6,247_23,Kwon et al. Cell Reports 22:1798 (2018),29444432,0.017,0.057,
10E8v4-5R-100cF+N6,25710_2_43,Kwon et al. Cell Reports 22:1798 (2018),29444432,0.005,0.026,
10E8v4-5R-100cF+N6,25711_2_4,Kwon et al. Cell Reports 22:1798 (2018),29444432,0.032,0.097,
10E8v4-5R-100cF+N6,25925_2_22,Kwon et al. Cell Reports 22:1798 (2018),29444432,0.03,0.098,
10E8v4-5R-100cF+N6,26191_2_48,Kwon et al. Cell Reports 22:1798 (2018),29444432,0.019,0.078,
10E8v4-5R-100cF+N6,263_8,Kwon et al. Cell Reports 22:1798 (2018),29444432,0.008,0.034,
10E8v4-5R-100cF+N6,269_12,Kwon et al. Cell Reports 22:1798 (2018),29444432,0.009,0.035,
10E8v4-5R-100cF+N6,271_11,Kwon et al. Cell Reports 22:1798 (2018),29444432,0.018,0.061,
10E8v4-5R-100cF+N6,286_36,Kwon et al. Cell Reports 22:1798 (2018),29444432,0.079,0.276,
10E8v4-5R-100cF+N6,288_38,Kwon et al. Cell Reports 22:1798 (2018),29444432,0.056,0.229,
10E8v4-5R-100cF+N6,3016_V5_C45,Kwon et al. Cell Reports 22:1798 (2018),29444432,0.011,0.035,
10E8v4-5R-100cF+N6,3168_V4_C10,Kwon et al. Cell Reports 22:1798 (2018),29444432,0.037,0.126,
10E8v4-5R-100cF+N6,3301_V1_C24,Kwon et al. Cell Reports 22:1798 (2018),29444432,0.016,0.036,
10E8v4-5R-100cF+N6,3326_V4_C3,Kwon et al. Cell Reports 22:1798 (2018),29444432,0.004,0.011,
10E8v4-5R-100cF+N6,3337_V2_C6,Kwon et al. Cell Reports 22:1798 (2018),29444432,0.014,0.04,
10E8v4-5R-100cF+N6,3365_V2_C20,Kwon et al. Cell Reports 22:1798 (2018),29444432,0.016,0.041,
10E8v4-5R-100cF+N6,3415_V1_C1,Kwon et al. Cell Reports 22:1798 (2018),29444432,0.047,0.092,
10E8v4-5R-100cF+N6,3468_V1_C12,Kwon et al. Cell Reports 22:1798 (2018),29444432,0.013,0.036,
10E8v4-5R-100cF+N6,3589_V1_C4,Kwon et al. Cell Reports 22:1798 (2018),29444432,0.014,0.045,
10E8v4-5R-100cF+N6,3637_V5_C3,Kwon et al. Cell Reports 22:1798 (2018),29444432,0.103,0.242,
10E8v4-5R-100cF+N6,3718_3_11,Kwon et al. Cell Reports 22:1798 (2018),29444432,0.021,0.058,
10E8v4-5R-100cF+N6,3817_V2_C59,Kwon et al. Cell Reports 22:1798 (2018),29444432,0.03,0.121,
10E8v4-5R-100cF+N6,3873_V1_C24,Kwon et al. Cell Reports 22:1798 (2018),29444432,0.072,0.192,
10E8v4-5R-100cF+N6,3988_25,Kwon et al. Cell Reports 22:1798 (2018),29444432,0.019,0.058,
10E8v4-5R-100cF+N6,398_F1_F6_20,Kwon et al. Cell Reports 22:1798 (2018),29444432,0.016,0.082,
10E8v4-5R-100cF+N6,45_01DG5,Kwon et al. Cell Reports 22:1798 (2018),29444432,0.005,0.011,
10E8v4-5R-100cF+N6,57128_VRC15,Kwon et al. Cell Reports 22:1798 (2018),29444432,0.016,0.083,
10E8v4-5R-100cF+N6,5768_4,Kwon et al. Cell Reports 22:1798 (2018),29444432,0.072,0.186,
10E8v4-5R-100cF+N6,6095_V1_C10,Kwon et al. Cell Reports 22:1798 (2018),29444432,0.001,0.003,
10E8v4-5R-100cF+N6,6101_1,Kwon et al. Cell Reports 22:1798 (2018),29444432,0.002,0.008,
10E8v4-5R-100cF+N6,620345_C1,Kwon et al. Cell Reports 22:1798 (2018),29444432,0.029,0.136,
10E8v4-5R-100cF+N6,6322_V4_C1,Kwon et al. Cell Reports 22:1798 (2018),29444432,0.03,0.096,
10E8v4-5R-100cF+N6,6405_V4_C34,Kwon et al. Cell Reports 22:1798 (2018),29444432,0.034,0.131,
10E8v4-5R-100cF+N6,6471_V1_C16,Kwon et al. Cell Reports 22:1798 (2018),29444432,0.495,1.69,
10E8v4-5R-100cF+N6,6535_3,Kwon et al. Cell Reports 22:1798 (2018),29444432,0.009,0.049,
10E8v4-5R-100cF+N6,6540_V4_C1,Kwon et al. Cell Reports 22:1798 (2018),29444432,0.007,0.105,
10E8v4-5R-100cF+N6,6545_V4_C1,Kwon et al. Cell Reports 22:1798 (2018),29444432,0.046,0.322,
10E8v4-5R-100cF+N6,6631_V3_C10,Kwon et al. Cell Reports 22:1798 (2018),29444432,0.026,0.092,
10E8v4-5R-100cF+N6,6644_V2_C33,Kwon et al. Cell Reports 22:1798 (2018),29444432,0.005,0.019,
10E8v4-5R-100cF+N6,6785_V5_C14,Kwon et al. Cell Reports 22:1798 (2018),29444432,0.086,0.163,
10E8v4-5R-100cF+N6,6838_V1_C35,Kwon et al. Cell Reports 22:1798 (2018),29444432,0.016,0.046,
10E8v4-5R-100cF+N6,703010217_B6,Kwon et al. Cell Reports 22:1798 (2018),29444432,0.005,0.033,
10E8v4-5R-100cF+N6,7165_18,Kwon et al. Cell Reports 22:1798 (2018),29444432,0.018,0.081,
10E8v4-5R-100cF+N6,89_6,Kwon et al. Cell Reports 22:1798 (2018),29444432,0.016,0.051,
10E8v4-5R-100cF+N6,928_28,Kwon et al. Cell Reports 22:1798 (2018),29444432,0.01,0.032,
10E8v4-5R-100cF+N6,92BR025_9,Kwon et al. Cell Reports 22:1798 (2018),29444432,0.013,0.055,
10E8v4-5R-100cF+N6,92RW020_2,Kwon et al. Cell Reports 22:1798 (2018),29444432,0.035,0.088,
10E8v4-5R-100cF+N6,96ZM651_02,Kwon et al. Cell Reports 22:1798 (2018),29444432,0.007,0.022,
10E8v4-5R-100cF+N6,A03349M1_VRC4A,Kwon et al. Cell Reports 22:1798 (2018),29444432,0.018,0.055,
10E8v4-5R-100cF+N6,A07412M1_VRC12,Kwon et al. Cell Reports 22:1798 (2018),29444432,0.008,0.036,
10E8v4-5R-100cF+N6,AC10_29,Kwon et al. Cell Reports 22:1798 (2018),29444432,0.013,0.048,
10E8v4-5R-100cF+N6,ADA,Kwon et al. Cell Reports 22:1798 (2018),29444432,0.006,0.028,
10E8v4-5R-100cF+N6,BAL_01,Kwon et al. Cell Reports 22:1798 (2018),29444432,0.015,0.045,
10E8v4-5R-100cF+N6,BAL_26,Kwon et al. Cell Reports 22:1798 (2018),29444432,0.007,0.025,
10E8v4-5R-100cF+N6,BB201_B42,Kwon et al. Cell Reports 22:1798 (2018),29444432,0.02,0.12,
10E8v4-5R-100cF+N6,BB539_2B13,Kwon et al. Cell Reports 22:1798 (2018),29444432,0.015,0.057,
10E8v4-5R-100cF+N6,BG1168_1,Kwon et al. Cell Reports 22:1798 (2018),29444432,0.01,0.033,
10E8v4-5R-100cF+N6,BG505_W6M_C2,Kwon et al. Cell Reports 22:1798 (2018),29444432,0.02,0.057,
10E8v4-5R-100cF+N6,BI369_9A,Kwon et al. Cell Reports 22:1798 (2018),29444432,0.063,0.232,
10E8v4-5R-100cF+N6,BJOX002000_03_2,Kwon et al. Cell Reports 22:1798 (2018),29444432,0.011,0.047,
10E8v4-5R-100cF+N6,BJOX009000_02_4,Kwon et al. Cell Reports 22:1798 (2018),29444432,0.023,0.109,
10E8v4-5R-100cF+N6,BJOX010000_06_2,Kwon et al. Cell Reports 22:1798 (2018),29444432,0.01,0.055,
10E8v4-5R-100cF+N6,BJOX025000_01_1,Kwon et al. Cell Reports 22:1798 (2018),29444432,0.007,0.027,
10E8v4-5R-100cF+N6,BJOX028000_10_3,Kwon et al. Cell Reports 22:1798 (2018),29444432,0.003,0.009,
10E8v4-5R-100cF+N6,BL01,Kwon et al. Cell Reports 22:1798 (2018),29444432,0.013,0.082,
10E8v4-5R-100cF+N6,BR07,Kwon et al. Cell Reports 22:1798 (2018),29444432,0.007,0.04,
10E8v4-5R-100cF+N6,BS208_B1,Kwon et al. Cell Reports 22:1798 (2018),29444432,0.009,0.031,
10E8v4-5R-100cF+N6,BX08_16,Kwon et al. Cell Reports 22:1798 (2018),29444432,0.006,0.029,
10E8v4-5R-100cF+N6,C1080_C3,Kwon et al. Cell Reports 22:1798 (2018),29444432,0.006,0.036,
10E8v4-5R-100cF+N6,C2101_C1,Kwon et al. Cell Reports 22:1798 (2018),29444432,0.04,0.116,
10E8v4-5R-100cF+N6,C3347_C11,Kwon et al. Cell Reports 22:1798 (2018),29444432,0.002,0.007,
10E8v4-5R-100cF+N6,C4118_9,Kwon et al. Cell Reports 22:1798 (2018),29444432,0.014,0.061,
10E8v4-5R-100cF+N6,CAAN5342,Kwon et al. Cell Reports 22:1798 (2018),29444432,0.109,0.324,
10E8v4-5R-100cF+N6,CAP210_E8,Kwon et al. Cell Reports 22:1798 (2018),29444432,0.063,0.283,
10E8v4-5R-100cF+N6,CAP244_D3,Kwon et al. Cell Reports 22:1798 (2018),29444432,0.016,0.07,
10E8v4-5R-100cF+N6,CAP256_SU,Kwon et al. Cell Reports 22:1798 (2018),29444432,0.038,0.134,
10E8v4-5R-100cF+N6,CAP45_G3,Kwon et al. Cell Reports 22:1798 (2018),29444432,0.014,0.053,
10E8v4-5R-100cF+N6,CE1176_A3,Kwon et al. Cell Reports 22:1798 (2018),29444432,0.016,0.077,
10E8v4-5R-100cF+N6,CH038_12,Kwon et al. Cell Reports 22:1798 (2018),29444432,0.018,0.079,
10E8v4-5R-100cF+N6,CH070_1,Kwon et al. Cell Reports 22:1798 (2018),29444432,0.034,0.123,
10E8v4-5R-100cF+N6,CH117_4,Kwon et al. Cell Reports 22:1798 (2018),29444432,0.011,0.037,
10E8v4-5R-100cF+N6,CH119_10,Kwon et al. Cell Reports 22:1798 (2018),29444432,0.029,0.067,
10E8v4-5R-100cF+N6,CH181_12,Kwon et al. Cell Reports 22:1798 (2018),29444432,0.02,0.068,
10E8v4-5R-100cF+N6,CM244_EC1,Kwon et al. Cell Reports 22:1798 (2018),29444432,0.028,0.094,
10E8v4-5R-100cF+N6,CNE10,Kwon et al. Cell Reports 22:1798 (2018),29444432,0.017,0.059,
10E8v4-5R-100cF+N6,CNE12,Kwon et al. Cell Reports 22:1798 (2018),29444432,0.021,0.072,
10E8v4-5R-100cF+N6,CNE14,Kwon et al. Cell Reports 22:1798 (2018),29444432,0.022,0.054,
10E8v4-5R-100cF+N6,CNE15,Kwon et al. Cell Reports 22:1798 (2018),29444432,0.021,0.057,
10E8v4-5R-100cF+N6,CNE19,Kwon et al. Cell Reports 22:1798 (2018),29444432,0.01,0.032,
10E8v4-5R-100cF+N6,CNE20,Kwon et al. Cell Reports 22:1798 (2018),29444432,0.019,0.07,
10E8v4-5R-100cF+N6,CNE21,Kwon et al. Cell Reports 22:1798 (2018),29444432,0.01,0.065,
10E8v4-5R-100cF+N6,CNE3,Kwon et al. Cell Reports 22:1798 (2018),29444432,0.017,0.054,
10E8v4-5R-100cF+N6,CNE30,Kwon et al. Cell Reports 22:1798 (2018),29444432,0.028,0.134,
10E8v4-5R-100cF+N6,CNE31,Kwon et al. Cell Reports 22:1798 (2018),29444432,0.062,0.17,
10E8v4-5R-100cF+N6,CNE4,Kwon et al. Cell Reports 22:1798 (2018),29444432,0.011,0.058,
10E8v4-5R-100cF+N6,CNE40,Kwon et al. Cell Reports 22:1798 (2018),29444432,0.001,0.004,
10E8v4-5R-100cF+N6,CNE5,Kwon et al. Cell Reports 22:1798 (2018),29444432,0.027,0.081,
10E8v4-5R-100cF+N6,CNE53,Kwon et al. Cell Reports 22:1798 (2018),29444432,0.012,0.035,
10E8v4-5R-100cF+N6,CNE55,Kwon et al. Cell Reports 22:1798 (2018),29444432,0.011,0.046,
10E8v4-5R-100cF+N6,CNE56,Kwon et al. Cell Reports 22:1798 (2018),29444432,0.008,0.031,
10E8v4-5R-100cF+N6,CNE57,Kwon et al. Cell Reports 22:1798 (2018),29444432,0.009,0.035,
10E8v4-5R-100cF+N6,CNE58,Kwon et al. Cell Reports 22:1798 (2018),29444432,0.01,0.03,
10E8v4-5R-100cF+N6,CNE59,Kwon et al. Cell Reports 22:1798 (2018),29444432,0.001,0.004,
10E8v4-5R-100cF+N6,CNE7,Kwon et al. Cell Reports 22:1798 (2018),29444432,0.005,0.019,
10E8v4-5R-100cF+N6,CNE8,Kwon et al. Cell Reports 22:1798 (2018),29444432,0.003,0.012,
10E8v4-5R-100cF+N6,DJ263_8,Kwon et al. Cell Reports 22:1798 (2018),29444432,0.003,0.013,
10E8v4-5R-100cF+N6,DU123_06,Kwon et al. Cell Reports 22:1798 (2018),29444432,0.007,0.028,
10E8v4-5R-100cF+N6,DU151_02,Kwon et al. Cell Reports 22:1798 (2018),29444432,0.018,0.06,
10E8v4-5R-100cF+N6,DU156_12,Kwon et al. Cell Reports 22:1798 (2018),29444432,0.002,0.007,
10E8v4-5R-100cF+N6,DU172_17,Kwon et al. Cell Reports 22:1798 (2018),29444432,0.006,0.024,
10E8v4-5R-100cF+N6,DU422_1,Kwon et al. Cell Reports 22:1798 (2018),29444432,0.017,0.051,
10E8v4-5R-100cF+N6,H086_8,Kwon et al. Cell Reports 22:1798 (2018),29444432,0.043,0.224,
10E8v4-5R-100cF+N6,HT593_1,Kwon et al. Cell Reports 22:1798 (2018),29444432,0.01,0.04,
10E8v4-5R-100cF+N6,HXB2,Kwon et al. Cell Reports 22:1798 (2018),29444432,0.002,0.004,
10E8v4-5R-100cF+N6,JRCSF,Kwon et al. Cell Reports 22:1798 (2018),29444432,0.043,0.143,
10E8v4-5R-100cF+N6,JRFL,Kwon et al. Cell Reports 22:1798 (2018),29444432,0.004,0.012,
10E8v4-5R-100cF+N6,KER2008_12,Kwon et al. Cell Reports 22:1798 (2018),29444432,0.352,0.79,
10E8v4-5R-100cF+N6,KER2018_11,Kwon et al. Cell Reports 22:1798 (2018),29444432,0.111,0.33,
10E8v4-5R-100cF+N6,KNH1209_18,Kwon et al. Cell Reports 22:1798 (2018),29444432,0.015,0.077,
10E8v4-5R-100cF+N6,KO426_T78_10,Kwon et al. Cell Reports 22:1798 (2018),29444432,0.04,0.124,
10E8v4-5R-100cF+N6,M02138,Kwon et al. Cell Reports 22:1798 (2018),29444432,0.019,0.063,
10E8v4-5R-100cF+N6,MB201_A1,Kwon et al. Cell Reports 22:1798 (2018),29444432,0.031,0.096,
10E8v4-5R-100cF+N6,MB539_2B7,Kwon et al. Cell Reports 22:1798 (2018),29444432,0.091,0.285,
10E8v4-5R-100cF+N6,MI369_A5,Kwon et al. Cell Reports 22:1798 (2018),29444432,0.046,0.127,
10E8v4-5R-100cF+N6,MN_3,Kwon et al. Cell Reports 22:1798 (2018),29444432,0.0006,0.002,
10E8v4-5R-100cF+N6,MS208_A1,Kwon et al. Cell Reports 22:1798 (2018),29444432,0.041,0.116,
10E8v4-5R-100cF+N6,MW965_26,Kwon et al. Cell Reports 22:1798 (2018),29444432,0.001,0.002,
10E8v4-5R-100cF+N6,NKU3006_EC1,Kwon et al. Cell Reports 22:1798 (2018),29444432,0.022,0.104,
10E8v4-5R-100cF+N6,P0402_C2_11,Kwon et al. Cell Reports 22:1798 (2018),29444432,0.006,0.023,
10E8v4-5R-100cF+N6,P1981_C5_3,Kwon et al. Cell Reports 22:1798 (2018),29444432,0.004,0.012,
10E8v4-5R-100cF+N6,PVO_4,Kwon et al. Cell Reports 22:1798 (2018),29444432,0.067,0.186,
10E8v4-5R-100cF+N6,Q168_A2,Kwon et al. Cell Reports 22:1798 (2018),29444432,0.023,0.072,
10E8v4-5R-100cF+N6,Q23_17,Kwon et al. Cell Reports 22:1798 (2018),29444432,0.016,0.068,
10E8v4-5R-100cF+N6,Q259_17,Kwon et al. Cell Reports 22:1798 (2018),29444432,0.078,0.295,
10E8v4-5R-100cF+N6,Q461_E2,Kwon et al. Cell Reports 22:1798 (2018),29444432,0.258,0.609,
10E8v4-5R-100cF+N6,Q769_D22,Kwon et al. Cell Reports 22:1798 (2018),29444432,0.011,0.042,
10E8v4-5R-100cF+N6,Q769_H5,Kwon et al. Cell Reports 22:1798 (2018),29444432,0.023,0.077,
10E8v4-5R-100cF+N6,Q842_D12,Kwon et al. Cell Reports 22:1798 (2018),29444432,0.014,0.033,
10E8v4-5R-100cF+N6,QH0515_1,Kwon et al. Cell Reports 22:1798 (2018),29444432,0.087,0.267,
10E8v4-5R-100cF+N6,QH0692_42,Kwon et al. Cell Reports 22:1798 (2018),29444432,0.015,0.089,
10E8v4-5R-100cF+N6,QH209_14M_A2,Kwon et al. Cell Reports 22:1798 (2018),29444432,0.009,0.026,
10E8v4-5R-100cF+N6,R1166_C1,Kwon et al. Cell Reports 22:1798 (2018),29444432,0.008,0.067,
10E8v4-5R-100cF+N6,R2184_C4,Kwon et al. Cell Reports 22:1798 (2018),29444432,0.017,0.05,
10E8v4-5R-100cF+N6,R3265_C6,Kwon et al. Cell Reports 22:1798 (2018),29444432,0.027,0.128,
10E8v4-5R-100cF+N6,REJO4541_67,Kwon et al. Cell Reports 22:1798 (2018),29444432,0.01,0.043,
10E8v4-5R-100cF+N6,RHPA4259_7,Kwon et al. Cell Reports 22:1798 (2018),29444432,0.01,0.037,
10E8v4-5R-100cF+N6,S018_18,Kwon et al. Cell Reports 22:1798 (2018),29444432,0.009,0.035,
10E8v4-5R-100cF+N6,SC422_8,Kwon et al. Cell Reports 22:1798 (2018),29444432,0.016,0.07,
10E8v4-5R-100cF+N6,SF162,Kwon et al. Cell Reports 22:1798 (2018),29444432,0.014,0.065,
10E8v4-5R-100cF+N6,SS1196_1,Kwon et al. Cell Reports 22:1798 (2018),29444432,0.013,0.049,
10E8v4-5R-100cF+N6,T250_4,Kwon et al. Cell Reports 22:1798 (2018),29444432,0.013,0.045,
10E8v4-5R-100cF+N6,T251_18,Kwon et al. Cell Reports 22:1798 (2018),29444432,0.023,0.114,
10E8v4-5R-100cF+N6,T253_11,Kwon et al. Cell Reports 22:1798 (2018),29444432,0.014,0.065,
10E8v4-5R-100cF+N6,T255_34,Kwon et al. Cell Reports 22:1798 (2018),29444432,0.007,0.037,
10E8v4-5R-100cF+N6,T257_31,Kwon et al. Cell Reports 22:1798 (2018),29444432,0.005,0.084,
10E8v4-5R-100cF+N6,T266_60,Kwon et al. Cell Reports 22:1798 (2018),29444432,0.179,0.671,
10E8v4-5R-100cF+N6,T278_50,Kwon et al. Cell Reports 22:1798 (2018),29444432,0.255,0.822,
10E8v4-5R-100cF+N6,T280_5,Kwon et al. Cell Reports 22:1798 (2018),29444432,0.018,0.051,
10E8v4-5R-100cF+N6,T33_7,Kwon et al. Cell Reports 22:1798 (2018),29444432,0.008,0.023,
10E8v4-5R-100cF+N6,TH023_6,Kwon et al. Cell Reports 22:1798 (2018),29444432,0.006,0.029,
10E8v4-5R-100cF+N6,TH966_8,Kwon et al. Cell Reports 22:1798 (2018),29444432,0.01,0.038,
10E8v4-5R-100cF+N6,TH976_17,Kwon et al. Cell Reports 22:1798 (2018),29444432,0.013,0.051,
10E8v4-5R-100cF+N6,THRO4156,Kwon et al. Cell Reports 22:1798 (2018),29444432,0.016,0.07,
10E8v4-5R-100cF+N6,TRJO4551_58,Kwon et al. Cell Reports 22:1798 (2018),29444432,0.069,0.199,
10E8v4-5R-100cF+N6,TRO_11,Kwon et al. Cell Reports 22:1798 (2018),29444432,0.013,0.056,
10E8v4-5R-100cF+N6,TV1_29,Kwon et al. Cell Reports 22:1798 (2018),29444432,0.048,0.177,
10E8v4-5R-100cF+N6,TZA125_17,Kwon et al. Cell Reports 22:1798 (2018),29444432,0.028,0.134,
10E8v4-5R-100cF+N6,TZBD_02,Kwon et al. Cell Reports 22:1798 (2018),29444432,0.072,0.169,
10E8v4-5R-100cF+N6,UG021_16,Kwon et al. Cell Reports 22:1798 (2018),29444432,0.019,0.087,
10E8v4-5R-100cF+N6,UG024_2,Kwon et al. Cell Reports 22:1798 (2018),29444432,0.009,0.043,
10E8v4-5R-100cF+N6,UG037_8,Kwon et al. Cell Reports 22:1798 (2018),29444432,0.013,0.048,
10E8v4-5R-100cF+N6,WITO4160_33,Kwon et al. Cell Reports 22:1798 (2018),29444432,0.007,0.039,
10E8v4-5R-100cF+N6,X1193_C1,Kwon et al. Cell Reports 22:1798 (2018),29444432,0.024,0.074,
10E8v4-5R-100cF+N6,X1254_C3,Kwon et al. Cell Reports 22:1798 (2018),29444432,0.014,0.045,
10E8v4-5R-100cF+N6,X1632_S2_B10,Kwon et al. Cell Reports 22:1798 (2018),29444432,0.01,0.043,
10E8v4-5R-100cF+N6,X2088_C9,Kwon et al. Cell Reports 22:1798 (2018),29444432,0.049,0.136,
10E8v4-5R-100cF+N6,X2131_C1_B5,Kwon et al. Cell Reports 22:1798 (2018),29444432,0.002,0.018,
10E8v4-5R-100cF+N6,X2278_C2_B6,Kwon et al. Cell Reports 22:1798 (2018),29444432,0.012,0.044,
10E8v4-5R-100cF+N6,YU2,Kwon et al. Cell Reports 22:1798 (2018),29444432,0.007,0.028,
10E8v4-5R-100cF+N6,ZA012_29,Kwon et al. Cell Reports 22:1798 (2018),29444432,0.023,0.069,
10E8v4-5R-100cF+N6,ZM106_9,Kwon et al. Cell Reports 22:1798 (2018),29444432,0.03,0.092,
10E8v4-5R-100cF+N6,ZM109_4,Kwon et al. Cell Reports 22:1798 (2018),29444432,0.008,0.038,
10E8v4-5R-100cF+N6,ZM135_10A,Kwon et al. Cell Reports 22:1798 (2018),29444432,0.009,0.046,
10E8v4-5R-100cF+N6,ZM176_66,Kwon et al. Cell Reports 22:1798 (2018),29444432,0.005,0.017,
10E8v4-5R-100cF+N6,ZM197_7,Kwon et al. Cell Reports 22:1798 (2018),29444432,0.003,0.023,
10E8v4-5R-100cF+N6,ZM214_15,Kwon et al. Cell Reports 22:1798 (2018),29444432,0.03,0.174,
10E8v4-5R-100cF+N6,ZM215_8,Kwon et al. Cell Reports 22:1798 (2018),29444432,0.008,0.034,
10E8v4-5R-100cF+N6,ZM233_6,Kwon et al. Cell Reports 22:1798 (2018),29444432,0.02,0.076,
10E8v4-5R-100cF+N6,ZM249_1,Kwon et al. Cell Reports 22:1798 (2018),29444432,0.023,0.061,
10E8v4-5R-100cF+N6,ZM53_12,Kwon et al. Cell Reports 22:1798 (2018),29444432,0.099,0.253,
10E8v4-5R-100cF+N6,ZM55_28A,Kwon et al. Cell Reports 22:1798 (2018),29444432,0.018,0.059,
10E8v4+N49P7+PGDM1400,0013095_2_11,Rujas et al. PNAS USA. 119:e2112887119 (2022) - Dataset 2,35064083,0.001,0.005,
10E8v4+N49P7+PGDM1400,001428_2_42,Rujas et al. PNAS USA. 119:e2112887119 (2022) - Dataset 2,35064083,0.006,0.05,
10E8v4+N49P7+PGDM1400,0260_V5_C36,Rujas et al. PNAS USA. 119:e2112887119 (2022) - Dataset 2,35064083,0.011,0.045,
10E8v4+N49P7+PGDM1400,0815_V3_C3,Rujas et al. PNAS USA. 119:e2112887119 (2022) - Dataset 2,35064083,0.116,0.52,
10E8v4+N49P7+PGDM1400,1006_11_C3_1601,Rujas et al. PNAS USA. 119:e2112887119 (2022) - Dataset 2,35064083,0.311,1.498,
10E8v4+N49P7+PGDM1400,1012_11_TC21_3257,Rujas et al. PNAS USA. 119:e2112887119 (2022) - Dataset 2,35064083,0.045,0.184,
10E8v4+N49P7+PGDM1400,1054_07_TC4_1499,Rujas et al. PNAS USA. 119:e2112887119 (2022) - Dataset 1,35064083,5.7,,
10E8v4+N49P7+PGDM1400,1054_07_TC4_1499,Rujas et al. PNAS USA. 119:e2112887119 (2022) - Dataset 2,35064083,0.767,3.645,
10E8v4+N49P7+PGDM1400,1056_10_TA11_1826,Rujas et al. PNAS USA. 119:e2112887119 (2022) - Dataset 2,35064083,0.191,1.065,
10E8v4+N49P7+PGDM1400,1394_C9G1,Rujas et al. PNAS USA. 119:e2112887119 (2022) - Dataset 2,35064083,0.001,0.008,
10E8v4+N49P7+PGDM1400,16055_2_3,Rujas et al. PNAS USA. 119:e2112887119 (2022) - Dataset 2,35064083,0.001,0.004,
10E8v4+N49P7+PGDM1400,16845_2_22,Rujas et al. PNAS USA. 119:e2112887119 (2022) - Dataset 1,35064083,0.32,,
10E8v4+N49P7+PGDM1400,16845_2_22,Rujas et al. PNAS USA. 119:e2112887119 (2022) - Dataset 2,35064083,0.049,0.272,
10E8v4+N49P7+PGDM1400,191084_B7_19,Rujas et al. PNAS USA. 119:e2112887119 (2022) - Dataset 2,35064083,<0.0006,0.004,
10E8v4+N49P7+PGDM1400,191955_A11,Rujas et al. PNAS USA. 119:e2112887119 (2022) - Dataset 2,35064083,0.001,0.006,
10E8v4+N49P7+PGDM1400,211_9,Rujas et al. PNAS USA. 119:e2112887119 (2022) - Dataset 2,35064083,0.024,0.097,
10E8v4+N49P7+PGDM1400,231965_C1,Rujas et al. PNAS USA. 119:e2112887119 (2022) - Dataset 2,35064083,0.036,0.16,
10E8v4+N49P7+PGDM1400,231966_C2,Rujas et al. PNAS USA. 119:e2112887119 (2022) - Dataset 2,35064083,0.002,0.005,
10E8v4+N49P7+PGDM1400,235_47,Rujas et al. PNAS USA. 119:e2112887119 (2022) - Dataset 2,35064083,<0.0006,0.005,
10E8v4+N49P7+PGDM1400,249M_B10,Rujas et al. PNAS USA. 119:e2112887119 (2022) - Dataset 2,35064083,0.008,0.026,
10E8v4+N49P7+PGDM1400,263_8,Rujas et al. PNAS USA. 119:e2112887119 (2022) - Dataset 2,35064083,0.002,0.02,
10E8v4+N49P7+PGDM1400,3016_V5_C45,Rujas et al. PNAS USA. 119:e2112887119 (2022) - Dataset 2,35064083,0.581,5.079,
10E8v4+N49P7+PGDM1400,3103_V3_C10,Rujas et al. PNAS USA. 119:e2112887119 (2022) - Dataset 2,35064083,0.22,1.013,
10E8v4+N49P7+PGDM1400,3301_V1_C24,Rujas et al. PNAS USA. 119:e2112887119 (2022) - Dataset 2,35064083,0.023,0.08,
10E8v4+N49P7+PGDM1400,3365_V2_C20,Rujas et al. PNAS USA. 119:e2112887119 (2022) - Dataset 2,35064083,0.026,0.131,
10E8v4+N49P7+PGDM1400,3415_V1_C1,Rujas et al. PNAS USA. 119:e2112887119 (2022) - Dataset 2,35064083,0.068,0.352,
10E8v4+N49P7+PGDM1400,3817_V2_C59,Rujas et al. PNAS USA. 119:e2112887119 (2022) - Dataset 1,35064083,7.2,,
10E8v4+N49P7+PGDM1400,3817_V2_C59,Rujas et al. PNAS USA. 119:e2112887119 (2022) - Dataset 2,35064083,2.878,>10,
10E8v4+N49P7+PGDM1400,6041_V3_C23,Rujas et al. PNAS USA. 119:e2112887119 (2022) - Dataset 2,35064083,0.022,0.148,
10E8v4+N49P7+PGDM1400,620345_C1,Rujas et al. PNAS USA. 119:e2112887119 (2022) - Dataset 2,35064083,0.594,>10,
10E8v4+N49P7+PGDM1400,62357_14_D3_4589,Rujas et al. PNAS USA. 119:e2112887119 (2022) - Dataset 2,35064083,0.603,2.22,
10E8v4+N49P7+PGDM1400,6240_08_TA5_4622,Rujas et al. PNAS USA. 119:e2112887119 (2022) - Dataset 2,35064083,1.673,8.31,
10E8v4+N49P7+PGDM1400,6244_13_B5_4567,Rujas et al. PNAS USA. 119:e2112887119 (2022) - Dataset 1,35064083,0.79,,
10E8v4+N49P7+PGDM1400,6244_13_B5_4567,Rujas et al. PNAS USA. 119:e2112887119 (2022) - Dataset 2,35064083,0.522,2.654,
10E8v4+N49P7+PGDM1400,6480_V4_C25,Rujas et al. PNAS USA. 119:e2112887119 (2022) - Dataset 2,35064083,0.151,0.694,
10E8v4+N49P7+PGDM1400,6535_3,Rujas et al. PNAS USA. 119:e2112887119 (2022) - Dataset 1,35064083,5.4,,
10E8v4+N49P7+PGDM1400,6535_3,Rujas et al. PNAS USA. 119:e2112887119 (2022) - Dataset 2,35064083,0.526,3.614,
10E8v4+N49P7+PGDM1400,6540_V4_C1,Rujas et al. PNAS USA. 119:e2112887119 (2022) - Dataset 2,35064083,0.008,0.081,
10E8v4+N49P7+PGDM1400,6545_V4_C1,Rujas et al. PNAS USA. 119:e2112887119 (2022) - Dataset 2,35064083,0.011,0.236,
10E8v4+N49P7+PGDM1400,6811_V7_C18,Rujas et al. PNAS USA. 119:e2112887119 (2022) - Dataset 2,35064083,2.862,>10,
10E8v4+N49P7+PGDM1400,6952_V1_C20,Rujas et al. PNAS USA. 119:e2112887119 (2022) - Dataset 2,35064083,0.075,0.358,
10E8v4+N49P7+PGDM1400,703010054_2A2,Rujas et al. PNAS USA. 119:e2112887119 (2022) - Dataset 2,35064083,0.009,0.06,
10E8v4+N49P7+PGDM1400,703010200_1E5,Rujas et al. PNAS USA. 119:e2112887119 (2022) - Dataset 2,35064083,2.318,>10,
10E8v4+N49P7+PGDM1400,704809221_1B3,Rujas et al. PNAS USA. 119:e2112887119 (2022) - Dataset 2,35064083,0.071,0.242,
10E8v4+N49P7+PGDM1400,89_F1_2_25,Rujas et al. PNAS USA. 119:e2112887119 (2022) - Dataset 2,35064083,0.003,0.008,
10E8v4+N49P7+PGDM1400,9004SS_A3_4,Rujas et al. PNAS USA. 119:e2112887119 (2022) - Dataset 2,35064083,<0.0006,<0.0006,
10E8v4+N49P7+PGDM1400,928_28,Rujas et al. PNAS USA. 119:e2112887119 (2022) - Dataset 2,35064083,0.017,0.12,
10E8v4+N49P7+PGDM1400,A07412M1_VRC12,Rujas et al. PNAS USA. 119:e2112887119 (2022) - Dataset 2,35064083,0.012,0.04,
10E8v4+N49P7+PGDM1400,AC10_29,Rujas et al. PNAS USA. 119:e2112887119 (2022) - Dataset 1,35064083,0.15,,
10E8v4+N49P7+PGDM1400,AC10_29,Rujas et al. PNAS USA. 119:e2112887119 (2022) - Dataset 2,35064083,0.054,0.273,
10E8v4+N49P7+PGDM1400,BF1266_431A,Rujas et al. PNAS USA. 119:e2112887119 (2022) - Dataset 2,35064083,0.005,0.013,
10E8v4+N49P7+PGDM1400,BG505_W6M_C2_T332N,Rujas et al. PNAS USA. 119:e2112887119 (2022) - Dataset 1,35064083,0.0088,,
10E8v4+N49P7+PGDM1400,BJOX009000_02_4,Rujas et al. PNAS USA. 119:e2112887119 (2022) - Dataset 2,35064083,0.108,0.432,
10E8v4+N49P7+PGDM1400,BJOX010000_06_2,Rujas et al. PNAS USA. 119:e2112887119 (2022) - Dataset 2,35064083,0.074,1.262,
10E8v4+N49P7+PGDM1400,BJOX015000_11_5,Rujas et al. PNAS USA. 119:e2112887119 (2022) - Dataset 2,35064083,0.345,1.649,
10E8v4+N49P7+PGDM1400,BJOX025000_01_1,Rujas et al. PNAS USA. 119:e2112887119 (2022) - Dataset 2,35064083,0.053,0.365,
10E8v4+N49P7+PGDM1400,BJOX028000_10_3,Rujas et al. PNAS USA. 119:e2112887119 (2022) - Dataset 2,35064083,0.021,0.151,
10E8v4+N49P7+PGDM1400,C1080_C3,Rujas et al. PNAS USA. 119:e2112887119 (2022) - Dataset 2,35064083,<0.0006,<0.0006,
10E8v4+N49P7+PGDM1400,C2101_C1,Rujas et al. PNAS USA. 119:e2112887119 (2022) - Dataset 2,35064083,0.011,0.036,
10E8v4+N49P7+PGDM1400,C3347_C11,Rujas et al. PNAS USA. 119:e2112887119 (2022) - Dataset 2,35064083,0.012,0.039,
10E8v4+N49P7+PGDM1400,C4118_9,Rujas et al. PNAS USA. 119:e2112887119 (2022) - Dataset 2,35064083,0.003,0.007,
10E8v4+N49P7+PGDM1400,CAAN5342,Rujas et al. PNAS USA. 119:e2112887119 (2022) - Dataset 1,35064083,>10,,
10E8v4+N49P7+PGDM1400,CAAN5342,Rujas et al. PNAS USA. 119:e2112887119 (2022) - Dataset 2,35064083,2.861,>10,
10E8v4+N49P7+PGDM1400,CAP210_E8,Rujas et al. PNAS USA. 119:e2112887119 (2022) - Dataset 2,35064083,0.057,0.555,
10E8v4+N49P7+PGDM1400,CAP45_G3,Rujas et al. PNAS USA. 119:e2112887119 (2022) - Dataset 2,35064083,0.002,0.005,
10E8v4+N49P7+PGDM1400,CE0393_C3,Rujas et al. PNAS USA. 119:e2112887119 (2022) - Dataset 2,35064083,0.096,0.614,
10E8v4+N49P7+PGDM1400,CE0682_E4,Rujas et al. PNAS USA. 119:e2112887119 (2022) - Dataset 2,35064083,0.012,0.053,
10E8v4+N49P7+PGDM1400,CE1086_B2,Rujas et al. PNAS USA. 119:e2112887119 (2022) - Dataset 2,35064083,0.442,2.899,
10E8v4+N49P7+PGDM1400,CE1172_H1,Rujas et al. PNAS USA. 119:e2112887119 (2022) - Dataset 2,35064083,0.005,0.016,
10E8v4+N49P7+PGDM1400,CE1176_A3,Rujas et al. PNAS USA. 119:e2112887119 (2022) - Dataset 2,35064083,0.102,0.574,
10E8v4+N49P7+PGDM1400,CE2010_F5,Rujas et al. PNAS USA. 119:e2112887119 (2022) - Dataset 2,35064083,1.397,5.243,
10E8v4+N49P7+PGDM1400,CE2060_G9,Rujas et al. PNAS USA. 119:e2112887119 (2022) - Dataset 2,35064083,0.002,0.005,
10E8v4+N49P7+PGDM1400,CNE17,Rujas et al. PNAS USA. 119:e2112887119 (2022) - Dataset 2,35064083,0.007,0.021,
10E8v4+N49P7+PGDM1400,CNE19,Rujas et al. PNAS USA. 119:e2112887119 (2022) - Dataset 2,35064083,0.001,0.005,
10E8v4+N49P7+PGDM1400,CNE20,Rujas et al. PNAS USA. 119:e2112887119 (2022) - Dataset 2,35064083,0.005,0.014,
10E8v4+N49P7+PGDM1400,CNE21,Rujas et al. PNAS USA. 119:e2112887119 (2022) - Dataset 2,35064083,0.001,0.004,
10E8v4+N49P7+PGDM1400,CNE30,Rujas et al. PNAS USA. 119:e2112887119 (2022) - Dataset 2,35064083,1.135,4.984,
10E8v4+N49P7+PGDM1400,CNE5,Rujas et al. PNAS USA. 119:e2112887119 (2022) - Dataset 2,35064083,0.001,0.003,
10E8v4+N49P7+PGDM1400,CNE52,Rujas et al. PNAS USA. 119:e2112887119 (2022) - Dataset 2,35064083,0.132,0.431,
10E8v4+N49P7+PGDM1400,CNE53,Rujas et al. PNAS USA. 119:e2112887119 (2022) - Dataset 2,35064083,0.027,0.097,
10E8v4+N49P7+PGDM1400,CNE58,Rujas et al. PNAS USA. 119:e2112887119 (2022) - Dataset 2,35064083,<0.0006,0.001,
10E8v4+N49P7+PGDM1400,CNE8,Rujas et al. PNAS USA. 119:e2112887119 (2022) - Dataset 1,35064083,0.012,,
10E8v4+N49P7+PGDM1400,CNE8,Rujas et al. PNAS USA. 119:e2112887119 (2022) - Dataset 2,35064083,0.001,0.006,
10E8v4+N49P7+PGDM1400,DU156_12,Rujas et al. PNAS USA. 119:e2112887119 (2022) - Dataset 2,35064083,<0.0006,<0.0006,
10E8v4+N49P7+PGDM1400,DU172_17,Rujas et al. PNAS USA. 119:e2112887119 (2022) - Dataset 2,35064083,0.11,0.752,
10E8v4+N49P7+PGDM1400,DU422_1,Rujas et al. PNAS USA. 119:e2112887119 (2022) - Dataset 1,35064083,0.25,,
10E8v4+N49P7+PGDM1400,DU422_1,Rujas et al. PNAS USA. 119:e2112887119 (2022) - Dataset 2,35064083,0.375,3.455,
10E8v4+N49P7+PGDM1400,JRCSF,Rujas et al. PNAS USA. 119:e2112887119 (2022) - Dataset 1,35064083,0.0081,,
10E8v4+N49P7+PGDM1400,MS208_A1,Rujas et al. PNAS USA. 119:e2112887119 (2022) - Dataset 2,35064083,0.004,0.116,
10E8v4+N49P7+PGDM1400,NL43,Rujas et al. PNAS USA. 119:e2112887119 (2022) - Dataset 1,35064083,>10,,
10E8v4+N49P7+PGDM1400,P0402_C2_11,Rujas et al. PNAS USA. 119:e2112887119 (2022) - Dataset 2,35064083,0.013,0.035,
10E8v4+N49P7+PGDM1400,P1981_C5_3,Rujas et al. PNAS USA. 119:e2112887119 (2022) - Dataset 2,35064083,0.03,0.137,
10E8v4+N49P7+PGDM1400,PVO_4,Rujas et al. PNAS USA. 119:e2112887119 (2022) - Dataset 1,35064083,0.85,,
10E8v4+N49P7+PGDM1400,PVO_4,Rujas et al. PNAS USA. 119:e2112887119 (2022) - Dataset 2,35064083,0.653,2.329,
10E8v4+N49P7+PGDM1400,Q23_17,Rujas et al. PNAS USA. 119:e2112887119 (2022) - Dataset 2,35064083,<0.0006,0.137,
10E8v4+N49P7+PGDM1400,Q259_17,Rujas et al. PNAS USA. 119:e2112887119 (2022) - Dataset 2,35064083,0.89,>10,
10E8v4+N49P7+PGDM1400,Q461_E2,Rujas et al. PNAS USA. 119:e2112887119 (2022) - Dataset 2,35064083,0.041,0.217,
10E8v4+N49P7+PGDM1400,Q769_D22,Rujas et al. PNAS USA. 119:e2112887119 (2022) - Dataset 2,35064083,0.001,0.018,
10E8v4+N49P7+PGDM1400,Q842_D12,Rujas et al. PNAS USA. 119:e2112887119 (2022) - Dataset 2,35064083,<0.0006,0.002,
10E8v4+N49P7+PGDM1400,QH0692_42,Rujas et al. PNAS USA. 119:e2112887119 (2022) - Dataset 1,35064083,6,,
10E8v4+N49P7+PGDM1400,QH0692_42,Rujas et al. PNAS USA. 119:e2112887119 (2022) - Dataset 2,35064083,1.296,6.343,
10E8v4+N49P7+PGDM1400,R1166_C1,Rujas et al. PNAS USA. 119:e2112887119 (2022) - Dataset 2,35064083,0.144,0.555,
10E8v4+N49P7+PGDM1400,R2184_C4,Rujas et al. PNAS USA. 119:e2112887119 (2022) - Dataset 2,35064083,0.007,0.02,
10E8v4+N49P7+PGDM1400,R3265_C6,Rujas et al. PNAS USA. 119:e2112887119 (2022) - Dataset 2,35064083,0.025,0.113,
10E8v4+N49P7+PGDM1400,REJO4541_67,Rujas et al. PNAS USA. 119:e2112887119 (2022) - Dataset 2,35064083,0.013,0.13,
10E8v4+N49P7+PGDM1400,RHPA4259_7,Rujas et al. PNAS USA. 119:e2112887119 (2022) - Dataset 2,35064083,0.156,0.731,
10E8v4+N49P7+PGDM1400,SC05_8C11_2344,Rujas et al. PNAS USA. 119:e2112887119 (2022) - Dataset 2,35064083,0.423,1.544,
10E8v4+N49P7+PGDM1400,SC422_8,Rujas et al. PNAS USA. 119:e2112887119 (2022) - Dataset 2,35064083,0.16,0.604,
10E8v4+N49P7+PGDM1400,SF162,Rujas et al. PNAS USA. 119:e2112887119 (2022) - Dataset 1,35064083,0.56,,
10E8v4+N49P7+PGDM1400,T250_4,Rujas et al. PNAS USA. 119:e2112887119 (2022) - Dataset 2,35064083,<0.0006,<0.0006,
10E8v4+N49P7+PGDM1400,T251_18,Rujas et al. PNAS USA. 119:e2112887119 (2022) - Dataset 2,35064083,0.376,1.859,
10E8v4+N49P7+PGDM1400,T255_34,Rujas et al. PNAS USA. 119:e2112887119 (2022) - Dataset 2,35064083,0.078,0.433,
10E8v4+N49P7+PGDM1400,T257_31,Rujas et al. PNAS USA. 119:e2112887119 (2022) - Dataset 1,35064083,0.021,,
10E8v4+N49P7+PGDM1400,T257_31,Rujas et al. PNAS USA. 119:e2112887119 (2022) - Dataset 2,35064083,<0.0006,0.016,
10E8v4+N49P7+PGDM1400,T278_50,Rujas et al. PNAS USA. 119:e2112887119 (2022) - Dataset 1,35064083,0.16,,
10E8v4+N49P7+PGDM1400,T278_50,Rujas et al. PNAS USA. 119:e2112887119 (2022) - Dataset 2,35064083,0.049,0.282,
10E8v4+N49P7+PGDM1400,THRO4156,Rujas et al. PNAS USA. 119:e2112887119 (2022) - Dataset 1,35064083,0.13,,
10E8v4+N49P7+PGDM1400,THRO4156,Rujas et al. PNAS USA. 119:e2112887119 (2022) - Dataset 2,35064083,0.032,0.121,
10E8v4+N49P7+PGDM1400,TRJO4551_58,Rujas et al. PNAS USA. 119:e2112887119 (2022) - Dataset 1,35064083,1.2,,
10E8v4+N49P7+PGDM1400,TRJO4551_58,Rujas et al. PNAS USA. 119:e2112887119 (2022) - Dataset 2,35064083,0.768,3.517,
10E8v4+N49P7+PGDM1400,TRO_11,Rujas et al. PNAS USA. 119:e2112887119 (2022) - Dataset 2,35064083,0.092,0.341,
10E8v4+N49P7+PGDM1400,WEAU_D15_410,Rujas et al. PNAS USA. 119:e2112887119 (2022) - Dataset 2,35064083,0.05,0.811,
10E8v4+N49P7+PGDM1400,WITO4160_33,Rujas et al. PNAS USA. 119:e2112887119 (2022) - Dataset 2,35064083,0.002,0.014,
10E8v4+N49P7+PGDM1400,X1193_C1,Rujas et al. PNAS USA. 119:e2112887119 (2022) - Dataset 2,35064083,0.113,0.49,
10E8v4+N49P7+PGDM1400,X1254_C3,Rujas et al. PNAS USA. 119:e2112887119 (2022) - Dataset 2,35064083,6.824,>10,
10E8v4+N49P7+PGDM1400,X1632_S2_B10,Rujas et al. PNAS USA. 119:e2112887119 (2022) - Dataset 1,35064083,0.042,,
10E8v4+N49P7+PGDM1400,X1632_S2_B10,Rujas et al. PNAS USA. 119:e2112887119 (2022) - Dataset 2,35064083,0.028,0.275,
10E8v4+N49P7+PGDM1400,X2088_C9,Rujas et al. PNAS USA. 119:e2112887119 (2022) - Dataset 1,35064083,1.5,,
10E8v4+N49P7+PGDM1400,X2088_C9,Rujas et al. PNAS USA. 119:e2112887119 (2022) - Dataset 2,35064083,2.221,8.326,
10E8v4+N49P7+PGDM1400,X2131_C1_B5,Rujas et al. PNAS USA. 119:e2112887119 (2022) - Dataset 2,35064083,0.045,0.164,
10E8v4+N49P7+PGDM1400,ZM106_9,Rujas et al. PNAS USA. 119:e2112887119 (2022) - Dataset 1,35064083,0.016,,
10E8v4+N49P7+PGDM1400,ZM109_4,Rujas et al. PNAS USA. 119:e2112887119 (2022) - Dataset 2,35064083,0.013,0.084,
10E8v4+N49P7+PGDM1400,ZM135_10A,Rujas et al. PNAS USA. 119:e2112887119 (2022) - Dataset 2,35064083,0.227,1.08,
10E8v4+N49P7+PGDM1400,ZM197_7,Rujas et al. PNAS USA. 119:e2112887119 (2022) - Dataset 1,35064083,0.031,,
10E8v4+N49P7+PGDM1400,ZM197_7,Rujas et al. PNAS USA. 119:e2112887119 (2022) - Dataset 2,35064083,0.016,0.065,
10E8v4+N49P7+PGDM1400,ZM214_15,Rujas et al. PNAS USA. 119:e2112887119 (2022) - Dataset 1,35064083,>10,,
10E8v4+N49P7+PGDM1400,ZM214_15,Rujas et al. PNAS USA. 119:e2112887119 (2022) - Dataset 2,35064083,0.941,>10,
10E8v4+N49P7+PGDM1400,ZM233_6,Rujas et al. PNAS USA. 119:e2112887119 (2022) - Dataset 2,35064083,<0.0006,0.001,
10E8v4+N49P7+PGDM1400,ZM246F,Rujas et al. PNAS USA. 119:e2112887119 (2022) - Dataset 1,35064083,0.56,,
10E8v4+N49P7+PGDM1400,ZM246F,Rujas et al. PNAS USA. 119:e2112887119 (2022) - Dataset 2,35064083,0.815,2.791,
10E8v4+N49P7+PGDM1400,ZM247_V1,Rujas et al. PNAS USA. 119:e2112887119 (2022) - Dataset 2,35064083,0.015,0.043,
10E8v4+N49P7+PGDM1400,ZM249_1,Rujas et al. PNAS USA. 119:e2112887119 (2022) - Dataset 2,35064083,0.005,0.056,
10E8v4+N49P7+PGDM1400,ZM53_12,Rujas et al. PNAS USA. 119:e2112887119 (2022) - Dataset 2,35064083,0.001,0.007,
10E8v4+PGDM1400+iMab,3817_V2_C59,Rujas et al. PNAS USA. 119:e2112887119 (2022) - Dataset 1,35064083,0.31,,
10E8v4+PGDM1400+iMab,BG505_W6M_C2_T332N,Rujas et al. PNAS USA. 119:e2112887119 (2022) - Dataset 1,35064083,0.013,,
10E8v4+PGDM1400+iMab,CNE8,Rujas et al. PNAS USA. 119:e2112887119 (2022) - Dataset 1,35064083,0.015,,
10E8v4+PGDM1400+iMab,DU422_1,Rujas et al. PNAS USA. 119:e2112887119 (2022) - Dataset 1,35064083,0.31,,
10E8v4+PGDM1400+iMab,JRCSF,Rujas et al. PNAS USA. 119:e2112887119 (2022) - Dataset 1,35064083,0.014,,
10E8v4+PGDM1400+iMab,PVO_4,Rujas et al. PNAS USA. 119:e2112887119 (2022) - Dataset 1,35064083,0.4,,
10E8v4+PGDM1400+iMab,SF162,Rujas et al. PNAS USA. 119:e2112887119 (2022) - Dataset 1,35064083,1.4,,
10E8v4+PGDM1400+iMab,T257_31,Rujas et al. PNAS USA. 119:e2112887119 (2022) - Dataset 1,35064083,0.0078,,
10E8v4+PGDM1400+iMab,T278_50,Rujas et al. PNAS USA. 119:e2112887119 (2022) - Dataset 1,35064083,0.14,,
10E8v4+PGDM1400+iMab,THRO4156,Rujas et al. PNAS USA. 119:e2112887119 (2022) - Dataset 1,35064083,0.17,,
10E8v4+PGDM1400+iMab,X1632_S2_B10,Rujas et al. PNAS USA. 119:e2112887119 (2022) - Dataset 1,35064083,0.036,,
10E8v4+PGDM1400+iMab,X2088_C9,Rujas et al. PNAS USA. 119:e2112887119 (2022) - Dataset 1,35064083,0.66,,
10E8v4+PGDM1400+iMab,ZM106_9,Rujas et al. PNAS USA. 119:e2112887119 (2022) - Dataset 1,35064083,0.014,,
10E8v4+PGDM1400+iMab,ZM197_7,Rujas et al. PNAS USA. 119:e2112887119 (2022) - Dataset 1,35064083,0.062,,
10E8+VRC01,0260_V5_C36,Xu et al. Science 358:85 (2017),28931639,0.662,,
10E8+VRC01,231965_C1,Xu et al. Science 358:85 (2017),28931639,0.522,,
10E8+VRC01,247_23,Xu et al. Science 358:85 (2017),28931639,0.235,,
10E8+VRC01,620345_C1,Xu et al. Science 358:85 (2017),28931639,0.14,,
10E8+VRC01,6471_V1_C16,Xu et al. Science 358:85 (2017),28931639,4.6,,
10E8+VRC01,6540_V4_C1,Xu et al. Science 358:85 (2017),28931639,2.08,,
10E8+VRC01,6545_V4_C1,Xu et al. Science 358:85 (2017),28931639,1.66,,
10E8+VRC01,BL01,Xu et al. Science 358:85 (2017),28931639,0.184,,
10E8+VRC01,CH070_1,Xu et al. Science 358:85 (2017),28931639,1.59,,
10E8+VRC01,CNE21,Xu et al. Science 358:85 (2017),28931639,0.159,,
10E8+VRC01,CNE3,Xu et al. Science 358:85 (2017),28931639,0.325,,
10E8+VRC01,DU422_1,Xu et al. Science 358:85 (2017),28931639,0.188,,
10E8+VRC01,H086_8,Xu et al. Science 358:85 (2017),28931639,0.014,,
10E8+VRC01,KER2008_12,Xu et al. Science 358:85 (2017),28931639,0.788,,
10E8+VRC01,PVO_4,Xu et al. Science 358:85 (2017),28931639,0.355,,
10E8+VRC01,T250_4,Xu et al. Science 358:85 (2017),28931639,0.066,,
10E8+VRC01,T266_60,Xu et al. Science 358:85 (2017),28931639,0.279,,
10E8+VRC01,ZM106_9,Xu et al. Science 358:85 (2017),28931639,0.238,,
10E8+VRC01,ZM53_12,Xu et al. Science 358:85 (2017),28931639,1.28,,
10E8+VRC07,0013095_2_11,Kong et al. J Virol 89:2659 (2015) - dataset 1,25520506,0.006,0.039,
10E8+VRC07,001428_2_42,Kong et al. J Virol 89:2659 (2015) - dataset 1,25520506,0.006,0.019,
10E8+VRC07,0260_V5_C36,Kong et al. J Virol 89:2659 (2015) - dataset 1,25520506,0.173,0.447,
10E8+VRC07,0330_V4_C3,Kong et al. J Virol 89:2659 (2015) - dataset 1,25520506,0.023,0.073,
10E8+VRC07,0815_V3_C3,Kong et al. J Virol 89:2659 (2015) - dataset 1,25520506,0.004,0.024,
10E8+VRC07,1006_11_C3_1601,Kong et al. J Virol 89:2659 (2015) - dataset 1,25520506,0.024,0.083,
10E8+VRC07,1012_11_TC21_3257,Kong et al. J Virol 89:2659 (2015) - dataset 1,25520506,0.009,0.031,
10E8+VRC07,1054_07_TC4_1499,Kong et al. J Virol 89:2659 (2015) - dataset 1,25520506,0.001,0.025,
10E8+VRC07,1056_10_TA11_1826,Kong et al. J Virol 89:2659 (2015) - dataset 1,25520506,0.119,0.399,
10E8+VRC07,1394_C9G1,Kong et al. J Virol 89:2659 (2015) - dataset 1,25520506,0.031,0.143,
10E8+VRC07,16055_2_3,Kong et al. J Virol 89:2659 (2015) - dataset 1,25520506,0.022,0.066,
10E8+VRC07,16845_2_22,Kong et al. J Virol 89:2659 (2015) - dataset 1,25520506,0.049,0.277,
10E8+VRC07,191084_B7_19,Kong et al. J Virol 89:2659 (2015) - dataset 1,25520506,0.02,0.059,
10E8+VRC07,191821_E6_1,Kong et al. J Virol 89:2659 (2015) - dataset 1,25520506,0.081,0.303,
10E8+VRC07,191955_A11,Kong et al. J Virol 89:2659 (2015) - dataset 1,25520506,0.062,0.2,
10E8+VRC07,211_9,Kong et al. J Virol 89:2659 (2015) - dataset 1,25520506,0.309,1.15,
10E8+VRC07,231965_C1,Kong et al. J Virol 89:2659 (2015) - dataset 1,25520506,0.038,0.098,
10E8+VRC07,231966_C2,Kong et al. J Virol 89:2659 (2015) - dataset 1,25520506,0.029,0.132,
10E8+VRC07,235_47,Kong et al. J Virol 89:2659 (2015) - dataset 1,25520506,0.01,0.035,
10E8+VRC07,246_F3_C10_2,Kong et al. J Virol 89:2659 (2015) - dataset 1,25520506,0.154,0.568,
10E8+VRC07,249M_B10,Kong et al. J Virol 89:2659 (2015) - dataset 1,25520506,0.036,0.11,
10E8+VRC07,25710_2_43,Kong et al. J Virol 89:2659 (2015) - dataset 1,25520506,0.007,0.059,
10E8+VRC07,263_8,Kong et al. J Virol 89:2659 (2015) - dataset 1,25520506,0.011,0.09,
10E8+VRC07,3016_V5_C45,Kong et al. J Virol 89:2659 (2015) - dataset 1,25520506,0.033,0.11,
10E8+VRC07,3103_V3_C10,Kong et al. J Virol 89:2659 (2015) - dataset 1,25520506,0.609,1.11,
10E8+VRC07,3301_V1_C24,Kong et al. J Virol 89:2659 (2015) - dataset 1,25520506,0.019,0.048,
10E8+VRC07,3817_V2_C59,Kong et al. J Virol 89:2659 (2015) - dataset 1,25520506,0.116,0.83,
10E8+VRC07,398_F1_F6_20,Kong et al. J Virol 89:2659 (2015) - dataset 1,25520506,0.073,0.489,
10E8+VRC07,6041_V3_C23,Kong et al. J Virol 89:2659 (2015) - dataset 1,25520506,0.007,0.018,
10E8+VRC07,620345_C1,Kong et al. J Virol 89:2659 (2015) - dataset 1,25520506,0.331,2.53,
10E8+VRC07,62357_14_D3_4589,Kong et al. J Virol 89:2659 (2015) - dataset 1,25520506,0.026,0.102,
10E8+VRC07,6240_08_TA5_4622,Kong et al. J Virol 89:2659 (2015) - dataset 1,25520506,0.098,0.392,
10E8+VRC07,6244_13_B5_4567,Kong et al. J Virol 89:2659 (2015) - dataset 1,25520506,0.012,0.068,
10E8+VRC07,6535_3,Kong et al. J Virol 89:2659 (2015) - dataset 1,25520506,0.039,0.204,
10E8+VRC07,6540_V4_C1,Kong et al. J Virol 89:2659 (2015) - dataset 1,25520506,1.7,6.16,
10E8+VRC07,6545_V4_C1,Kong et al. J Virol 89:2659 (2015) - dataset 1,25520506,1.2,5.12,
10E8+VRC07,6811_V7_C18,Kong et al. J Virol 89:2659 (2015) - dataset 1,25520506,0.07,0.175,
10E8+VRC07,6952_V1_C20,Kong et al. J Virol 89:2659 (2015) - dataset 1,25520506,0.009,0.046,
10E8+VRC07,703010054_2A2,Kong et al. J Virol 89:2659 (2015) - dataset 1,25520506,0.124,0.345,
10E8+VRC07,703010200_1E5,Kong et al. J Virol 89:2659 (2015) - dataset 1,25520506,0.159,0.505,
10E8+VRC07,703010217_B6,Kong et al. J Virol 89:2659 (2015) - dataset 1,25520506,0.034,0.126,
10E8+VRC07,704809221_1B3,Kong et al. J Virol 89:2659 (2015) - dataset 1,25520506,0.001,0.033,
10E8+VRC07,89_F1_2_25,Kong et al. J Virol 89:2659 (2015) - dataset 1,25520506,0.45,2.76,
10E8+VRC07,9004SS_A3_4,Kong et al. J Virol 89:2659 (2015) - dataset 1,25520506,0.022,0.122,
10E8+VRC07,928_28,Kong et al. J Virol 89:2659 (2015) - dataset 1,25520506,0.063,0.323,
10E8+VRC07,A07412M1_VRC12,Kong et al. J Virol 89:2659 (2015) - dataset 1,25520506,0.038,0.151,
10E8+VRC07,AC10_29,Kong et al. J Virol 89:2659 (2015) - dataset 1,25520506,0.294,0.899,
10E8+VRC07,BF1266_431A,Kong et al. J Virol 89:2659 (2015) - dataset 1,25520506,0.019,0.045,
10E8+VRC07,BJOX002000_03_2,Kong et al. J Virol 89:2659 (2015) - dataset 1,25520506,0.55,2.08,
10E8+VRC07,BJOX009000_02_4,Kong et al. J Virol 89:2659 (2015) - dataset 1,25520506,0.084,0.519,
10E8+VRC07,BJOX010000_06_2,Kong et al. J Virol 89:2659 (2015) - dataset 1,25520506,0.024,0.409,
10E8+VRC07,BJOX015000_11_5,Kong et al. J Virol 89:2659 (2015) - dataset 1,25520506,0.027,0.182,
10E8+VRC07,BJOX025000_01_1,Kong et al. J Virol 89:2659 (2015) - dataset 1,25520506,0.155,0.869,
10E8+VRC07,BJOX028000_10_3,Kong et al. J Virol 89:2659 (2015) - dataset 1,25520506,0.021,0.06,
10E8+VRC07,C1080_C3,Kong et al. J Virol 89:2659 (2015) - dataset 1,25520506,0.066,0.299,
10E8+VRC07,C2101_C1,Kong et al. J Virol 89:2659 (2015) - dataset 1,25520506,0.146,0.457,
10E8+VRC07,C3347_C11,Kong et al. J Virol 89:2659 (2015) - dataset 1,25520506,0.026,0.106,
10E8+VRC07,C4118_9,Kong et al. J Virol 89:2659 (2015) - dataset 1,25520506,0.033,0.127,
10E8+VRC07,CAAN5342,Kong et al. J Virol 89:2659 (2015) - dataset 1,25520506,0.207,0.607,
10E8+VRC07,CAP210_E8,Kong et al. J Virol 89:2659 (2015) - dataset 1,25520506,0.495,2.46,
10E8+VRC07,CAP45_G3,Kong et al. J Virol 89:2659 (2015) - dataset 1,25520506,0.229,0.752,
10E8+VRC07,CE0393_C3,Kong et al. J Virol 89:2659 (2015) - dataset 1,25520506,0.083,0.314,
10E8+VRC07,CE0682_E4,Kong et al. J Virol 89:2659 (2015) - dataset 1,25520506,0.036,0.141,
10E8+VRC07,CE1086_B2,Kong et al. J Virol 89:2659 (2015) - dataset 1,25520506,0.046,0.159,
10E8+VRC07,CE1172_H1,Kong et al. J Virol 89:2659 (2015) - dataset 1,25520506,0.244,1.27,
10E8+VRC07,CE1176_A3,Kong et al. J Virol 89:2659 (2015) - dataset 1,25520506,0.173,0.656,
10E8+VRC07,CE2010_F5,Kong et al. J Virol 89:2659 (2015) - dataset 1,25520506,0.087,0.299,
10E8+VRC07,CE2060_G9,Kong et al. J Virol 89:2659 (2015) - dataset 1,25520506,0.094,0.223,
10E8+VRC07,CH119_10,Kong et al. J Virol 89:2659 (2015) - dataset 1,25520506,0.085,0.252,
10E8+VRC07,CNE17,Kong et al. J Virol 89:2659 (2015) - dataset 1,25520506,0.101,0.361,
10E8+VRC07,CNE19,Kong et al. J Virol 89:2659 (2015) - dataset 1,25520506,0.024,0.115,
10E8+VRC07,CNE20,Kong et al. J Virol 89:2659 (2015) - dataset 1,25520506,0.036,0.119,
10E8+VRC07,CNE21,Kong et al. J Virol 89:2659 (2015) - dataset 1,25520506,0.064,0.235,
10E8+VRC07,CNE30,Kong et al. J Virol 89:2659 (2015) - dataset 1,25520506,0.132,0.483,
10E8+VRC07,CNE5,Kong et al. J Virol 89:2659 (2015) - dataset 1,25520506,0.11,0.347,
10E8+VRC07,CNE52,Kong et al. J Virol 89:2659 (2015) - dataset 1,25520506,0.038,0.139,
10E8+VRC07,CNE53,Kong et al. J Virol 89:2659 (2015) - dataset 1,25520506,0.023,0.072,
10E8+VRC07,CNE55,Kong et al. J Virol 89:2659 (2015) - dataset 1,25520506,0.015,0.148,
10E8+VRC07,CNE58,Kong et al. J Virol 89:2659 (2015) - dataset 1,25520506,0.046,0.165,
10E8+VRC07,CNE8,Kong et al. J Virol 89:2659 (2015) - dataset 1,25520506,0.029,0.18,
10E8+VRC07,DU156_12,Kong et al. J Virol 89:2659 (2015) - dataset 1,25520506,0.007,0.042,
10E8+VRC07,DU172_17,Kong et al. J Virol 89:2659 (2015) - dataset 1,25520506,0.052,0.222,
10E8+VRC07,DU422_1,Kong et al. J Virol 89:2659 (2015) - dataset 1,25520506,0.938,2.72,
10E8+VRC07,MS208_A1,Kong et al. J Virol 89:2659 (2015) - dataset 1,25520506,0.074,0.345,
10E8+VRC07,P0402_C2_11,Kong et al. J Virol 89:2659 (2015) - dataset 1,25520506,0.048,0.184,
10E8+VRC07,P1981_C5_3,Kong et al. J Virol 89:2659 (2015) - dataset 1,25520506,0.013,0.092,
10E8+VRC07,PVO_4,Kong et al. J Virol 89:2659 (2015) - dataset 1,25520506,0.175,0.477,
10E8+VRC07,Q23_17,Kong et al. J Virol 89:2659 (2015) - dataset 1,25520506,0.052,0.148,
10E8+VRC07,Q259_17,Kong et al. J Virol 89:2659 (2015) - dataset 1,25520506,0.033,0.116,
10E8+VRC07,Q461_E2,Kong et al. J Virol 89:2659 (2015) - dataset 1,25520506,0.141,0.433,
10E8+VRC07,Q769_D22,Kong et al. J Virol 89:2659 (2015) - dataset 1,25520506,0.029,0.089,
10E8+VRC07,Q842_D12,Kong et al. J Virol 89:2659 (2015) - dataset 1,25520506,0.026,0.071,
10E8+VRC07,QH0692_42,Kong et al. J Virol 89:2659 (2015) - dataset 1,25520506,0.235,1.27,
10E8+VRC07,R1166_C1,Kong et al. J Virol 89:2659 (2015) - dataset 1,25520506,0.332,1.23,
10E8+VRC07,R2184_C4,Kong et al. J Virol 89:2659 (2015) - dataset 1,25520506,0.04,0.149,
10E8+VRC07,R3265_C6,Kong et al. J Virol 89:2659 (2015) - dataset 1,25520506,0.151,0.524,
10E8+VRC07,REJO4541_67,Kong et al. J Virol 89:2659 (2015) - dataset 1,25520506,0.022,0.065,
10E8+VRC07,RHPA4259_7,Kong et al. J Virol 89:2659 (2015) - dataset 1,25520506,0.023,0.078,
10E8+VRC07,SC05_8C11_2344,Kong et al. J Virol 89:2659 (2015) - dataset 1,25520506,0.052,0.25,
10E8+VRC07,SC422_8,Kong et al. J Virol 89:2659 (2015) - dataset 1,25520506,0.031,0.147,
10E8+VRC07,T250_4,Kong et al. J Virol 89:2659 (2015) - dataset 1,25520506,0.737,3.84,
10E8+VRC07,T251_18,Kong et al. J Virol 89:2659 (2015) - dataset 1,25520506,0.209,0.863,
10E8+VRC07,T255_34,Kong et al. J Virol 89:2659 (2015) - dataset 1,25520506,0.067,0.345,
10E8+VRC07,T257_31,Kong et al. J Virol 89:2659 (2015) - dataset 1,25520506,0.26,1.02,
10E8+VRC07,T278_50,Kong et al. J Virol 89:2659 (2015) - dataset 1,25520506,1.28,6.07,
10E8+VRC07,THRO4156,Kong et al. J Virol 89:2659 (2015) - dataset 1,25520506,0.032,0.399,
10E8+VRC07,TRJO4551_58,Kong et al. J Virol 89:2659 (2015) - dataset 1,25520506,0.048,0.137,
10E8+VRC07,TRO_11,Kong et al. J Virol 89:2659 (2015) - dataset 1,25520506,0.013,0.175,
10E8+VRC07,WEAU_D15_410,Kong et al. J Virol 89:2659 (2015) - dataset 1,25520506,0.033,0.087,
10E8+VRC07,WITO4160_33,Kong et al. J Virol 89:2659 (2015) - dataset 1,25520506,0.013,0.097,
10E8+VRC07,X1193_C1,Kong et al. J Virol 89:2659 (2015) - dataset 1,25520506,0.042,0.161,
10E8+VRC07,X1254_C3,Kong et al. J Virol 89:2659 (2015) - dataset 1,25520506,0.047,0.132,
10E8+VRC07,X1632_S2_B10,Kong et al. J Virol 89:2659 (2015) - dataset 1,25520506,0.021,0.082,
10E8+VRC07,X2088_C9,Kong et al. J Virol 89:2659 (2015) - dataset 1,25520506,>25,>25,
10E8+VRC07,X2131_C1_B5,Kong et al. J Virol 89:2659 (2015) - dataset 1,25520506,0.037,0.119,
10E8+VRC07,X2278_C2_B6,Kong et al. J Virol 89:2659 (2015) - dataset 1,25520506,0.037,0.111,
10E8+VRC07,ZM109_4,Kong et al. J Virol 89:2659 (2015) - dataset 1,25520506,0.039,0.171,
10E8+VRC07,ZM135_10A,Kong et al. J Virol 89:2659 (2015) - dataset 1,25520506,0.035,0.189,
10E8+VRC07,ZM197_7,Kong et al. J Virol 89:2659 (2015) - dataset 1,25520506,0.029,0.255,
10E8+VRC07,ZM214_15,Kong et al. J Virol 89:2659 (2015) - dataset 1,25520506,0.368,1.06,
10E8+VRC07,ZM233_6,Kong et al. J Virol 89:2659 (2015) - dataset 1,25520506,0.09,0.338,
10E8+VRC07,ZM246F,Kong et al. J Virol 89:2659 (2015) - dataset 1,25520506,0.225,0.443,
10E8+VRC07,ZM247_V1,Kong et al. J Virol 89:2659 (2015) - dataset 1,25520506,0.057,0.184,
10E8+VRC07,ZM249_1,Kong et al. J Virol 89:2659 (2015) - dataset 1,25520506,0.052,0.178,
10E8+VRC07,ZM53_12,Kong et al. J Virol 89:2659 (2015) - dataset 1,25520506,0.275,0.97,
1C2-rabbit+A10+E70,001428_2_42,Dubrovskaya et al. Immunity 51:915 (2019) - dataset 1,31732167,35.57,,
1C2-rabbit+A10+E70,16055_2_3,Dubrovskaya et al. Immunity 51:915 (2019) - dataset 1,31732167,4.34,,
1C2-rabbit+A10+E70,92RW020_2,Dubrovskaya et al. Immunity 51:915 (2019) - dataset 1,31732167,8.86,,
1C2-rabbit+A10+E70,BG505_W6M_C2,Dubrovskaya et al. Immunity 51:915 (2019) - dataset 1,31732167,0.72,,
1C2-rabbit+A10+E70,CE1086_B2,Dubrovskaya et al. Immunity 51:915 (2019) - dataset 1,31732167,5.15,,
1C2-rabbit+A10+E70,CE1176_A3,Dubrovskaya et al. Immunity 51:915 (2019) - dataset 1,31732167,2.23,,
1C2-rabbit+A10+E70,CNE8,Dubrovskaya et al. Immunity 51:915 (2019) - dataset 1,31732167,1.37,,
1C2-rabbit+A10+E70,HXB2,Dubrovskaya et al. Immunity 51:915 (2019) - dataset 1,31732167,0.51,,
1C2-rabbit+A10+E70,IAVI_C22,Dubrovskaya et al. Immunity 51:915 (2019) - dataset 1,31732167,6.92,,
1C2-rabbit+A10+E70,JRFL,Dubrovskaya et al. Immunity 51:915 (2019) - dataset 1,31732167,3.9,,
1C2-rabbit+A10+E70,MN_3,Dubrovskaya et al. Immunity 51:915 (2019) - dataset 1,31732167,0.25,,
1C2-rabbit+A10+E70,Q179,Dubrovskaya et al. Immunity 51:915 (2019) - dataset 1,31732167,1.13,,
1C2-rabbit+A10+E70,TRO_11,Dubrovskaya et al. Immunity 51:915 (2019) - dataset 1,31732167,13.48,,
1C2-rabbit+A10+E70,X1632_S2_B10,Dubrovskaya et al. Immunity 51:915 (2019) - dataset 1,31732167,>150,,
1C2-rabbit+A10+E70,X2278_C2_B6,Dubrovskaya et al. Immunity 51:915 (2019) - dataset 1,31732167,>150,,
1C2-rabbit+A10+E70,ZM197_7,Dubrovskaya et al. Immunity 51:915 (2019) - dataset 1,31732167,1.31,,
2F5+2G12+b12,211_9,Joshi et al. J Biol Chem 289:2497 (2014),24265318,1.2512,,
2F5+2G12+b12,235_47,Joshi et al. J Biol Chem 289:2497 (2014),24265318,0.2009,,
2F5+2G12+b12,258,Joshi et al. J Biol Chem 289:2497 (2014),24265318,>25,,
2F5+2G12+b12,263_8,Joshi et al. J Biol Chem 289:2497 (2014),24265318,2.8809,,
2F5+2G12+b12,269_12,Joshi et al. J Biol Chem 289:2497 (2014),24265318,>25,,
2F5+2G12+b12,271_11,Joshi et al. J Biol Chem 289:2497 (2014),24265318,4.5255,,
2F5+2G12+b12,6535_3,Joshi et al. J Biol Chem 289:2497 (2014),24265318,0.4067,,
2F5+2G12+b12,6535_3,Revilla et al. ARHR 27:889 (2011),21226626,1.3,,
2F5+2G12+b12,928_28,Joshi et al. J Biol Chem 289:2497 (2014),24265318,1.0695,,
2F5+2G12+b12,92RW009,Balla-Jhagjhoorsingh et al. PLoS One 8:e68863 (2013),23874792,16.53,,
2F5+2G12+b12,92RW009_N276D,Balla-Jhagjhoorsingh et al. PLoS One 8:e68863 (2013),23874792,27.65,,
2F5+2G12+b12,AC10_29,Joshi et al. J Biol Chem 289:2497 (2014),24265318,0.1866,,
2F5+2G12+b12,BF535_A1,Wu et al. J Virol 80:835-44 (2006a),16378985,>50,,
2F5+2G12+b12,BG505_W6M_B1,Wu et al. J Virol 80:835-44 (2006a),16378985,38.2,,
2F5+2G12+b12,BI206_W6P_A1,Wu et al. J Virol 80:835-44 (2006a),16378985,20.5,,
2F5+2G12+b12,BJ412_W6M_S3,Wu et al. J Virol 80:835-44 (2006a),16378985,>50,,
2F5+2G12+b12,BJ613_E1,Wu et al. J Virol 80:835-44 (2006a),16378985,>50,,
2F5+2G12+b12,BK184_W6M_D2,Wu et al. J Virol 80:835-44 (2006a),16378985,27.2,,
2F5+2G12+b12,BL035_W6M_A1,Wu et al. J Virol 80:835-44 (2006a),16378985,9.7,,
2F5+2G12+b12,BL035_W6M_C1,Wu et al. J Virol 80:835-44 (2006a),16378985,1.5,,
2F5+2G12+b12,BL274_W6M_A3,Wu et al. J Virol 80:835-44 (2006a),16378985,12.9,,
2F5+2G12+b12,BS208_B1,Wu et al. J Virol 80:835-44 (2006a),16378985,12.1,,
2F5+2G12+b12,CAAN5342,Joshi et al. J Biol Chem 289:2497 (2014),24265318,2.2188,,
2F5+2G12+b12,CAP210_E8,Joshi et al. J Biol Chem 289:2497 (2014),24265318,1.3307,,
2F5+2G12+b12,CAP45_G3,Joshi et al. J Biol Chem 289:2497 (2014),24265318,0.569,,
2F5+2G12+b12,CH12_C2_6,Revilla et al. ARHR 27:889 (2011),21226626,21.02,,
2F5+2G12+b12,DU156_12,Joshi et al. J Biol Chem 289:2497 (2014),24265318,0.3369,,
2F5+2G12+b12,DU172_17,Joshi et al. J Biol Chem 289:2497 (2014),24265318,0.3603,,
2F5+2G12+b12,EX15_B5,Revilla et al. ARHR 27:889 (2011),21226626,>25,,
2F5+2G12+b12,MFU14_2_F7_7,Revilla et al. ARHR 27:889 (2011),21226626,>25,,
2F5+2G12+b12,P0402_C2_11,Revilla et al. ARHR 27:889 (2011),21226626,>25,,
2F5+2G12+b12,P1655_C8_B5,Revilla et al. ARHR 27:889 (2011),21226626,>25,,
2F5+2G12+b12,P1909_C5_6,Revilla et al. ARHR 27:889 (2011),21226626,>25,,
2F5+2G12+b12,P1981_C5_3,Revilla et al. ARHR 27:889 (2011),21226626,>25,,
2F5+2G12+b12,P2059_B12,Revilla et al. ARHR 27:889 (2011),21226626,>25,,
2F5+2G12+b12,P2355_E4_2,Revilla et al. ARHR 27:889 (2011),21226626,>25,,
2F5+2G12+b12,PVO_4,Joshi et al. J Biol Chem 289:2497 (2014),24265318,0.71,,
2F5+2G12+b12,PVO_4,Schultz et al. PLoS One 13:e0190669 (2018) - dataset 1,29300769,5.58,,
2F5+2G12+b12,PVO_4,Schultz et al. PLoS One 13:e0190669 (2018) - dataset 2,29300769,5.84,,
2F5+2G12+b12,QH0692_42,Joshi et al. J Biol Chem 289:2497 (2014),24265318,0.3123,,
2F5+2G12+b12,QH0692_42,Schultz et al. PLoS One 13:e0190669 (2018) - dataset 1,29300769,1.18,,
2F5+2G12+b12,QH0692_42,Schultz et al. PLoS One 13:e0190669 (2018) - dataset 2,29300769,0.92,,
2F5+2G12+b12,REJO4541_67,Joshi et al. J Biol Chem 289:2497 (2014),24265318,0.3838,,
2F5+2G12+b12,RHPA4259_7,Joshi et al. J Biol Chem 289:2497 (2014),24265318,0.1689,,
2F5+2G12+b12,RHPA4259_7,Schultz et al. PLoS One 13:e0190669 (2018) - dataset 1,29300769,0.34,,
2F5+2G12+b12,RHPA4259_7,Schultz et al. PLoS One 13:e0190669 (2018) - dataset 2,29300769,0.35,,
2F5+2G12+b12,RUSP816_B3_ST11,Revilla et al. ARHR 27:889 (2011),21226626,>25,,
2F5+2G12+b12,SC422_8,Joshi et al. J Biol Chem 289:2497 (2014),24265318,0.1813,,
2F5+2G12+b12,SF162,Schultz et al. PLoS One 13:e0190669 (2018) - dataset 1,29300769,0.20,,
2F5+2G12+b12,SF162,Schultz et al. PLoS One 13:e0190669 (2018) - dataset 2,29300769,0.09,,
2F5+2G12+b12,T251_18,Joshi et al. J Biol Chem 289:2497 (2014),24265318,2.5421,,
2F5+2G12+b12,T252_7,Joshi et al. J Biol Chem 289:2497 (2014),24265318,5.9135,,
2F5+2G12+b12,T253_11,Joshi et al. J Biol Chem 289:2497 (2014),24265318,1.4703,,
2F5+2G12+b12,T257_31,Joshi et al. J Biol Chem 289:2497 (2014),24265318,2.0004,,
2F5+2G12+b12,T266_60,Joshi et al. J Biol Chem 289:2497 (2014),24265318,0.000065,,
2F5+2G12+b12,T278_50,Joshi et al. J Biol Chem 289:2497 (2014),24265318,0.9685,,
2F5+2G12+b12,T280_5,Joshi et al. J Biol Chem 289:2497 (2014),24265318,4.2287,,
2F5+2G12+b12,THRO4156,Joshi et al. J Biol Chem 289:2497 (2014),24265318,0.4824,,
2F5+2G12+b12,TRJO4551_58,Joshi et al. J Biol Chem 289:2497 (2014),24265318,>25,,
2F5+2G12+b12,TRO_11,Joshi et al. J Biol Chem 289:2497 (2014),24265318,0.117,,
2F5+2G12+b12,VI1090,Balla-Jhagjhoorsingh et al. PLoS One 8:e68863 (2013),23874792,5.76,,
2F5+2G12+b12,VI1090_N276D,Balla-Jhagjhoorsingh et al. PLoS One 8:e68863 (2013),23874792,12.56,,
2F5+2G12+b12,VI829,Balla-Jhagjhoorsingh et al. PLoS One 8:e68863 (2013),23874792,60.2,,
2F5+2G12+b12,VI829_N276D,Balla-Jhagjhoorsingh et al. PLoS One 8:e68863 (2013),23874792,28.71,,
2F5+2G12+b12,WITO4160_33,Joshi et al. J Biol Chem 289:2497 (2014),24265318,0.6363,,
2F5+2G12+b12,X1193_C1,Revilla et al. ARHR 27:889 (2011),21226626,18.9,,
2F5+2G12+b12,X1254_C3,Revilla et al. ARHR 27:889 (2011),21226626,>25,,
2F5+2G12+b12,X1632_S2_B10,Revilla et al. ARHR 27:889 (2011),21226626,14.14,,
2F5+2G12+b12,X1854_C2_10,Revilla et al. ARHR 27:889 (2011),21226626,3.6,,
2F5+2G12+b12,X2088_C9,Revilla et al. ARHR 27:889 (2011),21226626,>25,,
2F5+2G12+b12,X2131_C1_B5,Revilla et al. ARHR 27:889 (2011),21226626,23.61,,
2F5+2G12+b12,X2160_C25,Revilla et al. ARHR 27:889 (2011),21226626,>25,,
2F5+2G12+b12,X2470_F8_12,Revilla et al. ARHR 27:889 (2011),21226626,>25,,
2F5+2G12+b12,X2486_G12_3,Revilla et al. ARHR 27:889 (2011),21226626,>25,,
2F5+2G12+b12,X2558_A3,Revilla et al. ARHR 27:889 (2011),21226626,>25,,
2F5+2G12+b12,X2687_F3,Revilla et al. ARHR 27:889 (2011),21226626,>25,,
2F5+2G12+b12,X558_8_B12_6,Revilla et al. ARHR 27:889 (2011),21226626,>25,,
2F5+2G12+b12,YU2,Joshi et al. J Biol Chem 289:2497 (2014),24265318,1.3525,,
2F5+2G12+b12,ZM109_4,Joshi et al. J Biol Chem 289:2497 (2014),24265318,>25,,
2F5+2G12+b12,ZM197_7,Joshi et al. J Biol Chem 289:2497 (2014),24265318,5.59,,
2F5+2G12+b12,ZM214_15,Joshi et al. J Biol Chem 289:2497 (2014),24265318,1.1441,,
2F5+2G12+b12,ZM214_15,Schultz et al. PLoS One 13:e0190669 (2018) - dataset 1,29300769,12.95,,
2F5+2G12+b12,ZM214_15,Schultz et al. PLoS One 13:e0190669 (2018) - dataset 2,29300769,10.10,,
2F5+2G12+b12,ZM233_6,Joshi et al. J Biol Chem 289:2497 (2014),24265318,>25,,
2F5+2G12+b12,ZM249_1,Joshi et al. J Biol Chem 289:2497 (2014),24265318,1.3932,,
2F5+2G12+b12,ZM53_12,Joshi et al. J Biol Chem 289:2497 (2014),24265318,>25,,
2F5+8ANC195,0013095_2_11,Doria-Rose et al. PLoS Pathog 13:e1006148 (2017),28052137,0.616,,
2F5+8ANC195,001428_2_42,Doria-Rose et al. PLoS Pathog 13:e1006148 (2017),28052137,>50,,
2F5+8ANC195,231965_C1,Doria-Rose et al. PLoS Pathog 13:e1006148 (2017),28052137,0.778,,
2F5+8ANC195,242_14,Doria-Rose et al. PLoS Pathog 13:e1006148 (2017),28052137,0.565,,
2F5+8ANC195,247_23,Doria-Rose et al. PLoS Pathog 13:e1006148 (2017),28052137,3.44,,
2F5+8ANC195,26191_2_48,Doria-Rose et al. PLoS Pathog 13:e1006148 (2017),28052137,>50,,
2F5+8ANC195,3168_V4_C10,Doria-Rose et al. PLoS Pathog 13:e1006148 (2017),28052137,12.1,,
2F5+8ANC195,620345_C1,Doria-Rose et al. PLoS Pathog 13:e1006148 (2017),28052137,1.56,,
2F5+8ANC195,7165_18,Doria-Rose et al. PLoS Pathog 13:e1006148 (2017),28052137,0.113,,
2F5+8ANC195,CH038_12,Doria-Rose et al. PLoS Pathog 13:e1006148 (2017),28052137,6.65,,
2F5+8ANC195,CH070_1,Doria-Rose et al. PLoS Pathog 13:e1006148 (2017),28052137,>50,,
2F5+8ANC195,CNE5,Doria-Rose et al. PLoS Pathog 13:e1006148 (2017),28052137,1.66,,
2F5+8ANC195,CNE55,Doria-Rose et al. PLoS Pathog 13:e1006148 (2017),28052137,0.181,,
2F5+8ANC195,KER2008_12,Doria-Rose et al. PLoS Pathog 13:e1006148 (2017),28052137,3.01,,
2F5+8ANC195,M02138,Doria-Rose et al. PLoS Pathog 13:e1006148 (2017),28052137,0.332,,
2F5+8ANC195,Q259_17,Doria-Rose et al. PLoS Pathog 13:e1006148 (2017),28052137,38.3,,
2F5+8ANC195,Q461_E2,Doria-Rose et al. PLoS Pathog 13:e1006148 (2017),28052137,1.89,,
2F5+8ANC195,TH976_17,Doria-Rose et al. PLoS Pathog 13:e1006148 (2017),28052137,0.256,,
2F5+8ANC195,YU2,Doria-Rose et al. PLoS Pathog 13:e1006148 (2017),28052137,2.08,,
2F5+8ANC195,ZM135_10A,Doria-Rose et al. PLoS Pathog 13:e1006148 (2017),28052137,>50,,
35O22+PGT128,0013095_2_11,Doria-Rose et al. PLoS Pathog 13:e1006148 (2017),28052137,>50,,
35O22+PGT128,001428_2_42,Doria-Rose et al. PLoS Pathog 13:e1006148 (2017),28052137,0.042,,
35O22+PGT128,231965_C1,Doria-Rose et al. PLoS Pathog 13:e1006148 (2017),28052137,>50,,
35O22+PGT128,242_14,Doria-Rose et al. PLoS Pathog 13:e1006148 (2017),28052137,>50,,
35O22+PGT128,247_23,Doria-Rose et al. PLoS Pathog 13:e1006148 (2017),28052137,0.006,,
35O22+PGT128,26191_2_48,Doria-Rose et al. PLoS Pathog 13:e1006148 (2017),28052137,0.048,,
35O22+PGT128,3168_V4_C10,Doria-Rose et al. PLoS Pathog 13:e1006148 (2017),28052137,0.02,,
35O22+PGT128,620345_C1,Doria-Rose et al. PLoS Pathog 13:e1006148 (2017),28052137,>50,,
35O22+PGT128,7165_18,Doria-Rose et al. PLoS Pathog 13:e1006148 (2017),28052137,0.019,,
35O22+PGT128,CH038_12,Doria-Rose et al. PLoS Pathog 13:e1006148 (2017),28052137,0.01,,
35O22+PGT128,CH070_1,Doria-Rose et al. PLoS Pathog 13:e1006148 (2017),28052137,0.067,,
35O22+PGT128,CNE5,Doria-Rose et al. PLoS Pathog 13:e1006148 (2017),28052137,0.049,,
35O22+PGT128,CNE55,Doria-Rose et al. PLoS Pathog 13:e1006148 (2017),28052137,0.277,,
35O22+PGT128,KER2008_12,Doria-Rose et al. PLoS Pathog 13:e1006148 (2017),28052137,0.005,,
35O22+PGT128,M02138,Doria-Rose et al. PLoS Pathog 13:e1006148 (2017),28052137,>50,,
35O22+PGT128,Q259_17,Doria-Rose et al. PLoS Pathog 13:e1006148 (2017),28052137,>50,,
35O22+PGT128,Q461_E2,Doria-Rose et al. PLoS Pathog 13:e1006148 (2017),28052137,0.005,,
35O22+PGT128,TH976_17,Doria-Rose et al. PLoS Pathog 13:e1006148 (2017),28052137,>50,,
35O22+PGT128,YU2,Doria-Rose et al. PLoS Pathog 13:e1006148 (2017),28052137,0.058,,
35O22+PGT128,ZM135_10A,Doria-Rose et al. PLoS Pathog 13:e1006148 (2017),28052137,10.3,,
35O22+PGT151,0013095_2_11,Doria-Rose et al. PLoS Pathog 13:e1006148 (2017),28052137,>50,,
35O22+PGT151,001428_2_42,Doria-Rose et al. PLoS Pathog 13:e1006148 (2017),28052137,0.036,,
35O22+PGT151,231965_C1,Doria-Rose et al. PLoS Pathog 13:e1006148 (2017),28052137,0.012,,
35O22+PGT151,242_14,Doria-Rose et al. PLoS Pathog 13:e1006148 (2017),28052137,0.02,,
35O22+PGT151,247_23,Doria-Rose et al. PLoS Pathog 13:e1006148 (2017),28052137,0.005,,
35O22+PGT151,26191_2_48,Doria-Rose et al. PLoS Pathog 13:e1006148 (2017),28052137,>50,,
35O22+PGT151,3168_V4_C10,Doria-Rose et al. PLoS Pathog 13:e1006148 (2017),28052137,0.018,,
35O22+PGT151,620345_C1,Doria-Rose et al. PLoS Pathog 13:e1006148 (2017),28052137,>50,,
35O22+PGT151,7165_18,Doria-Rose et al. PLoS Pathog 13:e1006148 (2017),28052137,0.051,,
35O22+PGT151,CH038_12,Doria-Rose et al. PLoS Pathog 13:e1006148 (2017),28052137,>50,,
35O22+PGT151,CH070_1,Doria-Rose et al. PLoS Pathog 13:e1006148 (2017),28052137,>50,,
35O22+PGT151,CNE5,Doria-Rose et al. PLoS Pathog 13:e1006148 (2017),28052137,>50,,
35O22+PGT151,CNE55,Doria-Rose et al. PLoS Pathog 13:e1006148 (2017),28052137,>50,,
35O22+PGT151,KER2008_12,Doria-Rose et al. PLoS Pathog 13:e1006148 (2017),28052137,0.004,,
35O22+PGT151,M02138,Doria-Rose et al. PLoS Pathog 13:e1006148 (2017),28052137,>50,,
35O22+PGT151,Q259_17,Doria-Rose et al. PLoS Pathog 13:e1006148 (2017),28052137,0.051,,
35O22+PGT151,Q461_E2,Doria-Rose et al. PLoS Pathog 13:e1006148 (2017),28052137,0.004,,
35O22+PGT151,TH976_17,Doria-Rose et al. PLoS Pathog 13:e1006148 (2017),28052137,>50,,
35O22+PGT151,YU2,Doria-Rose et al. PLoS Pathog 13:e1006148 (2017),28052137,0.203,,
35O22+PGT151,ZM135_10A,Doria-Rose et al. PLoS Pathog 13:e1006148 (2017),28052137,>50,,
3BNC117+561_01_18,246_F3_C10_2,Schommers et al. Cell 180:471-489 (2020) - dataset2,32004464,0.032,0.100,
3BNC117+561_01_18,25710_2_43,Schommers et al. Cell 180:471-489 (2020) - dataset2,32004464,0.045,0.132,
3BNC117+561_01_18,398_F1_F6_20,Schommers et al. Cell 180:471-489 (2020) - dataset2,32004464,0.047,0.174,
3BNC117+561_01_18,703010217_B6,Schommers et al. Cell 180:471-489 (2020) - dataset2,32004464,0.041,0.107,
3BNC117+561_01_18,BJOX002000_03_2,Schommers et al. Cell 180:471-489 (2020) - dataset2,32004464,0.049,0.176,
3BNC117+561_01_18,CE1176_A3,Schommers et al. Cell 180:471-489 (2020) - dataset2,32004464,0.161,0.449,
3BNC117+561_01_18,CH119_10,Schommers et al. Cell 180:471-489 (2020) - dataset2,32004464,0.083,0.263,
3BNC117+561_01_18,CNE55,Schommers et al. Cell 180:471-489 (2020) - dataset2,32004464,0.013,0.076,
3BNC117+561_01_18,CNE8,Schommers et al. Cell 180:471-489 (2020) - dataset2,32004464,0.014,0.066,
3BNC117+561_01_18,TRO_11,Schommers et al. Cell 180:471-489 (2020) - dataset2,32004464,0.020,0.055,
3BNC117+561_01_18,X1632_S2_B10,Schommers et al. Cell 180:471-489 (2020) - dataset2,32004464,0.023,0.102,
3BNC117+561_01_18,X2278_C2_B6,Schommers et al. Cell 180:471-489 (2020) - dataset2,32004464,0.011,0.036,
3BNC117+561_01_18,YU2,Schommers et al. Cell 180:471-489 (2020) - dataset2,32004464,0.011,0.037,
3BNC117+PG9,0013095_2_11,Kong et al. J Virol 89:2659 (2015) - dataset 2,25520506,0.027,0.089,
3BNC117+PG9,001428_2_42,Kong et al. J Virol 89:2659 (2015) - dataset 2,25520506,0.001,0.005,
3BNC117+PG9,0260_V5_C36,Kong et al. J Virol 89:2659 (2015) - dataset 2,25520506,0.16,0.411,
3BNC117+PG9,0330_V4_C3,Kong et al. J Virol 89:2659 (2015) - dataset 2,25520506,0.012,0.032,
3BNC117+PG9,0815_V3_C3,Kong et al. J Virol 89:2659 (2015) - dataset 2,25520506,0.02,0.046,
3BNC117+PG9,1006_11_C3_1601,Kong et al. J Virol 89:2659 (2015) - dataset 2,25520506,0.026,0.074,
3BNC117+PG9,1012_11_TC21_3257,Kong et al. J Virol 89:2659 (2015) - dataset 2,25520506,0.021,0.07,
3BNC117+PG9,1054_07_TC4_1499,Kong et al. J Virol 89:2659 (2015) - dataset 2,25520506,0.19,0.5,
3BNC117+PG9,1056_10_TA11_1826,Kong et al. J Virol 89:2659 (2015) - dataset 2,25520506,0.207,0.711,
3BNC117+PG9,1394_C9G1,Kong et al. J Virol 89:2659 (2015) - dataset 2,25520506,0.022,0.057,
3BNC117+PG9,16055_2_3,Kong et al. J Virol 89:2659 (2015) - dataset 2,25520506,0.013,0.035,
3BNC117+PG9,16845_2_22,Kong et al. J Virol 89:2659 (2015) - dataset 2,25520506,1.56,8.87,
3BNC117+PG9,191084_B7_19,Kong et al. J Virol 89:2659 (2015) - dataset 2,25520506,0.017,0.053,
3BNC117+PG9,191821_E6_1,Kong et al. J Virol 89:2659 (2015) - dataset 2,25520506,0.14,0.532,
3BNC117+PG9,191955_A11,Kong et al. J Virol 89:2659 (2015) - dataset 2,25520506,0.026,0.061,
3BNC117+PG9,211_9,Kong et al. J Virol 89:2659 (2015) - dataset 2,25520506,0.074,0.221,
3BNC117+PG9,231965_C1,Kong et al. J Virol 89:2659 (2015) - dataset 2,25520506,0.045,0.129,
3BNC117+PG9,231966_C2,Kong et al. J Virol 89:2659 (2015) - dataset 2,25520506,0.023,0.087,
3BNC117+PG9,235_47,Kong et al. J Virol 89:2659 (2015) - dataset 2,25520506,0.027,0.097,
3BNC117+PG9,246_F3_C10_2,Kong et al. J Virol 89:2659 (2015) - dataset 2,25520506,0.014,0.048,
3BNC117+PG9,249M_B10,Kong et al. J Virol 89:2659 (2015) - dataset 2,25520506,0.018,0.06,
3BNC117+PG9,25710_2_43,Kong et al. J Virol 89:2659 (2015) - dataset 2,25520506,0.028,0.096,
3BNC117+PG9,263_8,Kong et al. J Virol 89:2659 (2015) - dataset 2,25520506,0.025,0.075,
3BNC117+PG9,3016_V5_C45,Kong et al. J Virol 89:2659 (2015) - dataset 2,25520506,0.133,0.497,
3BNC117+PG9,3103_V3_C10,Kong et al. J Virol 89:2659 (2015) - dataset 2,25520506,0.454,1.02,
3BNC117+PG9,3301_V1_C24,Kong et al. J Virol 89:2659 (2015) - dataset 2,25520506,0.03,0.082,
3BNC117+PG9,3817_V2_C59,Kong et al. J Virol 89:2659 (2015) - dataset 2,25520506,0.002,0.01,
3BNC117+PG9,398_F1_F6_20,Kong et al. J Virol 89:2659 (2015) - dataset 2,25520506,0.067,0.221,
3BNC117+PG9,6041_V3_C23,Kong et al. J Virol 89:2659 (2015) - dataset 2,25520506,0.007,0.022,
3BNC117+PG9,620345_C1,Kong et al. J Virol 89:2659 (2015) - dataset 2,25520506,0.68,>25,
3BNC117+PG9,62357_14_D3_4589,Kong et al. J Virol 89:2659 (2015) - dataset 2,25520506,0.049,0.133,
3BNC117+PG9,6240_08_TA5_4622,Kong et al. J Virol 89:2659 (2015) - dataset 2,25520506,0.143,0.346,
3BNC117+PG9,6244_13_B5_4567,Kong et al. J Virol 89:2659 (2015) - dataset 2,25520506,0.035,0.098,
3BNC117+PG9,6535_3,Kong et al. J Virol 89:2659 (2015) - dataset 2,25520506,0.104,0.335,
3BNC117+PG9,6540_V4_C1,Kong et al. J Virol 89:2659 (2015) - dataset 2,25520506,0.028,0.105,
3BNC117+PG9,6545_V4_C1,Kong et al. J Virol 89:2659 (2015) - dataset 2,25520506,0.041,0.125,
3BNC117+PG9,6811_V7_C18,Kong et al. J Virol 89:2659 (2015) - dataset 2,25520506,0.051,0.164,
3BNC117+PG9,6952_V1_C20,Kong et al. J Virol 89:2659 (2015) - dataset 2,25520506,0.086,0.276,
3BNC117+PG9,703010054_2A2,Kong et al. J Virol 89:2659 (2015) - dataset 2,25520506,0.013,0.043,
3BNC117+PG9,703010200_1E5,Kong et al. J Virol 89:2659 (2015) - dataset 2,25520506,0.254,0.822,
3BNC117+PG9,703010217_B6,Kong et al. J Virol 89:2659 (2015) - dataset 2,25520506,0.005,0.016,
3BNC117+PG9,704809221_1B3,Kong et al. J Virol 89:2659 (2015) - dataset 2,25520506,0.021,0.069,
3BNC117+PG9,89_F1_2_25,Kong et al. J Virol 89:2659 (2015) - dataset 2,25520506,1.42,>25,
3BNC117+PG9,9004SS_A3_4,Kong et al. J Virol 89:2659 (2015) - dataset 2,25520506,0.022,0.059,
3BNC117+PG9,928_28,Kong et al. J Virol 89:2659 (2015) - dataset 2,25520506,0.038,0.099,
3BNC117+PG9,A07412M1_VRC12,Kong et al. J Virol 89:2659 (2015) - dataset 2,25520506,0.025,0.131,
3BNC117+PG9,AC10_29,Kong et al. J Virol 89:2659 (2015) - dataset 2,25520506,0.062,0.247,
3BNC117+PG9,BF1266_431A,Kong et al. J Virol 89:2659 (2015) - dataset 2,25520506,0.009,0.025,
3BNC117+PG9,BJOX002000_03_2,Kong et al. J Virol 89:2659 (2015) - dataset 2,25520506,0.038,0.238,
3BNC117+PG9,BJOX009000_02_4,Kong et al. J Virol 89:2659 (2015) - dataset 2,25520506,0.236,0.816,
3BNC117+PG9,BJOX010000_06_2,Kong et al. J Virol 89:2659 (2015) - dataset 2,25520506,0.149,0.588,
3BNC117+PG9,BJOX015000_11_5,Kong et al. J Virol 89:2659 (2015) - dataset 2,25520506,0.028,0.173,
3BNC117+PG9,BJOX025000_01_1,Kong et al. J Virol 89:2659 (2015) - dataset 2,25520506,0.073,0.195,
3BNC117+PG9,BJOX028000_10_3,Kong et al. J Virol 89:2659 (2015) - dataset 2,25520506,0.013,0.039,
3BNC117+PG9,C1080_C3,Kong et al. J Virol 89:2659 (2015) - dataset 2,25520506,0.002,0.007,
3BNC117+PG9,C2101_C1,Kong et al. J Virol 89:2659 (2015) - dataset 2,25520506,0.016,0.046,
3BNC117+PG9,C3347_C11,Kong et al. J Virol 89:2659 (2015) - dataset 2,25520506,0.014,0.047,
3BNC117+PG9,C4118_9,Kong et al. J Virol 89:2659 (2015) - dataset 2,25520506,0.02,0.051,
3BNC117+PG9,CAAN5342,Kong et al. J Virol 89:2659 (2015) - dataset 2,25520506,0.525,1.53,
3BNC117+PG9,CAP210_E8,Kong et al. J Virol 89:2659 (2015) - dataset 2,25520506,0.156,0.886,
3BNC117+PG9,CAP45_G3,Kong et al. J Virol 89:2659 (2015) - dataset 2,25520506,0.003,0.011,
3BNC117+PG9,CE0393_C3,Kong et al. J Virol 89:2659 (2015) - dataset 2,25520506,0.009,0.037,
3BNC117+PG9,CE0682_E4,Kong et al. J Virol 89:2659 (2015) - dataset 2,25520506,0.022,0.071,
3BNC117+PG9,CE1086_B2,Kong et al. J Virol 89:2659 (2015) - dataset 2,25520506,0.023,0.099,
3BNC117+PG9,CE1172_H1,Kong et al. J Virol 89:2659 (2015) - dataset 2,25520506,0.045,0.2,
3BNC117+PG9,CE1176_A3,Kong et al. J Virol 89:2659 (2015) - dataset 2,25520506,0.007,0.026,
3BNC117+PG9,CE2010_F5,Kong et al. J Virol 89:2659 (2015) - dataset 2,25520506,0.077,0.256,
3BNC117+PG9,CE2060_G9,Kong et al. J Virol 89:2659 (2015) - dataset 2,25520506,0.033,0.091,
3BNC117+PG9,CH119_10,Kong et al. J Virol 89:2659 (2015) - dataset 2,25520506,0.223,0.748,
3BNC117+PG9,CNE17,Kong et al. J Virol 89:2659 (2015) - dataset 2,25520506,0.079,0.283,
3BNC117+PG9,CNE19,Kong et al. J Virol 89:2659 (2015) - dataset 2,25520506,0.011,0.029,
3BNC117+PG9,CNE20,Kong et al. J Virol 89:2659 (2015) - dataset 2,25520506,0.031,0.132,
3BNC117+PG9,CNE21,Kong et al. J Virol 89:2659 (2015) - dataset 2,25520506,0.038,0.266,
3BNC117+PG9,CNE30,Kong et al. J Virol 89:2659 (2015) - dataset 2,25520506,0.257,0.907,
3BNC117+PG9,CNE5,Kong et al. J Virol 89:2659 (2015) - dataset 2,25520506,0.012,0.031,
3BNC117+PG9,CNE52,Kong et al. J Virol 89:2659 (2015) - dataset 2,25520506,0.023,0.058,
3BNC117+PG9,CNE53,Kong et al. J Virol 89:2659 (2015) - dataset 2,25520506,0.041,0.16,
3BNC117+PG9,CNE55,Kong et al. J Virol 89:2659 (2015) - dataset 2,25520506,0.045,0.178,
3BNC117+PG9,CNE58,Kong et al. J Virol 89:2659 (2015) - dataset 2,25520506,0.02,0.059,
3BNC117+PG9,CNE8,Kong et al. J Virol 89:2659 (2015) - dataset 2,25520506,0.095,0.262,
3BNC117+PG9,DU156_12,Kong et al. J Virol 89:2659 (2015) - dataset 2,25520506,0.03,0.075,
3BNC117+PG9,DU172_17,Kong et al. J Virol 89:2659 (2015) - dataset 2,25520506,0.105,0.395,
3BNC117+PG9,DU422_1,Kong et al. J Virol 89:2659 (2015) - dataset 2,25520506,0.229,9.4,
3BNC117+PG9,MS208_A1,Kong et al. J Virol 89:2659 (2015) - dataset 2,25520506,0.037,0.132,
3BNC117+PG9,P0402_C2_11,Kong et al. J Virol 89:2659 (2015) - dataset 2,25520506,0.021,0.075,
3BNC117+PG9,P1981_C5_3,Kong et al. J Virol 89:2659 (2015) - dataset 2,25520506,0.064,0.3,
3BNC117+PG9,PVO_4,Kong et al. J Virol 89:2659 (2015) - dataset 2,25520506,0.055,0.147,
3BNC117+PG9,Q23_17,Kong et al. J Virol 89:2659 (2015) - dataset 2,25520506,0.001,0.007,
3BNC117+PG9,Q259_17,Kong et al. J Virol 89:2659 (2015) - dataset 2,25520506,0.011,0.036,
3BNC117+PG9,Q461_E2,Kong et al. J Virol 89:2659 (2015) - dataset 2,25520506,0.051,0.139,
3BNC117+PG9,Q769_D22,Kong et al. J Virol 89:2659 (2015) - dataset 2,25520506,0.004,0.014,
3BNC117+PG9,Q842_D12,Kong et al. J Virol 89:2659 (2015) - dataset 2,25520506,0.004,0.016,
3BNC117+PG9,QH0692_42,Kong et al. J Virol 89:2659 (2015) - dataset 2,25520506,0.183,0.531,
3BNC117+PG9,R1166_C1,Kong et al. J Virol 89:2659 (2015) - dataset 2,25520506,0.132,0.364,
3BNC117+PG9,R2184_C4,Kong et al. J Virol 89:2659 (2015) - dataset 2,25520506,0.023,0.066,
3BNC117+PG9,R3265_C6,Kong et al. J Virol 89:2659 (2015) - dataset 2,25520506,0.021,0.126,
3BNC117+PG9,REJO4541_67,Kong et al. J Virol 89:2659 (2015) - dataset 2,25520506,0.006,0.024,
3BNC117+PG9,RHPA4259_7,Kong et al. J Virol 89:2659 (2015) - dataset 2,25520506,0.016,0.051,
3BNC117+PG9,SC05_8C11_2344,Kong et al. J Virol 89:2659 (2015) - dataset 2,25520506,0.088,0.258,
3BNC117+PG9,SC422_8,Kong et al. J Virol 89:2659 (2015) - dataset 2,25520506,0.034,0.103,
3BNC117+PG9,T250_4,Kong et al. J Virol 89:2659 (2015) - dataset 2,25520506,0.001,0.005,
3BNC117+PG9,T251_18,Kong et al. J Virol 89:2659 (2015) - dataset 2,25520506,0.169,0.572,
3BNC117+PG9,T255_34,Kong et al. J Virol 89:2659 (2015) - dataset 2,25520506,0.01,0.043,
3BNC117+PG9,T257_31,Kong et al. J Virol 89:2659 (2015) - dataset 2,25520506,0.018,0.06,
3BNC117+PG9,T278_50,Kong et al. J Virol 89:2659 (2015) - dataset 2,25520506,0.332,1.82,
3BNC117+PG9,THRO4156,Kong et al. J Virol 89:2659 (2015) - dataset 2,25520506,0.859,5.01,
3BNC117+PG9,TRJO4551_58,Kong et al. J Virol 89:2659 (2015) - dataset 2,25520506,0.073,0.24,
3BNC117+PG9,TRO_11,Kong et al. J Virol 89:2659 (2015) - dataset 2,25520506,0.043,0.116,
3BNC117+PG9,WEAU_D15_410,Kong et al. J Virol 89:2659 (2015) - dataset 2,25520506,0.06,0.176,
3BNC117+PG9,WITO4160_33,Kong et al. J Virol 89:2659 (2015) - dataset 2,25520506,0.005,0.017,
3BNC117+PG9,X1193_C1,Kong et al. J Virol 89:2659 (2015) - dataset 2,25520506,0.054,0.148,
3BNC117+PG9,X1254_C3,Kong et al. J Virol 89:2659 (2015) - dataset 2,25520506,0.024,0.07,
3BNC117+PG9,X1632_S2_B10,Kong et al. J Virol 89:2659 (2015) - dataset 2,25520506,0.04,0.177,
3BNC117+PG9,X2088_C9,Kong et al. J Virol 89:2659 (2015) - dataset 2,25520506,>25,>25,
3BNC117+PG9,X2131_C1_B5,Kong et al. J Virol 89:2659 (2015) - dataset 2,25520506,0.055,0.193,
3BNC117+PG9,X2278_C2_B6,Kong et al. J Virol 89:2659 (2015) - dataset 2,25520506,0.006,0.018,
3BNC117+PG9,ZM109_4,Kong et al. J Virol 89:2659 (2015) - dataset 2,25520506,0.035,0.2,
3BNC117+PG9,ZM135_10A,Kong et al. J Virol 89:2659 (2015) - dataset 2,25520506,0.129,0.292,
3BNC117+PG9,ZM197_7,Kong et al. J Virol 89:2659 (2015) - dataset 2,25520506,0.187,0.495,
3BNC117+PG9,ZM214_15,Kong et al. J Virol 89:2659 (2015) - dataset 2,25520506,0.423,1.57,
3BNC117+PG9,ZM233_6,Kong et al. J Virol 89:2659 (2015) - dataset 2,25520506,0.008,0.022,
3BNC117+PG9,ZM246F,Kong et al. J Virol 89:2659 (2015) - dataset 2,25520506,7.59,>25,
3BNC117+PG9,ZM247_V1,Kong et al. J Virol 89:2659 (2015) - dataset 2,25520506,0.066,0.235,
3BNC117+PG9,ZM249_1,Kong et al. J Virol 89:2659 (2015) - dataset 2,25520506,0.026,0.097,
3BNC117+PG9,ZM53_12,Kong et al. J Virol 89:2659 (2015) - dataset 2,25520506,0.027,0.107,
8ANC195+b12,0013095_2_11,Doria-Rose et al. PLoS Pathog 13:e1006148 (2017),28052137,0.796,,
8ANC195+b12,001428_2_42,Doria-Rose et al. PLoS Pathog 13:e1006148 (2017),28052137,>50,,
8ANC195+b12,231965_C1,Doria-Rose et al. PLoS Pathog 13:e1006148 (2017),28052137,0.13,,
8ANC195+b12,242_14,Doria-Rose et al. PLoS Pathog 13:e1006148 (2017),28052137,4.46,,
8ANC195+b12,247_23,Doria-Rose et al. PLoS Pathog 13:e1006148 (2017),28052137,>50,,
8ANC195+b12,26191_2_48,Doria-Rose et al. PLoS Pathog 13:e1006148 (2017),28052137,4.91,,
8ANC195+b12,3168_V4_C10,Doria-Rose et al. PLoS Pathog 13:e1006148 (2017),28052137,16.9,,
8ANC195+b12,620345_C1,Doria-Rose et al. PLoS Pathog 13:e1006148 (2017),28052137,>50,,
8ANC195+b12,7165_18,Doria-Rose et al. PLoS Pathog 13:e1006148 (2017),28052137,0.328,,
8ANC195+b12,CH038_12,Doria-Rose et al. PLoS Pathog 13:e1006148 (2017),28052137,0.346,,
8ANC195+b12,CH070_1,Doria-Rose et al. PLoS Pathog 13:e1006148 (2017),28052137,>50,,
8ANC195+b12,CNE5,Doria-Rose et al. PLoS Pathog 13:e1006148 (2017),28052137,1.05,,
8ANC195+b12,CNE55,Doria-Rose et al. PLoS Pathog 13:e1006148 (2017),28052137,1.13,,
8ANC195+b12,KER2008_12,Doria-Rose et al. PLoS Pathog 13:e1006148 (2017),28052137,4.33,,
8ANC195+b12,M02138,Doria-Rose et al. PLoS Pathog 13:e1006148 (2017),28052137,4.95,,
8ANC195+b12,Q259_17,Doria-Rose et al. PLoS Pathog 13:e1006148 (2017),28052137,>50,,
8ANC195+b12,Q461_E2,Doria-Rose et al. PLoS Pathog 13:e1006148 (2017),28052137,2.44,,
8ANC195+b12,TH976_17,Doria-Rose et al. PLoS Pathog 13:e1006148 (2017),28052137,0.775,,
8ANC195+b12,YU2,Doria-Rose et al. PLoS Pathog 13:e1006148 (2017),28052137,1.21,,
8ANC195+b12,ZM135_10A,Doria-Rose et al. PLoS Pathog 13:e1006148 (2017),28052137,>50,,
BG1+BG18+NC37,0013095_2_11,Freund et al. Sci Transl Med 9:eaal2144 (2017),28100831,31.333,>50,
BG1+BG18+NC37,001428_2_42,Freund et al. Sci Transl Med 9:eaal2144 (2017),28100831,0.029,0.075,
BG1+BG18+NC37,0260_V5_C36,Freund et al. Sci Transl Med 9:eaal2144 (2017),28100831,0.018,0.055,
BG1+BG18+NC37,0815_V3_C3,Freund et al. Sci Transl Med 9:eaal2144 (2017),28100831,0.071,0.321,
BG1+BG18+NC37,1006_11_C3_1601,Freund et al. Sci Transl Med 9:eaal2144 (2017),28100831,0.005,0.013,
BG1+BG18+NC37,1012_11_TC21_3257,Freund et al. Sci Transl Med 9:eaal2144 (2017),28100831,0.012,0.055,
BG1+BG18+NC37,1054_07_TC4_1499,Freund et al. Sci Transl Med 9:eaal2144 (2017),28100831,0.022,0.122,
BG1+BG18+NC37,1056_10_TA11_1826,Freund et al. Sci Transl Med 9:eaal2144 (2017),28100831,0.031,0.266,
BG1+BG18+NC37,1394_C9G1,Freund et al. Sci Transl Med 9:eaal2144 (2017),28100831,0.078,1.405,
BG1+BG18+NC37,16055_2_3,Freund et al. Sci Transl Med 9:eaal2144 (2017),28100831,12.372,43.320,
BG1+BG18+NC37,16845_2_22,Freund et al. Sci Transl Med 9:eaal2144 (2017),28100831,0.092,0.316,
BG1+BG18+NC37,191084_B7_19,Freund et al. Sci Transl Med 9:eaal2144 (2017),28100831,0.029,0.071,
BG1+BG18+NC37,191821_E6_1,Freund et al. Sci Transl Med 9:eaal2144 (2017),28100831,>50,>50,
BG1+BG18+NC37,191955_A11,Freund et al. Sci Transl Med 9:eaal2144 (2017),28100831,0.830,4.335,
BG1+BG18+NC37,211_9,Freund et al. Sci Transl Med 9:eaal2144 (2017),28100831,1.976,18.953,
BG1+BG18+NC37,231965_C1,Freund et al. Sci Transl Med 9:eaal2144 (2017),28100831,>50,>50,
BG1+BG18+NC37,231966_C2,Freund et al. Sci Transl Med 9:eaal2144 (2017),28100831,>50,>50,
BG1+BG18+NC37,235_47,Freund et al. Sci Transl Med 9:eaal2144 (2017),28100831,0.013,0.046,
BG1+BG18+NC37,249M_B10,Freund et al. Sci Transl Med 9:eaal2144 (2017),28100831,4.422,17.159,
BG1+BG18+NC37,263_8,Freund et al. Sci Transl Med 9:eaal2144 (2017),28100831,0.544,3.759,
BG1+BG18+NC37,3016_V5_C45,Freund et al. Sci Transl Med 9:eaal2144 (2017),28100831,8.359,>50,
BG1+BG18+NC37,3103_V3_C10,Freund et al. Sci Transl Med 9:eaal2144 (2017),28100831,0.009,0.017,
BG1+BG18+NC37,3301_V1_C24,Freund et al. Sci Transl Med 9:eaal2144 (2017),28100831,0.074,0.260,
BG1+BG18+NC37,3365_V2_C20,Freund et al. Sci Transl Med 9:eaal2144 (2017),28100831,0.020,0.049,
BG1+BG18+NC37,3415_V1_C1,Freund et al. Sci Transl Med 9:eaal2144 (2017),28100831,0.039,0.187,
BG1+BG18+NC37,3817_V2_C59,Freund et al. Sci Transl Med 9:eaal2144 (2017),28100831,0.582,2.883,
BG1+BG18+NC37,6041_V3_C23,Freund et al. Sci Transl Med 9:eaal2144 (2017),28100831,0.085,0.233,
BG1+BG18+NC37,620345_C1,Freund et al. Sci Transl Med 9:eaal2144 (2017),28100831,1.325,8.233,
BG1+BG18+NC37,62357_14_D3_4589,Freund et al. Sci Transl Med 9:eaal2144 (2017),28100831,0.840,5.585,
BG1+BG18+NC37,6240_08_TA5_4622,Freund et al. Sci Transl Med 9:eaal2144 (2017),28100831,0.009,0.028,
BG1+BG18+NC37,6244_13_B5_4567,Freund et al. Sci Transl Med 9:eaal2144 (2017),28100831,0.045,0.216,
BG1+BG18+NC37,6480_V4_C25,Freund et al. Sci Transl Med 9:eaal2144 (2017),28100831,0.108,0.476,
BG1+BG18+NC37,6535_3,Freund et al. Sci Transl Med 9:eaal2144 (2017),28100831,0.006,0.030,
BG1+BG18+NC37,6540_V4_C1,Freund et al. Sci Transl Med 9:eaal2144 (2017),28100831,>50,>50,
BG1+BG18+NC37,6545_V4_C1,Freund et al. Sci Transl Med 9:eaal2144 (2017),28100831,>50,>50,
BG1+BG18+NC37,6811_V7_C18,Freund et al. Sci Transl Med 9:eaal2144 (2017),28100831,0.009,0.035,
BG1+BG18+NC37,6952_V1_C20,Freund et al. Sci Transl Med 9:eaal2144 (2017),28100831,0.011,0.027,
BG1+BG18+NC37,703010054_2A2,Freund et al. Sci Transl Med 9:eaal2144 (2017),28100831,>50,>50,
BG1+BG18+NC37,703010200_1E5,Freund et al. Sci Transl Med 9:eaal2144 (2017),28100831,0.011,0.035,
BG1+BG18+NC37,704809221_1B3,Freund et al. Sci Transl Med 9:eaal2144 (2017),28100831,10.937,>50,
BG1+BG18+NC37,89_F1_2_25,Freund et al. Sci Transl Med 9:eaal2144 (2017),28100831,5.379,>50,
BG1+BG18+NC37,9004SS_A3_4,Freund et al. Sci Transl Med 9:eaal2144 (2017),28100831,0.027,0.090,
BG1+BG18+NC37,928_28,Freund et al. Sci Transl Med 9:eaal2144 (2017),28100831,1.919,7.522,
BG1+BG18+NC37,A07412M1_VRC12,Freund et al. Sci Transl Med 9:eaal2144 (2017),28100831,0.189,2.455,
BG1+BG18+NC37,AC10_29,Freund et al. Sci Transl Med 9:eaal2144 (2017),28100831,0.006,0.016,
BG1+BG18+NC37,BF1266_431A,Freund et al. Sci Transl Med 9:eaal2144 (2017),28100831,45.589,>50,
BG1+BG18+NC37,BJOX009000_02_4,Freund et al. Sci Transl Med 9:eaal2144 (2017),28100831,>50,>50,
BG1+BG18+NC37,BJOX010000_06_2,Freund et al. Sci Transl Med 9:eaal2144 (2017),28100831,>50,>50,
BG1+BG18+NC37,BJOX015000_11_5,Freund et al. Sci Transl Med 9:eaal2144 (2017),28100831,>50,>50,
BG1+BG18+NC37,BJOX025000_01_1,Freund et al. Sci Transl Med 9:eaal2144 (2017),28100831,>50,>50,
BG1+BG18+NC37,BJOX028000_10_3,Freund et al. Sci Transl Med 9:eaal2144 (2017),28100831,>50,>50,
BG1+BG18+NC37,C1080_C3,Freund et al. Sci Transl Med 9:eaal2144 (2017),28100831,0.012,0.042,
BG1+BG18+NC37,C2101_C1,Freund et al. Sci Transl Med 9:eaal2144 (2017),28100831,>50,>50,
BG1+BG18+NC37,C3347_C11,Freund et al. Sci Transl Med 9:eaal2144 (2017),28100831,>50,>50,
BG1+BG18+NC37,C4118_9,Freund et al. Sci Transl Med 9:eaal2144 (2017),28100831,>50,>50,
BG1+BG18+NC37,CAAN5342,Freund et al. Sci Transl Med 9:eaal2144 (2017),28100831,0.036,0.162,
BG1+BG18+NC37,CAP210_E8,Freund et al. Sci Transl Med 9:eaal2144 (2017),28100831,19.144,>50,
BG1+BG18+NC37,CAP45_G3,Freund et al. Sci Transl Med 9:eaal2144 (2017),28100831,0.251,1.097,
BG1+BG18+NC37,CE0393_C3,Freund et al. Sci Transl Med 9:eaal2144 (2017),28100831,>50,>50,
BG1+BG18+NC37,CE0682_E4,Freund et al. Sci Transl Med 9:eaal2144 (2017),28100831,>50,>50,
BG1+BG18+NC37,CE1086_B2,Freund et al. Sci Transl Med 9:eaal2144 (2017),28100831,2.088,13.998,
BG1+BG18+NC37,CE1172_H1,Freund et al. Sci Transl Med 9:eaal2144 (2017),28100831,0.017,0.047,
BG1+BG18+NC37,CE1176_A3,Freund et al. Sci Transl Med 9:eaal2144 (2017),28100831,0.013,0.030,
BG1+BG18+NC37,CE2010_F5,Freund et al. Sci Transl Med 9:eaal2144 (2017),28100831,>50,>50,
BG1+BG18+NC37,CE2060_G9,Freund et al. Sci Transl Med 9:eaal2144 (2017),28100831,>50,>50,
BG1+BG18+NC37,CNE17,Freund et al. Sci Transl Med 9:eaal2144 (2017),28100831,0.195,0.709,
BG1+BG18+NC37,CNE19,Freund et al. Sci Transl Med 9:eaal2144 (2017),28100831,1.576,17.656,
BG1+BG18+NC37,CNE20,Freund et al. Sci Transl Med 9:eaal2144 (2017),28100831,0.008,0.024,
BG1+BG18+NC37,CNE21,Freund et al. Sci Transl Med 9:eaal2144 (2017),28100831,0.009,0.022,
BG1+BG18+NC37,CNE30,Freund et al. Sci Transl Med 9:eaal2144 (2017),28100831,0.067,0.183,
BG1+BG18+NC37,CNE5,Freund et al. Sci Transl Med 9:eaal2144 (2017),28100831,1.465,6.578,
BG1+BG18+NC37,CNE52,Freund et al. Sci Transl Med 9:eaal2144 (2017),28100831,0.077,0.199,
BG1+BG18+NC37,CNE53,Freund et al. Sci Transl Med 9:eaal2144 (2017),28100831,0.015,0.036,
BG1+BG18+NC37,CNE58,Freund et al. Sci Transl Med 9:eaal2144 (2017),28100831,0.055,0.206,
BG1+BG18+NC37,CNE8,Freund et al. Sci Transl Med 9:eaal2144 (2017),28100831,>50,>50,
BG1+BG18+NC37,DU156_12,Freund et al. Sci Transl Med 9:eaal2144 (2017),28100831,0.018,0.050,
BG1+BG18+NC37,DU172_17,Freund et al. Sci Transl Med 9:eaal2144 (2017),28100831,>50,>50,
BG1+BG18+NC37,DU422_1,Freund et al. Sci Transl Med 9:eaal2144 (2017),28100831,0.076,0.347,
BG1+BG18+NC37,MS208_A1,Freund et al. Sci Transl Med 9:eaal2144 (2017),28100831,2.393,17.933,
BG1+BG18+NC37,P0402_C2_11,Freund et al. Sci Transl Med 9:eaal2144 (2017),28100831,0.023,0.088,
BG1+BG18+NC37,P1981_C5_3,Freund et al. Sci Transl Med 9:eaal2144 (2017),28100831,0.022,0.063,
BG1+BG18+NC37,PVO_4,Freund et al. Sci Transl Med 9:eaal2144 (2017),28100831,0.012,0.050,
BG1+BG18+NC37,Q23_17,Freund et al. Sci Transl Med 9:eaal2144 (2017),28100831,0.009,0.024,
BG1+BG18+NC37,Q259_17,Freund et al. Sci Transl Med 9:eaal2144 (2017),28100831,>50,>50,
BG1+BG18+NC37,Q461_E2,Freund et al. Sci Transl Med 9:eaal2144 (2017),28100831,>50,>50,
BG1+BG18+NC37,Q769_D22,Freund et al. Sci Transl Med 9:eaal2144 (2017),28100831,0.364,2.151,
BG1+BG18+NC37,Q842_D12,Freund et al. Sci Transl Med 9:eaal2144 (2017),28100831,0.405,1.371,
BG1+BG18+NC37,QH0692_42,Freund et al. Sci Transl Med 9:eaal2144 (2017),28100831,0.033,0.130,
BG1+BG18+NC37,R1166_C1,Freund et al. Sci Transl Med 9:eaal2144 (2017),28100831,>50,>50,
BG1+BG18+NC37,R2184_C4,Freund et al. Sci Transl Med 9:eaal2144 (2017),28100831,0.084,0.376,
BG1+BG18+NC37,REJO4541_67,Freund et al. Sci Transl Med 9:eaal2144 (2017),28100831,0.199,0.696,
BG1+BG18+NC37,RHPA4259_7,Freund et al. Sci Transl Med 9:eaal2144 (2017),28100831,0.210,1.669,
BG1+BG18+NC37,SC05_8C11_2344,Freund et al. Sci Transl Med 9:eaal2144 (2017),28100831,0.045,0.083,
BG1+BG18+NC37,SC422_8,Freund et al. Sci Transl Med 9:eaal2144 (2017),28100831,0.024,0.089,
BG1+BG18+NC37,T250_4,Freund et al. Sci Transl Med 9:eaal2144 (2017),28100831,0.005,0.029,
BG1+BG18+NC37,T251_18,Freund et al. Sci Transl Med 9:eaal2144 (2017),28100831,0.133,0.639,
BG1+BG18+NC37,T255_34,Freund et al. Sci Transl Med 9:eaal2144 (2017),28100831,37.020,>50,
BG1+BG18+NC37,T257_31,Freund et al. Sci Transl Med 9:eaal2144 (2017),28100831,>50,>50,
BG1+BG18+NC37,T278_50,Freund et al. Sci Transl Med 9:eaal2144 (2017),28100831,9.069,44.006,
BG1+BG18+NC37,THRO4156,Freund et al. Sci Transl Med 9:eaal2144 (2017),28100831,>50,>50,
BG1+BG18+NC37,TRJO4551_58,Freund et al. Sci Transl Med 9:eaal2144 (2017),28100831,0.938,7.063,
BG1+BG18+NC37,TRO_11,Freund et al. Sci Transl Med 9:eaal2144 (2017),28100831,0.004,0.015,
BG1+BG18+NC37,WEAU_D15_410,Freund et al. Sci Transl Med 9:eaal2144 (2017),28100831,0.022,0.074,
BG1+BG18+NC37,WITO4160_33,Freund et al. Sci Transl Med 9:eaal2144 (2017),28100831,0.021,0.075,
BG1+BG18+NC37,X1193_C1,Freund et al. Sci Transl Med 9:eaal2144 (2017),28100831,0.036,0.130,
BG1+BG18+NC37,X1254_C3,Freund et al. Sci Transl Med 9:eaal2144 (2017),28100831,0.016,0.038,
BG1+BG18+NC37,X1632_S2_B10,Freund et al. Sci Transl Med 9:eaal2144 (2017),28100831,0.275,0.986,
BG1+BG18+NC37,X2088_C9,Freund et al. Sci Transl Med 9:eaal2144 (2017),28100831,0.007,0.021,
BG1+BG18+NC37,X2131_C1_B5,Freund et al. Sci Transl Med 9:eaal2144 (2017),28100831,0.016,0.036,
BG1+BG18+NC37,YU2,Freund et al. Sci Transl Med 9:eaal2144 (2017),28100831,0.052,0.147,
BG1+BG18+NC37,ZM109_4,Freund et al. Sci Transl Med 9:eaal2144 (2017),28100831,>50,>50,
BG1+BG18+NC37,ZM135_10A,Freund et al. Sci Transl Med 9:eaal2144 (2017),28100831,6.018,31.451,
BG1+BG18+NC37,ZM197_7,Freund et al. Sci Transl Med 9:eaal2144 (2017),28100831,4.123,>50,
BG1+BG18+NC37,ZM214_15,Freund et al. Sci Transl Med 9:eaal2144 (2017),28100831,>50,>50,
BG1+BG18+NC37,ZM233_6,Freund et al. Sci Transl Med 9:eaal2144 (2017),28100831,7.814,>50,
BG1+BG18+NC37,ZM246F,Freund et al. Sci Transl Med 9:eaal2144 (2017),28100831,0.172,1.220,
BG1+BG18+NC37,ZM247_V1,Freund et al. Sci Transl Med 9:eaal2144 (2017),28100831,6.417,>50,
BG1+BG18+NC37,ZM249_1,Freund et al. Sci Transl Med 9:eaal2144 (2017),28100831,2.916,17.336,
BG1+BG18+NC37,ZM53_12,Freund et al. Sci Transl Med 9:eaal2144 (2017),28100831,>50,>50,
BISC-1A+BISC-1B+BISC-1C,246_F3_C10_2,Davis-Gardner et al. mBio 11:e03080 (2020) - dataset 1,31937648,,0.724,
BISC-1A+BISC-1B+BISC-1C,25710_2_43,Davis-Gardner et al. mBio 11:e03080 (2020) - dataset 1,31937648,,0.006,
BISC-1A+BISC-1B+BISC-1C,398_F1_F6_20,Davis-Gardner et al. mBio 11:e03080 (2020) - dataset 1,31937648,,0.067,
BISC-1A+BISC-1B+BISC-1C,703010217_B6,Davis-Gardner et al. mBio 11:e03080 (2020) - dataset 1,31937648,,0.069,
BISC-1A+BISC-1B+BISC-1C,96ZM651_02,Davis-Gardner et al. mBio 11:e03080 (2020) - dataset 1,31937648,,0.437,
BISC-1A+BISC-1B+BISC-1C,BG505_W6M_C2,Davis-Gardner et al. mBio 11:e03080 (2020) - dataset 1,31937648,,0.005,
BISC-1A+BISC-1B+BISC-1C,BJOX002000_03_2,Davis-Gardner et al. mBio 11:e03080 (2020) - dataset 1,31937648,,0.013,
BISC-1A+BISC-1B+BISC-1C,CE1176_A3,Davis-Gardner et al. mBio 11:e03080 (2020) - dataset 1,31937648,,0.028,
BISC-1A+BISC-1B+BISC-1C,CH119_10,Davis-Gardner et al. mBio 11:e03080 (2020) - dataset 1,31937648,,0.091,
BISC-1A+BISC-1B+BISC-1C,CNE55,Davis-Gardner et al. mBio 11:e03080 (2020) - dataset 1,31937648,,0.012,
BISC-1A+BISC-1B+BISC-1C,CNE8,Davis-Gardner et al. mBio 11:e03080 (2020) - dataset 1,31937648,,2.75,
BISC-1A+BISC-1B+BISC-1C,PVO_4,Davis-Gardner et al. mBio 11:e03080 (2020) - dataset 1,31937648,,0.191,
BISC-1A+BISC-1B+BISC-1C,TRO_11,Davis-Gardner et al. mBio 11:e03080 (2020) - dataset 1,31937648,,0.097,
BISC-1A+BISC-1B+BISC-1C,X1632_S2_B10,Davis-Gardner et al. mBio 11:e03080 (2020) - dataset 1,31937648,,0.005,
BISC-1A+BISC-1B+BISC-1C,X2278_C2_B6,Davis-Gardner et al. mBio 11:e03080 (2020) - dataset 1,31937648,,0.014,
CH01+VRC-CH31,001428_2_42,van Schooten et al. Nat Commun 13:4515 (2022a) - dataset 2,35922441,0.03,,
CH01+VRC-CH31,00836_2_5,Qin et al. PLoS One 10:e0128823 (2015),26039641,>25,,
CH01+VRC-CH31,100002I_2_1,Kumar et al. PLoS Pathog 14:e1006944 (2018),29672607,20.85,,
CH01+VRC-CH31,100014I_2_20,Kumar et al. PLoS Pathog 14:e1006944 (2018),29672607,0.29,,
CH01+VRC-CH31,100046I_3_2,Kumar et al. PLoS Pathog 14:e1006944 (2018),29672607,0.13,,
CH01+VRC-CH31,100052I_2_15,Kumar et al. PLoS Pathog 14:e1006944 (2018),29672607,0.07,,
CH01+VRC-CH31,100155I_21,Kumar et al. PLoS Pathog 14:e1006944 (2018),29672607,0.22,,
CH01+VRC-CH31,100307I_2_26,Kumar et al. PLoS Pathog 14:e1006944 (2018),29672607,0.06,,
CH01+VRC-CH31,100307I_2_7,Kumar et al. PLoS Pathog 14:e1006944 (2018),29672607,0.68,,
CH01+VRC-CH31,100383I_3_5,Kumar et al. PLoS Pathog 14:e1006944 (2018),29672607,0.16,,
CH01+VRC-CH31,100504I_20,Kumar et al. PLoS Pathog 14:e1006944 (2018),29672607,0.51,,
CH01+VRC-CH31,100711I_3_26,Kumar et al. PLoS Pathog 14:e1006944 (2018),29672607,0.23,,
CH01+VRC-CH31,100890I_2_1,Kumar et al. PLoS Pathog 14:e1006944 (2018),29672607,0.45,,
CH01+VRC-CH31,100890I_2_4,Kumar et al. PLoS Pathog 14:e1006944 (2018),29672607,0.73,,
CH01+VRC-CH31,100997I_2_18,Kumar et al. PLoS Pathog 14:e1006944 (2018),29672607,0.56,,
CH01+VRC-CH31,100997I_2_2,Kumar et al. PLoS Pathog 14:e1006944 (2018),29672607,0.06,,
CH01+VRC-CH31,101421I_2_11,Kumar et al. PLoS Pathog 14:e1006944 (2018),29672607,<.01,,
CH01+VRC-CH31,101421I_2_23,Kumar et al. PLoS Pathog 14:e1006944 (2018),29672607,0.14,,
CH01+VRC-CH31,101984I_10,Kumar et al. PLoS Pathog 14:e1006944 (2018),29672607,0.07,,
CH01+VRC-CH31,101984I_21,Kumar et al. PLoS Pathog 14:e1006944 (2018),29672607,1.03,,
CH01+VRC-CH31,102149I_2_23,Kumar et al. PLoS Pathog 14:e1006944 (2018),29672607,0.46,,
CH01+VRC-CH31,102407I_2_1,Kumar et al. PLoS Pathog 14:e1006944 (2018),29672607,0.2,,
CH01+VRC-CH31,102605I_33,Kumar et al. PLoS Pathog 14:e1006944 (2018),29672607,2.19,,
CH01+VRC-CH31,16055_2_3,van Schooten et al. Nat Commun 13:4515 (2022a) - dataset 2,35922441,0.62,,
CH01+VRC-CH31,191859,van Schooten et al. Nat Commun 13:4515 (2022a) - dataset 2,35922441,4.1,,
CH01+VRC-CH31,231965_C1,van Schooten et al. Nat Commun 13:4515 (2022a) - dataset 2,35922441,3.6,,
CH01+VRC-CH31,242_14,van Schooten et al. Nat Commun 13:4515 (2022a) - dataset 2,35922441,8.5,,
CH01+VRC-CH31,246_F3_C10_2,Bonsignori et al. Immunity 49:1162 (2018) - dataset 1,30552024,0.145,0.403,
CH01+VRC-CH31,246_F3_C10_2,Heydarchi et al. Cell Rep Med 3:100635 (2022),35584627,0.109,0.43,
CH01+VRC-CH31,246_F3_C10_2,van Schooten et al. Nat Commun 13:4515 (2022a) - dataset 2,35922441,0.19,,
CH01+VRC-CH31,246_F3_C10_2,Wiehe et al. Cell Host Microbe 23:759 (2018),29861171,0.034,,
CH01+VRC-CH31,246_F3_C10_2,Williams et al. Sci Immunol 2:eaal2200 (2017) - dataset 4,28783671,0.155,,
CH01+VRC-CH31,247_23,van Schooten et al. Nat Commun 13:4515 (2022a) - dataset 2,35922441,>25,,
CH01+VRC-CH31,249M_B10,van Schooten et al. Nat Commun 13:4515 (2022a) - dataset 2,35922441,0.12,,
CH01+VRC-CH31,25710_2_43,Bonsignori et al. Immunity 49:1162 (2018) - dataset 1,30552024,0.375,1.274,
CH01+VRC-CH31,25710_2_43,Qin et al. PLoS One 10:e0128823 (2015),26039641,0.14,,
CH01+VRC-CH31,25710_2_43,van Schooten et al. Nat Commun 13:4515 (2022a) - dataset 2,35922441,0.36,,
CH01+VRC-CH31,25710_2_43,Wiehe et al. Cell Host Microbe 23:759 (2018),29861171,0.16,,
CH01+VRC-CH31,25710_2_43,Williams et al. Sci Immunol 2:eaal2200 (2017) - dataset 4,28783671,0.244,,
CH01+VRC-CH31,25925_2_22,van Schooten et al. Nat Commun 13:4515 (2022a) - dataset 2,35922441,1.2,,
CH01+VRC-CH31,26191_2_48,van Schooten et al. Nat Commun 13:4515 (2022a) - dataset 2,35922441,0.36,,
CH01+VRC-CH31,2759058_F10_B6,Heydarchi et al. Cell Rep Med 3:100635 (2022),35584627,0.426,1.59,
CH01+VRC-CH31,2969249,Heydarchi et al. Cell Rep Med 3:100635 (2022),35584627,3.045,12.221,
CH01+VRC-CH31,3016_V5_C45,van Schooten et al. Nat Commun 13:4515 (2022a) - dataset 2,35922441,>50,,
CH01+VRC-CH31,3168_V4_C10,van Schooten et al. Nat Commun 13:4515 (2022a) - dataset 2,35922441,0.28,,
CH01+VRC-CH31,3728_V2_C6,Heydarchi et al. Cell Rep Med 3:100635 (2022),35584627,0.287,0.659,
CH01+VRC-CH31,3728_V2_C6,van Schooten et al. Nat Commun 13:4515 (2022a) - dataset 2,35922441,0.3,,
CH01+VRC-CH31,398_F1_F6_20,Bonsignori et al. Immunity 49:1162 (2018) - dataset 1,30552024,0.122,0.345,
CH01+VRC-CH31,398_F1_F6_20,Wiehe et al. Cell Host Microbe 23:759 (2018),29861171,0.039,,
CH01+VRC-CH31,398_F1_F6_20,Williams et al. Sci Immunol 2:eaal2200 (2017) - dataset 4,28783671,0.162,,
CH01+VRC-CH31,45_01DG5,van Schooten et al. Nat Commun 13:4515 (2022a) - dataset 2,35922441,0.03,,
CH01+VRC-CH31,45_01DG5,Wiehe et al. Cell Host Microbe 23:759 (2018),29861171,<0.023,,
CH01+VRC-CH31,57128_VRC15,Bonsignori et al. Sci Transl Med 9:eaai7514 (2017),28298420,0.574,,
CH01+VRC-CH31,6101_1,Bonsignori et al. Sci Transl Med 9:eaai7514 (2017),28298420,>25,,
CH01+VRC-CH31,620345_C1,van Schooten et al. Nat Commun 13:4515 (2022a) - dataset 2,35922441,>25,,
CH01+VRC-CH31,6535_3,Qin et al. PLoS One 10:e0128823 (2015),26039641,0.22,,
CH01+VRC-CH31,6540_V4_C1,Bonsignori et al. Sci Transl Med 9:eaai7514 (2017),28298420,0.458,,
CH01+VRC-CH31,703010010_C4,Heydarchi et al. Cell Rep Med 3:100635 (2022),35584627,0.036,0.32,
CH01+VRC-CH31,703010217_B6,Bonsignori et al. Immunity 49:1162 (2018) - dataset 1,30552024,0.058,0.226,
CH01+VRC-CH31,703010217_B6,van Schooten et al. Nat Commun 13:4515 (2022a) - dataset 2,35922441,0.16,,
CH01+VRC-CH31,703010217_B6,Wiehe et al. Cell Host Microbe 23:759 (2018),29861171,<0.011,,
CH01+VRC-CH31,703010217_B6,Williams et al. Sci Immunol 2:eaal2200 (2017) - dataset 4,28783671,0.108,,
CH01+VRC-CH31,704809221_1B3,Rosenberg et al. PLoS One 10:e0120451 (2015),25807114,0.58,,
CH01+VRC-CH31,704810053_2B7,Heydarchi et al. Cell Rep Med 3:100635 (2022),35584627,9.412,>20,
CH01+VRC-CH31,706010164_1A7,van Schooten et al. Nat Commun 13:4515 (2022a) - dataset 2,35922441,0.45,,
CH01+VRC-CH31,7165_18,van Schooten et al. Nat Commun 13:4515 (2022a) - dataset 2,35922441,4.8,,
CH01+VRC-CH31,9004SS_A3_4,Rosenberg et al. PLoS One 10:e0120451 (2015),25807114,0.24,,
CH01+VRC-CH31,9004SS_A3_4,van Schooten et al. Nat Commun 13:4515 (2022a) - dataset 2,35922441,0.31,,
CH01+VRC-CH31,928_28,van Schooten et al. Nat Commun 13:4515 (2022a) - dataset 2,35922441,0.44,,
CH01+VRC-CH31,92BR025_9,Qin et al. PLoS One 10:e0128823 (2015),26039641,0.57,,
CH01+VRC-CH31,92RW020_2,Bonsignori et al. Sci Transl Med 9:eaai7514 (2017),28298420,1.672,,
CH01+VRC-CH31,92RW020_2,Heydarchi et al. Cell Rep Med 3:100635 (2022),35584627,0.042,0.117,
CH01+VRC-CH31,AE01,Heydarchi et al. Cell Rep Med 3:100635 (2022),35584627,0.64,3.55,
CH01+VRC-CH31,AE03,Heydarchi et al. Cell Rep Med 3:100635 (2022),35584627,0.115,0.42,
CH01+VRC-CH31,AMC009_1B5,Schorcht et al. J Virol 94:e01214 (2020),32999024,0.02,,
CH01+VRC-CH31,AMC009_1B5,van Schooten et al. Nat Commun 13:4515 (2022a) - dataset 2,35922441,0.057,,
CH01+VRC-CH31,BAL_26,Qin et al. PLoS One 10:e0128823 (2015),26039641,0.09,,
CH01+VRC-CH31,BG1168_1,Bonsignori et al. Sci Transl Med 9:eaai7514 (2017),28298420,0.141,,
CH01+VRC-CH31,BG505_DELTA_CT_T332N,Qin et al. PLoS One 10:e0128823 (2015),26039641,0.02,,
CH01+VRC-CH31,BJOX002000_03_2,Bonsignori et al. Immunity 49:1162 (2018) - dataset 1,30552024,8.303,>50,
CH01+VRC-CH31,BJOX002000_03_2,van Schooten et al. Nat Commun 13:4515 (2022a) - dataset 2,35922441,15,,
CH01+VRC-CH31,BJOX002000_03_2,Wiehe et al. Cell Host Microbe 23:759 (2018),29861171,0.977,,
CH01+VRC-CH31,BJOX002000_03_2,Williams et al. Sci Immunol 2:eaal2200 (2017) - dataset 4,28783671,7.819,,
CH01+VRC-CH31,BX08_16,Qin et al. PLoS One 10:e0128823 (2015),26039641,0.42,,
CH01+VRC-CH31,BZ167_12,Qin et al. PLoS One 10:e0128823 (2015),26039641,0.13,,
CH01+VRC-CH31,C1080_C3,Bonsignori et al. Sci Transl Med 9:eaai7514 (2017),28298420,>25,,
CH01+VRC-CH31,CAAN5342,Bonsignori et al. Sci Transl Med 9:eaai7514 (2017),28298420,0.089,,
CH01+VRC-CH31,CAP382_2_00_D7_19,Heydarchi et al. Cell Rep Med 3:100635 (2022),35584627,>16.650,>16.65,
CH01+VRC-CH31,CE1176_A3,Bonsignori et al. Immunity 49:1162 (2018) - dataset 1,30552024,0.191,1.01,
CH01+VRC-CH31,CE1176_A3,Qin et al. PLoS One 10:e0128823 (2015),26039641,0.17,,
CH01+VRC-CH31,CE1176_A3,Rosenberg et al. PLoS One 10:e0120451 (2015),25807114,0.13,,
CH01+VRC-CH31,CE1176_A3,van Schooten et al. Nat Commun 13:4515 (2022a) - dataset 2,35922441,0.15,,
CH01+VRC-CH31,CE1176_A3,Wiehe et al. Cell Host Microbe 23:759 (2018),29861171,0.018,,
CH01+VRC-CH31,CE1176_A3,Williams et al. Sci Immunol 2:eaal2200 (2017) - dataset 4,28783671,0.134,,
CH01+VRC-CH31,CE2103_E8,Heydarchi et al. Cell Rep Med 3:100635 (2022),35584627,>16.650,>16.65,
CH01+VRC-CH31,CH070_1,van Schooten et al. Nat Commun 13:4515 (2022a) - dataset 2,35922441,1,,
CH01+VRC-CH31,CH119_10,Bonsignori et al. Immunity 49:1162 (2018) - dataset 1,30552024,1.152,4.137,
CH01+VRC-CH31,CH119_10,Heydarchi et al. Cell Rep Med 3:100635 (2022),35584627,0.94,3.054,
CH01+VRC-CH31,CH119_10,van Schooten et al. Nat Commun 13:4515 (2022a) - dataset 2,35922441,1.4,,
CH01+VRC-CH31,CH119_10,Wiehe et al. Cell Host Microbe 23:759 (2018),29861171,0.468,,
CH01+VRC-CH31,CH119_10,Williams et al. Sci Immunol 2:eaal2200 (2017) - dataset 4,28783671,1.003,,
CH01+VRC-CH31,CH505_TF,Wiehe et al. Cell Host Microbe 23:759 (2018),29861171,<0.011,,
CH01+VRC-CH31,CNE5,Heydarchi et al. Cell Rep Med 3:100635 (2022),35584627,0.115,0.83,
CH01+VRC-CH31,CNE5,van Schooten et al. Nat Commun 13:4515 (2022a) - dataset 2,35922441,0.25,,
CH01+VRC-CH31,CNE55,Bonsignori et al. Immunity 49:1162 (2018) - dataset 1,30552024,0.062,0.38,
CH01+VRC-CH31,CNE55,van Schooten et al. Nat Commun 13:4515 (2022a) - dataset 2,35922441,0.17,,
CH01+VRC-CH31,CNE55,Wiehe et al. Cell Host Microbe 23:759 (2018),29861171,0.035,,
CH01+VRC-CH31,CNE55,Williams et al. Sci Immunol 2:eaal2200 (2017) - dataset 4,28783671,0.211,,
CH01+VRC-CH31,CNE58,Bonsignori et al. Sci Transl Med 9:eaai7514 (2017),28298420,0.245,,
CH01+VRC-CH31,CNE8,Bonsignori et al. Immunity 49:1162 (2018) - dataset 1,30552024,0.498,1.633,
CH01+VRC-CH31,CNE8,Wiehe et al. Cell Host Microbe 23:759 (2018),29861171,0.059,,
CH01+VRC-CH31,CNE8,Williams et al. Sci Immunol 2:eaal2200 (2017) - dataset 4,28783671,0.253,,
CH01+VRC-CH31,CON_S_LIAO2006,Sliepen et al. Nat Commun 10:2355 (2019),31142746,0.97,,
CH01+VRC-CH31,COT6_15,Williams et al. Sci Immunol 2:eaal2200 (2017) - dataset 1,28783671,0.12,,
CH01+VRC-CH31,DJ263_8,Bonsignori et al. Sci Transl Med 9:eaai7514 (2017),28298420,0.36,,
CH01+VRC-CH31,DU156_12,Bonsignori et al. Sci Transl Med 9:eaai7514 (2017),28298420,0.591,,
CH01+VRC-CH31,DU156_12,Wiehe et al. Cell Host Microbe 23:759 (2018),29861171,3.078,,
CH01+VRC-CH31,DU172_17,Bonsignori et al. Sci Transl Med 9:eaai7514 (2017),28298420,>50,,
CH01+VRC-CH31,DU422_1,Bonsignori et al. Sci Transl Med 9:eaai7514 (2017),28298420,0.025,,
CH01+VRC-CH31,H029_12,van Schooten et al. Nat Commun 13:4515 (2022a) - dataset 2,35922441,0.47,,
CH01+VRC-CH31,JRFL,Bonsignori et al. Sci Transl Med 9:eaai7514 (2017),28298420,0.916,,
CH01+VRC-CH31,JRFL,Wiehe et al. Cell Host Microbe 23:759 (2018),29861171,<0.023,,
CH01+VRC-CH31,KER2008_12,van Schooten et al. Nat Commun 13:4515 (2022a) - dataset 2,35922441,0.17,,
CH01+VRC-CH31,KO243_H6_3,Heydarchi et al. Cell Rep Med 3:100635 (2022),35584627,1.223,4.357,
CH01+VRC-CH31,M02138,van Schooten et al. Nat Commun 13:4515 (2022a) - dataset 2,35922441,2.6,,
CH01+VRC-CH31,MN_3,Qin et al. PLoS One 10:e0128823 (2015),26039641,0.75,,
CH01+VRC-CH31,MS208_A1,Heydarchi et al. Cell Rep Med 3:100635 (2022),35584627,0.03,0.15,
CH01+VRC-CH31,MS208_A1,Qin et al. PLoS One 10:e0128823 (2015),26039641,0.02,,
CH01+VRC-CH31,MW965_26,Qin et al. PLoS One 10:e0128823 (2015),26039641,3.22,,
CH01+VRC-CH31,P1981_C5_3,van Schooten et al. Nat Commun 13:4515 (2022a) - dataset 2,35922441,4.3,,
CH01+VRC-CH31,PVO_4,Bonsignori et al. Sci Transl Med 9:eaai7514 (2017),28298420,0.095,,
CH01+VRC-CH31,Q168_A2,Bonsignori et al. Sci Transl Med 9:eaai7514 (2017),28298420,0.015,,
CH01+VRC-CH31,Q23_17,Bonsignori et al. Sci Transl Med 9:eaai7514 (2017),28298420,0.078,,
CH01+VRC-CH31,Q23_17,Qin et al. PLoS One 10:e0128823 (2015),26039641,<.01,,
CH01+VRC-CH31,Q23_17,Rosenberg et al. PLoS One 10:e0120451 (2015),25807114,<.01,,
CH01+VRC-CH31,Q23_17,Wiehe et al. Cell Host Microbe 23:759 (2018),29861171,<0.023,,
CH01+VRC-CH31,Q259_17,Heydarchi et al. Cell Rep Med 3:100635 (2022),35584627,16.65,>16.65,
CH01+VRC-CH31,Q259_17,van Schooten et al. Nat Commun 13:4515 (2022a) - dataset 2,35922441,7,,
CH01+VRC-CH31,Q461_E2,van Schooten et al. Nat Commun 13:4515 (2022a) - dataset 2,35922441,0.45,,
CH01+VRC-CH31,Q769_D22,Bonsignori et al. Sci Transl Med 9:eaai7514 (2017),28298420,0.033,,
CH01+VRC-CH31,Q769_D22,Heydarchi et al. Cell Rep Med 3:100635 (2022),35584627,0.108,0.351,
CH01+VRC-CH31,Q769_D22,van Schooten et al. Nat Commun 13:4515 (2022a) - dataset 2,35922441,0.1,,
CH01+VRC-CH31,Q842_D12,Heydarchi et al. Cell Rep Med 3:100635 (2022),35584627,0.018,0.048,
CH01+VRC-CH31,Q842_D12,van Schooten et al. Nat Commun 13:4515 (2022a) - dataset 2,35922441,<0.02,,
CH01+VRC-CH31,RHPA4259_7,Rosenberg et al. PLoS One 10:e0120451 (2015),25807114,0.22,,
CH01+VRC-CH31,RHPA4259_7,Wiehe et al. Cell Host Microbe 23:759 (2018),29861171,0.136,,
CH01+VRC-CH31,RPW_0510_2,van Schooten et al. Nat Commun 13:4515 (2022a) - dataset 2,35922441,6.5,,
CH01+VRC-CH31,SF162,Qin et al. PLoS One 10:e0128823 (2015),26039641,0.5,,
CH01+VRC-CH31,SPK_0525_13,van Schooten et al. Nat Commun 13:4515 (2022a) - dataset 2,35922441,0.22,,
CH01+VRC-CH31,SS1196_1,Qin et al. PLoS One 10:e0128823 (2015),26039641,0.67,,
CH01+VRC-CH31,T250_4,van Schooten et al. Nat Commun 13:4515 (2022a) - dataset 2,35922441,0.07,,
CH01+VRC-CH31,TH023_6,Qin et al. PLoS One 10:e0128823 (2015),26039641,0.1,,
CH01+VRC-CH31,TH976_17,van Schooten et al. Nat Commun 13:4515 (2022a) - dataset 2,35922441,0.1,,
CH01+VRC-CH31,THRO4156,Bonsignori et al. Sci Transl Med 9:eaai7514 (2017),28298420,2.816,,
CH01+VRC-CH31,TRJO4551_58,Bonsignori et al. Sci Transl Med 9:eaai7514 (2017),28298420,0.307,,
CH01+VRC-CH31,TRO_11,Bonsignori et al. Immunity 49:1162 (2018) - dataset 1,30552024,0.061,0.69,
CH01+VRC-CH31,TRO_11,Bonsignori et al. Sci Transl Med 9:eaai7514 (2017),28298420,0.256,,
CH01+VRC-CH31,TRO_11,Qin et al. PLoS One 10:e0128823 (2015),26039641,0.5,,
CH01+VRC-CH31,TRO_11,Rosenberg et al. PLoS One 10:e0120451 (2015),25807114,0.27,,
CH01+VRC-CH31,TRO_11,van Schooten et al. Nat Commun 13:4515 (2022a) - dataset 2,35922441,0.5,,
CH01+VRC-CH31,TRO_11,Wiehe et al. Cell Host Microbe 23:759 (2018),29861171,0.093,,
CH01+VRC-CH31,TRO_11,Williams et al. Sci Immunol 2:eaal2200 (2017) - dataset 4,28783671,0.333,,
CH01+VRC-CH31,TV1_21,Qin et al. PLoS One 10:e0128823 (2015),26039641,0.68,,
CH01+VRC-CH31,W61D_TCLA_71,Qin et al. PLoS One 10:e0128823 (2015),26039641,0.26,,
CH01+VRC-CH31,X1632_S2_B10,Bonsignori et al. Immunity 49:1162 (2018) - dataset 1,30552024,0.058,0.202,
CH01+VRC-CH31,X1632_S2_B10,Bonsignori et al. Sci Transl Med 9:eaai7514 (2017),28298420,0.086,,
CH01+VRC-CH31,X1632_S2_B10,van Schooten et al. Nat Commun 13:4515 (2022a) - dataset 2,35922441,0.12,,
CH01+VRC-CH31,X1632_S2_B10,Wiehe et al. Cell Host Microbe 23:759 (2018),29861171,<0.011,,
CH01+VRC-CH31,X1632_S2_B10,Williams et al. Sci Immunol 2:eaal2200 (2017) - dataset 4,28783671,0.11,,
CH01+VRC-CH31,X2088_C9,van Schooten et al. Nat Commun 13:4515 (2022a) - dataset 2,35922441,>50,,
CH01+VRC-CH31,X2278_C2_B6,Bonsignori et al. Immunity 49:1162 (2018) - dataset 1,30552024,0.062,0.32,
CH01+VRC-CH31,X2278_C2_B6,Qin et al. PLoS One 10:e0128823 (2015),26039641,0.07,,
CH01+VRC-CH31,X2278_C2_B6,Wiehe et al. Cell Host Microbe 23:759 (2018),29861171,0.025,,
CH01+VRC-CH31,X2278_C2_B6,Williams et al. Sci Immunol 2:eaal2200 (2017) - dataset 4,28783671,0.124,,
CH01+VRC-CH31,YU2,Bonsignori et al. Sci Transl Med 9:eaai7514 (2017),28298420,0.072,,
CH01+VRC-CH31,YU2,van Schooten et al. Nat Commun 13:4515 (2022a) - dataset 2,35922441,0.16,,
CH01+VRC-CH31,ZM106_9,Bonsignori et al. Sci Transl Med 9:eaai7514 (2017),28298420,11.577,,
CH01+VRC-CH31,ZM109_4,Qin et al. PLoS One 10:e0128823 (2015),26039641,0.05,,
CH01+VRC-CH31,ZM135_10A,van Schooten et al. Nat Commun 13:4515 (2022a) - dataset 2,35922441,2,,
CH01+VRC-CH31,ZM197_7,Qin et al. PLoS One 10:e0128823 (2015),26039641,0.81,,
CH01+VRC-CH31,ZM215_8,Heydarchi et al. Cell Rep Med 3:100635 (2022),35584627,0.733,3.15,
CH01+VRC-CH31,ZM233_6,Heydarchi et al. Cell Rep Med 3:100635 (2022),35584627,0.027,0.18,
CH01+VRC-CH31,ZM55_28A,Bonsignori et al. Sci Transl Med 9:eaai7514 (2017),28298420,2.87,,
HJ16+PGT128,0013095_2_11,Doria-Rose et al. PLoS Pathog 13:e1006148 (2017),28052137,>50,,
HJ16+PGT128,001428_2_42,Doria-Rose et al. PLoS Pathog 13:e1006148 (2017),28052137,0.076,,
HJ16+PGT128,231965_C1,Doria-Rose et al. PLoS Pathog 13:e1006148 (2017),28052137,>50,,
HJ16+PGT128,242_14,Doria-Rose et al. PLoS Pathog 13:e1006148 (2017),28052137,>50,,
HJ16+PGT128,247_23,Doria-Rose et al. PLoS Pathog 13:e1006148 (2017),28052137,>50,,
HJ16+PGT128,26191_2_48,Doria-Rose et al. PLoS Pathog 13:e1006148 (2017),28052137,0.021,,
HJ16+PGT128,3168_V4_C10,Doria-Rose et al. PLoS Pathog 13:e1006148 (2017),28052137,>50,,
HJ16+PGT128,620345_C1,Doria-Rose et al. PLoS Pathog 13:e1006148 (2017),28052137,>50,,
HJ16+PGT128,7165_18,Doria-Rose et al. PLoS Pathog 13:e1006148 (2017),28052137,0.029,,
HJ16+PGT128,CH038_12,Doria-Rose et al. PLoS Pathog 13:e1006148 (2017),28052137,0.014,,
HJ16+PGT128,CH070_1,Doria-Rose et al. PLoS Pathog 13:e1006148 (2017),28052137,0.096,,
HJ16+PGT128,CNE5,Doria-Rose et al. PLoS Pathog 13:e1006148 (2017),28052137,0.056,,
HJ16+PGT128,CNE55,Doria-Rose et al. PLoS Pathog 13:e1006148 (2017),28052137,>50,,
HJ16+PGT128,KER2008_12,Doria-Rose et al. PLoS Pathog 13:e1006148 (2017),28052137,>50,,
HJ16+PGT128,M02138,Doria-Rose et al. PLoS Pathog 13:e1006148 (2017),28052137,>50,,
HJ16+PGT128,Q259_17,Doria-Rose et al. PLoS Pathog 13:e1006148 (2017),28052137,>50,,
HJ16+PGT128,Q461_E2,Doria-Rose et al. PLoS Pathog 13:e1006148 (2017),28052137,0.312,,
HJ16+PGT128,TH976_17,Doria-Rose et al. PLoS Pathog 13:e1006148 (2017),28052137,0.088,,
HJ16+PGT128,YU2,Doria-Rose et al. PLoS Pathog 13:e1006148 (2017),28052137,0.106,,
HJ16+PGT128,ZM135_10A,Doria-Rose et al. PLoS Pathog 13:e1006148 (2017),28052137,>50,,
HJ16+VRC01,0013095_2_11,Doria-Rose et al. PLoS Pathog 13:e1006148 (2017),28052137,0.339,,
HJ16+VRC01,001428_2_42,Doria-Rose et al. PLoS Pathog 13:e1006148 (2017),28052137,0.054,,
HJ16+VRC01,231965_C1,Doria-Rose et al. PLoS Pathog 13:e1006148 (2017),28052137,0.914,,
HJ16+VRC01,242_14,Doria-Rose et al. PLoS Pathog 13:e1006148 (2017),28052137,>50,,
HJ16+VRC01,247_23,Doria-Rose et al. PLoS Pathog 13:e1006148 (2017),28052137,12.8,,
HJ16+VRC01,26191_2_48,Doria-Rose et al. PLoS Pathog 13:e1006148 (2017),28052137,0.056,,
HJ16+VRC01,3168_V4_C10,Doria-Rose et al. PLoS Pathog 13:e1006148 (2017),28052137,0.521,,
HJ16+VRC01,620345_C1,Doria-Rose et al. PLoS Pathog 13:e1006148 (2017),28052137,>50,,
HJ16+VRC01,7165_18,Doria-Rose et al. PLoS Pathog 13:e1006148 (2017),28052137,>50,,
HJ16+VRC01,CH038_12,Doria-Rose et al. PLoS Pathog 13:e1006148 (2017),28052137,1.17,,
HJ16+VRC01,CH070_1,Doria-Rose et al. PLoS Pathog 13:e1006148 (2017),28052137,>50,,
HJ16+VRC01,CNE5,Doria-Rose et al. PLoS Pathog 13:e1006148 (2017),28052137,0.134,,
HJ16+VRC01,CNE55,Doria-Rose et al. PLoS Pathog 13:e1006148 (2017),28052137,0.38,,
HJ16+VRC01,KER2008_12,Doria-Rose et al. PLoS Pathog 13:e1006148 (2017),28052137,1.43,,
HJ16+VRC01,M02138,Doria-Rose et al. PLoS Pathog 13:e1006148 (2017),28052137,1.27,,
HJ16+VRC01,Q259_17,Doria-Rose et al. PLoS Pathog 13:e1006148 (2017),28052137,0.153,,
HJ16+VRC01,Q461_E2,Doria-Rose et al. PLoS Pathog 13:e1006148 (2017),28052137,0.192,,
HJ16+VRC01,TH976_17,Doria-Rose et al. PLoS Pathog 13:e1006148 (2017),28052137,0.053,,
HJ16+VRC01,YU2,Doria-Rose et al. PLoS Pathog 13:e1006148 (2017),28052137,0.195,,
HJ16+VRC01,ZM135_10A,Doria-Rose et al. PLoS Pathog 13:e1006148 (2017),28052137,1.67,,
IA-Hu5A8+IA-PGT128,246_F3_C10_2,Wu et al. J Clin Invest 128:2239 (2018) - dataset 1,29461979,0.0164,,
IA-Hu5A8+IA-PGT128,25710_2_43,Wu et al. J Clin Invest 128:2239 (2018) - dataset 1,29461979,0.0106,,
IA-Hu5A8+IA-PGT128,398_F1_F6_20,Wu et al. J Clin Invest 128:2239 (2018) - dataset 1,29461979,0.0057,,
IA-Hu5A8+IA-PGT128,703010217_B6,Wu et al. J Clin Invest 128:2239 (2018) - dataset 1,29461979,0.0339,,
IA-Hu5A8+IA-PGT128,BJOX002000_03_2,Wu et al. J Clin Invest 128:2239 (2018) - dataset 1,29461979,0.0772,,
IA-Hu5A8+IA-PGT128,CE1176_A3,Wu et al. J Clin Invest 128:2239 (2018) - dataset 1,29461979,0.0033,,
IA-Hu5A8+IA-PGT128,CH119_10,Wu et al. J Clin Invest 128:2239 (2018) - dataset 1,29461979,0.0914,,
IA-Hu5A8+IA-PGT128,CNE55,Wu et al. J Clin Invest 128:2239 (2018) - dataset 1,29461979,0.0354,,
IA-Hu5A8+IA-PGT128,CNE8,Wu et al. J Clin Invest 128:2239 (2018) - dataset 1,29461979,0.0075,,
IA-Hu5A8+IA-PGT128,TRO_11,Wu et al. J Clin Invest 128:2239 (2018) - dataset 1,29461979,0.0140,,
IA-Hu5A8+IA-PGT128,X1632_S2_B10,Wu et al. J Clin Invest 128:2239 (2018) - dataset 1,29461979,0.7367,,
IA-Hu5A8+IA-PGT128,X2278_C2_B6,Wu et al. J Clin Invest 128:2239 (2018) - dataset 1,29461979,0.0179,,
N6+iMab,246_F3_C10_2,Moshoette et al. Virol J 19:143 (2022),36071449,0.0319,,
N6+iMab,25710_2_43,Moshoette et al. Virol J 19:143 (2022),36071449,0.0619,,
N6+iMab,398_F1_F6_20,Moshoette et al. Virol J 19:143 (2022),36071449,0.0244,,
N6+iMab,703010217_B6,Moshoette et al. Virol J 19:143 (2022),36071449,0.0854,,
N6+iMab,BJOX020000_03_3,Moshoette et al. Virol J 19:143 (2022),36071449,0.0398,,
N6+iMab,CAP45_G3,Moshoette et al. Virol J 19:143 (2022),36071449,0.0518,,
N6+iMab,CE1176_A3,Moshoette et al. Virol J 19:143 (2022),36071449,0.0775,,
N6+iMab,CH119_10,Moshoette et al. Virol J 19:143 (2022),36071449,0.0388,,
N6+iMab,CNE55,Moshoette et al. Virol J 19:143 (2022),36071449,0.0679,,
N6+iMab,CNE8,Moshoette et al. Virol J 19:143 (2022),36071449,0.0361,,
N6+iMab,DU156_12,Moshoette et al. Virol J 19:143 (2022),36071449,0.0134,,
N6+iMab,DU422_1,Moshoette et al. Virol J 19:143 (2022),36071449,0.0317,,
N6+iMab,PVO_4,Moshoette et al. Virol J 19:143 (2022),36071449,0.0415,,
N6+iMab,QH0692_42,Moshoette et al. Virol J 19:143 (2022),36071449,0.1392,,
N6+iMab,TRO_11,Moshoette et al. Virol J 19:143 (2022),36071449,0.0498,,
N6+iMab,X2278_C2_B6,Moshoette et al. Virol J 19:143 (2022),36071449,0.0334,,
N6+iMab,ZM135_10A,Moshoette et al. Virol J 19:143 (2022),36071449,0.0872,,
N6+iMab,ZM53_12,Moshoette et al. Virol J 19:143 (2022),36071449,0.1486,,
PG9+PGT128,0013095_2_11,Kong et al. J Virol 89:2659 (2015) - dataset 1,25520506,0.021,0.071,
PG9+PGT128,001428_2_42,Kong et al. J Virol 89:2659 (2015) - dataset 1,25520506,0.002,0.008,
PG9+PGT128,0260_V5_C36,Kong et al. J Virol 89:2659 (2015) - dataset 1,25520506,0.026,0.068,
PG9+PGT128,0330_V4_C3,Kong et al. J Virol 89:2659 (2015) - dataset 1,25520506,0.006,0.022,
PG9+PGT128,0815_V3_C3,Kong et al. J Virol 89:2659 (2015) - dataset 1,25520506,0.009,0.036,
PG9+PGT128,1006_11_C3_1601,Kong et al. J Virol 89:2659 (2015) - dataset 1,25520506,0.006,0.023,
PG9+PGT128,1012_11_TC21_3257,Kong et al. J Virol 89:2659 (2015) - dataset 1,25520506,0.004,0.013,
PG9+PGT128,1054_07_TC4_1499,Kong et al. J Virol 89:2659 (2015) - dataset 1,25520506,0.014,0.067,
PG9+PGT128,1056_10_TA11_1826,Kong et al. J Virol 89:2659 (2015) - dataset 1,25520506,0.008,0.025,
PG9+PGT128,1394_C9G1,Kong et al. J Virol 89:2659 (2015) - dataset 1,25520506,0.003,0.01,
PG9+PGT128,16055_2_3,Kong et al. J Virol 89:2659 (2015) - dataset 1,25520506,0.006,0.019,
PG9+PGT128,16845_2_22,Kong et al. J Virol 89:2659 (2015) - dataset 1,25520506,0.159,0.622,
PG9+PGT128,191084_B7_19,Kong et al. J Virol 89:2659 (2015) - dataset 1,25520506,0.007,0.021,
PG9+PGT128,191821_E6_1,Kong et al. J Virol 89:2659 (2015) - dataset 1,25520506,0.036,0.146,
PG9+PGT128,191955_A11,Kong et al. J Virol 89:2659 (2015) - dataset 1,25520506,0.015,0.041,
PG9+PGT128,211_9,Kong et al. J Virol 89:2659 (2015) - dataset 1,25520506,0.02,0.063,
PG9+PGT128,231965_C1,Kong et al. J Virol 89:2659 (2015) - dataset 1,25520506,0.496,>25,
PG9+PGT128,231966_C2,Kong et al. J Virol 89:2659 (2015) - dataset 1,25520506,0.152,0.49,
PG9+PGT128,235_47,Kong et al. J Virol 89:2659 (2015) - dataset 1,25520506,0.118,0.645,
PG9+PGT128,246_F3_C10_2,Kong et al. J Virol 89:2659 (2015) - dataset 1,25520506,0.0004,0.002,
PG9+PGT128,249M_B10,Kong et al. J Virol 89:2659 (2015) - dataset 1,25520506,0.027,0.061,
PG9+PGT128,25710_2_43,Kong et al. J Virol 89:2659 (2015) - dataset 1,25520506,0.006,0.018,
PG9+PGT128,263_8,Kong et al. J Virol 89:2659 (2015) - dataset 1,25520506,0.074,0.251,
PG9+PGT128,3016_V5_C45,Kong et al. J Virol 89:2659 (2015) - dataset 1,25520506,0.118,21.3,
PG9+PGT128,3103_V3_C10,Kong et al. J Virol 89:2659 (2015) - dataset 1,25520506,0.008,0.024,
PG9+PGT128,3301_V1_C24,Kong et al. J Virol 89:2659 (2015) - dataset 1,25520506,0.034,0.118,
PG9+PGT128,3817_V2_C59,Kong et al. J Virol 89:2659 (2015) - dataset 1,25520506,0.002,0.006,
PG9+PGT128,398_F1_F6_20,Kong et al. J Virol 89:2659 (2015) - dataset 1,25520506,0.003,0.014,
PG9+PGT128,6041_V3_C23,Kong et al. J Virol 89:2659 (2015) - dataset 1,25520506,0.084,2.13,
PG9+PGT128,620345_C1,Kong et al. J Virol 89:2659 (2015) - dataset 1,25520506,0.332,>25,
PG9+PGT128,62357_14_D3_4589,Kong et al. J Virol 89:2659 (2015) - dataset 1,25520506,0.315,5.57,
PG9+PGT128,6240_08_TA5_4622,Kong et al. J Virol 89:2659 (2015) - dataset 1,25520506,0.012,0.035,
PG9+PGT128,6244_13_B5_4567,Kong et al. J Virol 89:2659 (2015) - dataset 1,25520506,0.018,0.052,
PG9+PGT128,6535_3,Kong et al. J Virol 89:2659 (2015) - dataset 1,25520506,0.007,0.021,
PG9+PGT128,6540_V4_C1,Kong et al. J Virol 89:2659 (2015) - dataset 1,25520506,0.02,0.075,
PG9+PGT128,6545_V4_C1,Kong et al. J Virol 89:2659 (2015) - dataset 1,25520506,0.031,0.097,
PG9+PGT128,6811_V7_C18,Kong et al. J Virol 89:2659 (2015) - dataset 1,25520506,0.014,0.047,
PG9+PGT128,6952_V1_C20,Kong et al. J Virol 89:2659 (2015) - dataset 1,25520506,23.9,>25,
PG9+PGT128,703010054_2A2,Kong et al. J Virol 89:2659 (2015) - dataset 1,25520506,0.015,0.048,
PG9+PGT128,703010200_1E5,Kong et al. J Virol 89:2659 (2015) - dataset 1,25520506,0.004,0.017,
PG9+PGT128,703010217_B6,Kong et al. J Virol 89:2659 (2015) - dataset 1,25520506,0.003,0.011,
PG9+PGT128,704809221_1B3,Kong et al. J Virol 89:2659 (2015) - dataset 1,25520506,0.009,0.038,
PG9+PGT128,89_F1_2_25,Kong et al. J Virol 89:2659 (2015) - dataset 1,25520506,0.478,>25,
PG9+PGT128,9004SS_A3_4,Kong et al. J Virol 89:2659 (2015) - dataset 1,25520506,0.002,0.008,
PG9+PGT128,928_28,Kong et al. J Virol 89:2659 (2015) - dataset 1,25520506,0.077,0.296,
PG9+PGT128,A07412M1_VRC12,Kong et al. J Virol 89:2659 (2015) - dataset 1,25520506,0.675,6.32,
PG9+PGT128,AC10_29,Kong et al. J Virol 89:2659 (2015) - dataset 1,25520506,0.006,0.024,
PG9+PGT128,BF1266_431A,Kong et al. J Virol 89:2659 (2015) - dataset 1,25520506,0.02,0.056,
PG9+PGT128,BJOX002000_03_2,Kong et al. J Virol 89:2659 (2015) - dataset 1,25520506,0.009,0.031,
PG9+PGT128,BJOX009000_02_4,Kong et al. J Virol 89:2659 (2015) - dataset 1,25520506,0.004,0.015,
PG9+PGT128,BJOX010000_06_2,Kong et al. J Virol 89:2659 (2015) - dataset 1,25520506,0.117,0.609,
PG9+PGT128,BJOX015000_11_5,Kong et al. J Virol 89:2659 (2015) - dataset 1,25520506,0.011,0.037,
PG9+PGT128,BJOX025000_01_1,Kong et al. J Virol 89:2659 (2015) - dataset 1,25520506,0.226,2.06,
PG9+PGT128,BJOX028000_10_3,Kong et al. J Virol 89:2659 (2015) - dataset 1,25520506,0.018,0.046,
PG9+PGT128,C1080_C3,Kong et al. J Virol 89:2659 (2015) - dataset 1,25520506,0.002,0.005,
PG9+PGT128,C2101_C1,Kong et al. J Virol 89:2659 (2015) - dataset 1,25520506,0.003,0.015,
PG9+PGT128,C3347_C11,Kong et al. J Virol 89:2659 (2015) - dataset 1,25520506,0.005,0.019,
PG9+PGT128,C4118_9,Kong et al. J Virol 89:2659 (2015) - dataset 1,25520506,0.029,0.085,
PG9+PGT128,CAAN5342,Kong et al. J Virol 89:2659 (2015) - dataset 1,25520506,0.052,0.907,
PG9+PGT128,CAP210_E8,Kong et al. J Virol 89:2659 (2015) - dataset 1,25520506,0.091,0.614,
PG9+PGT128,CAP45_G3,Kong et al. J Virol 89:2659 (2015) - dataset 1,25520506,0.002,0.008,
PG9+PGT128,CE0393_C3,Kong et al. J Virol 89:2659 (2015) - dataset 1,25520506,0.009,0.033,
PG9+PGT128,CE0682_E4,Kong et al. J Virol 89:2659 (2015) - dataset 1,25520506,0.073,0.335,
PG9+PGT128,CE1086_B2,Kong et al. J Virol 89:2659 (2015) - dataset 1,25520506,>25,>25,
PG9+PGT128,CE1172_H1,Kong et al. J Virol 89:2659 (2015) - dataset 1,25520506,0.005,0.014,
PG9+PGT128,CE1176_A3,Kong et al. J Virol 89:2659 (2015) - dataset 1,25520506,0.004,0.013,
PG9+PGT128,CE2010_F5,Kong et al. J Virol 89:2659 (2015) - dataset 1,25520506,>25,>25,
PG9+PGT128,CE2060_G9,Kong et al. J Virol 89:2659 (2015) - dataset 1,25520506,0.033,0.123,
PG9+PGT128,CH119_10,Kong et al. J Virol 89:2659 (2015) - dataset 1,25520506,0.011,0.039,
PG9+PGT128,CNE17,Kong et al. J Virol 89:2659 (2015) - dataset 1,25520506,0.045,0.164,
PG9+PGT128,CNE19,Kong et al. J Virol 89:2659 (2015) - dataset 1,25520506,0.009,0.039,
PG9+PGT128,CNE20,Kong et al. J Virol 89:2659 (2015) - dataset 1,25520506,0.002,0.007,
PG9+PGT128,CNE21,Kong et al. J Virol 89:2659 (2015) - dataset 1,25520506,0.005,0.016,
PG9+PGT128,CNE30,Kong et al. J Virol 89:2659 (2015) - dataset 1,25520506,0.646,4.64,
PG9+PGT128,CNE5,Kong et al. J Virol 89:2659 (2015) - dataset 1,25520506,0.004,0.018,
PG9+PGT128,CNE52,Kong et al. J Virol 89:2659 (2015) - dataset 1,25520506,0.015,0.099,
PG9+PGT128,CNE53,Kong et al. J Virol 89:2659 (2015) - dataset 1,25520506,0.012,0.039,
PG9+PGT128,CNE55,Kong et al. J Virol 89:2659 (2015) - dataset 1,25520506,0.091,1.68,
PG9+PGT128,CNE58,Kong et al. J Virol 89:2659 (2015) - dataset 1,25520506,0.017,0.044,
PG9+PGT128,CNE8,Kong et al. J Virol 89:2659 (2015) - dataset 1,25520506,0.009,0.028,
PG9+PGT128,DU156_12,Kong et al. J Virol 89:2659 (2015) - dataset 1,25520506,0.012,0.032,
PG9+PGT128,DU172_17,Kong et al. J Virol 89:2659 (2015) - dataset 1,25520506,0.022,0.075,
PG9+PGT128,DU422_1,Kong et al. J Virol 89:2659 (2015) - dataset 1,25520506,0.081,0.188,
PG9+PGT128,MS208_A1,Kong et al. J Virol 89:2659 (2015) - dataset 1,25520506,0.08,0.578,
PG9+PGT128,P0402_C2_11,Kong et al. J Virol 89:2659 (2015) - dataset 1,25520506,0.008,0.027,
PG9+PGT128,P1981_C5_3,Kong et al. J Virol 89:2659 (2015) - dataset 1,25520506,0.009,0.031,
PG9+PGT128,PVO_4,Kong et al. J Virol 89:2659 (2015) - dataset 1,25520506,0.009,0.029,
PG9+PGT128,Q23_17,Kong et al. J Virol 89:2659 (2015) - dataset 1,25520506,0.002,0.006,
PG9+PGT128,Q259_17,Kong et al. J Virol 89:2659 (2015) - dataset 1,25520506,0.042,0.29,
PG9+PGT128,Q461_E2,Kong et al. J Virol 89:2659 (2015) - dataset 1,25520506,1.05,5.79,
PG9+PGT128,Q769_D22,Kong et al. J Virol 89:2659 (2015) - dataset 1,25520506,0.01,0.043,
PG9+PGT128,Q842_D12,Kong et al. J Virol 89:2659 (2015) - dataset 1,25520506,0.009,0.03,
PG9+PGT128,QH0692_42,Kong et al. J Virol 89:2659 (2015) - dataset 1,25520506,0.031,0.092,
PG9+PGT128,R1166_C1,Kong et al. J Virol 89:2659 (2015) - dataset 1,25520506,1.26,4.58,
PG9+PGT128,R2184_C4,Kong et al. J Virol 89:2659 (2015) - dataset 1,25520506,0.114,0.606,
PG9+PGT128,R3265_C6,Kong et al. J Virol 89:2659 (2015) - dataset 1,25520506,0.073,0.308,
PG9+PGT128,REJO4541_67,Kong et al. J Virol 89:2659 (2015) - dataset 1,25520506,0.007,0.043,
PG9+PGT128,RHPA4259_7,Kong et al. J Virol 89:2659 (2015) - dataset 1,25520506,0.02,0.076,
PG9+PGT128,SC05_8C11_2344,Kong et al. J Virol 89:2659 (2015) - dataset 1,25520506,0.016,0.045,
PG9+PGT128,SC422_8,Kong et al. J Virol 89:2659 (2015) - dataset 1,25520506,0.195,1.94,
PG9+PGT128,T250_4,Kong et al. J Virol 89:2659 (2015) - dataset 1,25520506,0.001,0.003,
PG9+PGT128,T251_18,Kong et al. J Virol 89:2659 (2015) - dataset 1,25520506,10.5,>25,
PG9+PGT128,T255_34,Kong et al. J Virol 89:2659 (2015) - dataset 1,25520506,0.026,0.161,
PG9+PGT128,T257_31,Kong et al. J Virol 89:2659 (2015) - dataset 1,25520506,0.026,0.085,
PG9+PGT128,T278_50,Kong et al. J Virol 89:2659 (2015) - dataset 1,25520506,0.038,0.116,
PG9+PGT128,THRO4156,Kong et al. J Virol 89:2659 (2015) - dataset 1,25520506,6.02,>25,
PG9+PGT128,TRJO4551_58,Kong et al. J Virol 89:2659 (2015) - dataset 1,25520506,0.009,0.027,
PG9+PGT128,TRO_11,Kong et al. J Virol 89:2659 (2015) - dataset 1,25520506,0.009,0.039,
PG9+PGT128,WEAU_D15_410,Kong et al. J Virol 89:2659 (2015) - dataset 1,25520506,0.004,0.018,
PG9+PGT128,WITO4160_33,Kong et al. J Virol 89:2659 (2015) - dataset 1,25520506,0.006,0.02,
PG9+PGT128,X1193_C1,Kong et al. J Virol 89:2659 (2015) - dataset 1,25520506,0.009,0.034,
PG9+PGT128,X1254_C3,Kong et al. J Virol 89:2659 (2015) - dataset 1,25520506,0.007,0.026,
PG9+PGT128,X1632_S2_B10,Kong et al. J Virol 89:2659 (2015) - dataset 1,25520506,0.057,0.595,
PG9+PGT128,X2088_C9,Kong et al. J Virol 89:2659 (2015) - dataset 1,25520506,>25,>25,
PG9+PGT128,X2131_C1_B5,Kong et al. J Virol 89:2659 (2015) - dataset 1,25520506,0.017,0.044,
PG9+PGT128,X2278_C2_B6,Kong et al. J Virol 89:2659 (2015) - dataset 1,25520506,0.004,0.012,
PG9+PGT128,ZM109_4,Kong et al. J Virol 89:2659 (2015) - dataset 1,25520506,0.112,1.37,
PG9+PGT128,ZM135_10A,Kong et al. J Virol 89:2659 (2015) - dataset 1,25520506,5.56,>25,
PG9+PGT128,ZM197_7,Kong et al. J Virol 89:2659 (2015) - dataset 1,25520506,0.442,1.8,
PG9+PGT128,ZM214_15,Kong et al. J Virol 89:2659 (2015) - dataset 1,25520506,0.68,10,
PG9+PGT128,ZM233_6,Kong et al. J Virol 89:2659 (2015) - dataset 1,25520506,0.003,0.019,
PG9+PGT128,ZM246F,Kong et al. J Virol 89:2659 (2015) - dataset 1,25520506,0.006,0.02,
PG9+PGT128,ZM247_V1,Kong et al. J Virol 89:2659 (2015) - dataset 1,25520506,0.006,0.037,
PG9+PGT128,ZM249_1,Kong et al. J Virol 89:2659 (2015) - dataset 1,25520506,0.048,0.269,
PG9+PGT128,ZM53_12,Kong et al. J Virol 89:2659 (2015) - dataset 1,25520506,0.03,0.136,
PG9+PGT128+VRC07,0013095_2_11,Kong et al. J Virol 89:2659 (2015) - dataset 1,25520506,0.014,0.044,
PG9+PGT128+VRC07,001428_2_42,Kong et al. J Virol 89:2659 (2015) - dataset 1,25520506,0.002,0.006,
PG9+PGT128+VRC07,0260_V5_C36,Kong et al. J Virol 89:2659 (2015) - dataset 1,25520506,0.028,0.062,
PG9+PGT128+VRC07,0330_V4_C3,Kong et al. J Virol 89:2659 (2015) - dataset 1,25520506,0.005,0.018,
PG9+PGT128+VRC07,0815_V3_C3,Kong et al. J Virol 89:2659 (2015) - dataset 1,25520506,0.006,0.016,
PG9+PGT128+VRC07,1006_11_C3_1601,Kong et al. J Virol 89:2659 (2015) - dataset 1,25520506,0.009,0.025,
PG9+PGT128+VRC07,1012_11_TC21_3257,Kong et al. J Virol 89:2659 (2015) - dataset 1,25520506,0.004,0.012,
PG9+PGT128+VRC07,1054_07_TC4_1499,Kong et al. J Virol 89:2659 (2015) - dataset 1,25520506,0.017,0.056,
PG9+PGT128+VRC07,1056_10_TA11_1826,Kong et al. J Virol 89:2659 (2015) - dataset 1,25520506,0.009,0.024,
PG9+PGT128+VRC07,1394_C9G1,Kong et al. J Virol 89:2659 (2015) - dataset 1,25520506,0.003,0.01,
PG9+PGT128+VRC07,16055_2_3,Kong et al. J Virol 89:2659 (2015) - dataset 1,25520506,0.005,0.015,
PG9+PGT128+VRC07,16845_2_22,Kong et al. J Virol 89:2659 (2015) - dataset 1,25520506,0.212,0.587,
PG9+PGT128+VRC07,191084_B7_19,Kong et al. J Virol 89:2659 (2015) - dataset 1,25520506,0.004,0.013,
PG9+PGT128+VRC07,191821_E6_1,Kong et al. J Virol 89:2659 (2015) - dataset 1,25520506,0.027,0.105,
PG9+PGT128+VRC07,191955_A11,Kong et al. J Virol 89:2659 (2015) - dataset 1,25520506,0.014,0.042,
PG9+PGT128+VRC07,211_9,Kong et al. J Virol 89:2659 (2015) - dataset 1,25520506,0.027,0.072,
PG9+PGT128+VRC07,231965_C1,Kong et al. J Virol 89:2659 (2015) - dataset 1,25520506,0.033,0.081,
PG9+PGT128+VRC07,231966_C2,Kong et al. J Virol 89:2659 (2015) - dataset 1,25520506,0.037,0.099,
PG9+PGT128+VRC07,235_47,Kong et al. J Virol 89:2659 (2015) - dataset 1,25520506,0.019,0.063,
PG9+PGT128+VRC07,246_F3_C10_2,Kong et al. J Virol 89:2659 (2015) - dataset 1,25520506,0.0008,0.002,
PG9+PGT128+VRC07,249M_B10,Kong et al. J Virol 89:2659 (2015) - dataset 1,25520506,0.013,0.041,
PG9+PGT128+VRC07,25710_2_43,Kong et al. J Virol 89:2659 (2015) - dataset 1,25520506,0.008,0.021,
PG9+PGT128+VRC07,263_8,Kong et al. J Virol 89:2659 (2015) - dataset 1,25520506,0.028,0.088,
PG9+PGT128+VRC07,3016_V5_C45,Kong et al. J Virol 89:2659 (2015) - dataset 1,25520506,0.037,0.107,
PG9+PGT128+VRC07,3103_V3_C10,Kong et al. J Virol 89:2659 (2015) - dataset 1,25520506,0.008,0.018,
PG9+PGT128+VRC07,3301_V1_C24,Kong et al. J Virol 89:2659 (2015) - dataset 1,25520506,0.013,0.036,
PG9+PGT128+VRC07,3817_V2_C59,Kong et al. J Virol 89:2659 (2015) - dataset 1,25520506,0.002,0.007,
PG9+PGT128+VRC07,398_F1_F6_20,Kong et al. J Virol 89:2659 (2015) - dataset 1,25520506,0.005,0.015,
PG9+PGT128+VRC07,6041_V3_C23,Kong et al. J Virol 89:2659 (2015) - dataset 1,25520506,0.009,0.021,
PG9+PGT128+VRC07,620345_C1,Kong et al. J Virol 89:2659 (2015) - dataset 1,25520506,0.983,>25,
PG9+PGT128+VRC07,62357_14_D3_4589,Kong et al. J Virol 89:2659 (2015) - dataset 1,25520506,0.038,0.106,
PG9+PGT128+VRC07,6240_08_TA5_4622,Kong et al. J Virol 89:2659 (2015) - dataset 1,25520506,0.016,0.038,
PG9+PGT128+VRC07,6244_13_B5_4567,Kong et al. J Virol 89:2659 (2015) - dataset 1,25520506,0.015,0.039,
PG9+PGT128+VRC07,6535_3,Kong et al. J Virol 89:2659 (2015) - dataset 1,25520506,0.006,0.018,
PG9+PGT128+VRC07,6540_V4_C1,Kong et al. J Virol 89:2659 (2015) - dataset 1,25520506,0.026,0.082,
PG9+PGT128+VRC07,6545_V4_C1,Kong et al. J Virol 89:2659 (2015) - dataset 1,25520506,0.031,0.107,
PG9+PGT128+VRC07,6811_V7_C18,Kong et al. J Virol 89:2659 (2015) - dataset 1,25520506,0.012,0.037,
PG9+PGT128+VRC07,6952_V1_C20,Kong et al. J Virol 89:2659 (2015) - dataset 1,25520506,0.029,0.086,
PG9+PGT128+VRC07,703010054_2A2,Kong et al. J Virol 89:2659 (2015) - dataset 1,25520506,0.015,0.04,
PG9+PGT128+VRC07,703010200_1E5,Kong et al. J Virol 89:2659 (2015) - dataset 1,25520506,0.004,0.014,
PG9+PGT128+VRC07,703010217_B6,Kong et al. J Virol 89:2659 (2015) - dataset 1,25520506,0.005,0.012,
PG9+PGT128+VRC07,704809221_1B3,Kong et al. J Virol 89:2659 (2015) - dataset 1,25520506,0.009,0.034,
PG9+PGT128+VRC07,89_F1_2_25,Kong et al. J Virol 89:2659 (2015) - dataset 1,25520506,0.266,>25,
PG9+PGT128+VRC07,9004SS_A3_4,Kong et al. J Virol 89:2659 (2015) - dataset 1,25520506,0.002,0.008,
PG9+PGT128+VRC07,928_28,Kong et al. J Virol 89:2659 (2015) - dataset 1,25520506,0.076,0.271,
PG9+PGT128+VRC07,A07412M1_VRC12,Kong et al. J Virol 89:2659 (2015) - dataset 1,25520506,0.052,0.162,
PG9+PGT128+VRC07,AC10_29,Kong et al. J Virol 89:2659 (2015) - dataset 1,25520506,0.012,0.038,
PG9+PGT128+VRC07,BF1266_431A,Kong et al. J Virol 89:2659 (2015) - dataset 1,25520506,0.008,0.022,
PG9+PGT128+VRC07,BJOX002000_03_2,Kong et al. J Virol 89:2659 (2015) - dataset 1,25520506,0.016,0.036,
PG9+PGT128+VRC07,BJOX009000_02_4,Kong et al. J Virol 89:2659 (2015) - dataset 1,25520506,0.005,0.017,
PG9+PGT128+VRC07,BJOX010000_06_2,Kong et al. J Virol 89:2659 (2015) - dataset 1,25520506,0.125,0.446,
PG9+PGT128+VRC07,BJOX015000_11_5,Kong et al. J Virol 89:2659 (2015) - dataset 1,25520506,0.011,0.035,
PG9+PGT128+VRC07,BJOX025000_01_1,Kong et al. J Virol 89:2659 (2015) - dataset 1,25520506,0.16,0.65,
PG9+PGT128+VRC07,BJOX028000_10_3,Kong et al. J Virol 89:2659 (2015) - dataset 1,25520506,0.008,0.027,
PG9+PGT128+VRC07,C1080_C3,Kong et al. J Virol 89:2659 (2015) - dataset 1,25520506,0.002,0.008,
PG9+PGT128+VRC07,C2101_C1,Kong et al. J Virol 89:2659 (2015) - dataset 1,25520506,0.005,0.013,
PG9+PGT128+VRC07,C3347_C11,Kong et al. J Virol 89:2659 (2015) - dataset 1,25520506,0.005,0.018,
PG9+PGT128+VRC07,C4118_9,Kong et al. J Virol 89:2659 (2015) - dataset 1,25520506,0.017,0.051,
PG9+PGT128+VRC07,CAAN5342,Kong et al. J Virol 89:2659 (2015) - dataset 1,25520506,0.069,0.257,
PG9+PGT128+VRC07,CAP210_E8,Kong et al. J Virol 89:2659 (2015) - dataset 1,25520506,0.171,0.906,
PG9+PGT128+VRC07,CAP45_G3,Kong et al. J Virol 89:2659 (2015) - dataset 1,25520506,0.003,0.009,
PG9+PGT128+VRC07,CE0393_C3,Kong et al. J Virol 89:2659 (2015) - dataset 1,25520506,0.01,0.031,
PG9+PGT128+VRC07,CE0682_E4,Kong et al. J Virol 89:2659 (2015) - dataset 1,25520506,0.041,0.103,
PG9+PGT128+VRC07,CE1086_B2,Kong et al. J Virol 89:2659 (2015) - dataset 1,25520506,0.062,0.202,
PG9+PGT128+VRC07,CE1172_H1,Kong et al. J Virol 89:2659 (2015) - dataset 1,25520506,0.006,0.02,
PG9+PGT128+VRC07,CE1176_A3,Kong et al. J Virol 89:2659 (2015) - dataset 1,25520506,0.005,0.014,
PG9+PGT128+VRC07,CE2010_F5,Kong et al. J Virol 89:2659 (2015) - dataset 1,25520506,0.128,0.47,
PG9+PGT128+VRC07,CE2060_G9,Kong et al. J Virol 89:2659 (2015) - dataset 1,25520506,0.034,0.087,
PG9+PGT128+VRC07,CH119_10,Kong et al. J Virol 89:2659 (2015) - dataset 1,25520506,0.017,0.046,
PG9+PGT128+VRC07,CNE17,Kong et al. J Virol 89:2659 (2015) - dataset 1,25520506,0.048,0.14,
PG9+PGT128+VRC07,CNE19,Kong et al. J Virol 89:2659 (2015) - dataset 1,25520506,0.011,0.034,
PG9+PGT128+VRC07,CNE20,Kong et al. J Virol 89:2659 (2015) - dataset 1,25520506,0.002,0.005,
PG9+PGT128+VRC07,CNE21,Kong et al. J Virol 89:2659 (2015) - dataset 1,25520506,0.007,0.019,
PG9+PGT128+VRC07,CNE30,Kong et al. J Virol 89:2659 (2015) - dataset 1,25520506,0.305,0.836,
PG9+PGT128+VRC07,CNE5,Kong et al. J Virol 89:2659 (2015) - dataset 1,25520506,0.008,0.02,
PG9+PGT128+VRC07,CNE52,Kong et al. J Virol 89:2659 (2015) - dataset 1,25520506,0.022,0.05,
PG9+PGT128+VRC07,CNE53,Kong et al. J Virol 89:2659 (2015) - dataset 1,25520506,0.014,0.04,
PG9+PGT128+VRC07,CNE55,Kong et al. J Virol 89:2659 (2015) - dataset 1,25520506,0.072,0.196,
PG9+PGT128+VRC07,CNE58,Kong et al. J Virol 89:2659 (2015) - dataset 1,25520506,0.018,0.05,
PG9+PGT128+VRC07,CNE8,Kong et al. J Virol 89:2659 (2015) - dataset 1,25520506,0.012,0.032,
PG9+PGT128+VRC07,DU156_12,Kong et al. J Virol 89:2659 (2015) - dataset 1,25520506,0.01,0.028,
PG9+PGT128+VRC07,DU172_17,Kong et al. J Virol 89:2659 (2015) - dataset 1,25520506,0.032,0.082,
PG9+PGT128+VRC07,DU422_1,Kong et al. J Virol 89:2659 (2015) - dataset 1,25520506,0.113,0.224,
PG9+PGT128+VRC07,MS208_A1,Kong et al. J Virol 89:2659 (2015) - dataset 1,25520506,0.055,0.197,
PG9+PGT128+VRC07,P0402_C2_11,Kong et al. J Virol 89:2659 (2015) - dataset 1,25520506,0.011,0.027,
PG9+PGT128+VRC07,P1981_C5_3,Kong et al. J Virol 89:2659 (2015) - dataset 1,25520506,0.01,0.027,
PG9+PGT128+VRC07,PVO_4,Kong et al. J Virol 89:2659 (2015) - dataset 1,25520506,0.012,0.033,
PG9+PGT128+VRC07,Q23_17,Kong et al. J Virol 89:2659 (2015) - dataset 1,25520506,0.003,0.008,
PG9+PGT128+VRC07,Q259_17,Kong et al. J Virol 89:2659 (2015) - dataset 1,25520506,0.019,0.061,
PG9+PGT128+VRC07,Q461_E2,Kong et al. J Virol 89:2659 (2015) - dataset 1,25520506,0.177,0.48,
PG9+PGT128+VRC07,Q769_D22,Kong et al. J Virol 89:2659 (2015) - dataset 1,25520506,0.007,0.021,
PG9+PGT128+VRC07,Q842_D12,Kong et al. J Virol 89:2659 (2015) - dataset 1,25520506,0.007,0.019,
PG9+PGT128+VRC07,QH0692_42,Kong et al. J Virol 89:2659 (2015) - dataset 1,25520506,0.032,0.095,
PG9+PGT128+VRC07,R1166_C1,Kong et al. J Virol 89:2659 (2015) - dataset 1,25520506,0.489,1.3,
PG9+PGT128+VRC07,R2184_C4,Kong et al. J Virol 89:2659 (2015) - dataset 1,25520506,0.042,0.108,
PG9+PGT128+VRC07,R3265_C6,Kong et al. J Virol 89:2659 (2015) - dataset 1,25520506,0.063,0.205,
PG9+PGT128+VRC07,REJO4541_67,Kong et al. J Virol 89:2659 (2015) - dataset 1,25520506,0.007,0.021,
PG9+PGT128+VRC07,RHPA4259_7,Kong et al. J Virol 89:2659 (2015) - dataset 1,25520506,0.014,0.04,
PG9+PGT128+VRC07,SC05_8C11_2344,Kong et al. J Virol 89:2659 (2015) - dataset 1,25520506,0.015,0.047,
PG9+PGT128+VRC07,SC422_8,Kong et al. J Virol 89:2659 (2015) - dataset 1,25520506,0.056,0.162,
PG9+PGT128+VRC07,T250_4,Kong et al. J Virol 89:2659 (2015) - dataset 1,25520506,0.001,0.004,
PG9+PGT128+VRC07,T251_18,Kong et al. J Virol 89:2659 (2015) - dataset 1,25520506,1.06,2.68,
PG9+PGT128+VRC07,T255_34,Kong et al. J Virol 89:2659 (2015) - dataset 1,25520506,0.024,0.095,
PG9+PGT128+VRC07,T257_31,Kong et al. J Virol 89:2659 (2015) - dataset 1,25520506,0.034,0.095,
PG9+PGT128+VRC07,T278_50,Kong et al. J Virol 89:2659 (2015) - dataset 1,25520506,0.047,0.149,
PG9+PGT128+VRC07,THRO4156,Kong et al. J Virol 89:2659 (2015) - dataset 1,25520506,0.951,4.52,
PG9+PGT128+VRC07,TRJO4551_58,Kong et al. J Virol 89:2659 (2015) - dataset 1,25520506,0.009,0.031,
PG9+PGT128+VRC07,TRO_11,Kong et al. J Virol 89:2659 (2015) - dataset 1,25520506,0.013,0.044,
PG9+PGT128+VRC07,WEAU_D15_410,Kong et al. J Virol 89:2659 (2015) - dataset 1,25520506,0.007,0.02,
PG9+PGT128+VRC07,WITO4160_33,Kong et al. J Virol 89:2659 (2015) - dataset 1,25520506,0.006,0.02,
PG9+PGT128+VRC07,X1193_C1,Kong et al. J Virol 89:2659 (2015) - dataset 1,25520506,0.01,0.034,
PG9+PGT128+VRC07,X1254_C3,Kong et al. J Virol 89:2659 (2015) - dataset 1,25520506,0.01,0.027,
PG9+PGT128+VRC07,X1632_S2_B10,Kong et al. J Virol 89:2659 (2015) - dataset 1,25520506,0.02,0.066,
PG9+PGT128+VRC07,X2088_C9,Kong et al. J Virol 89:2659 (2015) - dataset 1,25520506,>25,>25,
PG9+PGT128+VRC07,X2131_C1_B5,Kong et al. J Virol 89:2659 (2015) - dataset 1,25520506,0.015,0.045,
PG9+PGT128+VRC07,X2278_C2_B6,Kong et al. J Virol 89:2659 (2015) - dataset 1,25520506,0.003,0.011,
PG9+PGT128+VRC07,ZM109_4,Kong et al. J Virol 89:2659 (2015) - dataset 1,25520506,0.048,0.155,
PG9+PGT128+VRC07,ZM135_10A,Kong et al. J Virol 89:2659 (2015) - dataset 1,25520506,0.323,0.851,
PG9+PGT128+VRC07,ZM197_7,Kong et al. J Virol 89:2659 (2015) - dataset 1,25520506,0.301,0.869,
PG9+PGT128+VRC07,ZM214_15,Kong et al. J Virol 89:2659 (2015) - dataset 1,25520506,0.294,1.07,
PG9+PGT128+VRC07,ZM233_6,Kong et al. J Virol 89:2659 (2015) - dataset 1,25520506,0.01,0.028,
PG9+PGT128+VRC07,ZM246F,Kong et al. J Virol 89:2659 (2015) - dataset 1,25520506,0.007,0.02,
PG9+PGT128+VRC07,ZM247_V1,Kong et al. J Virol 89:2659 (2015) - dataset 1,25520506,0.008,0.033,
PG9+PGT128+VRC07,ZM249_1,Kong et al. J Virol 89:2659 (2015) - dataset 1,25520506,0.032,0.122,
PG9+PGT128+VRC07,ZM53_12,Kong et al. J Virol 89:2659 (2015) - dataset 1,25520506,0.037,0.123,
PG9+PGT151,0013095_2_11,Doria-Rose et al. PLoS Pathog 13:e1006148 (2017),28052137,0.033,,
PG9+PGT151,001428_2_42,Doria-Rose et al. PLoS Pathog 13:e1006148 (2017),28052137,0.012,,
PG9+PGT151,231965_C1,Doria-Rose et al. PLoS Pathog 13:e1006148 (2017),28052137,0.025,,
PG9+PGT151,242_14,Doria-Rose et al. PLoS Pathog 13:e1006148 (2017),28052137,0.027,,
PG9+PGT151,247_23,Doria-Rose et al. PLoS Pathog 13:e1006148 (2017),28052137,0.331,,
PG9+PGT151,26191_2_48,Doria-Rose et al. PLoS Pathog 13:e1006148 (2017),28052137,0.305,,
PG9+PGT151,3168_V4_C10,Doria-Rose et al. PLoS Pathog 13:e1006148 (2017),28052137,0.329,,
PG9+PGT151,620345_C1,Doria-Rose et al. PLoS Pathog 13:e1006148 (2017),28052137,0.1,,
PG9+PGT151,7165_18,Doria-Rose et al. PLoS Pathog 13:e1006148 (2017),28052137,0.092,,
PG9+PGT151,CH038_12,Doria-Rose et al. PLoS Pathog 13:e1006148 (2017),28052137,1.41,,
PG9+PGT151,CH070_1,Doria-Rose et al. PLoS Pathog 13:e1006148 (2017),28052137,0.034,,
PG9+PGT151,CNE5,Doria-Rose et al. PLoS Pathog 13:e1006148 (2017),28052137,0.031,,
PG9+PGT151,CNE55,Doria-Rose et al. PLoS Pathog 13:e1006148 (2017),28052137,0.144,,
PG9+PGT151,KER2008_12,Doria-Rose et al. PLoS Pathog 13:e1006148 (2017),28052137,0.018,,
PG9+PGT151,M02138,Doria-Rose et al. PLoS Pathog 13:e1006148 (2017),28052137,0.654,,
PG9+PGT151,Q259_17,Doria-Rose et al. PLoS Pathog 13:e1006148 (2017),28052137,0.074,,
PG9+PGT151,Q461_E2,Doria-Rose et al. PLoS Pathog 13:e1006148 (2017),28052137,0.265,,
PG9+PGT151,TH976_17,Doria-Rose et al. PLoS Pathog 13:e1006148 (2017),28052137,>50,,
PG9+PGT151,YU2,Doria-Rose et al. PLoS Pathog 13:e1006148 (2017),28052137,1.26,,
PG9+PGT151,ZM135_10A,Doria-Rose et al. PLoS Pathog 13:e1006148 (2017),28052137,>50,,
PG9+VRC01,0013095_2_11,Doria-Rose et al. PLoS Pathog 13:e1006148 (2017),28052137,0.055,,
PG9+VRC01,001428_2_42,Doria-Rose et al. PLoS Pathog 13:e1006148 (2017),28052137,0.01,,
PG9+VRC01,231965_C1,Doria-Rose et al. PLoS Pathog 13:e1006148 (2017),28052137,0.325,,
PG9+VRC01,242_14,Doria-Rose et al. PLoS Pathog 13:e1006148 (2017),28052137,0.087,,
PG9+VRC01,247_23,Doria-Rose et al. PLoS Pathog 13:e1006148 (2017),28052137,0.315,,
PG9+VRC01,26191_2_48,Doria-Rose et al. PLoS Pathog 13:e1006148 (2017),28052137,0.213,,
PG9+VRC01,3168_V4_C10,Doria-Rose et al. PLoS Pathog 13:e1006148 (2017),28052137,0.201,,
PG9+VRC01,620345_C1,Doria-Rose et al. PLoS Pathog 13:e1006148 (2017),28052137,0.576,,
PG9+VRC01,7165_18,Doria-Rose et al. PLoS Pathog 13:e1006148 (2017),28052137,>50,,
PG9+VRC01,CH038_12,Doria-Rose et al. PLoS Pathog 13:e1006148 (2017),28052137,0.376,,
PG9+VRC01,CH070_1,Doria-Rose et al. PLoS Pathog 13:e1006148 (2017),28052137,0.036,,
PG9+VRC01,CNE5,Doria-Rose et al. PLoS Pathog 13:e1006148 (2017),28052137,0.023,,
PG9+VRC01,CNE55,Doria-Rose et al. PLoS Pathog 13:e1006148 (2017),28052137,0.056,,
PG9+VRC01,KER2008_12,Doria-Rose et al. PLoS Pathog 13:e1006148 (2017),28052137,0.038,,
PG9+VRC01,M02138,Doria-Rose et al. PLoS Pathog 13:e1006148 (2017),28052137,0.306,,
PG9+VRC01,Q259_17,Doria-Rose et al. PLoS Pathog 13:e1006148 (2017),28052137,0.065,,
PG9+VRC01,Q461_E2,Doria-Rose et al. PLoS Pathog 13:e1006148 (2017),28052137,0.705,,
PG9+VRC01,TH976_17,Doria-Rose et al. PLoS Pathog 13:e1006148 (2017),28052137,0.332,,
PG9+VRC01,YU2,Doria-Rose et al. PLoS Pathog 13:e1006148 (2017),28052137,0.296,,
PG9+VRC01,ZM135_10A,Doria-Rose et al. PLoS Pathog 13:e1006148 (2017),28052137,1.62,,
PG9+VRC07,0013095_2_11,Kong et al. J Virol 89:2659 (2015) - dataset 1,25520506,0.01,0.028,
PG9+VRC07,001428_2_42,Kong et al. J Virol 89:2659 (2015) - dataset 1,25520506,0.002,0.005,
PG9+VRC07,0260_V5_C36,Kong et al. J Virol 89:2659 (2015) - dataset 1,25520506,0.141,0.355,
PG9+VRC07,0330_V4_C3,Kong et al. J Virol 89:2659 (2015) - dataset 1,25520506,0.004,0.016,
PG9+VRC07,0815_V3_C3,Kong et al. J Virol 89:2659 (2015) - dataset 1,25520506,0.011,0.032,
PG9+VRC07,1006_11_C3_1601,Kong et al. J Virol 89:2659 (2015) - dataset 1,25520506,0.027,0.074,
PG9+VRC07,1012_11_TC21_3257,Kong et al. J Virol 89:2659 (2015) - dataset 1,25520506,0.013,0.034,
PG9+VRC07,1054_07_TC4_1499,Kong et al. J Virol 89:2659 (2015) - dataset 1,25520506,0.219,0.584,
PG9+VRC07,1056_10_TA11_1826,Kong et al. J Virol 89:2659 (2015) - dataset 1,25520506,0.225,0.607,
PG9+VRC07,1394_C9G1,Kong et al. J Virol 89:2659 (2015) - dataset 1,25520506,0.007,0.022,
PG9+VRC07,16055_2_3,Kong et al. J Virol 89:2659 (2015) - dataset 1,25520506,0.002,0.01,
PG9+VRC07,16845_2_22,Kong et al. J Virol 89:2659 (2015) - dataset 1,25520506,0.507,1,
PG9+VRC07,191084_B7_19,Kong et al. J Virol 89:2659 (2015) - dataset 1,25520506,0.006,0.022,
PG9+VRC07,191821_E6_1,Kong et al. J Virol 89:2659 (2015) - dataset 1,25520506,0.15,0.513,
PG9+VRC07,191955_A11,Kong et al. J Virol 89:2659 (2015) - dataset 1,25520506,0.02,0.043,
PG9+VRC07,211_9,Kong et al. J Virol 89:2659 (2015) - dataset 1,25520506,0.072,0.265,
PG9+VRC07,231965_C1,Kong et al. J Virol 89:2659 (2015) - dataset 1,25520506,0.04,0.096,
PG9+VRC07,231966_C2,Kong et al. J Virol 89:2659 (2015) - dataset 1,25520506,0.033,0.108,
PG9+VRC07,235_47,Kong et al. J Virol 89:2659 (2015) - dataset 1,25520506,0.013,0.047,
PG9+VRC07,246_F3_C10_2,Kong et al. J Virol 89:2659 (2015) - dataset 1,25520506,0.019,0.062,
PG9+VRC07,249M_B10,Kong et al. J Virol 89:2659 (2015) - dataset 1,25520506,0.013,0.042,
PG9+VRC07,25710_2_43,Kong et al. J Virol 89:2659 (2015) - dataset 1,25520506,0.023,1.29,
PG9+VRC07,263_8,Kong et al. J Virol 89:2659 (2015) - dataset 1,25520506,0.04,0.121,
PG9+VRC07,3016_V5_C45,Kong et al. J Virol 89:2659 (2015) - dataset 1,25520506,0.038,0.119,
PG9+VRC07,3103_V3_C10,Kong et al. J Virol 89:2659 (2015) - dataset 1,25520506,0.426,1.19,
PG9+VRC07,3301_V1_C24,Kong et al. J Virol 89:2659 (2015) - dataset 1,25520506,0.023,0.044,
PG9+VRC07,3817_V2_C59,Kong et al. J Virol 89:2659 (2015) - dataset 1,25520506,0.002,0.01,
PG9+VRC07,398_F1_F6_20,Kong et al. J Virol 89:2659 (2015) - dataset 1,25520506,0.128,0.461,
PG9+VRC07,6041_V3_C23,Kong et al. J Virol 89:2659 (2015) - dataset 1,25520506,0.009,0.022,
PG9+VRC07,620345_C1,Kong et al. J Virol 89:2659 (2015) - dataset 1,25520506,0.747,>25,
PG9+VRC07,62357_14_D3_4589,Kong et al. J Virol 89:2659 (2015) - dataset 1,25520506,0.055,0.161,
PG9+VRC07,6240_08_TA5_4622,Kong et al. J Virol 89:2659 (2015) - dataset 1,25520506,0.183,0.493,
PG9+VRC07,6244_13_B5_4567,Kong et al. J Virol 89:2659 (2015) - dataset 1,25520506,0.07,0.19,
PG9+VRC07,6535_3,Kong et al. J Virol 89:2659 (2015) - dataset 1,25520506,0.064,0.231,
PG9+VRC07,6540_V4_C1,Kong et al. J Virol 89:2659 (2015) - dataset 1,25520506,0.021,0.086,
PG9+VRC07,6545_V4_C1,Kong et al. J Virol 89:2659 (2015) - dataset 1,25520506,0.034,0.124,
PG9+VRC07,6811_V7_C18,Kong et al. J Virol 89:2659 (2015) - dataset 1,25520506,0.09,0.201,
PG9+VRC07,6952_V1_C20,Kong et al. J Virol 89:2659 (2015) - dataset 1,25520506,0.03,0.081,
PG9+VRC07,703010054_2A2,Kong et al. J Virol 89:2659 (2015) - dataset 1,25520506,0.015,0.036,
PG9+VRC07,703010200_1E5,Kong et al. J Virol 89:2659 (2015) - dataset 1,25520506,0.206,0.61,
PG9+VRC07,703010217_B6,Kong et al. J Virol 89:2659 (2015) - dataset 1,25520506,0.006,0.018,
PG9+VRC07,704809221_1B3,Kong et al. J Virol 89:2659 (2015) - dataset 1,25520506,0.022,0.086,
PG9+VRC07,89_F1_2_25,Kong et al. J Virol 89:2659 (2015) - dataset 1,25520506,0.46,>25,
PG9+VRC07,9004SS_A3_4,Kong et al. J Virol 89:2659 (2015) - dataset 1,25520506,0.015,0.055,
PG9+VRC07,928_28,Kong et al. J Virol 89:2659 (2015) - dataset 1,25520506,0.067,0.201,
PG9+VRC07,A07412M1_VRC12,Kong et al. J Virol 89:2659 (2015) - dataset 1,25520506,0.055,0.181,
PG9+VRC07,AC10_29,Kong et al. J Virol 89:2659 (2015) - dataset 1,25520506,0.11,0.331,
PG9+VRC07,BF1266_431A,Kong et al. J Virol 89:2659 (2015) - dataset 1,25520506,0.008,0.02,
PG9+VRC07,BJOX002000_03_2,Kong et al. J Virol 89:2659 (2015) - dataset 1,25520506,0.043,0.207,
PG9+VRC07,BJOX009000_02_4,Kong et al. J Virol 89:2659 (2015) - dataset 1,25520506,0.283,0.947,
PG9+VRC07,BJOX010000_06_2,Kong et al. J Virol 89:2659 (2015) - dataset 1,25520506,0.137,0.618,
PG9+VRC07,BJOX015000_11_5,Kong et al. J Virol 89:2659 (2015) - dataset 1,25520506,0.104,0.372,
PG9+VRC07,BJOX025000_01_1,Kong et al. J Virol 89:2659 (2015) - dataset 1,25520506,0.154,0.696,
PG9+VRC07,BJOX028000_10_3,Kong et al. J Virol 89:2659 (2015) - dataset 1,25520506,0.023,0.087,
PG9+VRC07,C1080_C3,Kong et al. J Virol 89:2659 (2015) - dataset 1,25520506,0.002,0.006,
PG9+VRC07,C2101_C1,Kong et al. J Virol 89:2659 (2015) - dataset 1,25520506,0.017,0.076,
PG9+VRC07,C3347_C11,Kong et al. J Virol 89:2659 (2015) - dataset 1,25520506,0.024,0.08,
PG9+VRC07,C4118_9,Kong et al. J Virol 89:2659 (2015) - dataset 1,25520506,0.019,0.049,
PG9+VRC07,CAAN5342,Kong et al. J Virol 89:2659 (2015) - dataset 1,25520506,0.347,0.867,
PG9+VRC07,CAP210_E8,Kong et al. J Virol 89:2659 (2015) - dataset 1,25520506,0.147,0.589,
PG9+VRC07,CAP45_G3,Kong et al. J Virol 89:2659 (2015) - dataset 1,25520506,0.003,0.009,
PG9+VRC07,CE0393_C3,Kong et al. J Virol 89:2659 (2015) - dataset 1,25520506,0.011,0.033,
PG9+VRC07,CE0682_E4,Kong et al. J Virol 89:2659 (2015) - dataset 1,25520506,0.048,0.118,
PG9+VRC07,CE1086_B2,Kong et al. J Virol 89:2659 (2015) - dataset 1,25520506,0.158,0.322,
PG9+VRC07,CE1172_H1,Kong et al. J Virol 89:2659 (2015) - dataset 1,25520506,0.069,0.195,
PG9+VRC07,CE1176_A3,Kong et al. J Virol 89:2659 (2015) - dataset 1,25520506,0.008,0.03,
PG9+VRC07,CE2010_F5,Kong et al. J Virol 89:2659 (2015) - dataset 1,25520506,0.171,0.518,
PG9+VRC07,CE2060_G9,Kong et al. J Virol 89:2659 (2015) - dataset 1,25520506,0.024,0.078,
PG9+VRC07,CH119_10,Kong et al. J Virol 89:2659 (2015) - dataset 1,25520506,0.114,0.306,
PG9+VRC07,CNE17,Kong et al. J Virol 89:2659 (2015) - dataset 1,25520506,0.071,0.214,
PG9+VRC07,CNE19,Kong et al. J Virol 89:2659 (2015) - dataset 1,25520506,0.01,0.039,
PG9+VRC07,CNE20,Kong et al. J Virol 89:2659 (2015) - dataset 1,25520506,0.02,0.058,
PG9+VRC07,CNE21,Kong et al. J Virol 89:2659 (2015) - dataset 1,25520506,0.027,0.082,
PG9+VRC07,CNE30,Kong et al. J Virol 89:2659 (2015) - dataset 1,25520506,0.417,1.05,
PG9+VRC07,CNE5,Kong et al. J Virol 89:2659 (2015) - dataset 1,25520506,0.01,0.026,
PG9+VRC07,CNE52,Kong et al. J Virol 89:2659 (2015) - dataset 1,25520506,0.019,0.054,
PG9+VRC07,CNE53,Kong et al. J Virol 89:2659 (2015) - dataset 1,25520506,0.026,0.076,
PG9+VRC07,CNE55,Kong et al. J Virol 89:2659 (2015) - dataset 1,25520506,0.051,0.184,
PG9+VRC07,CNE58,Kong et al. J Virol 89:2659 (2015) - dataset 1,25520506,0.021,0.042,
PG9+VRC07,CNE8,Kong et al. J Virol 89:2659 (2015) - dataset 1,25520506,0.145,0.4,
PG9+VRC07,DU156_12,Kong et al. J Virol 89:2659 (2015) - dataset 1,25520506,0.029,0.069,
PG9+VRC07,DU172_17,Kong et al. J Virol 89:2659 (2015) - dataset 1,25520506,0.186,0.454,
PG9+VRC07,DU422_1,Kong et al. J Virol 89:2659 (2015) - dataset 1,25520506,4.7,>25,
PG9+VRC07,MS208_A1,Kong et al. J Virol 89:2659 (2015) - dataset 1,25520506,0.046,0.174,
PG9+VRC07,P0402_C2_11,Kong et al. J Virol 89:2659 (2015) - dataset 1,25520506,0.07,0.181,
PG9+VRC07,P1981_C5_3,Kong et al. J Virol 89:2659 (2015) - dataset 1,25520506,0.079,0.233,
PG9+VRC07,PVO_4,Kong et al. J Virol 89:2659 (2015) - dataset 1,25520506,0.197,0.512,
PG9+VRC07,Q23_17,Kong et al. J Virol 89:2659 (2015) - dataset 1,25520506,0.003,0.01,
PG9+VRC07,Q259_17,Kong et al. J Virol 89:2659 (2015) - dataset 1,25520506,0.02,0.064,
PG9+VRC07,Q461_E2,Kong et al. J Virol 89:2659 (2015) - dataset 1,25520506,0.194,0.552,
PG9+VRC07,Q769_D22,Kong et al. J Virol 89:2659 (2015) - dataset 1,25520506,0.008,0.021,
PG9+VRC07,Q842_D12,Kong et al. J Virol 89:2659 (2015) - dataset 1,25520506,0.011,0.029,
PG9+VRC07,QH0692_42,Kong et al. J Virol 89:2659 (2015) - dataset 1,25520506,0.808,3.83,
PG9+VRC07,R1166_C1,Kong et al. J Virol 89:2659 (2015) - dataset 1,25520506,0.501,1.47,
PG9+VRC07,R2184_C4,Kong et al. J Virol 89:2659 (2015) - dataset 1,25520506,0.053,0.136,
PG9+VRC07,R3265_C6,Kong et al. J Virol 89:2659 (2015) - dataset 1,25520506,0.068,0.196,
PG9+VRC07,REJO4541_67,Kong et al. J Virol 89:2659 (2015) - dataset 1,25520506,0.006,0.02,
PG9+VRC07,RHPA4259_7,Kong et al. J Virol 89:2659 (2015) - dataset 1,25520506,0.03,0.079,
PG9+VRC07,SC05_8C11_2344,Kong et al. J Virol 89:2659 (2015) - dataset 1,25520506,0.112,0.323,
PG9+VRC07,SC422_8,Kong et al. J Virol 89:2659 (2015) - dataset 1,25520506,0.058,0.168,
PG9+VRC07,T250_4,Kong et al. J Virol 89:2659 (2015) - dataset 1,25520506,0.002,0.006,
PG9+VRC07,T251_18,Kong et al. J Virol 89:2659 (2015) - dataset 1,25520506,1.09,2.87,
PG9+VRC07,T255_34,Kong et al. J Virol 89:2659 (2015) - dataset 1,25520506,0.023,0.093,
PG9+VRC07,T257_31,Kong et al. J Virol 89:2659 (2015) - dataset 1,25520506,0.02,0.078,
PG9+VRC07,T278_50,Kong et al. J Virol 89:2659 (2015) - dataset 1,25520506,0.544,2.21,
PG9+VRC07,THRO4156,Kong et al. J Virol 89:2659 (2015) - dataset 1,25520506,0.879,4.61,
PG9+VRC07,TRJO4551_58,Kong et al. J Virol 89:2659 (2015) - dataset 1,25520506,0.041,0.126,
PG9+VRC07,TRO_11,Kong et al. J Virol 89:2659 (2015) - dataset 1,25520506,0.257,0.705,
PG9+VRC07,WEAU_D15_410,Kong et al. J Virol 89:2659 (2015) - dataset 1,25520506,0.034,0.091,
PG9+VRC07,WITO4160_33,Kong et al. J Virol 89:2659 (2015) - dataset 1,25520506,0.005,0.016,
PG9+VRC07,X1193_C1,Kong et al. J Virol 89:2659 (2015) - dataset 1,25520506,0.052,0.133,
PG9+VRC07,X1254_C3,Kong et al. J Virol 89:2659 (2015) - dataset 1,25520506,0.025,0.071,
PG9+VRC07,X1632_S2_B10,Kong et al. J Virol 89:2659 (2015) - dataset 1,25520506,0.015,0.05,
PG9+VRC07,X2088_C9,Kong et al. J Virol 89:2659 (2015) - dataset 1,25520506,>25,>25,
PG9+VRC07,X2131_C1_B5,Kong et al. J Virol 89:2659 (2015) - dataset 1,25520506,0.053,0.195,
PG9+VRC07,X2278_C2_B6,Kong et al. J Virol 89:2659 (2015) - dataset 1,25520506,0.007,0.02,
PG9+VRC07,ZM109_4,Kong et al. J Virol 89:2659 (2015) - dataset 1,25520506,0.036,0.149,
PG9+VRC07,ZM135_10A,Kong et al. J Virol 89:2659 (2015) - dataset 1,25520506,0.189,0.568,
PG9+VRC07,ZM197_7,Kong et al. J Virol 89:2659 (2015) - dataset 1,25520506,0.213,0.694,
PG9+VRC07,ZM214_15,Kong et al. J Virol 89:2659 (2015) - dataset 1,25520506,0.46,2.23,
PG9+VRC07,ZM233_6,Kong et al. J Virol 89:2659 (2015) - dataset 1,25520506,0.006,0.032,
PG9+VRC07,ZM246F,Kong et al. J Virol 89:2659 (2015) - dataset 1,25520506,0.32,0.704,
PG9+VRC07,ZM247_V1,Kong et al. J Virol 89:2659 (2015) - dataset 1,25520506,0.027,0.093,
PG9+VRC07,ZM249_1,Kong et al. J Virol 89:2659 (2015) - dataset 1,25520506,0.034,0.11,
PG9+VRC07,ZM53_12,Kong et al. J Virol 89:2659 (2015) - dataset 1,25520506,0.033,0.116,
PGDM1400+PGT121,0013095_2_11,Sok et al. PNAS USA 111:17624 (2014),25422458,0.003,,
PGDM1400+PGT121,001428_2_42,Sok et al. PNAS USA 111:17624 (2014),25422458,0.002,,
PGDM1400+PGT121,0041_V3_C18,Wagh et al. PLoS Pathog 12:e1005520 (2016),27028935,<0.001,0.002,
PGDM1400+PGT121,0077_V1_C16,Wagh et al. PLoS Pathog 12:e1005520 (2016),27028935,0.015,0.078,
PGDM1400+PGT121,0260_V5_C36,Sok et al. PNAS USA 111:17624 (2014),25422458,0.008,,
PGDM1400+PGT121,0330_V4_C3,Sok et al. PNAS USA 111:17624 (2014),25422458,0.002,,
PGDM1400+PGT121,0815_V3_C3,Sok et al. PNAS USA 111:17624 (2014),25422458,0.007,,
PGDM1400+PGT121,0921_V2_C14,Wagh et al. PLoS Pathog 12:e1005520 (2016),27028935,<0.001,0.005,
PGDM1400+PGT121,0933_V4_C4,Wagh et al. PLoS Pathog 12:e1005520 (2016),27028935,>50,>50,
PGDM1400+PGT121,0984_V2_C2,Wagh et al. PLoS Pathog 12:e1005520 (2016),27028935,0.274,1.953,
PGDM1400+PGT121,1006_11_C3_1601,Sok et al. PNAS USA 111:17624 (2014),25422458,0.003,,
PGDM1400+PGT121,1012_11_TC21_3257,Sok et al. PNAS USA 111:17624 (2014),25422458,0.006,,
PGDM1400+PGT121,1054_07_TC4_1499,Sok et al. PNAS USA 111:17624 (2014),25422458,0.053,,
PGDM1400+PGT121,1056_10_TA11_1826,Sok et al. PNAS USA 111:17624 (2014),25422458,0.015,,
PGDM1400+PGT121,1107356_07,Wagh et al. PLoS Pathog 12:e1005520 (2016),27028935,0.258,0.795,
PGDM1400+PGT121,1143465_14,Wagh et al. PLoS Pathog 12:e1005520 (2016),27028935,0.412,1.989,
PGDM1400+PGT121,1170887_08,Wagh et al. PLoS Pathog 12:e1005520 (2016),27028935,0.025,0.429,
PGDM1400+PGT121,1245045,Wagh et al. PLoS Pathog 12:e1005520 (2016),27028935,0.003,0.017,
PGDM1400+PGT121,1394_C9G1,Sok et al. PNAS USA 111:17624 (2014),25422458,0.001,,
PGDM1400+PGT121,1394_C9G1,Wagh et al. PLoS Pathog 12:e1005520 (2016),27028935,<0.001,0.004,
PGDM1400+PGT121,16055_2_3,Sok et al. PNAS USA 111:17624 (2014),25422458,0.001,,
PGDM1400+PGT121,16845_2_22,Sok et al. PNAS USA 111:17624 (2014),25422458,> 50,,
PGDM1400+PGT121,1811_B3_23,Wagh et al. PLoS Pathog 12:e1005520 (2016),27028935,0.011,0.043,
PGDM1400+PGT121,18814602_H8_F3,Wagh et al. PLoS Pathog 12:e1005520 (2016),27028935,<0.001,<0.001,
PGDM1400+PGT121,191084_B7_19,Sok et al. PNAS USA 111:17624 (2014),25422458,0.002,,
PGDM1400+PGT121,19157834_V1,Wagh et al. PLoS Pathog 12:e1005520 (2016),27028935,0.001,0.013,
PGDM1400+PGT121,191955_A11,Sok et al. PNAS USA 111:17624 (2014),25422458,0.001,,
PGDM1400+PGT121,19252094_A5_G2,Wagh et al. PLoS Pathog 12:e1005520 (2016),27028935,<0.001,<0.001,
PGDM1400+PGT121,19314479_A2_5,Wagh et al. PLoS Pathog 12:e1005520 (2016),27028935,<0.001,0.003,
PGDM1400+PGT121,19707346_E8_C6,Wagh et al. PLoS Pathog 12:e1005520 (2016),27028935,0.005,0.025,
PGDM1400+PGT121,19715820_A10_H2,Wagh et al. PLoS Pathog 12:e1005520 (2016),27028935,0.002,0.013,
PGDM1400+PGT121,20104663_E11_D2,Wagh et al. PLoS Pathog 12:e1005520 (2016),27028935,<0.001,0.003,
PGDM1400+PGT121,20198102_E9_G1,Wagh et al. PLoS Pathog 12:e1005520 (2016),27028935,0.009,0.038,
PGDM1400+PGT121,20258279_V2,Wagh et al. PLoS Pathog 12:e1005520 (2016),27028935,1.138,11.794,
PGDM1400+PGT121,20286961_C1_H8,Wagh et al. PLoS Pathog 12:e1005520 (2016),27028935,0.079,1.152,
PGDM1400+PGT121,20355851_20,Wagh et al. PLoS Pathog 12:e1005520 (2016),27028935,15.95,>50,
PGDM1400+PGT121,20358510_01,Wagh et al. PLoS Pathog 12:e1005520 (2016),27028935,0.008,0.081,
PGDM1400+PGT121,20417927_07,Wagh et al. PLoS Pathog 12:e1005520 (2016),27028935,0.796,>50,
PGDM1400+PGT121,20721190,Wagh et al. PLoS Pathog 12:e1005520 (2016),27028935,0.276,1.444,
PGDM1400+PGT121,20803520,Wagh et al. PLoS Pathog 12:e1005520 (2016),27028935,0.018,0.128,
PGDM1400+PGT121,20883229_C9_H6,Wagh et al. PLoS Pathog 12:e1005520 (2016),27028935,0.03,0.155,
PGDM1400+PGT121,20915593,Wagh et al. PLoS Pathog 12:e1005520 (2016),27028935,0.001,0.006,
PGDM1400+PGT121,20927783,Wagh et al. PLoS Pathog 12:e1005520 (2016),27028935,0.002,0.016,
PGDM1400+PGT121,20965238,Wagh et al. PLoS Pathog 12:e1005520 (2016),27028935,>50,>50,
PGDM1400+PGT121,21197826_V1,Wagh et al. PLoS Pathog 12:e1005520 (2016),27028935,0.705,3.956,
PGDM1400+PGT121,21203310_G7_C3,Wagh et al. PLoS Pathog 12:e1005520 (2016),27028935,0.047,0.259,
PGDM1400+PGT121,21261106_C12_H2,Wagh et al. PLoS Pathog 12:e1005520 (2016),27028935,0.009,0.103,
PGDM1400+PGT121,21283649,Wagh et al. PLoS Pathog 12:e1005520 (2016),27028935,10.52,>50,
PGDM1400+PGT121,21369737_G11_F2,Wagh et al. PLoS Pathog 12:e1005520 (2016),27028935,0.019,0.074,
PGDM1400+PGT121,21399975_E2_B3,Wagh et al. PLoS Pathog 12:e1005520 (2016),27028935,0.001,0.004,
PGDM1400+PGT121,21492713_B11_E3,Wagh et al. PLoS Pathog 12:e1005520 (2016),27028935,<0.001,0.009,
PGDM1400+PGT121,21502011_F12_E2,Wagh et al. PLoS Pathog 12:e1005520 (2016),27028935,0.006,0.033,
PGDM1400+PGT121,21561324_D3_B5,Wagh et al. PLoS Pathog 12:e1005520 (2016),27028935,0.019,0.104,
PGDM1400+PGT121,231965_C1,Sok et al. PNAS USA 111:17624 (2014),25422458,0.004,,
PGDM1400+PGT121,234_F1_16_57,Wagh et al. PLoS Pathog 12:e1005520 (2016),27028935,<0.001,0.002,
PGDM1400+PGT121,235080_3G7_REV,Wagh et al. PLoS Pathog 12:e1005520 (2016),27028935,<0.001,<0.001,
PGDM1400+PGT121,235_47,Sok et al. PNAS USA 111:17624 (2014),25422458,0.003,,
PGDM1400+PGT121,249M_B10,Sok et al. PNAS USA 111:17624 (2014),25422458,0.013,,
PGDM1400+PGT121,263_8,Sok et al. PNAS USA 111:17624 (2014),25422458,0.023,,
PGDM1400+PGT121,2759058_F10_B6,Wagh et al. PLoS Pathog 12:e1005520 (2016),27028935,0.024,0.207,
PGDM1400+PGT121,2768732_C5_16,Wagh et al. PLoS Pathog 12:e1005520 (2016),27028935,0.192,3.027,
PGDM1400+PGT121,2833264,Wagh et al. PLoS Pathog 12:e1005520 (2016),27028935,0.016,0.111,
PGDM1400+PGT121,2865_A11_12,Wagh et al. PLoS Pathog 12:e1005520 (2016),27028935,0.098,0.393,
PGDM1400+PGT121,2869751_A4_D3,Wagh et al. PLoS Pathog 12:e1005520 (2016),27028935,0.002,0.011,
PGDM1400+PGT121,2891391_A2_E1,Wagh et al. PLoS Pathog 12:e1005520 (2016),27028935,>50,>50,
PGDM1400+PGT121,2969249,Wagh et al. PLoS Pathog 12:e1005520 (2016),27028935,>50,>50,
PGDM1400+PGT121,304_F2_1_11,Wagh et al. PLoS Pathog 12:e1005520 (2016),27028935,0.023,24.585,
PGDM1400+PGT121,3103_V3_C10,Sok et al. PNAS USA 111:17624 (2014),25422458,0.007,,
PGDM1400+PGT121,3168_V4_C10,Wagh et al. PLoS Pathog 12:e1005520 (2016),27028935,0.026,0.13,
PGDM1400+PGT121,3301_V1_C24,Sok et al. PNAS USA 111:17624 (2014),25422458,0.003,,
PGDM1400+PGT121,3312_D6_2,Wagh et al. PLoS Pathog 12:e1005520 (2016),27028935,0.002,0.013,
PGDM1400+PGT121,3426_V5_C17,Wagh et al. PLoS Pathog 12:e1005520 (2016),27028935,<0.001,0.003,
PGDM1400+PGT121,346_F4_D2_12,Wagh et al. PLoS Pathog 12:e1005520 (2016),27028935,0.013,0.075,
PGDM1400+PGT121,3514597,Wagh et al. PLoS Pathog 12:e1005520 (2016),27028935,0.004,0.014,
PGDM1400+PGT121,3545883_G1_E1,Wagh et al. PLoS Pathog 12:e1005520 (2016),27028935,0.002,0.014,
PGDM1400+PGT121,3603_C11_13,Wagh et al. PLoS Pathog 12:e1005520 (2016),27028935,0.023,0.116,
PGDM1400+PGT121,3637_V5_C3,Wagh et al. PLoS Pathog 12:e1005520 (2016),27028935,>50,>50,
PGDM1400+PGT121,3728_V2_C6,Wagh et al. PLoS Pathog 12:e1005520 (2016),27028935,0.137,2.69,
PGDM1400+PGT121,377_V4_C09,Wagh et al. PLoS Pathog 12:e1005520 (2016),27028935,0.11,0.626,
PGDM1400+PGT121,3817_V2_C59,Sok et al. PNAS USA 111:17624 (2014),25422458,> 50,,
PGDM1400+PGT121,3873_V1_C24,Wagh et al. PLoS Pathog 12:e1005520 (2016),27028935,0.002,0.007,
PGDM1400+PGT121,541_F1_A7_2,Wagh et al. PLoS Pathog 12:e1005520 (2016),27028935,0.013,0.048,
PGDM1400+PGT121,556_F2_3_25,Wagh et al. PLoS Pathog 12:e1005520 (2016),27028935,0.025,0.126,
PGDM1400+PGT121,569_F1_37_10,Wagh et al. PLoS Pathog 12:e1005520 (2016),27028935,44.814,>50,
PGDM1400+PGT121,6022_V7_C24,Wagh et al. PLoS Pathog 12:e1005520 (2016),27028935,0.027,0.095,
PGDM1400+PGT121,6040_V4_C15,Wagh et al. PLoS Pathog 12:e1005520 (2016),27028935,0.003,0.012,
PGDM1400+PGT121,6041_V3_C23,Sok et al. PNAS USA 111:17624 (2014),25422458,0.189,,
PGDM1400+PGT121,6146_V7_C23,Wagh et al. PLoS Pathog 12:e1005520 (2016),27028935,0.001,0.007,
PGDM1400+PGT121,620345_C1,Sok et al. PNAS USA 111:17624 (2014),25422458,0.002,,
PGDM1400+PGT121,62357_14_D3_4589,Sok et al. PNAS USA 111:17624 (2014),25422458,0.008,,
PGDM1400+PGT121,6240_08_TA5_4622,Sok et al. PNAS USA 111:17624 (2014),25422458,0.042,,
PGDM1400+PGT121,6244_13_B5_4567,Sok et al. PNAS USA 111:17624 (2014),25422458,0.051,,
PGDM1400+PGT121,6322_V4_C1,Wagh et al. PLoS Pathog 12:e1005520 (2016),27028935,0.004,0.023,
PGDM1400+PGT121,6471_V1_C16,Wagh et al. PLoS Pathog 12:e1005520 (2016),27028935,>50,>50,
PGDM1400+PGT121,6480_V4_C25,Sok et al. PNAS USA 111:17624 (2014),25422458,0.007,,
PGDM1400+PGT121,6535_3,Sok et al. PNAS USA 111:17624 (2014),25422458,0.004,,
PGDM1400+PGT121,6540_V4_C1,Sok et al. PNAS USA 111:17624 (2014),25422458,0.002,,
PGDM1400+PGT121,6545_V4_C1,Sok et al. PNAS USA 111:17624 (2014),25422458,0.002,,
PGDM1400+PGT121,6631_V3_C10,Wagh et al. PLoS Pathog 12:e1005520 (2016),27028935,36.043,>50,
PGDM1400+PGT121,6644_V2_C33,Wagh et al. PLoS Pathog 12:e1005520 (2016),27028935,0.007,0.082,
PGDM1400+PGT121,6785_V5_C14,Wagh et al. PLoS Pathog 12:e1005520 (2016),27028935,0.004,0.028,
PGDM1400+PGT121,6811_V7_C18,Sok et al. PNAS USA 111:17624 (2014),25422458,0.001,,
PGDM1400+PGT121,6838_V1_C35,Wagh et al. PLoS Pathog 12:e1005520 (2016),27028935,0.011,0.106,
PGDM1400+PGT121,6952_V1_C20,Sok et al. PNAS USA 111:17624 (2014),25422458,0.02,,
PGDM1400+PGT121,6980_V0_C31,Wagh et al. PLoS Pathog 12:e1005520 (2016),27028935,0.008,0.039,
PGDM1400+PGT121,703010010_C4,Wagh et al. PLoS Pathog 12:e1005520 (2016),27028935,<0.001,0.001,
PGDM1400+PGT121,703010054_2A2,Sok et al. PNAS USA 111:17624 (2014),25422458,0.003,,
PGDM1400+PGT121,703010054_2A2,Wagh et al. PLoS Pathog 12:e1005520 (2016),27028935,0.008,0.282,
PGDM1400+PGT121,703010131_1E2,Wagh et al. PLoS Pathog 12:e1005520 (2016),27028935,0.006,0.028,
PGDM1400+PGT121,703010200_1E5,Sok et al. PNAS USA 111:17624 (2014),25422458,0.004,,
PGDM1400+PGT121,703010200_1E5,Wagh et al. PLoS Pathog 12:e1005520 (2016),27028935,0.001,0.008,
PGDM1400+PGT121,703010217_B6,Wagh et al. PLoS Pathog 12:e1005520 (2016),27028935,<0.001,<0.001,
PGDM1400+PGT121,703010228_1C4,Wagh et al. PLoS Pathog 12:e1005520 (2016),27028935,0.005,0.035,
PGDM1400+PGT121,704010042_2E5,Wagh et al. PLoS Pathog 12:e1005520 (2016),27028935,<0.001,<0.001,
PGDM1400+PGT121,704010069_C6,Wagh et al. PLoS Pathog 12:e1005520 (2016),27028935,0.004,0.143,
PGDM1400+PGT121,704010083_B8,Wagh et al. PLoS Pathog 12:e1005520 (2016),27028935,0.045,0.244,
PGDM1400+PGT121,704809221_1B3,Sok et al. PNAS USA 111:17624 (2014),25422458,0.021,,
PGDM1400+PGT121,704809221_1B3,Wagh et al. PLoS Pathog 12:e1005520 (2016),27028935,0.018,0.101,
PGDM1400+PGT121,704810053_2B7,Wagh et al. PLoS Pathog 12:e1005520 (2016),27028935,0.002,0.007,
PGDM1400+PGT121,705010067_TF,Wagh et al. PLoS Pathog 12:e1005520 (2016),27028935,0.036,0.312,
PGDM1400+PGT121,705010185_TF,Wagh et al. PLoS Pathog 12:e1005520 (2016),27028935,1.025,3.468,
PGDM1400+PGT121,705010198_TF,Wagh et al. PLoS Pathog 12:e1005520 (2016),27028935,0.016,0.115,
PGDM1400+PGT121,706010164_1A7_REV,Wagh et al. PLoS Pathog 12:e1005520 (2016),27028935,0.002,0.009,
PGDM1400+PGT121,722_G4_16,Wagh et al. PLoS Pathog 12:e1005520 (2016),27028935,0.009,0.029,
PGDM1400+PGT121,89_F1_2_25,Sok et al. PNAS USA 111:17624 (2014),25422458,0.001,,
PGDM1400+PGT121,928_28,Sok et al. PNAS USA 111:17624 (2014),25422458,0.046,,
PGDM1400+PGT121,98_F4_H5_13,Wagh et al. PLoS Pathog 12:e1005520 (2016),27028935,0.771,3.87,
PGDM1400+PGT121,A07412M1_VRC12,Sok et al. PNAS USA 111:17624 (2014),25422458,0.01,,
PGDM1400+PGT121,AC10_29,Sok et al. PNAS USA 111:17624 (2014),25422458,0.026,,
PGDM1400+PGT121,B005018_8_F6_3,Wagh et al. PLoS Pathog 12:e1005520 (2016),27028935,<0.001,0.005,
PGDM1400+PGT121,B005582_7_G7_8,Wagh et al. PLoS Pathog 12:e1005520 (2016),27028935,1.115,11.861,
PGDM1400+PGT121,BF1266_431A,Sok et al. PNAS USA 111:17624 (2014),25422458,0.003,,
PGDM1400+PGT121,BF1266_431A,Wagh et al. PLoS Pathog 12:e1005520 (2016),27028935,0.003,0.013,
PGDM1400+PGT121,BJOX009000_02_4,Sok et al. PNAS USA 111:17624 (2014),25422458,0.294,,
PGDM1400+PGT121,BJOX010000_06_2,Sok et al. PNAS USA 111:17624 (2014),25422458,0.302,,
PGDM1400+PGT121,BJOX015000_11_5,Sok et al. PNAS USA 111:17624 (2014),25422458,0.179,,
PGDM1400+PGT121,BJOX025000_01_1,Sok et al. PNAS USA 111:17624 (2014),25422458,0.128,,
PGDM1400+PGT121,BJOX028000_10_3,Sok et al. PNAS USA 111:17624 (2014),25422458,0.61,,
PGDM1400+PGT121,C1080_C3,Sok et al. PNAS USA 111:17624 (2014),25422458,0.001,,
PGDM1400+PGT121,C3347_C11,Sok et al. PNAS USA 111:17624 (2014),25422458,0.004,,
PGDM1400+PGT121,C4118_9,Sok et al. PNAS USA 111:17624 (2014),25422458,0.002,,
PGDM1400+PGT121,CA146_H3_3,Wagh et al. PLoS Pathog 12:e1005520 (2016),27028935,0.005,0.018,
PGDM1400+PGT121,CA240_A5_5,Wagh et al. PLoS Pathog 12:e1005520 (2016),27028935,<0.001,0.003,
PGDM1400+PGT121,CA327_D2_2,Wagh et al. PLoS Pathog 12:e1005520 (2016),27028935,0.233,1.317,
PGDM1400+PGT121,CA392_H2_6,Wagh et al. PLoS Pathog 12:e1005520 (2016),27028935,0.054,0.216,
PGDM1400+PGT121,CA457_H1_1,Wagh et al. PLoS Pathog 12:e1005520 (2016),27028935,0.027,0.135,
PGDM1400+PGT121,CAAN5342,Sok et al. PNAS USA 111:17624 (2014),25422458,0.007,,
PGDM1400+PGT121,CAP129_1_15_B2_13,Wagh et al. PLoS Pathog 12:e1005520 (2016),27028935,0.003,0.014,
PGDM1400+PGT121,CAP136_1_16_E6_1,Wagh et al. PLoS Pathog 12:e1005520 (2016),27028935,0.057,0.211,
PGDM1400+PGT121,CAP174_1_06_F3_1B,Wagh et al. PLoS Pathog 12:e1005520 (2016),27028935,0.005,0.017,
PGDM1400+PGT121,CAP177_1A3,Wagh et al. PLoS Pathog 12:e1005520 (2016),27028935,0.039,0.325,
PGDM1400+PGT121,CAP188_1_D1_14_REV,Wagh et al. PLoS Pathog 12:e1005520 (2016),27028935,0.868,11.995,
PGDM1400+PGT121,CAP200_B8A,Wagh et al. PLoS Pathog 12:e1005520 (2016),27028935,0.002,0.011,
PGDM1400+PGT121,CAP206_1_B5_Y681D,Wagh et al. PLoS Pathog 12:e1005520 (2016),27028935,0.007,0.028,
PGDM1400+PGT121,CAP210_E8,Sok et al. PNAS USA 111:17624 (2014),25422458,0.011,,
PGDM1400+PGT121,CAP210_TA5,Wagh et al. PLoS Pathog 12:e1005520 (2016),27028935,0.019,0.199,
PGDM1400+PGT121,CAP220_2_00_A8_5B,Wagh et al. PLoS Pathog 12:e1005520 (2016),27028935,>50,>50,
PGDM1400+PGT121,CAP221_B14,Wagh et al. PLoS Pathog 12:e1005520 (2016),27028935,0.029,2.128,
PGDM1400+PGT121,CAP224_1_18_C7_3,Wagh et al. PLoS Pathog 12:e1005520 (2016),27028935,0.01,0.041,
PGDM1400+PGT121,CAP225_1_06_A2_18,Wagh et al. PLoS Pathog 12:e1005520 (2016),27028935,0.093,0.482,
PGDM1400+PGT121,CAP237_1_22_B2_2_39,Wagh et al. PLoS Pathog 12:e1005520 (2016),27028935,0.04,46.373,
PGDM1400+PGT121,CAP244_D3,Wagh et al. PLoS Pathog 12:e1005520 (2016),27028935,4.748,>50,
PGDM1400+PGT121,CAP258_2_00_X_23,Wagh et al. PLoS Pathog 12:e1005520 (2016),27028935,0.779,4.982,
PGDM1400+PGT121,CAP260_2_00_TA1_1B,Wagh et al. PLoS Pathog 12:e1005520 (2016),27028935,0.003,0.012,
PGDM1400+PGT121,CAP266_2_00_E9_H6,Wagh et al. PLoS Pathog 12:e1005520 (2016),27028935,0.206,1.169,
PGDM1400+PGT121,CAP269_2_00_F11_1,Wagh et al. PLoS Pathog 12:e1005520 (2016),27028935,>50,>50,
PGDM1400+PGT121,CAP290_2_00_23_6,Wagh et al. PLoS Pathog 12:e1005520 (2016),27028935,0.068,1.046,
PGDM1400+PGT121,CAP291_2_00_H2_15,Wagh et al. PLoS Pathog 12:e1005520 (2016),27028935,0.008,0.053,
PGDM1400+PGT121,CAP292_2_00_12_4,Wagh et al. PLoS Pathog 12:e1005520 (2016),27028935,0.164,1.251,
PGDM1400+PGT121,CAP301_2_00_C3_20,Wagh et al. PLoS Pathog 12:e1005520 (2016),27028935,<0.001,0.004,
PGDM1400+PGT121,CAP304_2_00_F6_6,Wagh et al. PLoS Pathog 12:e1005520 (2016),27028935,0.007,0.079,
PGDM1400+PGT121,CAP306_2_00_F9_1,Wagh et al. PLoS Pathog 12:e1005520 (2016),27028935,<0.001,0.003,
PGDM1400+PGT121,CAP307_2_00_24_1,Wagh et al. PLoS Pathog 12:e1005520 (2016),27028935,0.029,0.212,
PGDM1400+PGT121,CAP308_2_00_E11_35,Wagh et al. PLoS Pathog 12:e1005520 (2016),27028935,<0.001,0.003,
PGDM1400+PGT121,CAP310_2_00_20_2,Wagh et al. PLoS Pathog 12:e1005520 (2016),27028935,0.259,3.807,
PGDM1400+PGT121,CAP317_2_00_D4_10,Wagh et al. PLoS Pathog 12:e1005520 (2016),27028935,0.014,0.165,
PGDM1400+PGT121,CAP323_2_00_B6_45,Wagh et al. PLoS Pathog 12:e1005520 (2016),27028935,0.003,0.016,
PGDM1400+PGT121,CAP326_2_00_D9_2,Wagh et al. PLoS Pathog 12:e1005520 (2016),27028935,2.148,18.953,
PGDM1400+PGT121,CAP327_2_00_C6_37,Wagh et al. PLoS Pathog 12:e1005520 (2016),27028935,31.646,>50,
PGDM1400+PGT121,CAP330_2_00_F2_41,Wagh et al. PLoS Pathog 12:e1005520 (2016),27028935,0.001,0.01,
PGDM1400+PGT121,CAP331_2_00_D7_39,Wagh et al. PLoS Pathog 12:e1005520 (2016),27028935,0.004,0.022,
PGDM1400+PGT121,CAP332_2_00_C10_1,Wagh et al. PLoS Pathog 12:e1005520 (2016),27028935,0.015,0.06,
PGDM1400+PGT121,CAP340_2_00_B3_16,Wagh et al. PLoS Pathog 12:e1005520 (2016),27028935,0.012,0.187,
PGDM1400+PGT121,CAP341_2_00_C10_18,Wagh et al. PLoS Pathog 12:e1005520 (2016),27028935,<0.001,0.004,
PGDM1400+PGT121,CAP343_2_00_21_2,Wagh et al. PLoS Pathog 12:e1005520 (2016),27028935,0.01,0.043,
PGDM1400+PGT121,CAP347_2_00_B1_1,Wagh et al. PLoS Pathog 12:e1005520 (2016),27028935,<0.001,<0.001,
PGDM1400+PGT121,CAP363_2_00_10_3,Wagh et al. PLoS Pathog 12:e1005520 (2016),27028935,0.005,0.026,
PGDM1400+PGT121,CAP37_1_18_D2_19,Wagh et al. PLoS Pathog 12:e1005520 (2016),27028935,0.001,0.008,
PGDM1400+PGT121,CAP378_2_00_D2_5,Wagh et al. PLoS Pathog 12:e1005520 (2016),27028935,2.926,>50,
PGDM1400+PGT121,CAP382_2_00_D7_19,Wagh et al. PLoS Pathog 12:e1005520 (2016),27028935,0.005,0.146,
PGDM1400+PGT121,CAP40_2_01_A3_5,Wagh et al. PLoS Pathog 12:e1005520 (2016),27028935,0.042,0.198,
PGDM1400+PGT121,CAP45_G3,Sok et al. PNAS USA 111:17624 (2014),25422458,0.008,,
PGDM1400+PGT121,CAP45_G3,Wagh et al. PLoS Pathog 12:e1005520 (2016),27028935,<0.001,0.001,
PGDM1400+PGT121,CAP69_1_12_TA7_1,Wagh et al. PLoS Pathog 12:e1005520 (2016),27028935,0.002,0.013,
PGDM1400+PGT121,CE0089_G2,Wagh et al. PLoS Pathog 12:e1005520 (2016),27028935,0.064,0.48,
PGDM1400+PGT121,CE0393_C3,Sok et al. PNAS USA 111:17624 (2014),25422458,0.003,,
PGDM1400+PGT121,CE0393_C3,Wagh et al. PLoS Pathog 12:e1005520 (2016),27028935,0.014,0.051,
PGDM1400+PGT121,CE0626_E6,Wagh et al. PLoS Pathog 12:e1005520 (2016),27028935,<0.001,0.003,
PGDM1400+PGT121,CE0665_F2,Wagh et al. PLoS Pathog 12:e1005520 (2016),27028935,0.054,0.168,
PGDM1400+PGT121,CE0682_E4,Wagh et al. PLoS Pathog 12:e1005520 (2016),27028935,0.005,0.028,
PGDM1400+PGT121,CE0985_H7,Wagh et al. PLoS Pathog 12:e1005520 (2016),27028935,0.005,0.016,
PGDM1400+PGT121,CE1086_B2,Wagh et al. PLoS Pathog 12:e1005520 (2016),27028935,0.001,0.005,
PGDM1400+PGT121,CE1172_H1,Sok et al. PNAS USA 111:17624 (2014),25422458,0.003,,
PGDM1400+PGT121,CE1172_H1,Wagh et al. PLoS Pathog 12:e1005520 (2016),27028935,0.005,0.025,
PGDM1400+PGT121,CE1176_A3,Sok et al. PNAS USA 111:17624 (2014),25422458,0.011,,
PGDM1400+PGT121,CE1176_A3,Wagh et al. PLoS Pathog 12:e1005520 (2016),27028935,0.009,0.029,
PGDM1400+PGT121,CE2010_F5,Sok et al. PNAS USA 111:17624 (2014),25422458,> 50,,
PGDM1400+PGT121,CE2010_F5,Wagh et al. PLoS Pathog 12:e1005520 (2016),27028935,>50,>50,
PGDM1400+PGT121,CE2052_G10,Wagh et al. PLoS Pathog 12:e1005520 (2016),27028935,0.001,0.007,
PGDM1400+PGT121,CE2060_G9,Sok et al. PNAS USA 111:17624 (2014),25422458,0.002,,
PGDM1400+PGT121,CE2060_G9,Wagh et al. PLoS Pathog 12:e1005520 (2016),27028935,0.001,0.006,
PGDM1400+PGT121,CE2103_E8,Wagh et al. PLoS Pathog 12:e1005520 (2016),27028935,0.013,0.092,
PGDM1400+PGT121,CH0694,Wagh et al. PLoS Pathog 12:e1005520 (2016),27028935,0.127,0.588,
PGDM1400+PGT121,CH505_W4_3,Wagh et al. PLoS Pathog 12:e1005520 (2016),27028935,0.01,0.031,
PGDM1400+PGT121,CNE17,Sok et al. PNAS USA 111:17624 (2014),25422458,0.001,,
PGDM1400+PGT121,CNE19,Sok et al. PNAS USA 111:17624 (2014),25422458,0.001,,
PGDM1400+PGT121,CNE20,Sok et al. PNAS USA 111:17624 (2014),25422458,0.001,,
PGDM1400+PGT121,CNE21,Sok et al. PNAS USA 111:17624 (2014),25422458,0.001,,
PGDM1400+PGT121,CNE30,Sok et al. PNAS USA 111:17624 (2014),25422458,0.072,,
PGDM1400+PGT121,CNE5,Sok et al. PNAS USA 111:17624 (2014),25422458,0.001,,
PGDM1400+PGT121,CNE52,Sok et al. PNAS USA 111:17624 (2014),25422458,0.308,,
PGDM1400+PGT121,CNE53,Sok et al. PNAS USA 111:17624 (2014),25422458,0.001,,
PGDM1400+PGT121,CNE58,Sok et al. PNAS USA 111:17624 (2014),25422458,0.002,,
PGDM1400+PGT121,CNE8,Sok et al. PNAS USA 111:17624 (2014),25422458,0.008,,
PGDM1400+PGT121,CT072_56_7,Wagh et al. PLoS Pathog 12:e1005520 (2016),27028935,<0.001,0.003,
PGDM1400+PGT121,CT140_140_B6,Wagh et al. PLoS Pathog 12:e1005520 (2016),27028935,0.003,0.023,
PGDM1400+PGT121,CT184_D3_15,Wagh et al. PLoS Pathog 12:e1005520 (2016),27028935,<0.001,<0.001,
PGDM1400+PGT121,CT349_39_16,Wagh et al. PLoS Pathog 12:e1005520 (2016),27028935,0.004,0.01,
PGDM1400+PGT121,CT431_G6_6,Wagh et al. PLoS Pathog 12:e1005520 (2016),27028935,0.01,0.07,
PGDM1400+PGT121,CT565_C7_48,Wagh et al. PLoS Pathog 12:e1005520 (2016),27028935,0.011,0.143,
PGDM1400+PGT121,CT810_G4_7,Wagh et al. PLoS Pathog 12:e1005520 (2016),27028935,0.01,0.122,
PGDM1400+PGT121,CT823_B6_1,Wagh et al. PLoS Pathog 12:e1005520 (2016),27028935,0.006,0.035,
PGDM1400+PGT121,CT885_H3_2,Wagh et al. PLoS Pathog 12:e1005520 (2016),27028935,0.95,6.837,
PGDM1400+PGT121,CT966_E1_7,Wagh et al. PLoS Pathog 12:e1005520 (2016),27028935,0.005,0.019,
PGDM1400+PGT121,CT977_69_12,Wagh et al. PLoS Pathog 12:e1005520 (2016),27028935,0.001,0.012,
PGDM1400+PGT121,DU151_02,Wagh et al. PLoS Pathog 12:e1005520 (2016),27028935,0.001,0.004,
PGDM1400+PGT121,DU156_12,Sok et al. PNAS USA 111:17624 (2014),25422458,0.003,,
PGDM1400+PGT121,DU156_12,Wagh et al. PLoS Pathog 12:e1005520 (2016),27028935,<0.001,0.002,
PGDM1400+PGT121,DU172_17,Sok et al. PNAS USA 111:17624 (2014),25422458,0.025,,
PGDM1400+PGT121,DU172_17,Wagh et al. PLoS Pathog 12:e1005520 (2016),27028935,0.028,0.335,
PGDM1400+PGT121,DU422_1,Sok et al. PNAS USA 111:17624 (2014),25422458,0.024,,
PGDM1400+PGT121,DU422_1,Wagh et al. PLoS Pathog 12:e1005520 (2016),27028935,0.002,0.026,
PGDM1400+PGT121,KO224_T87_2_4,Wagh et al. PLoS Pathog 12:e1005520 (2016),27028935,0.008,0.036,
PGDM1400+PGT121,KO243_H6_3,Wagh et al. PLoS Pathog 12:e1005520 (2016),27028935,0.004,0.017,
PGDM1400+PGT121,KO426_T78_10,Wagh et al. PLoS Pathog 12:e1005520 (2016),27028935,7.399,>50,
PGDM1400+PGT121,KO459_T68_4,Wagh et al. PLoS Pathog 12:e1005520 (2016),27028935,0.001,0.016,
PGDM1400+PGT121,KO756_38_TB12,Wagh et al. PLoS Pathog 12:e1005520 (2016),27028935,0.001,0.003,
PGDM1400+PGT121,KO870_C2_10,Wagh et al. PLoS Pathog 12:e1005520 (2016),27028935,0.003,0.129,
PGDM1400+PGT121,ME067_A10_15,Wagh et al. PLoS Pathog 12:e1005520 (2016),27028935,0.247,3.502,
PGDM1400+PGT121,ME178_G6_16,Wagh et al. PLoS Pathog 12:e1005520 (2016),27028935,0.005,0.031,
PGDM1400+PGT121,MS208_A1,Sok et al. PNAS USA 111:17624 (2014),25422458,0.008,,
PGDM1400+PGT121,P1981_C5_3,Sok et al. PNAS USA 111:17624 (2014),25422458,0.001,,
PGDM1400+PGT121,PVO_4,Sok et al. PNAS USA 111:17624 (2014),25422458,0.189,,
PGDM1400+PGT121,Q23_17,Sok et al. PNAS USA 111:17624 (2014),25422458,0.001,,
PGDM1400+PGT121,Q461_E2,Sok et al. PNAS USA 111:17624 (2014),25422458,0.05,,
PGDM1400+PGT121,Q769_D22,Sok et al. PNAS USA 111:17624 (2014),25422458,0.005,,
PGDM1400+PGT121,QH0692_42,Sok et al. PNAS USA 111:17624 (2014),25422458,0.11,,
PGDM1400+PGT121,R1166_C1,Sok et al. PNAS USA 111:17624 (2014),25422458,0.552,,
PGDM1400+PGT121,R2184_C4,Sok et al. PNAS USA 111:17624 (2014),25422458,0.003,,
PGDM1400+PGT121,R3265_C6,Sok et al. PNAS USA 111:17624 (2014),25422458,0.004,,
PGDM1400+PGT121,REJO4541_67,Sok et al. PNAS USA 111:17624 (2014),25422458,0.005,,
PGDM1400+PGT121,RHPA4259_7,Sok et al. PNAS USA 111:17624 (2014),25422458,0.013,,
PGDM1400+PGT121,SC05_8C11_2344,Sok et al. PNAS USA 111:17624 (2014),25422458,0.011,,
PGDM1400+PGT121,SC422_8,Sok et al. PNAS USA 111:17624 (2014),25422458,0.034,,
PGDM1400+PGT121,SO032_A2_8_1,Wagh et al. PLoS Pathog 12:e1005520 (2016),27028935,0.001,0.006,
PGDM1400+PGT121,SO186_H6_5,Wagh et al. PLoS Pathog 12:e1005520 (2016),27028935,<0.001,0.004,
PGDM1400+PGT121,SO225_H11_12,Wagh et al. PLoS Pathog 12:e1005520 (2016),27028935,0.001,0.004,
PGDM1400+PGT121,SO405_T24_5,Wagh et al. PLoS Pathog 12:e1005520 (2016),27028935,0.007,0.021,
PGDM1400+PGT121,SO431_C1_1,Wagh et al. PLoS Pathog 12:e1005520 (2016),27028935,0.015,0.112,
PGDM1400+PGT121,SO607_B6_9,Wagh et al. PLoS Pathog 12:e1005520 (2016),27028935,>50,>50,
PGDM1400+PGT121,SO706_T10B_3,Wagh et al. PLoS Pathog 12:e1005520 (2016),27028935,0.026,0.081,
PGDM1400+PGT121,T250_4,Sok et al. PNAS USA 111:17624 (2014),25422458,0.001,,
PGDM1400+PGT121,T251_18,Sok et al. PNAS USA 111:17624 (2014),25422458,0.675,,
PGDM1400+PGT121,T255_34,Sok et al. PNAS USA 111:17624 (2014),25422458,0.056,,
PGDM1400+PGT121,T257_31,Sok et al. PNAS USA 111:17624 (2014),25422458,0.003,,
PGDM1400+PGT121,T278_50,Sok et al. PNAS USA 111:17624 (2014),25422458,0.108,,
PGDM1400+PGT121,TRJO4551_58,Sok et al. PNAS USA 111:17624 (2014),25422458,0.256,,
PGDM1400+PGT121,TRO_11,Sok et al. PNAS USA 111:17624 (2014),25422458,0.011,,
PGDM1400+PGT121,WEAU_D15_410,Sok et al. PNAS USA 111:17624 (2014),25422458,0.007,,
PGDM1400+PGT121,WITO4160_33,Sok et al. PNAS USA 111:17624 (2014),25422458,0.002,,
PGDM1400+PGT121,X1193_C1,Sok et al. PNAS USA 111:17624 (2014),25422458,0.009,,
PGDM1400+PGT121,X1254_C3,Sok et al. PNAS USA 111:17624 (2014),25422458,0.033,,
PGDM1400+PGT121,X1632_S2_B10,Sok et al. PNAS USA 111:17624 (2014),25422458,0.008,,
PGDM1400+PGT121,X2088_C9,Sok et al. PNAS USA 111:17624 (2014),25422458,0.004,,
PGDM1400+PGT121,ZM106_9,Wagh et al. PLoS Pathog 12:e1005520 (2016),27028935,0.001,0.004,
PGDM1400+PGT121,ZM109_4,Sok et al. PNAS USA 111:17624 (2014),25422458,0.014,,
PGDM1400+PGT121,ZM109_4,Wagh et al. PLoS Pathog 12:e1005520 (2016),27028935,0.037,0.244,
PGDM1400+PGT121,ZM135_10A,Sok et al. PNAS USA 111:17624 (2014),25422458,0.606,,
PGDM1400+PGT121,ZM135_10A,Wagh et al. PLoS Pathog 12:e1005520 (2016),27028935,0.196,1.216,
PGDM1400+PGT121,ZM197_7,Sok et al. PNAS USA 111:17624 (2014),25422458,0.055,,
PGDM1400+PGT121,ZM197_7,Wagh et al. PLoS Pathog 12:e1005520 (2016),27028935,0.041,0.207,
PGDM1400+PGT121,ZM214_15,Sok et al. PNAS USA 111:17624 (2014),25422458,0.115,,
PGDM1400+PGT121,ZM214_15,Wagh et al. PLoS Pathog 12:e1005520 (2016),27028935,0.203,1.438,
PGDM1400+PGT121,ZM215_8,Wagh et al. PLoS Pathog 12:e1005520 (2016),27028935,0.002,0.01,
PGDM1400+PGT121,ZM233_6,Sok et al. PNAS USA 111:17624 (2014),25422458,0.005,,
PGDM1400+PGT121,ZM233_6,Wagh et al. PLoS Pathog 12:e1005520 (2016),27028935,<0.001,0.001,
PGDM1400+PGT121,ZM246F,Sok et al. PNAS USA 111:17624 (2014),25422458,0.033,,
PGDM1400+PGT121,ZM246F,Wagh et al. PLoS Pathog 12:e1005520 (2016),27028935,0.032,0.131,
PGDM1400+PGT121,ZM247_V1,Sok et al. PNAS USA 111:17624 (2014),25422458,0.007,,
PGDM1400+PGT121,ZM247_V1,Wagh et al. PLoS Pathog 12:e1005520 (2016),27028935,0.005,0.019,
PGDM1400+PGT121,ZM249_1,Sok et al. PNAS USA 111:17624 (2014),25422458,0.001,,
PGDM1400+PGT121,ZM249_1,Wagh et al. PLoS Pathog 12:e1005520 (2016),27028935,0.011,0.524,
PGDM1400+PGT121,ZM53_12,Sok et al. PNAS USA 111:17624 (2014),25422458,0.001,,
PGDM1400+PGT121,ZM53_12,Wagh et al. PLoS Pathog 12:e1005520 (2016),27028935,<0.001,<0.001,
PGDM1400+PGT121,ZM55_28A,Wagh et al. PLoS Pathog 12:e1005520 (2016),27028935,0.016,0.057,
PGT121+PGT145,0041_V3_C18,Wagh et al. PLoS Pathog 12:e1005520 (2016),27028935,0.002,0.048,
PGT121+PGT145,0077_V1_C16,Wagh et al. PLoS Pathog 12:e1005520 (2016),27028935,0.15,1.924,
PGT121+PGT145,0921_V2_C14,Wagh et al. PLoS Pathog 12:e1005520 (2016),27028935,0.023,1.028,
PGT121+PGT145,0933_V4_C4,Wagh et al. PLoS Pathog 12:e1005520 (2016),27028935,>50,>50,
PGT121+PGT145,0984_V2_C2,Wagh et al. PLoS Pathog 12:e1005520 (2016),27028935,0.236,1.132,
PGT121+PGT145,1107356_07,Wagh et al. PLoS Pathog 12:e1005520 (2016),27028935,0.032,0.115,
PGT121+PGT145,1143465_14,Wagh et al. PLoS Pathog 12:e1005520 (2016),27028935,0.03,0.104,
PGT121+PGT145,1170887_08,Wagh et al. PLoS Pathog 12:e1005520 (2016),27028935,0.101,2.689,
PGT121+PGT145,1245045,Wagh et al. PLoS Pathog 12:e1005520 (2016),27028935,0.033,0.233,
PGT121+PGT145,1394_C9G1,Wagh et al. PLoS Pathog 12:e1005520 (2016),27028935,<0.001,0.005,
PGT121+PGT145,1811_B3_23,Wagh et al. PLoS Pathog 12:e1005520 (2016),27028935,0.019,0.071,
PGT121+PGT145,18814602_H8_F3,Wagh et al. PLoS Pathog 12:e1005520 (2016),27028935,<0.001,<0.001,
PGT121+PGT145,19157834_V1,Wagh et al. PLoS Pathog 12:e1005520 (2016),27028935,0.003,0.017,
PGT121+PGT145,19252094_A5_G2,Wagh et al. PLoS Pathog 12:e1005520 (2016),27028935,0.006,0.04,
PGT121+PGT145,19314479_A2_5,Wagh et al. PLoS Pathog 12:e1005520 (2016),27028935,5.799,>50,
PGT121+PGT145,19707346_E8_C6,Wagh et al. PLoS Pathog 12:e1005520 (2016),27028935,>50,>50,
PGT121+PGT145,19715820_A10_H2,Wagh et al. PLoS Pathog 12:e1005520 (2016),27028935,0.009,0.035,
PGT121+PGT145,20104663_E11_D2,Wagh et al. PLoS Pathog 12:e1005520 (2016),27028935,0.003,0.013,
PGT121+PGT145,20198102_E9_G1,Wagh et al. PLoS Pathog 12:e1005520 (2016),27028935,0.017,0.111,
PGT121+PGT145,20258279_V2,Wagh et al. PLoS Pathog 12:e1005520 (2016),27028935,2.663,11.631,
PGT121+PGT145,20286961_C1_H8,Wagh et al. PLoS Pathog 12:e1005520 (2016),27028935,0.269,2.063,
PGT121+PGT145,20355851_20,Wagh et al. PLoS Pathog 12:e1005520 (2016),27028935,0.939,3.431,
PGT121+PGT145,20358510_01,Wagh et al. PLoS Pathog 12:e1005520 (2016),27028935,0.514,4.364,
PGT121+PGT145,20417927_07,Wagh et al. PLoS Pathog 12:e1005520 (2016),27028935,6.347,>50,
PGT121+PGT145,20721190,Wagh et al. PLoS Pathog 12:e1005520 (2016),27028935,0.411,1.863,
PGT121+PGT145,20803520,Wagh et al. PLoS Pathog 12:e1005520 (2016),27028935,0.024,0.101,
PGT121+PGT145,20883229_C9_H6,Wagh et al. PLoS Pathog 12:e1005520 (2016),27028935,0.042,0.206,
PGT121+PGT145,20915593,Wagh et al. PLoS Pathog 12:e1005520 (2016),27028935,0.002,0.028,
PGT121+PGT145,20927783,Wagh et al. PLoS Pathog 12:e1005520 (2016),27028935,0.006,0.058,
PGT121+PGT145,20965238,Wagh et al. PLoS Pathog 12:e1005520 (2016),27028935,>50,>50,
PGT121+PGT145,21197826_V1,Wagh et al. PLoS Pathog 12:e1005520 (2016),27028935,0.907,4.647,
PGT121+PGT145,21203310_G7_C3,Wagh et al. PLoS Pathog 12:e1005520 (2016),27028935,0.036,0.175,
PGT121+PGT145,21261106_C12_H2,Wagh et al. PLoS Pathog 12:e1005520 (2016),27028935,0.071,3.177,
PGT121+PGT145,21283649,Wagh et al. PLoS Pathog 12:e1005520 (2016),27028935,1.341,7.357,
PGT121+PGT145,21369737_G11_F2,Wagh et al. PLoS Pathog 12:e1005520 (2016),27028935,>50,>50,
PGT121+PGT145,21399975_E2_B3,Wagh et al. PLoS Pathog 12:e1005520 (2016),27028935,0.001,0.01,
PGT121+PGT145,21492713_B11_E3,Wagh et al. PLoS Pathog 12:e1005520 (2016),27028935,<0.001,0.016,
PGT121+PGT145,21502011_F12_E2,Wagh et al. PLoS Pathog 12:e1005520 (2016),27028935,0.008,0.044,
PGT121+PGT145,21561324_D3_B5,Wagh et al. PLoS Pathog 12:e1005520 (2016),27028935,0.02,0.08,
PGT121+PGT145,234_F1_16_57,Wagh et al. PLoS Pathog 12:e1005520 (2016),27028935,0.009,0.075,
PGT121+PGT145,235080_3G7_REV,Wagh et al. PLoS Pathog 12:e1005520 (2016),27028935,<0.001,0.002,
PGT121+PGT145,2759058_F10_B6,Wagh et al. PLoS Pathog 12:e1005520 (2016),27028935,0.136,1.791,
PGT121+PGT145,2768732_C5_16,Wagh et al. PLoS Pathog 12:e1005520 (2016),27028935,0.06,0.864,
PGT121+PGT145,2833264,Wagh et al. PLoS Pathog 12:e1005520 (2016),27028935,0.013,0.145,
PGT121+PGT145,2865_A11_12,Wagh et al. PLoS Pathog 12:e1005520 (2016),27028935,0.391,1.834,
PGT121+PGT145,2869751_A4_D3,Wagh et al. PLoS Pathog 12:e1005520 (2016),27028935,0.12,0.446,
PGT121+PGT145,2891391_A2_E1,Wagh et al. PLoS Pathog 12:e1005520 (2016),27028935,>50,>50,
PGT121+PGT145,2969249,Wagh et al. PLoS Pathog 12:e1005520 (2016),27028935,>50,>50,
PGT121+PGT145,304_F2_1_11,Wagh et al. PLoS Pathog 12:e1005520 (2016),27028935,17.399,>50,
PGT121+PGT145,3168_V4_C10,Wagh et al. PLoS Pathog 12:e1005520 (2016),27028935,0.008,0.055,
PGT121+PGT145,3312_D6_2,Wagh et al. PLoS Pathog 12:e1005520 (2016),27028935,0.348,5.498,
PGT121+PGT145,3426_V5_C17,Wagh et al. PLoS Pathog 12:e1005520 (2016),27028935,0.006,0.027,
PGT121+PGT145,346_F4_D2_12,Wagh et al. PLoS Pathog 12:e1005520 (2016),27028935,0.022,0.079,
PGT121+PGT145,3514597,Wagh et al. PLoS Pathog 12:e1005520 (2016),27028935,0.009,0.036,
PGT121+PGT145,3545883_G1_E1,Wagh et al. PLoS Pathog 12:e1005520 (2016),27028935,0.032,0.283,
PGT121+PGT145,3603_C11_13,Wagh et al. PLoS Pathog 12:e1005520 (2016),27028935,0.028,0.128,
PGT121+PGT145,3637_V5_C3,Wagh et al. PLoS Pathog 12:e1005520 (2016),27028935,>50,>50,
PGT121+PGT145,3728_V2_C6,Wagh et al. PLoS Pathog 12:e1005520 (2016),27028935,0.503,4.395,
PGT121+PGT145,377_V4_C09,Wagh et al. PLoS Pathog 12:e1005520 (2016),27028935,0.222,0.799,
PGT121+PGT145,3873_V1_C24,Wagh et al. PLoS Pathog 12:e1005520 (2016),27028935,0.002,0.008,
PGT121+PGT145,541_F1_A7_2,Wagh et al. PLoS Pathog 12:e1005520 (2016),27028935,0.275,9.002,
PGT121+PGT145,556_F2_3_25,Wagh et al. PLoS Pathog 12:e1005520 (2016),27028935,0.043,0.151,
PGT121+PGT145,569_F1_37_10,Wagh et al. PLoS Pathog 12:e1005520 (2016),27028935,3.323,32.158,
PGT121+PGT145,6022_V7_C24,Wagh et al. PLoS Pathog 12:e1005520 (2016),27028935,0.037,0.124,
PGT121+PGT145,6040_V4_C15,Wagh et al. PLoS Pathog 12:e1005520 (2016),27028935,0.009,0.067,
PGT121+PGT145,6146_V7_C23,Wagh et al. PLoS Pathog 12:e1005520 (2016),27028935,0.003,0.008,
PGT121+PGT145,6322_V4_C1,Wagh et al. PLoS Pathog 12:e1005520 (2016),27028935,0.133,2.334,
PGT121+PGT145,6471_V1_C16,Wagh et al. PLoS Pathog 12:e1005520 (2016),27028935,>50,>50,
PGT121+PGT145,6631_V3_C10,Wagh et al. PLoS Pathog 12:e1005520 (2016),27028935,47.237,>50,
PGT121+PGT145,6644_V2_C33,Wagh et al. PLoS Pathog 12:e1005520 (2016),27028935,0.011,0.117,
PGT121+PGT145,6785_V5_C14,Wagh et al. PLoS Pathog 12:e1005520 (2016),27028935,0.008,0.039,
PGT121+PGT145,6838_V1_C35,Wagh et al. PLoS Pathog 12:e1005520 (2016),27028935,0.044,0.567,
PGT121+PGT145,6980_V0_C31,Wagh et al. PLoS Pathog 12:e1005520 (2016),27028935,0.111,0.481,
PGT121+PGT145,703010010_C4,Wagh et al. PLoS Pathog 12:e1005520 (2016),27028935,0.001,0.006,
PGT121+PGT145,703010054_2A2,Wagh et al. PLoS Pathog 12:e1005520 (2016),27028935,>50,>50,
PGT121+PGT145,703010131_1E2,Wagh et al. PLoS Pathog 12:e1005520 (2016),27028935,0.057,0.99,
PGT121+PGT145,703010200_1E5,Wagh et al. PLoS Pathog 12:e1005520 (2016),27028935,0.001,0.007,
PGT121+PGT145,703010217_B6,Wagh et al. PLoS Pathog 12:e1005520 (2016),27028935,<0.001,0.003,
PGT121+PGT145,703010228_1C4,Wagh et al. PLoS Pathog 12:e1005520 (2016),27028935,0.077,0.855,
PGT121+PGT145,704010042_2E5,Wagh et al. PLoS Pathog 12:e1005520 (2016),27028935,<0.001,0.43,
PGT121+PGT145,704010069_C6,Wagh et al. PLoS Pathog 12:e1005520 (2016),27028935,0.941,12.576,
PGT121+PGT145,704010083_B8,Wagh et al. PLoS Pathog 12:e1005520 (2016),27028935,0.203,1.296,
PGT121+PGT145,704809221_1B3,Wagh et al. PLoS Pathog 12:e1005520 (2016),27028935,0.021,0.105,
PGT121+PGT145,704810053_2B7,Wagh et al. PLoS Pathog 12:e1005520 (2016),27028935,3.55,30.476,
PGT121+PGT145,705010067_TF,Wagh et al. PLoS Pathog 12:e1005520 (2016),27028935,0.76,6.669,
PGT121+PGT145,705010185_TF,Wagh et al. PLoS Pathog 12:e1005520 (2016),27028935,0.354,1.687,
PGT121+PGT145,705010198_TF,Wagh et al. PLoS Pathog 12:e1005520 (2016),27028935,0.014,0.098,
PGT121+PGT145,706010164_1A7_REV,Wagh et al. PLoS Pathog 12:e1005520 (2016),27028935,0.012,0.053,
PGT121+PGT145,722_G4_16,Wagh et al. PLoS Pathog 12:e1005520 (2016),27028935,0.011,0.026,
PGT121+PGT145,98_F4_H5_13,Wagh et al. PLoS Pathog 12:e1005520 (2016),27028935,1.506,6.499,
PGT121+PGT145,B005018_8_F6_3,Wagh et al. PLoS Pathog 12:e1005520 (2016),27028935,1.424,15.441,
PGT121+PGT145,B005582_7_G7_8,Wagh et al. PLoS Pathog 12:e1005520 (2016),27028935,2.664,15.976,
PGT121+PGT145,BF1266_431A,Wagh et al. PLoS Pathog 12:e1005520 (2016),27028935,1.824,18.834,
PGT121+PGT145,CA146_H3_3,Wagh et al. PLoS Pathog 12:e1005520 (2016),27028935,0.006,0.019,
PGT121+PGT145,CA240_A5_5,Wagh et al. PLoS Pathog 12:e1005520 (2016),27028935,0.001,0.006,
PGT121+PGT145,CA327_D2_2,Wagh et al. PLoS Pathog 12:e1005520 (2016),27028935,0.216,1.074,
PGT121+PGT145,CA392_H2_6,Wagh et al. PLoS Pathog 12:e1005520 (2016),27028935,0.004,0.072,
PGT121+PGT145,CA457_H1_1,Wagh et al. PLoS Pathog 12:e1005520 (2016),27028935,0.042,0.148,
PGT121+PGT145,CAP129_1_15_B2_13,Wagh et al. PLoS Pathog 12:e1005520 (2016),27028935,0.29,8.872,
PGT121+PGT145,CAP136_1_16_E6_1,Wagh et al. PLoS Pathog 12:e1005520 (2016),27028935,0.054,0.197,
PGT121+PGT145,CAP174_1_06_F3_1B,Wagh et al. PLoS Pathog 12:e1005520 (2016),27028935,0.004,0.011,
PGT121+PGT145,CAP177_1A3,Wagh et al. PLoS Pathog 12:e1005520 (2016),27028935,0.019,0.114,
PGT121+PGT145,CAP188_1_D1_14_REV,Wagh et al. PLoS Pathog 12:e1005520 (2016),27028935,2.706,18.972,
PGT121+PGT145,CAP200_B8A,Wagh et al. PLoS Pathog 12:e1005520 (2016),27028935,0.001,0.009,
PGT121+PGT145,CAP206_1_B5_Y681D,Wagh et al. PLoS Pathog 12:e1005520 (2016),27028935,0.001,0.028,
PGT121+PGT145,CAP210_TA5,Wagh et al. PLoS Pathog 12:e1005520 (2016),27028935,2.288,14.327,
PGT121+PGT145,CAP220_2_00_A8_5B,Wagh et al. PLoS Pathog 12:e1005520 (2016),27028935,>50,>50,
PGT121+PGT145,CAP221_B14,Wagh et al. PLoS Pathog 12:e1005520 (2016),27028935,42.441,>50,
PGT121+PGT145,CAP224_1_18_C7_3,Wagh et al. PLoS Pathog 12:e1005520 (2016),27028935,0.018,0.097,
PGT121+PGT145,CAP225_1_06_A2_18,Wagh et al. PLoS Pathog 12:e1005520 (2016),27028935,0.075,0.377,
PGT121+PGT145,CAP237_1_22_B2_2_39,Wagh et al. PLoS Pathog 12:e1005520 (2016),27028935,1.986,>50,
PGT121+PGT145,CAP244_D3,Wagh et al. PLoS Pathog 12:e1005520 (2016),27028935,12.998,>50,
PGT121+PGT145,CAP258_2_00_X_23,Wagh et al. PLoS Pathog 12:e1005520 (2016),27028935,0.258,2.541,
PGT121+PGT145,CAP260_2_00_TA1_1B,Wagh et al. PLoS Pathog 12:e1005520 (2016),27028935,1.745,45.66,
PGT121+PGT145,CAP266_2_00_E9_H6,Wagh et al. PLoS Pathog 12:e1005520 (2016),27028935,0.037,0.425,
PGT121+PGT145,CAP269_2_00_F11_1,Wagh et al. PLoS Pathog 12:e1005520 (2016),27028935,3.095,14.442,
PGT121+PGT145,CAP290_2_00_23_6,Wagh et al. PLoS Pathog 12:e1005520 (2016),27028935,0.028,0.566,
PGT121+PGT145,CAP291_2_00_H2_15,Wagh et al. PLoS Pathog 12:e1005520 (2016),27028935,0.008,0.036,
PGT121+PGT145,CAP292_2_00_12_4,Wagh et al. PLoS Pathog 12:e1005520 (2016),27028935,0.208,0.979,
PGT121+PGT145,CAP301_2_00_C3_20,Wagh et al. PLoS Pathog 12:e1005520 (2016),27028935,0.002,0.008,
PGT121+PGT145,CAP304_2_00_F6_6,Wagh et al. PLoS Pathog 12:e1005520 (2016),27028935,0.135,0.472,
PGT121+PGT145,CAP306_2_00_F9_1,Wagh et al. PLoS Pathog 12:e1005520 (2016),27028935,0.013,0.068,
PGT121+PGT145,CAP307_2_00_24_1,Wagh et al. PLoS Pathog 12:e1005520 (2016),27028935,0.079,0.28,
PGT121+PGT145,CAP308_2_00_E11_35,Wagh et al. PLoS Pathog 12:e1005520 (2016),27028935,<0.001,0.074,
PGT121+PGT145,CAP310_2_00_20_2,Wagh et al. PLoS Pathog 12:e1005520 (2016),27028935,0.054,1.597,
PGT121+PGT145,CAP317_2_00_D4_10,Wagh et al. PLoS Pathog 12:e1005520 (2016),27028935,0.054,0.565,
PGT121+PGT145,CAP323_2_00_B6_45,Wagh et al. PLoS Pathog 12:e1005520 (2016),27028935,0.014,0.1,
PGT121+PGT145,CAP326_2_00_D9_2,Wagh et al. PLoS Pathog 12:e1005520 (2016),27028935,0.063,0.221,
PGT121+PGT145,CAP327_2_00_C6_37,Wagh et al. PLoS Pathog 12:e1005520 (2016),27028935,5.643,>50,
PGT121+PGT145,CAP330_2_00_F2_41,Wagh et al. PLoS Pathog 12:e1005520 (2016),27028935,0.002,0.012,
PGT121+PGT145,CAP331_2_00_D7_39,Wagh et al. PLoS Pathog 12:e1005520 (2016),27028935,0.007,0.027,
PGT121+PGT145,CAP332_2_00_C10_1,Wagh et al. PLoS Pathog 12:e1005520 (2016),27028935,0.017,0.064,
PGT121+PGT145,CAP340_2_00_B3_16,Wagh et al. PLoS Pathog 12:e1005520 (2016),27028935,0.044,0.357,
PGT121+PGT145,CAP341_2_00_C10_18,Wagh et al. PLoS Pathog 12:e1005520 (2016),27028935,<0.001,0.007,
PGT121+PGT145,CAP343_2_00_21_2,Wagh et al. PLoS Pathog 12:e1005520 (2016),27028935,0.015,0.061,
PGT121+PGT145,CAP347_2_00_B1_1,Wagh et al. PLoS Pathog 12:e1005520 (2016),27028935,0.009,0.083,
PGT121+PGT145,CAP363_2_00_10_3,Wagh et al. PLoS Pathog 12:e1005520 (2016),27028935,0.007,0.033,
PGT121+PGT145,CAP37_1_18_D2_19,Wagh et al. PLoS Pathog 12:e1005520 (2016),27028935,0.003,0.008,
PGT121+PGT145,CAP378_2_00_D2_5,Wagh et al. PLoS Pathog 12:e1005520 (2016),27028935,1.897,32.085,
PGT121+PGT145,CAP382_2_00_D7_19,Wagh et al. PLoS Pathog 12:e1005520 (2016),27028935,0.898,35.505,
PGT121+PGT145,CAP40_2_01_A3_5,Wagh et al. PLoS Pathog 12:e1005520 (2016),27028935,0.044,0.149,
PGT121+PGT145,CAP45_G3,Wagh et al. PLoS Pathog 12:e1005520 (2016),27028935,<0.001,0.009,
PGT121+PGT145,CAP69_1_12_TA7_1,Wagh et al. PLoS Pathog 12:e1005520 (2016),27028935,0.006,0.026,
PGT121+PGT145,CE0089_G2,Wagh et al. PLoS Pathog 12:e1005520 (2016),27028935,0.071,0.327,
PGT121+PGT145,CE0393_C3,Wagh et al. PLoS Pathog 12:e1005520 (2016),27028935,0.275,2.089,
PGT121+PGT145,CE0626_E6,Wagh et al. PLoS Pathog 12:e1005520 (2016),27028935,0.008,0.024,
PGT121+PGT145,CE0665_F2,Wagh et al. PLoS Pathog 12:e1005520 (2016),27028935,0.044,0.106,
PGT121+PGT145,CE0682_E4,Wagh et al. PLoS Pathog 12:e1005520 (2016),27028935,13.751,>50,
PGT121+PGT145,CE0985_H7,Wagh et al. PLoS Pathog 12:e1005520 (2016),27028935,0.02,0.099,
PGT121+PGT145,CE1086_B2,Wagh et al. PLoS Pathog 12:e1005520 (2016),27028935,0.002,0.006,
PGT121+PGT145,CE1172_H1,Wagh et al. PLoS Pathog 12:e1005520 (2016),27028935,0.02,0.058,
PGT121+PGT145,CE1176_A3,Wagh et al. PLoS Pathog 12:e1005520 (2016),27028935,0.009,0.029,
PGT121+PGT145,CE2010_F5,Wagh et al. PLoS Pathog 12:e1005520 (2016),27028935,>50,>50,
PGT121+PGT145,CE2052_G10,Wagh et al. PLoS Pathog 12:e1005520 (2016),27028935,0.002,0.013,
PGT121+PGT145,CE2060_G9,Wagh et al. PLoS Pathog 12:e1005520 (2016),27028935,0.072,1.24,
PGT121+PGT145,CE2103_E8,Wagh et al. PLoS Pathog 12:e1005520 (2016),27028935,3.175,>50,
PGT121+PGT145,CH0694,Wagh et al. PLoS Pathog 12:e1005520 (2016),27028935,0.164,0.571,
PGT121+PGT145,CH505_W4_3,Wagh et al. PLoS Pathog 12:e1005520 (2016),27028935,11.487,>50,
PGT121+PGT145,CT072_56_7,Wagh et al. PLoS Pathog 12:e1005520 (2016),27028935,<0.001,0.003,
PGT121+PGT145,CT140_140_B6,Wagh et al. PLoS Pathog 12:e1005520 (2016),27028935,0.007,0.027,
PGT121+PGT145,CT184_D3_15,Wagh et al. PLoS Pathog 12:e1005520 (2016),27028935,<0.001,<0.001,
PGT121+PGT145,CT349_39_16,Wagh et al. PLoS Pathog 12:e1005520 (2016),27028935,0.005,0.013,
PGT121+PGT145,CT431_G6_6,Wagh et al. PLoS Pathog 12:e1005520 (2016),27028935,0.074,0.265,
PGT121+PGT145,CT565_C7_48,Wagh et al. PLoS Pathog 12:e1005520 (2016),27028935,0.263,3.216,
PGT121+PGT145,CT810_G4_7,Wagh et al. PLoS Pathog 12:e1005520 (2016),27028935,0.004,0.037,
PGT121+PGT145,CT823_B6_1,Wagh et al. PLoS Pathog 12:e1005520 (2016),27028935,0.012,0.04,
PGT121+PGT145,CT885_H3_2,Wagh et al. PLoS Pathog 12:e1005520 (2016),27028935,1.037,5.747,
PGT121+PGT145,CT966_E1_7,Wagh et al. PLoS Pathog 12:e1005520 (2016),27028935,0.001,0.009,
PGT121+PGT145,CT977_69_12,Wagh et al. PLoS Pathog 12:e1005520 (2016),27028935,0.001,0.011,
PGT121+PGT145,DU151_02,Wagh et al. PLoS Pathog 12:e1005520 (2016),27028935,0.001,0.004,
PGT121+PGT145,DU156_12,Wagh et al. PLoS Pathog 12:e1005520 (2016),27028935,<0.001,0.002,
PGT121+PGT145,DU172_17,Wagh et al. PLoS Pathog 12:e1005520 (2016),27028935,0.047,0.575,
PGT121+PGT145,DU422_1,Wagh et al. PLoS Pathog 12:e1005520 (2016),27028935,0.009,0.057,
PGT121+PGT145,KO224_T87_2_4,Wagh et al. PLoS Pathog 12:e1005520 (2016),27028935,0.007,0.023,
PGT121+PGT145,KO243_H6_3,Wagh et al. PLoS Pathog 12:e1005520 (2016),27028935,0.012,0.083,
PGT121+PGT145,KO426_T78_10,Wagh et al. PLoS Pathog 12:e1005520 (2016),27028935,15.091,>50,
PGT121+PGT145,KO459_T68_4,Wagh et al. PLoS Pathog 12:e1005520 (2016),27028935,0.005,0.056,
PGT121+PGT145,KO756_38_TB12,Wagh et al. PLoS Pathog 12:e1005520 (2016),27028935,0.003,0.012,
PGT121+PGT145,KO870_C2_10,Wagh et al. PLoS Pathog 12:e1005520 (2016),27028935,6.555,>50,
PGT121+PGT145,ME067_A10_15,Wagh et al. PLoS Pathog 12:e1005520 (2016),27028935,0.786,6.392,
PGT121+PGT145,ME178_G6_16,Wagh et al. PLoS Pathog 12:e1005520 (2016),27028935,0.029,0.203,
PGT121+PGT145,SO032_A2_8_1,Wagh et al. PLoS Pathog 12:e1005520 (2016),27028935,0.002,0.008,
PGT121+PGT145,SO186_H6_5,Wagh et al. PLoS Pathog 12:e1005520 (2016),27028935,<0.001,0.01,
PGT121+PGT145,SO225_H11_12,Wagh et al. PLoS Pathog 12:e1005520 (2016),27028935,0.001,0.005,
PGT121+PGT145,SO405_T24_5,Wagh et al. PLoS Pathog 12:e1005520 (2016),27028935,0.007,0.022,
PGT121+PGT145,SO431_C1_1,Wagh et al. PLoS Pathog 12:e1005520 (2016),27028935,0.021,0.128,
PGT121+PGT145,SO607_B6_9,Wagh et al. PLoS Pathog 12:e1005520 (2016),27028935,>50,>50,
PGT121+PGT145,SO706_T10B_3,Wagh et al. PLoS Pathog 12:e1005520 (2016),27028935,0.049,0.183,
PGT121+PGT145,ZM106_9,Wagh et al. PLoS Pathog 12:e1005520 (2016),27028935,0.002,0.005,
PGT121+PGT145,ZM109_4,Wagh et al. PLoS Pathog 12:e1005520 (2016),27028935,0.082,0.894,
PGT121+PGT145,ZM135_10A,Wagh et al. PLoS Pathog 12:e1005520 (2016),27028935,0.446,2.568,
PGT121+PGT145,ZM197_7,Wagh et al. PLoS Pathog 12:e1005520 (2016),27028935,0.727,5.386,
PGT121+PGT145,ZM214_15,Wagh et al. PLoS Pathog 12:e1005520 (2016),27028935,0.242,1.706,
PGT121+PGT145,ZM215_8,Wagh et al. PLoS Pathog 12:e1005520 (2016),27028935,0.009,0.041,
PGT121+PGT145,ZM233_6,Wagh et al. PLoS Pathog 12:e1005520 (2016),27028935,0.004,0.106,
PGT121+PGT145,ZM246F,Wagh et al. PLoS Pathog 12:e1005520 (2016),27028935,0.051,0.191,
PGT121+PGT145,ZM247_V1,Wagh et al. PLoS Pathog 12:e1005520 (2016),27028935,0.022,0.057,
PGT121+PGT145,ZM249_1,Wagh et al. PLoS Pathog 12:e1005520 (2016),27028935,1.294,>50,
PGT121+PGT145,ZM53_12,Wagh et al. PLoS Pathog 12:e1005520 (2016),27028935,<0.001,0.001,
PGT121+PGT145,ZM55_28A,Wagh et al. PLoS Pathog 12:e1005520 (2016),27028935,0.055,0.199,
PGT121+VRC01,0260_V5_C36,Xu et al. Science 358:85 (2017),28931639,0.275,,
PGT121+VRC01,231965_C1,Xu et al. Science 358:85 (2017),28931639,1.18,,
PGT121+VRC01,247_23,Xu et al. Science 358:85 (2017),28931639,8.66,,
PGT121+VRC01,620345_C1,Xu et al. Science 358:85 (2017),28931639,>35,,
PGT121+VRC01,6471_V1_C16,Xu et al. Science 358:85 (2017),28931639,>35,,
PGT121+VRC01,6540_V4_C1,Xu et al. Science 358:85 (2017),28931639,>35,,
PGT121+VRC01,6545_V4_C1,Xu et al. Science 358:85 (2017),28931639,>35,,
PGT121+VRC01,BL01,Xu et al. Science 358:85 (2017),28931639,>35,,
PGT121+VRC01,CH070_1,Xu et al. Science 358:85 (2017),28931639,0.041,,
PGT121+VRC01,CNE21,Xu et al. Science 358:85 (2017),28931639,0.049,,
PGT121+VRC01,CNE3,Xu et al. Science 358:85 (2017),28931639,4.54,,
PGT121+VRC01,DU422_1,Xu et al. Science 358:85 (2017),28931639,0.224,,
PGT121+VRC01,H086_8,Xu et al. Science 358:85 (2017),28931639,>35,,
PGT121+VRC01,KER2008_12,Xu et al. Science 358:85 (2017),28931639,0.748,,
PGT121+VRC01,PVO_4,Xu et al. Science 358:85 (2017),28931639,0.236,,
PGT121+VRC01,T250_4,Xu et al. Science 358:85 (2017),28931639,0.0006,,
PGT121+VRC01,T266_60,Xu et al. Science 358:85 (2017),28931639,2.69,,
PGT121+VRC01,T278_50,Xu et al. Science 358:85 (2017),28931639,>35,,
PGT121+VRC01,ZM106_9,Xu et al. Science 358:85 (2017),28931639,0.031,,
PGT121+VRC01,ZM53_12,Xu et al. Science 358:85 (2017),28931639,0.002,,
PGT128+VRC01,0260_V5_C36,Xu et al. Science 358:85 (2017),28931639,0.197,,
PGT128+VRC01,231965_C1,Xu et al. Science 358:85 (2017),28931639,0.743,,
PGT128+VRC01,247_23,Xu et al. Science 358:85 (2017),28931639,6.63,,
PGT128+VRC01,620345_C1,Xu et al. Science 358:85 (2017),28931639,>35,,
PGT128+VRC01,6471_V1_C16,Xu et al. Science 358:85 (2017),28931639,>35,,
PGT128+VRC01,6540_V4_C1,Xu et al. Science 358:85 (2017),28931639,0.893,,
PGT128+VRC01,6545_V4_C1,Xu et al. Science 358:85 (2017),28931639,>35,,
PGT128+VRC01,BL01,Xu et al. Science 358:85 (2017),28931639,>35,,
PGT128+VRC01,CH070_1,Xu et al. Science 358:85 (2017),28931639,0.036,,
PGT128+VRC01,CNE21,Xu et al. Science 358:85 (2017),28931639,0.027,,
PGT128+VRC01,CNE3,Xu et al. Science 358:85 (2017),28931639,2.89,,
PGT128+VRC01,DU422_1,Xu et al. Science 358:85 (2017),28931639,0.167,,
PGT128+VRC01,H086_8,Xu et al. Science 358:85 (2017),28931639,>35,,
PGT128+VRC01,KER2008_12,Xu et al. Science 358:85 (2017),28931639,0.809,,
PGT128+VRC01,PVO_4,Xu et al. Science 358:85 (2017),28931639,0.011,,
PGT128+VRC01,T250_4,Xu et al. Science 358:85 (2017),28931639,0.007,,
PGT128+VRC01,T266_60,Xu et al. Science 358:85 (2017),28931639,0.01,,
PGT128+VRC01,T278_50,Xu et al. Science 358:85 (2017),28931639,0.065,,
PGT128+VRC01,ZM106_9,Xu et al. Science 358:85 (2017),28931639,0.032,,
PGT128+VRC01,ZM53_12,Xu et al. Science 358:85 (2017),28931639,3.07,,
PGT128+VRC07,0013095_2_11,Kong et al. J Virol 89:2659 (2015) - dataset 1,25520506,0.031,0.089,
PGT128+VRC07,001428_2_42,Kong et al. J Virol 89:2659 (2015) - dataset 1,25520506,0.006,0.017,
PGT128+VRC07,0260_V5_C36,Kong et al. J Virol 89:2659 (2015) - dataset 1,25520506,0.016,0.052,
PGT128+VRC07,0330_V4_C3,Kong et al. J Virol 89:2659 (2015) - dataset 1,25520506,0.03,0.085,
PGT128+VRC07,0815_V3_C3,Kong et al. J Virol 89:2659 (2015) - dataset 1,25520506,0.002,0.011,
PGT128+VRC07,1006_11_C3_1601,Kong et al. J Virol 89:2659 (2015) - dataset 1,25520506,0.009,0.025,
PGT128+VRC07,1012_11_TC21_3257,Kong et al. J Virol 89:2659 (2015) - dataset 1,25520506,0.001,0.006,
PGT128+VRC07,1054_07_TC4_1499,Kong et al. J Virol 89:2659 (2015) - dataset 1,25520506,0.01,0.04,
PGT128+VRC07,1056_10_TA11_1826,Kong et al. J Virol 89:2659 (2015) - dataset 1,25520506,0.009,0.024,
PGT128+VRC07,1394_C9G1,Kong et al. J Virol 89:2659 (2015) - dataset 1,25520506,0.002,0.008,
PGT128+VRC07,16055_2_3,Kong et al. J Virol 89:2659 (2015) - dataset 1,25520506,0.032,0.09,
PGT128+VRC07,16845_2_22,Kong et al. J Virol 89:2659 (2015) - dataset 1,25520506,0.224,0.838,
PGT128+VRC07,191084_B7_19,Kong et al. J Virol 89:2659 (2015) - dataset 1,25520506,0.004,0.022,
PGT128+VRC07,191821_E6_1,Kong et al. J Virol 89:2659 (2015) - dataset 1,25520506,0.023,0.082,
PGT128+VRC07,191955_A11,Kong et al. J Virol 89:2659 (2015) - dataset 1,25520506,0.444,1.87,
PGT128+VRC07,211_9,Kong et al. J Virol 89:2659 (2015) - dataset 1,25520506,0.035,0.126,
PGT128+VRC07,231965_C1,Kong et al. J Virol 89:2659 (2015) - dataset 1,25520506,0.043,0.109,
PGT128+VRC07,231966_C2,Kong et al. J Virol 89:2659 (2015) - dataset 1,25520506,0.055,0.294,
PGT128+VRC07,235_47,Kong et al. J Virol 89:2659 (2015) - dataset 1,25520506,0.017,0.059,
PGT128+VRC07,246_F3_C10_2,Kong et al. J Virol 89:2659 (2015) - dataset 1,25520506,0.0007,0.002,
PGT128+VRC07,249M_B10,Kong et al. J Virol 89:2659 (2015) - dataset 1,25520506,0.039,0.123,
PGT128+VRC07,25710_2_43,Kong et al. J Virol 89:2659 (2015) - dataset 1,25520506,0.011,0.029,
PGT128+VRC07,263_8,Kong et al. J Virol 89:2659 (2015) - dataset 1,25520506,0.041,0.129,
PGT128+VRC07,3016_V5_C45,Kong et al. J Virol 89:2659 (2015) - dataset 1,25520506,0.07,0.21,
PGT128+VRC07,3103_V3_C10,Kong et al. J Virol 89:2659 (2015) - dataset 1,25520506,0.006,0.017,
PGT128+VRC07,3301_V1_C24,Kong et al. J Virol 89:2659 (2015) - dataset 1,25520506,0.016,0.044,
PGT128+VRC07,3817_V2_C59,Kong et al. J Virol 89:2659 (2015) - dataset 1,25520506,0.007,0.03,
PGT128+VRC07,398_F1_F6_20,Kong et al. J Virol 89:2659 (2015) - dataset 1,25520506,0.004,0.012,
PGT128+VRC07,6041_V3_C23,Kong et al. J Virol 89:2659 (2015) - dataset 1,25520506,0.01,0.025,
PGT128+VRC07,620345_C1,Kong et al. J Virol 89:2659 (2015) - dataset 1,25520506,>25,>25,
PGT128+VRC07,62357_14_D3_4589,Kong et al. J Virol 89:2659 (2015) - dataset 1,25520506,0.035,0.11,
PGT128+VRC07,6240_08_TA5_4622,Kong et al. J Virol 89:2659 (2015) - dataset 1,25520506,0.013,0.034,
PGT128+VRC07,6244_13_B5_4567,Kong et al. J Virol 89:2659 (2015) - dataset 1,25520506,0.012,0.033,
PGT128+VRC07,6535_3,Kong et al. J Virol 89:2659 (2015) - dataset 1,25520506,0.006,0.02,
PGT128+VRC07,6540_V4_C1,Kong et al. J Virol 89:2659 (2015) - dataset 1,25520506,6.97,>25,
PGT128+VRC07,6545_V4_C1,Kong et al. J Virol 89:2659 (2015) - dataset 1,25520506,>25,>25,
PGT128+VRC07,6811_V7_C18,Kong et al. J Virol 89:2659 (2015) - dataset 1,25520506,0.008,0.029,
PGT128+VRC07,6952_V1_C20,Kong et al. J Virol 89:2659 (2015) - dataset 1,25520506,0.032,0.087,
PGT128+VRC07,703010054_2A2,Kong et al. J Virol 89:2659 (2015) - dataset 1,25520506,0.192,0.544,
PGT128+VRC07,703010200_1E5,Kong et al. J Virol 89:2659 (2015) - dataset 1,25520506,0.004,0.014,
PGT128+VRC07,703010217_B6,Kong et al. J Virol 89:2659 (2015) - dataset 1,25520506,0.011,0.042,
PGT128+VRC07,704809221_1B3,Kong et al. J Virol 89:2659 (2015) - dataset 1,25520506,0.021,0.062,
PGT128+VRC07,89_F1_2_25,Kong et al. J Virol 89:2659 (2015) - dataset 1,25520506,>25,>25,
PGT128+VRC07,9004SS_A3_4,Kong et al. J Virol 89:2659 (2015) - dataset 1,25520506,0.002,0.009,
PGT128+VRC07,928_28,Kong et al. J Virol 89:2659 (2015) - dataset 1,25520506,0.349,1.09,
PGT128+VRC07,A07412M1_VRC12,Kong et al. J Virol 89:2659 (2015) - dataset 1,25520506,0.062,0.192,
PGT128+VRC07,AC10_29,Kong et al. J Virol 89:2659 (2015) - dataset 1,25520506,0.011,0.037,
PGT128+VRC07,BF1266_431A,Kong et al. J Virol 89:2659 (2015) - dataset 1,25520506,0.02,0.056,
PGT128+VRC07,BJOX002000_03_2,Kong et al. J Virol 89:2659 (2015) - dataset 1,25520506,0.016,0.037,
PGT128+VRC07,BJOX009000_02_4,Kong et al. J Virol 89:2659 (2015) - dataset 1,25520506,0.002,0.011,
PGT128+VRC07,BJOX010000_06_2,Kong et al. J Virol 89:2659 (2015) - dataset 1,25520506,1.44,5.3,
PGT128+VRC07,BJOX015000_11_5,Kong et al. J Virol 89:2659 (2015) - dataset 1,25520506,0.007,0.028,
PGT128+VRC07,BJOX025000_01_1,Kong et al. J Virol 89:2659 (2015) - dataset 1,25520506,0.948,4.17,
PGT128+VRC07,BJOX028000_10_3,Kong et al. J Virol 89:2659 (2015) - dataset 1,25520506,0.006,0.023,
PGT128+VRC07,C1080_C3,Kong et al. J Virol 89:2659 (2015) - dataset 1,25520506,0.066,0.298,
PGT128+VRC07,C2101_C1,Kong et al. J Virol 89:2659 (2015) - dataset 1,25520506,0.003,0.018,
PGT128+VRC07,C3347_C11,Kong et al. J Virol 89:2659 (2015) - dataset 1,25520506,0.007,0.024,
PGT128+VRC07,C4118_9,Kong et al. J Virol 89:2659 (2015) - dataset 1,25520506,0.066,0.207,
PGT128+VRC07,CAAN5342,Kong et al. J Virol 89:2659 (2015) - dataset 1,25520506,0.063,0.251,
PGT128+VRC07,CAP210_E8,Kong et al. J Virol 89:2659 (2015) - dataset 1,25520506,>25,>25,
PGT128+VRC07,CAP45_G3,Kong et al. J Virol 89:2659 (2015) - dataset 1,25520506,0.491,1.65,
PGT128+VRC07,CE0393_C3,Kong et al. J Virol 89:2659 (2015) - dataset 1,25520506,0.221,0.566,
PGT128+VRC07,CE0682_E4,Kong et al. J Virol 89:2659 (2015) - dataset 1,25520506,0.097,0.266,
PGT128+VRC07,CE1086_B2,Kong et al. J Virol 89:2659 (2015) - dataset 1,25520506,0.078,0.343,
PGT128+VRC07,CE1172_H1,Kong et al. J Virol 89:2659 (2015) - dataset 1,25520506,0.004,0.015,
PGT128+VRC07,CE1176_A3,Kong et al. J Virol 89:2659 (2015) - dataset 1,25520506,0.014,0.032,
PGT128+VRC07,CE2010_F5,Kong et al. J Virol 89:2659 (2015) - dataset 1,25520506,0.156,0.483,
PGT128+VRC07,CE2060_G9,Kong et al. J Virol 89:2659 (2015) - dataset 1,25520506,0.143,0.39,
PGT128+VRC07,CH119_10,Kong et al. J Virol 89:2659 (2015) - dataset 1,25520506,0.018,0.054,
PGT128+VRC07,CNE17,Kong et al. J Virol 89:2659 (2015) - dataset 1,25520506,0.1,0.302,
PGT128+VRC07,CNE19,Kong et al. J Virol 89:2659 (2015) - dataset 1,25520506,0.073,0.198,
PGT128+VRC07,CNE20,Kong et al. J Virol 89:2659 (2015) - dataset 1,25520506,0.002,0.008,
PGT128+VRC07,CNE21,Kong et al. J Virol 89:2659 (2015) - dataset 1,25520506,0.007,0.021,
PGT128+VRC07,CNE30,Kong et al. J Virol 89:2659 (2015) - dataset 1,25520506,0.233,0.759,
PGT128+VRC07,CNE5,Kong et al. J Virol 89:2659 (2015) - dataset 1,25520506,0.045,0.145,
PGT128+VRC07,CNE52,Kong et al. J Virol 89:2659 (2015) - dataset 1,25520506,0.084,0.234,
PGT128+VRC07,CNE53,Kong et al. J Virol 89:2659 (2015) - dataset 1,25520506,0.012,0.037,
PGT128+VRC07,CNE55,Kong et al. J Virol 89:2659 (2015) - dataset 1,25520506,0.144,0.414,
PGT128+VRC07,CNE58,Kong et al. J Virol 89:2659 (2015) - dataset 1,25520506,0.104,0.271,
PGT128+VRC07,CNE8,Kong et al. J Virol 89:2659 (2015) - dataset 1,25520506,0.009,0.029,
PGT128+VRC07,DU156_12,Kong et al. J Virol 89:2659 (2015) - dataset 1,25520506,0.009,0.026,
PGT128+VRC07,DU172_17,Kong et al. J Virol 89:2659 (2015) - dataset 1,25520506,0.028,0.093,
PGT128+VRC07,DU422_1,Kong et al. J Virol 89:2659 (2015) - dataset 1,25520506,0.118,0.259,
PGT128+VRC07,MS208_A1,Kong et al. J Virol 89:2659 (2015) - dataset 1,25520506,0.164,0.62,
PGT128+VRC07,P0402_C2_11,Kong et al. J Virol 89:2659 (2015) - dataset 1,25520506,0.005,0.017,
PGT128+VRC07,P1981_C5_3,Kong et al. J Virol 89:2659 (2015) - dataset 1,25520506,0.008,0.035,
PGT128+VRC07,PVO_4,Kong et al. J Virol 89:2659 (2015) - dataset 1,25520506,0.007,0.022,
PGT128+VRC07,Q23_17,Kong et al. J Virol 89:2659 (2015) - dataset 1,25520506,0.005,0.018,
PGT128+VRC07,Q259_17,Kong et al. J Virol 89:2659 (2015) - dataset 1,25520506,0.04,0.112,
PGT128+VRC07,Q461_E2,Kong et al. J Virol 89:2659 (2015) - dataset 1,25520506,0.228,0.643,
PGT128+VRC07,Q769_D22,Kong et al. J Virol 89:2659 (2015) - dataset 1,25520506,0.034,0.099,
PGT128+VRC07,Q842_D12,Kong et al. J Virol 89:2659 (2015) - dataset 1,25520506,0.007,0.025,
PGT128+VRC07,QH0692_42,Kong et al. J Virol 89:2659 (2015) - dataset 1,25520506,0.022,0.064,
PGT128+VRC07,R1166_C1,Kong et al. J Virol 89:2659 (2015) - dataset 1,25520506,1.31,3.64,
PGT128+VRC07,R2184_C4,Kong et al. J Virol 89:2659 (2015) - dataset 1,25520506,0.066,0.186,
PGT128+VRC07,R3265_C6,Kong et al. J Virol 89:2659 (2015) - dataset 1,25520506,0.247,0.743,
PGT128+VRC07,REJO4541_67,Kong et al. J Virol 89:2659 (2015) - dataset 1,25520506,0.031,0.091,
PGT128+VRC07,RHPA4259_7,Kong et al. J Virol 89:2659 (2015) - dataset 1,25520506,0.009,0.036,
PGT128+VRC07,SC05_8C11_2344,Kong et al. J Virol 89:2659 (2015) - dataset 1,25520506,0.012,0.042,
PGT128+VRC07,SC422_8,Kong et al. J Virol 89:2659 (2015) - dataset 1,25520506,0.076,0.235,
PGT128+VRC07,T250_4,Kong et al. J Virol 89:2659 (2015) - dataset 1,25520506,0.002,0.008,
PGT128+VRC07,T251_18,Kong et al. J Virol 89:2659 (2015) - dataset 1,25520506,0.919,2.69,
PGT128+VRC07,T255_34,Kong et al. J Virol 89:2659 (2015) - dataset 1,25520506,0.228,0.829,
PGT128+VRC07,T257_31,Kong et al. J Virol 89:2659 (2015) - dataset 1,25520506,0.732,2.51,
PGT128+VRC07,T278_50,Kong et al. J Virol 89:2659 (2015) - dataset 1,25520506,0.054,0.164,
PGT128+VRC07,THRO4156,Kong et al. J Virol 89:2659 (2015) - dataset 1,25520506,2.22,8.72,
PGT128+VRC07,TRJO4551_58,Kong et al. J Virol 89:2659 (2015) - dataset 1,25520506,0.003,0.013,
PGT128+VRC07,TRO_11,Kong et al. J Virol 89:2659 (2015) - dataset 1,25520506,0.004,0.023,
PGT128+VRC07,WEAU_D15_410,Kong et al. J Virol 89:2659 (2015) - dataset 1,25520506,0.002,0.009,
PGT128+VRC07,WITO4160_33,Kong et al. J Virol 89:2659 (2015) - dataset 1,25520506,0.08,0.251,
PGT128+VRC07,X1193_C1,Kong et al. J Virol 89:2659 (2015) - dataset 1,25520506,0.006,0.021,
PGT128+VRC07,X1254_C3,Kong et al. J Virol 89:2659 (2015) - dataset 1,25520506,0.006,0.024,
PGT128+VRC07,X1632_S2_B10,Kong et al. J Virol 89:2659 (2015) - dataset 1,25520506,0.026,0.096,
PGT128+VRC07,X2088_C9,Kong et al. J Virol 89:2659 (2015) - dataset 1,25520506,>25,>25,
PGT128+VRC07,X2131_C1_B5,Kong et al. J Virol 89:2659 (2015) - dataset 1,25520506,0.017,0.055,
PGT128+VRC07,X2278_C2_B6,Kong et al. J Virol 89:2659 (2015) - dataset 1,25520506,0.006,0.021,
PGT128+VRC07,ZM109_4,Kong et al. J Virol 89:2659 (2015) - dataset 1,25520506,0.083,0.294,
PGT128+VRC07,ZM135_10A,Kong et al. J Virol 89:2659 (2015) - dataset 1,25520506,0.235,0.666,
PGT128+VRC07,ZM197_7,Kong et al. J Virol 89:2659 (2015) - dataset 1,25520506,0.413,1.38,
PGT128+VRC07,ZM214_15,Kong et al. J Virol 89:2659 (2015) - dataset 1,25520506,0.225,0.857,
PGT128+VRC07,ZM233_6,Kong et al. J Virol 89:2659 (2015) - dataset 1,25520506,0.454,1.68,
PGT128+VRC07,ZM246F,Kong et al. J Virol 89:2659 (2015) - dataset 1,25520506,0.007,0.02,
PGT128+VRC07,ZM247_V1,Kong et al. J Virol 89:2659 (2015) - dataset 1,25520506,0.011,0.048,
PGT128+VRC07,ZM249_1,Kong et al. J Virol 89:2659 (2015) - dataset 1,25520506,0.067,0.286,
PGT128+VRC07,ZM53_12,Kong et al. J Virol 89:2659 (2015) - dataset 1,25520506,0.419,1.6,
VRC26.25+iMab,246_F3_C10_2,Moshoette et al. Retrovirology 16:31 (2019),31703699,0.00658,,
VRC26.25+iMab,25710_2_43,Moshoette et al. Retrovirology 16:31 (2019),31703699,0.00083,,
VRC26.25+iMab,703010217_B6,Moshoette et al. Retrovirology 16:31 (2019),31703699,0.0082,,
VRC26.25+iMab,BJOX020000_03_3,Moshoette et al. Retrovirology 16:31 (2019),31703699,0.00335,,
VRC26.25+iMab,CAP210_E8,Moshoette et al. Retrovirology 16:31 (2019),31703699,0.0082,,
VRC26.25+iMab,CAP45_G3,Moshoette et al. Retrovirology 16:31 (2019),31703699,0.00041,,
VRC26.25+iMab,CE1176_A3,Moshoette et al. Retrovirology 16:31 (2019),31703699,0.00413,,
VRC26.25+iMab,CH119_10,Moshoette et al. Retrovirology 16:31 (2019),31703699,0.01853,,
VRC26.25+iMab,CNE8,Moshoette et al. Retrovirology 16:31 (2019),31703699,0.00803,,
VRC26.25+iMab,DU156_12,Moshoette et al. Retrovirology 16:31 (2019),31703699,0.01129,,
VRC26.25+iMab,DU422_1,Moshoette et al. Retrovirology 16:31 (2019),31703699,0.0132,,
VRC26.25+iMab,PVO_4,Moshoette et al. Retrovirology 16:31 (2019),31703699,0.05204,,
VRC26.25+iMab,X2278_C2_B6,Moshoette et al. Retrovirology 16:31 (2019),31703699,0.00916,,
VRC26.25+iMab,ZM53_12,Moshoette et al. Retrovirology 16:31 (2019),31703699,0.0021,,
