Antibody,Virus,Reference,Pubmed ID,IC50,IC80,ID50
polyclonal 391370,0013095_2_11,Barnes et al. Sci Adv 8:eabp8155 (2022) - dataset 2,35960796,110.50,493.30,
polyclonal 391370,001428_2_42,Barnes et al. Sci Adv 8:eabp8155 (2022) - dataset 2,35960796,36.40,103.70,
polyclonal 391370,231965_C1,Barnes et al. Sci Adv 8:eabp8155 (2022) - dataset 2,35960796,>500,>500,
polyclonal 391370,242_14,Barnes et al. Sci Adv 8:eabp8155 (2022) - dataset 2,35960796,146.40,>500,
polyclonal 391370,247_23,Barnes et al. Sci Adv 8:eabp8155 (2022) - dataset 2,35960796,169.00,461.00,
polyclonal 391370,26191_2_48,Barnes et al. Sci Adv 8:eabp8155 (2022) - dataset 2,35960796,118.90,324.20,
polyclonal 391370,3168_V4_C10,Barnes et al. Sci Adv 8:eabp8155 (2022) - dataset 2,35960796,121.60,329.10,
polyclonal 391370,620345_C1,Barnes et al. Sci Adv 8:eabp8155 (2022) - dataset 2,35960796,>500,>500,
polyclonal 391370,7165_18,Barnes et al. Sci Adv 8:eabp8155 (2022) - dataset 2,35960796,>500,>500,
polyclonal 391370,BG505_W6M_C2_T332N,Barnes et al. Sci Adv 8:eabp8155 (2022) - dataset 2,35960796,28.90,81.20,
polyclonal 391370,CH038_12,Barnes et al. Sci Adv 8:eabp8155 (2022) - dataset 2,35960796,>500,>500,
polyclonal 391370,CH070_1,Barnes et al. Sci Adv 8:eabp8155 (2022) - dataset 2,35960796,>500,>500,
polyclonal 391370,CNE5,Barnes et al. Sci Adv 8:eabp8155 (2022) - dataset 2,35960796,409.90,>500,
polyclonal 391370,CNE55,Barnes et al. Sci Adv 8:eabp8155 (2022) - dataset 2,35960796,399.10,>500,
polyclonal 391370,KER2008_12,Barnes et al. Sci Adv 8:eabp8155 (2022) - dataset 2,35960796,182.50,475.50,
polyclonal 391370,M02138,Barnes et al. Sci Adv 8:eabp8155 (2022) - dataset 2,35960796,105.40,427.70,
polyclonal 391370,Q259_17,Barnes et al. Sci Adv 8:eabp8155 (2022) - dataset 2,35960796,139.00,475.20,
polyclonal 391370,Q461_E2,Barnes et al. Sci Adv 8:eabp8155 (2022) - dataset 2,35960796,204.70,>500,
polyclonal 391370,TH976_17,Barnes et al. Sci Adv 8:eabp8155 (2022) - dataset 2,35960796,95.40,447.50,
polyclonal 391370,YU2,Barnes et al. Sci Adv 8:eabp8155 (2022) - dataset 2,35960796,57.50,161.60,
polyclonal 391370,ZM135_10A,Barnes et al. Sci Adv 8:eabp8155 (2022) - dataset 2,35960796,64.90,267.20,
polyclonal AIIMS_329 102mo,001428_2_42,Mishra et al. J Virol 13:93 (2019),31217240,,,465
polyclonal AIIMS_329 102mo,00836_2_5,Mishra et al. J Virol 13:93 (2019),31217240,,,231
polyclonal AIIMS_329 102mo,16055_2_3,Mishra et al. J Virol 13:93 (2019),31217240,,,659
polyclonal AIIMS_329 102mo,16936_2_21,Mishra et al. J Virol 13:93 (2019),31217240,,,156
polyclonal AIIMS_329 102mo,246_F3_C10_2,Mishra et al. J Virol 13:93 (2019),31217240,,,612
polyclonal AIIMS_329 102mo,25710_2_43,Mishra et al. J Virol 13:93 (2019),31217240,,,1246
polyclonal AIIMS_329 102mo,25711_2_4,Mishra et al. J Virol 13:93 (2019),31217240,,,1456
polyclonal AIIMS_329 102mo,25925_2_22,Mishra et al. J Virol 13:93 (2019),31217240,,,134
polyclonal AIIMS_329 102mo,398_F1_F6_20,Mishra et al. J Virol 13:93 (2019),31217240,,,146
polyclonal AIIMS_329 102mo,6535_3,Mishra et al. J Virol 13:93 (2019),31217240,,,942
polyclonal AIIMS_329 102mo,703010217_B6,Mishra et al. J Virol 13:93 (2019),31217240,,,<50
polyclonal AIIMS_329 102mo,BAL_01,Mishra et al. J Virol 13:93 (2019),31217240,,,816
polyclonal AIIMS_329 102mo,BG505_W6M_C2,Mishra et al. J Virol 13:93 (2019),31217240,,,213
polyclonal AIIMS_329 102mo,BJ613_E1,Mishra et al. J Virol 13:93 (2019),31217240,,,79
polyclonal AIIMS_329 102mo,BJOX002000_03_2,Mishra et al. J Virol 13:93 (2019),31217240,,,164
polyclonal AIIMS_329 102mo,CAAN5342,Mishra et al. J Virol 13:93 (2019),31217240,,,389
polyclonal AIIMS_329 102mo,CAP210_E8,Mishra et al. J Virol 13:93 (2019),31217240,,,<50
polyclonal AIIMS_329 102mo,CAP256_SU,Mishra et al. J Virol 13:93 (2019),31217240,,,256
polyclonal AIIMS_329 102mo,CAP45_G3,Mishra et al. J Virol 13:93 (2019),31217240,,,187
polyclonal AIIMS_329 102mo,CE1176_A3,Mishra et al. J Virol 13:93 (2019),31217240,,,549
polyclonal AIIMS_329 102mo,CH119_10,Mishra et al. J Virol 13:93 (2019),31217240,,,146
polyclonal AIIMS_329 102mo,CNE55,Mishra et al. J Virol 13:93 (2019),31217240,,,1364
polyclonal AIIMS_329 102mo,CNE8,Mishra et al. J Virol 13:93 (2019),31217240,,,498
polyclonal AIIMS_329 102mo,DU156_12,Mishra et al. J Virol 13:93 (2019),31217240,,,965
polyclonal AIIMS_329 102mo,DU172_17,Mishra et al. J Virol 13:93 (2019),31217240,,,566
polyclonal AIIMS_329 102mo,JRCSF,Mishra et al. J Virol 13:93 (2019),31217240,,,198
polyclonal AIIMS_329 102mo,JRFL,Mishra et al. J Virol 13:93 (2019),31217240,,,187
polyclonal AIIMS_329 102mo,PVO_4,Mishra et al. J Virol 13:93 (2019),31217240,,,95
polyclonal AIIMS_329 102mo,Q168_A2,Mishra et al. J Virol 13:93 (2019),31217240,,,136
polyclonal AIIMS_329 102mo,QH0692_42,Mishra et al. J Virol 13:93 (2019),31217240,,,289
polyclonal AIIMS_329 102mo,RHPA4259_7,Mishra et al. J Virol 13:93 (2019),31217240,,,156
polyclonal AIIMS_329 102mo,SC422_8,Mishra et al. J Virol 13:93 (2019),31217240,,,445
polyclonal AIIMS_329 102mo,SF162,Mishra et al. J Virol 13:93 (2019),31217240,,,1771
polyclonal AIIMS_329 102mo,THRO4156,Mishra et al. J Virol 13:93 (2019),31217240,,,82
polyclonal AIIMS_329 102mo,TRJO4551_58,Mishra et al. J Virol 13:93 (2019),31217240,,,74
polyclonal AIIMS_329 102mo,TRO_11,Mishra et al. J Virol 13:93 (2019),31217240,,,463
polyclonal AIIMS_329 102mo,X1632_S2_B10,Mishra et al. J Virol 13:93 (2019),31217240,,,<50
polyclonal AIIMS_329 102mo,X2278_C2_B6,Mishra et al. J Virol 13:93 (2019),31217240,,,<50
polyclonal AIIMS_329 102mo,ZM109_32,Mishra et al. J Virol 13:93 (2019),31217240,,,278
polyclonal AIIMS_329 102mo,ZM197_7,Mishra et al. J Virol 13:93 (2019),31217240,,,167
polyclonal AIIMS_329 102mo,ZM214_15,Mishra et al. J Virol 13:93 (2019),31217240,,,<50
polyclonal AIIMS_329 102mo,ZM249_1,Mishra et al. J Virol 13:93 (2019),31217240,,,245
polyclonal AIIMS_329 102mo,ZM53_12,Mishra et al. J Virol 13:93 (2019),31217240,,,223
polyclonal AIIMS_329 112mo,001428_2_42,Mishra et al. J Virol 13:93 (2019),31217240,,,325
polyclonal AIIMS_329 112mo,00836_2_5,Mishra et al. J Virol 13:93 (2019),31217240,,,112
polyclonal AIIMS_329 112mo,16055_2_3,Mishra et al. J Virol 13:93 (2019),31217240,,,284
polyclonal AIIMS_329 112mo,16936_2_21,Mishra et al. J Virol 13:93 (2019),31217240,,,199
polyclonal AIIMS_329 112mo,246_F3_C10_2,Mishra et al. J Virol 13:93 (2019),31217240,,,514
polyclonal AIIMS_329 112mo,25710_2_43,Mishra et al. J Virol 13:93 (2019),31217240,,,324
polyclonal AIIMS_329 112mo,25711_2_4,Mishra et al. J Virol 13:93 (2019),31217240,,,567
polyclonal AIIMS_329 112mo,25925_2_22,Mishra et al. J Virol 13:93 (2019),31217240,,,334
polyclonal AIIMS_329 112mo,329_15_A1,Mishra et al. J Virol 13:93 (2019),31217240,,,149
polyclonal AIIMS_329 112mo,329_15_B1,Mishra et al. J Virol 13:93 (2019),31217240,,,135
polyclonal AIIMS_329 112mo,398_F1_F6_20,Mishra et al. J Virol 13:93 (2019),31217240,,,<50
polyclonal AIIMS_329 112mo,6535_3,Mishra et al. J Virol 13:93 (2019),31217240,,,587
polyclonal AIIMS_329 112mo,703010217_B6,Mishra et al. J Virol 13:93 (2019),31217240,,,<50
polyclonal AIIMS_329 112mo,BAL_01,Mishra et al. J Virol 13:93 (2019),31217240,,,742
polyclonal AIIMS_329 112mo,BG505_W6M_C2,Mishra et al. J Virol 13:93 (2019),31217240,,,249
polyclonal AIIMS_329 112mo,BJ613_E1,Mishra et al. J Virol 13:93 (2019),31217240,,,97
polyclonal AIIMS_329 112mo,BJOX002000_03_2,Mishra et al. J Virol 13:93 (2019),31217240,,,<50
polyclonal AIIMS_329 112mo,CAAN5342,Mishra et al. J Virol 13:93 (2019),31217240,,,212
polyclonal AIIMS_329 112mo,CAP210_E8,Mishra et al. J Virol 13:93 (2019),31217240,,,<50
polyclonal AIIMS_329 112mo,CAP256_SU,Mishra et al. J Virol 13:93 (2019),31217240,,,367
polyclonal AIIMS_329 112mo,CAP45_G3,Mishra et al. J Virol 13:93 (2019),31217240,,,126
polyclonal AIIMS_329 112mo,CE1176_A3,Mishra et al. J Virol 13:93 (2019),31217240,,,143
polyclonal AIIMS_329 112mo,CH119_10,Mishra et al. J Virol 13:93 (2019),31217240,,,92
polyclonal AIIMS_329 112mo,CNE55,Mishra et al. J Virol 13:93 (2019),31217240,,,<50
polyclonal AIIMS_329 112mo,CNE8,Mishra et al. J Virol 13:93 (2019),31217240,,,<50
polyclonal AIIMS_329 112mo,DU156_12,Mishra et al. J Virol 13:93 (2019),31217240,,,748
polyclonal AIIMS_329 112mo,DU172_17,Mishra et al. J Virol 13:93 (2019),31217240,,,612
polyclonal AIIMS_329 112mo,JRCSF,Mishra et al. J Virol 13:93 (2019),31217240,,,224
polyclonal AIIMS_329 112mo,JRFL,Mishra et al. J Virol 13:93 (2019),31217240,,,156
polyclonal AIIMS_329 112mo,PVO_4,Mishra et al. J Virol 13:93 (2019),31217240,,,<50
polyclonal AIIMS_329 112mo,Q168_A2,Mishra et al. J Virol 13:93 (2019),31217240,,,159
polyclonal AIIMS_329 112mo,QH0692_42,Mishra et al. J Virol 13:93 (2019),31217240,,,112
polyclonal AIIMS_329 112mo,RHPA4259_7,Mishra et al. J Virol 13:93 (2019),31217240,,,141
polyclonal AIIMS_329 112mo,SC422_8,Mishra et al. J Virol 13:93 (2019),31217240,,,326
polyclonal AIIMS_329 112mo,SF162,Mishra et al. J Virol 13:93 (2019),31217240,,,873
polyclonal AIIMS_329 112mo,THRO4156,Mishra et al. J Virol 13:93 (2019),31217240,,,<50
polyclonal AIIMS_329 112mo,TRJO4551_58,Mishra et al. J Virol 13:93 (2019),31217240,,,71
polyclonal AIIMS_329 112mo,TRO_11,Mishra et al. J Virol 13:93 (2019),31217240,,,124
polyclonal AIIMS_329 112mo,X1632_S2_B10,Mishra et al. J Virol 13:93 (2019),31217240,,,<50
polyclonal AIIMS_329 112mo,X2278_C2_B6,Mishra et al. J Virol 13:93 (2019),31217240,,,<50
polyclonal AIIMS_329 112mo,ZM109_32,Mishra et al. J Virol 13:93 (2019),31217240,,,214
polyclonal AIIMS_329 112mo,ZM197_7,Mishra et al. J Virol 13:93 (2019),31217240,,,349
polyclonal AIIMS_329 112mo,ZM214_15,Mishra et al. J Virol 13:93 (2019),31217240,,,<50
polyclonal AIIMS_329 112mo,ZM249_1,Mishra et al. J Virol 13:93 (2019),31217240,,,365
polyclonal AIIMS_329 112mo,ZM53_12,Mishra et al. J Virol 13:93 (2019),31217240,,,214
polyclonal AIIMS_329 117mo,001428_2_42,Mishra et al. J Virol 13:93 (2019),31217240,,,242
polyclonal AIIMS_329 117mo,00836_2_5,Mishra et al. J Virol 13:93 (2019),31217240,,,72
polyclonal AIIMS_329 117mo,16055_2_3,Mishra et al. J Virol 13:93 (2019),31217240,,,124
polyclonal AIIMS_329 117mo,16936_2_21,Mishra et al. J Virol 13:93 (2019),31217240,,,114
polyclonal AIIMS_329 117mo,246_F3_C10_2,Mishra et al. J Virol 13:93 (2019),31217240,,,451
polyclonal AIIMS_329 117mo,25710_2_43,Mishra et al. J Virol 13:93 (2019),31217240,,,264
polyclonal AIIMS_329 117mo,25711_2_4,Mishra et al. J Virol 13:93 (2019),31217240,,,129
polyclonal AIIMS_329 117mo,25925_2_22,Mishra et al. J Virol 13:93 (2019),31217240,,,128
polyclonal AIIMS_329 117mo,329_16_C1,Mishra et al. J Virol 13:93 (2019),31217240,,,<100
polyclonal AIIMS_329 117mo,329_16_D5,Mishra et al. J Virol 13:93 (2019),31217240,,,<100
polyclonal AIIMS_329 117mo,398_F1_F6_20,Mishra et al. J Virol 13:93 (2019),31217240,,,<50
polyclonal AIIMS_329 117mo,6535_3,Mishra et al. J Virol 13:93 (2019),31217240,,,594
polyclonal AIIMS_329 117mo,703010217_B6,Mishra et al. J Virol 13:93 (2019),31217240,,,94
polyclonal AIIMS_329 117mo,BAL_01,Mishra et al. J Virol 13:93 (2019),31217240,,,1042
polyclonal AIIMS_329 117mo,BG505_W6M_C2,Mishra et al. J Virol 13:93 (2019),31217240,,,142
polyclonal AIIMS_329 117mo,BJ613_E1,Mishra et al. J Virol 13:93 (2019),31217240,,,108
polyclonal AIIMS_329 117mo,BJOX002000_03_2,Mishra et al. J Virol 13:93 (2019),31217240,,,146
polyclonal AIIMS_329 117mo,CAAN5342,Mishra et al. J Virol 13:93 (2019),31217240,,,168
polyclonal AIIMS_329 117mo,CAP210_E8,Mishra et al. J Virol 13:93 (2019),31217240,,,<50
polyclonal AIIMS_329 117mo,CAP256_SU,Mishra et al. J Virol 13:93 (2019),31217240,,,357
polyclonal AIIMS_329 117mo,CAP45_G3,Mishra et al. J Virol 13:93 (2019),31217240,,,326
polyclonal AIIMS_329 117mo,CE1176_A3,Mishra et al. J Virol 13:93 (2019),31217240,,,123
polyclonal AIIMS_329 117mo,CH119_10,Mishra et al. J Virol 13:93 (2019),31217240,,,<50
polyclonal AIIMS_329 117mo,CNE55,Mishra et al. J Virol 13:93 (2019),31217240,,,87
polyclonal AIIMS_329 117mo,CNE8,Mishra et al. J Virol 13:93 (2019),31217240,,,<50
polyclonal AIIMS_329 117mo,DU156_12,Mishra et al. J Virol 13:93 (2019),31217240,,,256
polyclonal AIIMS_329 117mo,DU172_17,Mishra et al. J Virol 13:93 (2019),31217240,,,<50
polyclonal AIIMS_329 117mo,JRCSF,Mishra et al. J Virol 13:93 (2019),31217240,,,<50
polyclonal AIIMS_329 117mo,JRFL,Mishra et al. J Virol 13:93 (2019),31217240,,,<50
polyclonal AIIMS_329 117mo,PVO_4,Mishra et al. J Virol 13:93 (2019),31217240,,,112
polyclonal AIIMS_329 117mo,Q168_A2,Mishra et al. J Virol 13:93 (2019),31217240,,,212
polyclonal AIIMS_329 117mo,QH0692_42,Mishra et al. J Virol 13:93 (2019),31217240,,,<50
polyclonal AIIMS_329 117mo,RHPA4259_7,Mishra et al. J Virol 13:93 (2019),31217240,,,212
polyclonal AIIMS_329 117mo,SC422_8,Mishra et al. J Virol 13:93 (2019),31217240,,,169
polyclonal AIIMS_329 117mo,SF162,Mishra et al. J Virol 13:93 (2019),31217240,,,2169
polyclonal AIIMS_329 117mo,THRO4156,Mishra et al. J Virol 13:93 (2019),31217240,,,<50
polyclonal AIIMS_329 117mo,TRJO4551_58,Mishra et al. J Virol 13:93 (2019),31217240,,,<50
polyclonal AIIMS_329 117mo,TRO_11,Mishra et al. J Virol 13:93 (2019),31217240,,,81
polyclonal AIIMS_329 117mo,X1632_S2_B10,Mishra et al. J Virol 13:93 (2019),31217240,,,<50
polyclonal AIIMS_329 117mo,X2278_C2_B6,Mishra et al. J Virol 13:93 (2019),31217240,,,78
polyclonal AIIMS_329 117mo,ZM109_32,Mishra et al. J Virol 13:93 (2019),31217240,,,124
polyclonal AIIMS_329 117mo,ZM197_7,Mishra et al. J Virol 13:93 (2019),31217240,,,<50
polyclonal AIIMS_329 117mo,ZM214_15,Mishra et al. J Virol 13:93 (2019),31217240,,,<50
polyclonal AIIMS_329 117mo,ZM249_1,Mishra et al. J Virol 13:93 (2019),31217240,,,<50
polyclonal AIIMS_329 117mo,ZM53_12,Mishra et al. J Virol 13:93 (2019),31217240,,,594
polyclonal AIIMS_329 124mo,001428_2_42,Mishra et al. J Virol 13:93 (2019),31217240,,,67
polyclonal AIIMS_329 124mo,00836_2_5,Mishra et al. J Virol 13:93 (2019),31217240,,,<50
polyclonal AIIMS_329 124mo,16055_2_3,Mishra et al. J Virol 13:93 (2019),31217240,,,112
polyclonal AIIMS_329 124mo,16936_2_21,Mishra et al. J Virol 13:93 (2019),31217240,,,142
polyclonal AIIMS_329 124mo,246_F3_C10_2,Mishra et al. J Virol 13:93 (2019),31217240,,,542
polyclonal AIIMS_329 124mo,25710_2_43,Mishra et al. J Virol 13:93 (2019),31217240,,,489
polyclonal AIIMS_329 124mo,25711_2_4,Mishra et al. J Virol 13:93 (2019),31217240,,,316
polyclonal AIIMS_329 124mo,25925_2_22,Mishra et al. J Virol 13:93 (2019),31217240,,,<50
polyclonal AIIMS_329 124mo,398_F1_F6_20,Mishra et al. J Virol 13:93 (2019),31217240,,,<50
polyclonal AIIMS_329 124mo,6535_3,Mishra et al. J Virol 13:93 (2019),31217240,,,324
polyclonal AIIMS_329 124mo,703010217_B6,Mishra et al. J Virol 13:93 (2019),31217240,,,<50
polyclonal AIIMS_329 124mo,BAL_01,Mishra et al. J Virol 13:93 (2019),31217240,,,2168
polyclonal AIIMS_329 124mo,BG505_W6M_C2,Mishra et al. J Virol 13:93 (2019),31217240,,,89
polyclonal AIIMS_329 124mo,BJ613_E1,Mishra et al. J Virol 13:93 (2019),31217240,,,101
polyclonal AIIMS_329 124mo,BJOX002000_03_2,Mishra et al. J Virol 13:93 (2019),31217240,,,324
polyclonal AIIMS_329 124mo,CAAN5342,Mishra et al. J Virol 13:93 (2019),31217240,,,157
polyclonal AIIMS_329 124mo,CAP210_E8,Mishra et al. J Virol 13:93 (2019),31217240,,,<50
polyclonal AIIMS_329 124mo,CAP256_SU,Mishra et al. J Virol 13:93 (2019),31217240,,,214
polyclonal AIIMS_329 124mo,CAP45_G3,Mishra et al. J Virol 13:93 (2019),31217240,,,468
polyclonal AIIMS_329 124mo,CE1176_A3,Mishra et al. J Virol 13:93 (2019),31217240,,,157
polyclonal AIIMS_329 124mo,CH119_10,Mishra et al. J Virol 13:93 (2019),31217240,,,81
polyclonal AIIMS_329 124mo,CNE55,Mishra et al. J Virol 13:93 (2019),31217240,,,78
polyclonal AIIMS_329 124mo,CNE8,Mishra et al. J Virol 13:93 (2019),31217240,,,71
polyclonal AIIMS_329 124mo,DU156_12,Mishra et al. J Virol 13:93 (2019),31217240,,,163
polyclonal AIIMS_329 124mo,DU172_17,Mishra et al. J Virol 13:93 (2019),31217240,,,<50
polyclonal AIIMS_329 124mo,JRCSF,Mishra et al. J Virol 13:93 (2019),31217240,,,<50
polyclonal AIIMS_329 124mo,JRFL,Mishra et al. J Virol 13:93 (2019),31217240,,,<50
polyclonal AIIMS_329 124mo,PVO_4,Mishra et al. J Virol 13:93 (2019),31217240,,,73
polyclonal AIIMS_329 124mo,Q168_A2,Mishra et al. J Virol 13:93 (2019),31217240,,,102
polyclonal AIIMS_329 124mo,QH0692_42,Mishra et al. J Virol 13:93 (2019),31217240,,,<50
polyclonal AIIMS_329 124mo,RHPA4259_7,Mishra et al. J Virol 13:93 (2019),31217240,,,219
polyclonal AIIMS_329 124mo,SC422_8,Mishra et al. J Virol 13:93 (2019),31217240,,,<50
polyclonal AIIMS_329 124mo,SF162,Mishra et al. J Virol 13:93 (2019),31217240,,,7762
polyclonal AIIMS_329 124mo,THRO4156,Mishra et al. J Virol 13:93 (2019),31217240,,,<50
polyclonal AIIMS_329 124mo,TRJO4551_58,Mishra et al. J Virol 13:93 (2019),31217240,,,<50
polyclonal AIIMS_329 124mo,TRO_11,Mishra et al. J Virol 13:93 (2019),31217240,,,138
polyclonal AIIMS_329 124mo,X1632_S2_B10,Mishra et al. J Virol 13:93 (2019),31217240,,,<50
polyclonal AIIMS_329 124mo,X2278_C2_B6,Mishra et al. J Virol 13:93 (2019),31217240,,,<50
polyclonal AIIMS_329 124mo,ZM109_32,Mishra et al. J Virol 13:93 (2019),31217240,,,71
polyclonal AIIMS_329 124mo,ZM197_7,Mishra et al. J Virol 13:93 (2019),31217240,,,<50
polyclonal AIIMS_329 124mo,ZM214_15,Mishra et al. J Virol 13:93 (2019),31217240,,,<50
polyclonal AIIMS_329 124mo,ZM249_1,Mishra et al. J Virol 13:93 (2019),31217240,,,<50
polyclonal AIIMS_329 124mo,ZM53_12,Mishra et al. J Virol 13:93 (2019),31217240,,,645
polyclonal AIIMS_329 131mo,001428_2_42,Mishra et al. J Virol 13:93 (2019),31217240,,,69
polyclonal AIIMS_329 131mo,00836_2_5,Mishra et al. J Virol 13:93 (2019),31217240,,,<50
polyclonal AIIMS_329 131mo,16055_2_3,Mishra et al. J Virol 13:93 (2019),31217240,,,101
polyclonal AIIMS_329 131mo,16936_2_21,Mishra et al. J Virol 13:93 (2019),31217240,,,124
polyclonal AIIMS_329 131mo,246_F3_C10_2,Mishra et al. J Virol 13:93 (2019),31217240,,,254
polyclonal AIIMS_329 131mo,25710_2_43,Mishra et al. J Virol 13:93 (2019),31217240,,,549
polyclonal AIIMS_329 131mo,25711_2_4,Mishra et al. J Virol 13:93 (2019),31217240,,,524
polyclonal AIIMS_329 131mo,25925_2_22,Mishra et al. J Virol 13:93 (2019),31217240,,,<50
polyclonal AIIMS_329 131mo,398_F1_F6_20,Mishra et al. J Virol 13:93 (2019),31217240,,,89
polyclonal AIIMS_329 131mo,6535_3,Mishra et al. J Virol 13:93 (2019),31217240,,,316
polyclonal AIIMS_329 131mo,703010217_B6,Mishra et al. J Virol 13:93 (2019),31217240,,,<50
polyclonal AIIMS_329 131mo,BAL_01,Mishra et al. J Virol 13:93 (2019),31217240,,,657
polyclonal AIIMS_329 131mo,BG505_W6M_C2,Mishra et al. J Virol 13:93 (2019),31217240,,,<50
polyclonal AIIMS_329 131mo,BJ613_E1,Mishra et al. J Virol 13:93 (2019),31217240,,,<50
polyclonal AIIMS_329 131mo,BJOX002000_03_2,Mishra et al. J Virol 13:93 (2019),31217240,,,212
polyclonal AIIMS_329 131mo,CAAN5342,Mishra et al. J Virol 13:93 (2019),31217240,,,55
polyclonal AIIMS_329 131mo,CAP210_E8,Mishra et al. J Virol 13:93 (2019),31217240,,,68
polyclonal AIIMS_329 131mo,CAP256_SU,Mishra et al. J Virol 13:93 (2019),31217240,,,147
polyclonal AIIMS_329 131mo,CAP45_G3,Mishra et al. J Virol 13:93 (2019),31217240,,,167
polyclonal AIIMS_329 131mo,CE1176_A3,Mishra et al. J Virol 13:93 (2019),31217240,,,<50
polyclonal AIIMS_329 131mo,CH119_10,Mishra et al. J Virol 13:93 (2019),31217240,,,<50
polyclonal AIIMS_329 131mo,CNE55,Mishra et al. J Virol 13:93 (2019),31217240,,,83
polyclonal AIIMS_329 131mo,CNE8,Mishra et al. J Virol 13:93 (2019),31217240,,,55
polyclonal AIIMS_329 131mo,DU156_12,Mishra et al. J Virol 13:93 (2019),31217240,,,89
polyclonal AIIMS_329 131mo,DU172_17,Mishra et al. J Virol 13:93 (2019),31217240,,,77
polyclonal AIIMS_329 131mo,JRCSF,Mishra et al. J Virol 13:93 (2019),31217240,,,<50
polyclonal AIIMS_329 131mo,JRFL,Mishra et al. J Virol 13:93 (2019),31217240,,,<50
polyclonal AIIMS_329 131mo,PVO_4,Mishra et al. J Virol 13:93 (2019),31217240,,,164
polyclonal AIIMS_329 131mo,Q168_A2,Mishra et al. J Virol 13:93 (2019),31217240,,,91
polyclonal AIIMS_329 131mo,QH0692_42,Mishra et al. J Virol 13:93 (2019),31217240,,,<50
polyclonal AIIMS_329 131mo,RHPA4259_7,Mishra et al. J Virol 13:93 (2019),31217240,,,102
polyclonal AIIMS_329 131mo,SC422_8,Mishra et al. J Virol 13:93 (2019),31217240,,,71
polyclonal AIIMS_329 131mo,SF162,Mishra et al. J Virol 13:93 (2019),31217240,,,1542
polyclonal AIIMS_329 131mo,THRO4156,Mishra et al. J Virol 13:93 (2019),31217240,,,<50
polyclonal AIIMS_329 131mo,TRJO4551_58,Mishra et al. J Virol 13:93 (2019),31217240,,,81
polyclonal AIIMS_329 131mo,TRO_11,Mishra et al. J Virol 13:93 (2019),31217240,,,91
polyclonal AIIMS_329 131mo,X1632_S2_B10,Mishra et al. J Virol 13:93 (2019),31217240,,,<50
polyclonal AIIMS_329 131mo,X2278_C2_B6,Mishra et al. J Virol 13:93 (2019),31217240,,,94
polyclonal AIIMS_329 131mo,ZM109_32,Mishra et al. J Virol 13:93 (2019),31217240,,,62
polyclonal AIIMS_329 131mo,ZM197_7,Mishra et al. J Virol 13:93 (2019),31217240,,,<50
polyclonal AIIMS_329 131mo,ZM214_15,Mishra et al. J Virol 13:93 (2019),31217240,,,<50
polyclonal AIIMS_329 131mo,ZM249_1,Mishra et al. J Virol 13:93 (2019),31217240,,,<50
polyclonal AIIMS_329 131mo,ZM53_12,Mishra et al. J Virol 13:93 (2019),31217240,,,353
polyclonal AIIMS_329 138mo,001428_2_42,Mishra et al. J Virol 13:93 (2019),31217240,,,129
polyclonal AIIMS_329 138mo,00836_2_5,Mishra et al. J Virol 13:93 (2019),31217240,,,<50
polyclonal AIIMS_329 138mo,16055_2_3,Mishra et al. J Virol 13:93 (2019),31217240,,,68
polyclonal AIIMS_329 138mo,16936_2_21,Mishra et al. J Virol 13:93 (2019),31217240,,,112
polyclonal AIIMS_329 138mo,246_F3_C10_2,Mishra et al. J Virol 13:93 (2019),31217240,,,214
polyclonal AIIMS_329 138mo,25710_2_43,Mishra et al. J Virol 13:93 (2019),31217240,,,748
polyclonal AIIMS_329 138mo,25711_2_4,Mishra et al. J Virol 13:93 (2019),31217240,,,724
polyclonal AIIMS_329 138mo,25925_2_22,Mishra et al. J Virol 13:93 (2019),31217240,,,156
polyclonal AIIMS_329 138mo,398_F1_F6_20,Mishra et al. J Virol 13:93 (2019),31217240,,,<50
polyclonal AIIMS_329 138mo,6535_3,Mishra et al. J Virol 13:93 (2019),31217240,,,424
polyclonal AIIMS_329 138mo,703010217_B6,Mishra et al. J Virol 13:93 (2019),31217240,,,84
polyclonal AIIMS_329 138mo,BAL_01,Mishra et al. J Virol 13:93 (2019),31217240,,,1954
polyclonal AIIMS_329 138mo,BG505_W6M_C2,Mishra et al. J Virol 13:93 (2019),31217240,,,224
polyclonal AIIMS_329 138mo,BJ613_E1,Mishra et al. J Virol 13:93 (2019),31217240,,,<50
polyclonal AIIMS_329 138mo,BJOX002000_03_2,Mishra et al. J Virol 13:93 (2019),31217240,,,346
polyclonal AIIMS_329 138mo,CAAN5342,Mishra et al. J Virol 13:93 (2019),31217240,,,107
polyclonal AIIMS_329 138mo,CAP210_E8,Mishra et al. J Virol 13:93 (2019),31217240,,,59
polyclonal AIIMS_329 138mo,CAP256_SU,Mishra et al. J Virol 13:93 (2019),31217240,,,324
polyclonal AIIMS_329 138mo,CAP45_G3,Mishra et al. J Virol 13:93 (2019),31217240,,,632
polyclonal AIIMS_329 138mo,CE1176_A3,Mishra et al. J Virol 13:93 (2019),31217240,,,93
polyclonal AIIMS_329 138mo,CH119_10,Mishra et al. J Virol 13:93 (2019),31217240,,,73
polyclonal AIIMS_329 138mo,CNE55,Mishra et al. J Virol 13:93 (2019),31217240,,,76
polyclonal AIIMS_329 138mo,CNE8,Mishra et al. J Virol 13:93 (2019),31217240,,,142
polyclonal AIIMS_329 138mo,DU156_12,Mishra et al. J Virol 13:93 (2019),31217240,,,151
polyclonal AIIMS_329 138mo,DU172_17,Mishra et al. J Virol 13:93 (2019),31217240,,,267
polyclonal AIIMS_329 138mo,JRCSF,Mishra et al. J Virol 13:93 (2019),31217240,,,<50
polyclonal AIIMS_329 138mo,JRFL,Mishra et al. J Virol 13:93 (2019),31217240,,,71
polyclonal AIIMS_329 138mo,PVO_4,Mishra et al. J Virol 13:93 (2019),31217240,,,353
polyclonal AIIMS_329 138mo,Q168_A2,Mishra et al. J Virol 13:93 (2019),31217240,,,99
polyclonal AIIMS_329 138mo,QH0692_42,Mishra et al. J Virol 13:93 (2019),31217240,,,61
polyclonal AIIMS_329 138mo,RHPA4259_7,Mishra et al. J Virol 13:93 (2019),31217240,,,88
polyclonal AIIMS_329 138mo,SC422_8,Mishra et al. J Virol 13:93 (2019),31217240,,,151
polyclonal AIIMS_329 138mo,SF162,Mishra et al. J Virol 13:93 (2019),31217240,,,5253
polyclonal AIIMS_329 138mo,THRO4156,Mishra et al. J Virol 13:93 (2019),31217240,,,<50
polyclonal AIIMS_329 138mo,TRJO4551_58,Mishra et al. J Virol 13:93 (2019),31217240,,,78
polyclonal AIIMS_329 138mo,TRO_11,Mishra et al. J Virol 13:93 (2019),31217240,,,146
polyclonal AIIMS_329 138mo,X1632_S2_B10,Mishra et al. J Virol 13:93 (2019),31217240,,,<50
polyclonal AIIMS_329 138mo,X2278_C2_B6,Mishra et al. J Virol 13:93 (2019),31217240,,,96
polyclonal AIIMS_329 138mo,ZM109_32,Mishra et al. J Virol 13:93 (2019),31217240,,,161
polyclonal AIIMS_329 138mo,ZM197_7,Mishra et al. J Virol 13:93 (2019),31217240,,,<50
polyclonal AIIMS_329 138mo,ZM214_15,Mishra et al. J Virol 13:93 (2019),31217240,,,163
polyclonal AIIMS_329 138mo,ZM249_1,Mishra et al. J Virol 13:93 (2019),31217240,,,<50
polyclonal AIIMS_329 138mo,ZM53_12,Mishra et al. J Virol 13:93 (2019),31217240,,,1310
polyclonal AIIMS_329 78mo,001428_2_42,Mishra et al. J Virol 13:93 (2019),31217240,,,659
polyclonal AIIMS_329 78mo,00836_2_5,Mishra et al. J Virol 13:93 (2019),31217240,,,248
polyclonal AIIMS_329 78mo,16055_2_3,Mishra et al. J Virol 13:93 (2019),31217240,,,1248
polyclonal AIIMS_329 78mo,16936_2_21,Mishra et al. J Virol 13:93 (2019),31217240,,,214
polyclonal AIIMS_329 78mo,246_F3_C10_2,Mishra et al. J Virol 13:93 (2019),31217240,,,323
polyclonal AIIMS_329 78mo,25710_2_43,Mishra et al. J Virol 13:93 (2019),31217240,,,1412
polyclonal AIIMS_329 78mo,25711_2_4,Mishra et al. J Virol 13:93 (2019),31217240,,,1247
polyclonal AIIMS_329 78mo,25925_2_22,Mishra et al. J Virol 13:93 (2019),31217240,,,85
polyclonal AIIMS_329 78mo,398_F1_F6_20,Mishra et al. J Virol 13:93 (2019),31217240,,,216
polyclonal AIIMS_329 78mo,6535_3,Mishra et al. J Virol 13:93 (2019),31217240,,,562
polyclonal AIIMS_329 78mo,703010217_B6,Mishra et al. J Virol 13:93 (2019),31217240,,,<50
polyclonal AIIMS_329 78mo,BAL_01,Mishra et al. J Virol 13:93 (2019),31217240,,,956
polyclonal AIIMS_329 78mo,BG505_W6M_C2,Mishra et al. J Virol 13:93 (2019),31217240,,,246
polyclonal AIIMS_329 78mo,BJ613_E1,Mishra et al. J Virol 13:93 (2019),31217240,,,70
polyclonal AIIMS_329 78mo,BJOX002000_03_2,Mishra et al. J Virol 13:93 (2019),31217240,,,210
polyclonal AIIMS_329 78mo,CAAN5342,Mishra et al. J Virol 13:93 (2019),31217240,,,310
polyclonal AIIMS_329 78mo,CAP210_E8,Mishra et al. J Virol 13:93 (2019),31217240,,,85
polyclonal AIIMS_329 78mo,CAP256_SU,Mishra et al. J Virol 13:93 (2019),31217240,,,198
polyclonal AIIMS_329 78mo,CAP45_G3,Mishra et al. J Virol 13:93 (2019),31217240,,,165
polyclonal AIIMS_329 78mo,CE1176_A3,Mishra et al. J Virol 13:93 (2019),31217240,,,847
polyclonal AIIMS_329 78mo,CH119_10,Mishra et al. J Virol 13:93 (2019),31217240,,,112
polyclonal AIIMS_329 78mo,CNE55,Mishra et al. J Virol 13:93 (2019),31217240,,,148
polyclonal AIIMS_329 78mo,CNE8,Mishra et al. J Virol 13:93 (2019),31217240,,,412
polyclonal AIIMS_329 78mo,DU156_12,Mishra et al. J Virol 13:93 (2019),31217240,,,898
polyclonal AIIMS_329 78mo,DU172_17,Mishra et al. J Virol 13:93 (2019),31217240,,,478
polyclonal AIIMS_329 78mo,JRCSF,Mishra et al. J Virol 13:93 (2019),31217240,,,156
polyclonal AIIMS_329 78mo,JRFL,Mishra et al. J Virol 13:93 (2019),31217240,,,215
polyclonal AIIMS_329 78mo,PVO_4,Mishra et al. J Virol 13:93 (2019),31217240,,,96
polyclonal AIIMS_329 78mo,Q168_A2,Mishra et al. J Virol 13:93 (2019),31217240,,,75
polyclonal AIIMS_329 78mo,QH0692_42,Mishra et al. J Virol 13:93 (2019),31217240,,,200
polyclonal AIIMS_329 78mo,RHPA4259_7,Mishra et al. J Virol 13:93 (2019),31217240,,,89
polyclonal AIIMS_329 78mo,SC422_8,Mishra et al. J Virol 13:93 (2019),31217240,,,398
polyclonal AIIMS_329 78mo,SF162,Mishra et al. J Virol 13:93 (2019),31217240,,,1615
polyclonal AIIMS_329 78mo,THRO4156,Mishra et al. J Virol 13:93 (2019),31217240,,,<50
polyclonal AIIMS_329 78mo,TRJO4551_58,Mishra et al. J Virol 13:93 (2019),31217240,,,86
polyclonal AIIMS_329 78mo,TRO_11,Mishra et al. J Virol 13:93 (2019),31217240,,,556
polyclonal AIIMS_329 78mo,X1632_S2_B10,Mishra et al. J Virol 13:93 (2019),31217240,,,81
polyclonal AIIMS_329 78mo,X2278_C2_B6,Mishra et al. J Virol 13:93 (2019),31217240,,,124
polyclonal AIIMS_329 78mo,ZM109_32,Mishra et al. J Virol 13:93 (2019),31217240,,,214
polyclonal AIIMS_329 78mo,ZM197_7,Mishra et al. J Virol 13:93 (2019),31217240,,,75
polyclonal AIIMS_329 78mo,ZM214_15,Mishra et al. J Virol 13:93 (2019),31217240,,,<50
polyclonal AIIMS_329 78mo,ZM249_1,Mishra et al. J Virol 13:93 (2019),31217240,,,<50
polyclonal AIIMS_329 78mo,ZM53_12,Mishra et al. J Virol 13:93 (2019),31217240,,,169
polyclonal AIIMS_329 82mo,001428_2_42,Mishra et al. J Virol 13:93 (2019),31217240,,,954
polyclonal AIIMS_329 82mo,00836_2_5,Mishra et al. J Virol 13:93 (2019),31217240,,,245
polyclonal AIIMS_329 82mo,16055_2_3,Mishra et al. J Virol 13:93 (2019),31217240,,,1456
polyclonal AIIMS_329 82mo,16936_2_21,Mishra et al. J Virol 13:93 (2019),31217240,,,233
polyclonal AIIMS_329 82mo,246_F3_C10_2,Mishra et al. J Virol 13:93 (2019),31217240,,,412
polyclonal AIIMS_329 82mo,25710_2_43,Mishra et al. J Virol 13:93 (2019),31217240,,,1526
polyclonal AIIMS_329 82mo,25711_2_4,Mishra et al. J Virol 13:93 (2019),31217240,,,1146
polyclonal AIIMS_329 82mo,25925_2_22,Mishra et al. J Virol 13:93 (2019),31217240,,,95
polyclonal AIIMS_329 82mo,398_F1_F6_20,Mishra et al. J Virol 13:93 (2019),31217240,,,234
polyclonal AIIMS_329 82mo,6535_3,Mishra et al. J Virol 13:93 (2019),31217240,,,594
polyclonal AIIMS_329 82mo,703010217_B6,Mishra et al. J Virol 13:93 (2019),31217240,,,74
polyclonal AIIMS_329 82mo,BAL_01,Mishra et al. J Virol 13:93 (2019),31217240,,,974
polyclonal AIIMS_329 82mo,BG505_W6M_C2,Mishra et al. J Virol 13:93 (2019),31217240,,,312
polyclonal AIIMS_329 82mo,BJ613_E1,Mishra et al. J Virol 13:93 (2019),31217240,,,79
polyclonal AIIMS_329 82mo,BJOX002000_03_2,Mishra et al. J Virol 13:93 (2019),31217240,,,294
polyclonal AIIMS_329 82mo,CAAN5342,Mishra et al. J Virol 13:93 (2019),31217240,,,354
polyclonal AIIMS_329 82mo,CAP210_E8,Mishra et al. J Virol 13:93 (2019),31217240,,,<50
polyclonal AIIMS_329 82mo,CAP256_SU,Mishra et al. J Virol 13:93 (2019),31217240,,,218
polyclonal AIIMS_329 82mo,CAP45_G3,Mishra et al. J Virol 13:93 (2019),31217240,,,177
polyclonal AIIMS_329 82mo,CE1176_A3,Mishra et al. J Virol 13:93 (2019),31217240,,,745
polyclonal AIIMS_329 82mo,CH119_10,Mishra et al. J Virol 13:93 (2019),31217240,,,136
polyclonal AIIMS_329 82mo,CNE55,Mishra et al. J Virol 13:93 (2019),31217240,,,185
polyclonal AIIMS_329 82mo,CNE8,Mishra et al. J Virol 13:93 (2019),31217240,,,241
polyclonal AIIMS_329 82mo,DU156_12,Mishra et al. J Virol 13:93 (2019),31217240,,,831
polyclonal AIIMS_329 82mo,DU172_17,Mishra et al. J Virol 13:93 (2019),31217240,,,487
polyclonal AIIMS_329 82mo,JRCSF,Mishra et al. J Virol 13:93 (2019),31217240,,,167
polyclonal AIIMS_329 82mo,JRFL,Mishra et al. J Virol 13:93 (2019),31217240,,,224
polyclonal AIIMS_329 82mo,PVO_4,Mishra et al. J Virol 13:93 (2019),31217240,,,85
polyclonal AIIMS_329 82mo,Q168_A2,Mishra et al. J Virol 13:93 (2019),31217240,,,88
polyclonal AIIMS_329 82mo,QH0692_42,Mishra et al. J Virol 13:93 (2019),31217240,,,238
polyclonal AIIMS_329 82mo,RHPA4259_7,Mishra et al. J Virol 13:93 (2019),31217240,,,110
polyclonal AIIMS_329 82mo,SC422_8,Mishra et al. J Virol 13:93 (2019),31217240,,,421
polyclonal AIIMS_329 82mo,SF162,Mishra et al. J Virol 13:93 (2019),31217240,,,1675
polyclonal AIIMS_329 82mo,THRO4156,Mishra et al. J Virol 13:93 (2019),31217240,,,<50
polyclonal AIIMS_329 82mo,TRJO4551_58,Mishra et al. J Virol 13:93 (2019),31217240,,,<50
polyclonal AIIMS_329 82mo,TRO_11,Mishra et al. J Virol 13:93 (2019),31217240,,,569
polyclonal AIIMS_329 82mo,X1632_S2_B10,Mishra et al. J Virol 13:93 (2019),31217240,,,84
polyclonal AIIMS_329 82mo,X2278_C2_B6,Mishra et al. J Virol 13:93 (2019),31217240,,,110
polyclonal AIIMS_329 82mo,ZM109_32,Mishra et al. J Virol 13:93 (2019),31217240,,,264
polyclonal AIIMS_329 82mo,ZM197_7,Mishra et al. J Virol 13:93 (2019),31217240,,,115
polyclonal AIIMS_329 82mo,ZM214_15,Mishra et al. J Virol 13:93 (2019),31217240,,,<50
polyclonal AIIMS_329 82mo,ZM249_1,Mishra et al. J Virol 13:93 (2019),31217240,,,74
polyclonal AIIMS_329 82mo,ZM53_12,Mishra et al. J Virol 13:93 (2019),31217240,,,177
polyclonal AIIMS_329 90mo,001428_2_42,Mishra et al. J Virol 13:93 (2019),31217240,,,645
polyclonal AIIMS_329 90mo,00836_2_5,Mishra et al. J Virol 13:93 (2019),31217240,,,261
polyclonal AIIMS_329 90mo,16055_2_3,Mishra et al. J Virol 13:93 (2019),31217240,,,1413
polyclonal AIIMS_329 90mo,16936_2_21,Mishra et al. J Virol 13:93 (2019),31217240,,,312
polyclonal AIIMS_329 90mo,246_F3_C10_2,Mishra et al. J Virol 13:93 (2019),31217240,,,701
polyclonal AIIMS_329 90mo,25710_2_43,Mishra et al. J Virol 13:93 (2019),31217240,,,2089
polyclonal AIIMS_329 90mo,25711_2_4,Mishra et al. J Virol 13:93 (2019),31217240,,,1894
polyclonal AIIMS_329 90mo,25925_2_22,Mishra et al. J Virol 13:93 (2019),31217240,,,103
polyclonal AIIMS_329 90mo,329_14_B1,Mishra et al. J Virol 13:93 (2019),31217240,,,293
polyclonal AIIMS_329 90mo,329_14_B4,Mishra et al. J Virol 13:93 (2019),31217240,,,312
polyclonal AIIMS_329 90mo,398_F1_F6_20,Mishra et al. J Virol 13:93 (2019),31217240,,,213
polyclonal AIIMS_329 90mo,6535_3,Mishra et al. J Virol 13:93 (2019),31217240,,,682
polyclonal AIIMS_329 90mo,703010217_B6,Mishra et al. J Virol 13:93 (2019),31217240,,,<50
polyclonal AIIMS_329 90mo,BAL_01,Mishra et al. J Virol 13:93 (2019),31217240,,,1081
polyclonal AIIMS_329 90mo,BG505_W6M_C2,Mishra et al. J Virol 13:93 (2019),31217240,,,356
polyclonal AIIMS_329 90mo,BJ613_E1,Mishra et al. J Virol 13:93 (2019),31217240,,,78
polyclonal AIIMS_329 90mo,BJOX002000_03_2,Mishra et al. J Virol 13:93 (2019),31217240,,,603
polyclonal AIIMS_329 90mo,CAAN5342,Mishra et al. J Virol 13:93 (2019),31217240,,,367
polyclonal AIIMS_329 90mo,CAP210_E8,Mishra et al. J Virol 13:93 (2019),31217240,,,85
polyclonal AIIMS_329 90mo,CAP256_SU,Mishra et al. J Virol 13:93 (2019),31217240,,,234
polyclonal AIIMS_329 90mo,CAP45_G3,Mishra et al. J Virol 13:93 (2019),31217240,,,189
polyclonal AIIMS_329 90mo,CE1176_A3,Mishra et al. J Virol 13:93 (2019),31217240,,,933
polyclonal AIIMS_329 90mo,CH119_10,Mishra et al. J Virol 13:93 (2019),31217240,,,339
polyclonal AIIMS_329 90mo,CNE55,Mishra et al. J Virol 13:93 (2019),31217240,,,2746
polyclonal AIIMS_329 90mo,CNE8,Mishra et al. J Virol 13:93 (2019),31217240,,,692
polyclonal AIIMS_329 90mo,DU156_12,Mishra et al. J Virol 13:93 (2019),31217240,,,818
polyclonal AIIMS_329 90mo,DU172_17,Mishra et al. J Virol 13:93 (2019),31217240,,,499
polyclonal AIIMS_329 90mo,JRCSF,Mishra et al. J Virol 13:93 (2019),31217240,,,178
polyclonal AIIMS_329 90mo,JRFL,Mishra et al. J Virol 13:93 (2019),31217240,,,256
polyclonal AIIMS_329 90mo,PVO_4,Mishra et al. J Virol 13:93 (2019),31217240,,,74
polyclonal AIIMS_329 90mo,Q168_A2,Mishra et al. J Virol 13:93 (2019),31217240,,,121
polyclonal AIIMS_329 90mo,QH0692_42,Mishra et al. J Virol 13:93 (2019),31217240,,,276
polyclonal AIIMS_329 90mo,RHPA4259_7,Mishra et al. J Virol 13:93 (2019),31217240,,,123
polyclonal AIIMS_329 90mo,SC422_8,Mishra et al. J Virol 13:93 (2019),31217240,,,435
polyclonal AIIMS_329 90mo,SF162,Mishra et al. J Virol 13:93 (2019),31217240,,,1766
polyclonal AIIMS_329 90mo,THRO4156,Mishra et al. J Virol 13:93 (2019),31217240,,,<50
polyclonal AIIMS_329 90mo,TRJO4551_58,Mishra et al. J Virol 13:93 (2019),31217240,,,<50
polyclonal AIIMS_329 90mo,TRO_11,Mishra et al. J Virol 13:93 (2019),31217240,,,661
polyclonal AIIMS_329 90mo,X1632_S2_B10,Mishra et al. J Virol 13:93 (2019),31217240,,,<50
polyclonal AIIMS_329 90mo,X2278_C2_B6,Mishra et al. J Virol 13:93 (2019),31217240,,,<50
polyclonal AIIMS_329 90mo,ZM109_32,Mishra et al. J Virol 13:93 (2019),31217240,,,266
polyclonal AIIMS_329 90mo,ZM197_7,Mishra et al. J Virol 13:93 (2019),31217240,,,145
polyclonal AIIMS_329 90mo,ZM214_15,Mishra et al. J Virol 13:93 (2019),31217240,,,<50
polyclonal AIIMS_329 90mo,ZM249_1,Mishra et al. J Virol 13:93 (2019),31217240,,,211
polyclonal AIIMS_329 90mo,ZM53_12,Mishra et al. J Virol 13:93 (2019),31217240,,,188
polyclonal AIIMS_330 102mo,001428_2_42,Mishra et al. J Virol 13:93 (2019),31217240,,,1123
polyclonal AIIMS_330 102mo,00836_2_5,Mishra et al. J Virol 13:93 (2019),31217240,,,91
polyclonal AIIMS_330 102mo,16055_2_3,Mishra et al. J Virol 13:93 (2019),31217240,,,1334
polyclonal AIIMS_330 102mo,16936_2_21,Mishra et al. J Virol 13:93 (2019),31217240,,,398
polyclonal AIIMS_330 102mo,246_F3_C10_2,Mishra et al. J Virol 13:93 (2019),31217240,,,412
polyclonal AIIMS_330 102mo,25710_2_43,Mishra et al. J Virol 13:93 (2019),31217240,,,609
polyclonal AIIMS_330 102mo,25711_2_4,Mishra et al. J Virol 13:93 (2019),31217240,,,456
polyclonal AIIMS_330 102mo,25925_2_22,Mishra et al. J Virol 13:93 (2019),31217240,,,873
polyclonal AIIMS_330 102mo,398_F1_F6_20,Mishra et al. J Virol 13:93 (2019),31217240,,,667
polyclonal AIIMS_330 102mo,6535_3,Mishra et al. J Virol 13:93 (2019),31217240,,,812
polyclonal AIIMS_330 102mo,703010217_B6,Mishra et al. J Virol 13:93 (2019),31217240,,,874
polyclonal AIIMS_330 102mo,BAL_01,Mishra et al. J Virol 13:93 (2019),31217240,,,2748
polyclonal AIIMS_330 102mo,BG505_W6M_C2,Mishra et al. J Virol 13:93 (2019),31217240,,,412
polyclonal AIIMS_330 102mo,BJ613_E1,Mishra et al. J Virol 13:93 (2019),31217240,,,799
polyclonal AIIMS_330 102mo,BJOX002000_03_2,Mishra et al. J Virol 13:93 (2019),31217240,,,489
polyclonal AIIMS_330 102mo,CAAN5342,Mishra et al. J Virol 13:93 (2019),31217240,,,873
polyclonal AIIMS_330 102mo,CAP210_E8,Mishra et al. J Virol 13:93 (2019),31217240,,,<50
polyclonal AIIMS_330 102mo,CAP256_SU,Mishra et al. J Virol 13:93 (2019),31217240,,,298
polyclonal AIIMS_330 102mo,CAP45_G3,Mishra et al. J Virol 13:93 (2019),31217240,,,<50
polyclonal AIIMS_330 102mo,CE1176_A3,Mishra et al. J Virol 13:93 (2019),31217240,,,349
polyclonal AIIMS_330 102mo,CH119_10,Mishra et al. J Virol 13:93 (2019),31217240,,,367
polyclonal AIIMS_330 102mo,CNE55,Mishra et al. J Virol 13:93 (2019),31217240,,,748
polyclonal AIIMS_330 102mo,CNE8,Mishra et al. J Virol 13:93 (2019),31217240,,,246
polyclonal AIIMS_330 102mo,DU156_12,Mishra et al. J Virol 13:93 (2019),31217240,,,1299
polyclonal AIIMS_330 102mo,DU172_17,Mishra et al. J Virol 13:93 (2019),31217240,,,167
polyclonal AIIMS_330 102mo,JRCSF,Mishra et al. J Virol 13:93 (2019),31217240,,,213
polyclonal AIIMS_330 102mo,JRFL,Mishra et al. J Virol 13:93 (2019),31217240,,,211
polyclonal AIIMS_330 102mo,PVO_4,Mishra et al. J Virol 13:93 (2019),31217240,,,489
polyclonal AIIMS_330 102mo,Q168_A2,Mishra et al. J Virol 13:93 (2019),31217240,,,413
polyclonal AIIMS_330 102mo,QH0692_42,Mishra et al. J Virol 13:93 (2019),31217240,,,84
polyclonal AIIMS_330 102mo,RHPA4259_7,Mishra et al. J Virol 13:93 (2019),31217240,,,989
polyclonal AIIMS_330 102mo,SC422_8,Mishra et al. J Virol 13:93 (2019),31217240,,,233
polyclonal AIIMS_330 102mo,SF162,Mishra et al. J Virol 13:93 (2019),31217240,,,1767
polyclonal AIIMS_330 102mo,THRO4156,Mishra et al. J Virol 13:93 (2019),31217240,,,84
polyclonal AIIMS_330 102mo,TRJO4551_58,Mishra et al. J Virol 13:93 (2019),31217240,,,345
polyclonal AIIMS_330 102mo,TRO_11,Mishra et al. J Virol 13:93 (2019),31217240,,,434
polyclonal AIIMS_330 102mo,X1632_S2_B10,Mishra et al. J Virol 13:93 (2019),31217240,,,346
polyclonal AIIMS_330 102mo,X2278_C2_B6,Mishra et al. J Virol 13:93 (2019),31217240,,,847
polyclonal AIIMS_330 102mo,ZM109_32,Mishra et al. J Virol 13:93 (2019),31217240,,,398
polyclonal AIIMS_330 102mo,ZM197_7,Mishra et al. J Virol 13:93 (2019),31217240,,,439
polyclonal AIIMS_330 102mo,ZM214_15,Mishra et al. J Virol 13:93 (2019),31217240,,,349
polyclonal AIIMS_330 102mo,ZM249_1,Mishra et al. J Virol 13:93 (2019),31217240,,,<50
polyclonal AIIMS_330 102mo,ZM53_12,Mishra et al. J Virol 13:93 (2019),31217240,,,798
polyclonal AIIMS_330 112mo,001428_2_42,Kumar et al. J Virol. e01495 (2019),30429339,,,2532
polyclonal AIIMS_330 112mo,001428_2_42,Mishra et al. J Virol 13:93 (2019),31217240,,,2532
polyclonal AIIMS_330 112mo,00836_2_5,Mishra et al. J Virol 13:93 (2019),31217240,,,477
polyclonal AIIMS_330 112mo,16055_2_3,Mishra et al. J Virol 13:93 (2019),31217240,,,2348
polyclonal AIIMS_330 112mo,16936_2_21,Kumar et al. J Virol. e01495 (2019),30429339,,,1758
polyclonal AIIMS_330 112mo,16936_2_21,Mishra et al. J Virol 13:93 (2019),31217240,,,1346
polyclonal AIIMS_330 112mo,246_F3_C10_2,Mishra et al. J Virol 13:93 (2019),31217240,,,547
polyclonal AIIMS_330 112mo,25710_2_43,Kumar et al. J Virol. e01495 (2019),30429339,,,2864
polyclonal AIIMS_330 112mo,25710_2_43,Mishra et al. J Virol 13:93 (2019),31217240,,,2864
polyclonal AIIMS_330 112mo,25711_2_4,Kumar et al. J Virol. e01495 (2019),30429339,,,766
polyclonal AIIMS_330 112mo,25711_2_4,Mishra et al. J Virol 13:93 (2019),31217240,,,766
polyclonal AIIMS_330 112mo,25925_2_22,Kumar et al. J Virol. e01495 (2019),30429339,,,3674
polyclonal AIIMS_330 112mo,25925_2_22,Mishra et al. J Virol 13:93 (2019),31217240,,,3674
polyclonal AIIMS_330 112mo,330_15_C36,Mishra et al. J Virol 13:93 (2019),31217240,,,148
polyclonal AIIMS_330 112mo,330_15_D36,Mishra et al. J Virol 13:93 (2019),31217240,,,<100
polyclonal AIIMS_330 112mo,330_15_E36,Mishra et al. J Virol 13:93 (2019),31217240,,,<100
polyclonal AIIMS_330 112mo,398_F1_F6_20,Mishra et al. J Virol 13:93 (2019),31217240,,,1514
polyclonal AIIMS_330 112mo,6535_3,Kumar et al. J Virol. e01495 (2019),30429339,,,1246
polyclonal AIIMS_330 112mo,6535_3,Mishra et al. J Virol 13:93 (2019),31217240,,,1246
polyclonal AIIMS_330 112mo,703010217_B6,Mishra et al. J Virol 13:93 (2019),31217240,,,1001
polyclonal AIIMS_330 112mo,92BR020,Kumar et al. J Virol. e01495 (2019),30429339,,,766
polyclonal AIIMS_330 112mo,92TH021,Kumar et al. J Virol. e01495 (2019),30429339,,,<100
polyclonal AIIMS_330 112mo,93IN905,Kumar et al. J Virol. e01495 (2019),30429339,,,1446
polyclonal AIIMS_330 112mo,94UG103,Kumar et al. J Virol. e01495 (2019),30429339,,,658
polyclonal AIIMS_330 112mo,BAL_01,Kumar et al. J Virol. e01495 (2019),30429339,,,3263
polyclonal AIIMS_330 112mo,BAL_01,Mishra et al. J Virol 13:93 (2019),31217240,,,3263
polyclonal AIIMS_330 112mo,BG505_W6M_C2,Mishra et al. J Virol 13:93 (2019),31217240,,,463
polyclonal AIIMS_330 112mo,BG505_W6M_C2_T332N,Kumar et al. J Virol. e01495 (2019),30429339,,,463
polyclonal AIIMS_330 112mo,BI206_W6P_A1,Kumar et al. J Virol. e01495 (2019),30429339,,,4565
polyclonal AIIMS_330 112mo,BJ613_E1,Kumar et al. J Virol. e01495 (2019),30429339,,,1834
polyclonal AIIMS_330 112mo,BJ613_E1,Mishra et al. J Virol 13:93 (2019),31217240,,,1834
polyclonal AIIMS_330 112mo,BJOX002000_03_2,Mishra et al. J Virol 13:93 (2019),31217240,,,661
polyclonal AIIMS_330 112mo,BK184_W6M_D2,Kumar et al. J Virol. e01495 (2019),30429339,,,1767
polyclonal AIIMS_330 112mo,BL035_W6M_C1,Kumar et al. J Virol. e01495 (2019),30429339,,,469
polyclonal AIIMS_330 112mo,CAAN5342,Kumar et al. J Virol. e01495 (2019),30429339,,,238
polyclonal AIIMS_330 112mo,CAAN5342,Mishra et al. J Virol 13:93 (2019),31217240,,,238
polyclonal AIIMS_330 112mo,CAP210_E8,Kumar et al. J Virol. e01495 (2019),30429339,,,<100
polyclonal AIIMS_330 112mo,CAP210_E8,Mishra et al. J Virol 13:93 (2019),31217240,,,<50
polyclonal AIIMS_330 112mo,CAP256_SU,Mishra et al. J Virol 13:93 (2019),31217240,,,879
polyclonal AIIMS_330 112mo,CAP45_G3,Kumar et al. J Virol. e01495 (2019),30429339,,,4648
polyclonal AIIMS_330 112mo,CAP45_G3,Mishra et al. J Virol 13:93 (2019),31217240,,,<50
polyclonal AIIMS_330 112mo,CE1176_A3,Mishra et al. J Virol 13:93 (2019),31217240,,,479
polyclonal AIIMS_330 112mo,CH119_10,Mishra et al. J Virol 13:93 (2019),31217240,,,501
polyclonal AIIMS_330 112mo,CNE55,Mishra et al. J Virol 13:93 (2019),31217240,,,1564
polyclonal AIIMS_330 112mo,CNE8,Mishra et al. J Virol 13:93 (2019),31217240,,,427
polyclonal AIIMS_330 112mo,DU156_12,Kumar et al. J Virol. e01495 (2019),30429339,,,3783
polyclonal AIIMS_330 112mo,DU156_12,Mishra et al. J Virol 13:93 (2019),31217240,,,3783
polyclonal AIIMS_330 112mo,DU172_17,Kumar et al. J Virol. e01495 (2019),30429339,,,237
polyclonal AIIMS_330 112mo,DU172_17,Mishra et al. J Virol 13:93 (2019),31217240,,,237
polyclonal AIIMS_330 112mo,JRCSF,Kumar et al. J Virol. e01495 (2019),30429339,,,1463
polyclonal AIIMS_330 112mo,JRCSF,Mishra et al. J Virol 13:93 (2019),31217240,,,1463
polyclonal AIIMS_330 112mo,JRFL,Kumar et al. J Virol. e01495 (2019),30429339,,,867
polyclonal AIIMS_330 112mo,JRFL,Mishra et al. J Virol 13:93 (2019),31217240,,,867
polyclonal AIIMS_330 112mo,MK184_W0M_G3,Kumar et al. J Virol. e01495 (2019),30429339,,,1579
polyclonal AIIMS_330 112mo,ML035_W0M_I2,Kumar et al. J Virol. e01495 (2019),30429339,,,438
polyclonal AIIMS_330 112mo,PVO_4,Kumar et al. J Virol. e01495 (2019),30429339,,,775
polyclonal AIIMS_330 112mo,PVO_4,Mishra et al. J Virol 13:93 (2019),31217240,,,775
polyclonal AIIMS_330 112mo,Q168_A2,Mishra et al. J Virol 13:93 (2019),31217240,,,1029
polyclonal AIIMS_330 112mo,QH0692_42,Kumar et al. J Virol. e01495 (2019),30429339,,,<100
polyclonal AIIMS_330 112mo,QH0692_42,Mishra et al. J Virol 13:93 (2019),31217240,,,<50
polyclonal AIIMS_330 112mo,RHPA4259_7,Mishra et al. J Virol 13:93 (2019),31217240,,,2046
polyclonal AIIMS_330 112mo,SC422_8,Kumar et al. J Virol. e01495 (2019),30429339,,,991
polyclonal AIIMS_330 112mo,SC422_8,Mishra et al. J Virol 13:93 (2019),31217240,,,991
polyclonal AIIMS_330 112mo,SF162,Kumar et al. J Virol. e01495 (2019),30429339,,,4435
polyclonal AIIMS_330 112mo,SF162,Mishra et al. J Virol 13:93 (2019),31217240,,,4435
polyclonal AIIMS_330 112mo,THRO4156,Kumar et al. J Virol. e01495 (2019),30429339,,,<100
polyclonal AIIMS_330 112mo,THRO4156,Mishra et al. J Virol 13:93 (2019),31217240,,,71
polyclonal AIIMS_330 112mo,TRJO4551_58,Kumar et al. J Virol. e01495 (2019),30429339,,,364
polyclonal AIIMS_330 112mo,TRJO4551_58,Mishra et al. J Virol 13:93 (2019),31217240,,,364
polyclonal AIIMS_330 112mo,TRO_11,Kumar et al. J Virol. e01495 (2019),30429339,,,1148
polyclonal AIIMS_330 112mo,TRO_11,Mishra et al. J Virol 13:93 (2019),31217240,,,1148
polyclonal AIIMS_330 112mo,X1632_S2_B10,Mishra et al. J Virol 13:93 (2019),31217240,,,490
polyclonal AIIMS_330 112mo,X2278_C2_B6,Mishra et al. J Virol 13:93 (2019),31217240,,,1906
polyclonal AIIMS_330 112mo,ZM109_32,Mishra et al. J Virol 13:93 (2019),31217240,,,948
polyclonal AIIMS_330 112mo,ZM197_7,Mishra et al. J Virol 13:93 (2019),31217240,,,894
polyclonal AIIMS_330 112mo,ZM214_15,Mishra et al. J Virol 13:93 (2019),31217240,,,512
polyclonal AIIMS_330 112mo,ZM249_1,Mishra et al. J Virol 13:93 (2019),31217240,,,248
polyclonal AIIMS_330 112mo,ZM53_12,Kumar et al. J Virol. e01495 (2019),30429339,,,184
polyclonal AIIMS_330 112mo,ZM53_12,Mishra et al. J Virol 13:93 (2019),31217240,,,184
polyclonal AIIMS_330 117mo,001428_2_42,Mishra et al. J Virol 13:93 (2019),31217240,,,2149
polyclonal AIIMS_330 117mo,00836_2_5,Mishra et al. J Virol 13:93 (2019),31217240,,,264
polyclonal AIIMS_330 117mo,16055_2_3,Mishra et al. J Virol 13:93 (2019),31217240,,,1897
polyclonal AIIMS_330 117mo,16936_2_21,Mishra et al. J Virol 13:93 (2019),31217240,,,1126
polyclonal AIIMS_330 117mo,246_F3_C10_2,Mishra et al. J Virol 13:93 (2019),31217240,,,748
polyclonal AIIMS_330 117mo,25710_2_43,Mishra et al. J Virol 13:93 (2019),31217240,,,2458
polyclonal AIIMS_330 117mo,25711_2_4,Mishra et al. J Virol 13:93 (2019),31217240,,,1125
polyclonal AIIMS_330 117mo,25925_2_22,Mishra et al. J Virol 13:93 (2019),31217240,,,2867
polyclonal AIIMS_330 117mo,330_16_A2,Mishra et al. J Virol 13:93 (2019),31217240,,,214
polyclonal AIIMS_330 117mo,330_16_D4,Mishra et al. J Virol 13:93 (2019),31217240,,,151
polyclonal AIIMS_330 117mo,330_16_E6,Mishra et al. J Virol 13:93 (2019),31217240,,,2459
polyclonal AIIMS_330 117mo,330_16_H2,Mishra et al. J Virol 13:93 (2019),31217240,,,213
polyclonal AIIMS_330 117mo,398_F1_F6_20,Mishra et al. J Virol 13:93 (2019),31217240,,,1749
polyclonal AIIMS_330 117mo,6535_3,Mishra et al. J Virol 13:93 (2019),31217240,,,928
polyclonal AIIMS_330 117mo,703010217_B6,Mishra et al. J Virol 13:93 (2019),31217240,,,1110
polyclonal AIIMS_330 117mo,BAL_01,Mishra et al. J Virol 13:93 (2019),31217240,,,6496
polyclonal AIIMS_330 117mo,BG505_W6M_C2,Mishra et al. J Virol 13:93 (2019),31217240,,,1264
polyclonal AIIMS_330 117mo,BJ613_E1,Mishra et al. J Virol 13:93 (2019),31217240,,,2195
polyclonal AIIMS_330 117mo,BJOX002000_03_2,Mishra et al. J Virol 13:93 (2019),31217240,,,1149
polyclonal AIIMS_330 117mo,CAAN5342,Mishra et al. J Virol 13:93 (2019),31217240,,,327
polyclonal AIIMS_330 117mo,CAP210_E8,Mishra et al. J Virol 13:93 (2019),31217240,,,<50
polyclonal AIIMS_330 117mo,CAP256_SU,Mishra et al. J Virol 13:93 (2019),31217240,,,1128
polyclonal AIIMS_330 117mo,CAP45_G3,Mishra et al. J Virol 13:93 (2019),31217240,,,257
polyclonal AIIMS_330 117mo,CE1176_A3,Mishra et al. J Virol 13:93 (2019),31217240,,,542
polyclonal AIIMS_330 117mo,CH119_10,Mishra et al. J Virol 13:93 (2019),31217240,,,412
polyclonal AIIMS_330 117mo,CNE55,Mishra et al. J Virol 13:93 (2019),31217240,,,1656
polyclonal AIIMS_330 117mo,CNE8,Mishra et al. J Virol 13:93 (2019),31217240,,,442
polyclonal AIIMS_330 117mo,DU156_12,Mishra et al. J Virol 13:93 (2019),31217240,,,2269
polyclonal AIIMS_330 117mo,DU172_17,Mishra et al. J Virol 13:93 (2019),31217240,,,489
polyclonal AIIMS_330 117mo,JRCSF,Mishra et al. J Virol 13:93 (2019),31217240,,,652
polyclonal AIIMS_330 117mo,JRFL,Mishra et al. J Virol 13:93 (2019),31217240,,,454
polyclonal AIIMS_330 117mo,PVO_4,Mishra et al. J Virol 13:93 (2019),31217240,,,1159
polyclonal AIIMS_330 117mo,Q168_A2,Mishra et al. J Virol 13:93 (2019),31217240,,,849
polyclonal AIIMS_330 117mo,QH0692_42,Mishra et al. J Virol 13:93 (2019),31217240,,,394
polyclonal AIIMS_330 117mo,RHPA4259_7,Mishra et al. J Virol 13:93 (2019),31217240,,,1127
polyclonal AIIMS_330 117mo,SC422_8,Mishra et al. J Virol 13:93 (2019),31217240,,,1042
polyclonal AIIMS_330 117mo,SF162,Mishra et al. J Virol 13:93 (2019),31217240,,,9654
polyclonal AIIMS_330 117mo,THRO4156,Mishra et al. J Virol 13:93 (2019),31217240,,,129
polyclonal AIIMS_330 117mo,TRJO4551_58,Mishra et al. J Virol 13:93 (2019),31217240,,,527
polyclonal AIIMS_330 117mo,TRO_11,Mishra et al. J Virol 13:93 (2019),31217240,,,1658
polyclonal AIIMS_330 117mo,X1632_S2_B10,Mishra et al. J Virol 13:93 (2019),31217240,,,398
polyclonal AIIMS_330 117mo,X2278_C2_B6,Mishra et al. J Virol 13:93 (2019),31217240,,,1487
polyclonal AIIMS_330 117mo,ZM109_32,Mishra et al. J Virol 13:93 (2019),31217240,,,1026
polyclonal AIIMS_330 117mo,ZM197_7,Mishra et al. J Virol 13:93 (2019),31217240,,,997
polyclonal AIIMS_330 117mo,ZM214_15,Mishra et al. J Virol 13:93 (2019),31217240,,,487
polyclonal AIIMS_330 117mo,ZM249_1,Mishra et al. J Virol 13:93 (2019),31217240,,,198
polyclonal AIIMS_330 117mo,ZM53_12,Mishra et al. J Virol 13:93 (2019),31217240,,,998
polyclonal AIIMS_330 124mo,001428_2_42,Mishra et al. J Virol 13:93 (2019),31217240,,,1652
polyclonal AIIMS_330 124mo,00836_2_5,Mishra et al. J Virol 13:93 (2019),31217240,,,365
polyclonal AIIMS_330 124mo,16055_2_3,Mishra et al. J Virol 13:93 (2019),31217240,,,1153
polyclonal AIIMS_330 124mo,16936_2_21,Mishra et al. J Virol 13:93 (2019),31217240,,,1248
polyclonal AIIMS_330 124mo,246_F3_C10_2,Mishra et al. J Virol 13:93 (2019),31217240,,,860
polyclonal AIIMS_330 124mo,25710_2_43,Mishra et al. J Virol 13:93 (2019),31217240,,,1661
polyclonal AIIMS_330 124mo,25711_2_4,Mishra et al. J Virol 13:93 (2019),31217240,,,1527
polyclonal AIIMS_330 124mo,25925_2_22,Mishra et al. J Virol 13:93 (2019),31217240,,,458
polyclonal AIIMS_330 124mo,398_F1_F6_20,Mishra et al. J Virol 13:93 (2019),31217240,,,1906
polyclonal AIIMS_330 124mo,6535_3,Mishra et al. J Virol 13:93 (2019),31217240,,,1124
polyclonal AIIMS_330 124mo,703010217_B6,Mishra et al. J Virol 13:93 (2019),31217240,,,986
polyclonal AIIMS_330 124mo,BAL_01,Mishra et al. J Virol 13:93 (2019),31217240,,,6947
polyclonal AIIMS_330 124mo,BG505_W6M_C2,Mishra et al. J Virol 13:93 (2019),31217240,,,2578
polyclonal AIIMS_330 124mo,BJ613_E1,Mishra et al. J Virol 13:93 (2019),31217240,,,1594
polyclonal AIIMS_330 124mo,BJOX002000_03_2,Mishra et al. J Virol 13:93 (2019),31217240,,,1660
polyclonal AIIMS_330 124mo,CAAN5342,Mishra et al. J Virol 13:93 (2019),31217240,,,457
polyclonal AIIMS_330 124mo,CAP210_E8,Mishra et al. J Virol 13:93 (2019),31217240,,,124
polyclonal AIIMS_330 124mo,CAP256_SU,Mishra et al. J Virol 13:93 (2019),31217240,,,1459
polyclonal AIIMS_330 124mo,CAP45_G3,Mishra et al. J Virol 13:93 (2019),31217240,,,113
polyclonal AIIMS_330 124mo,CE1176_A3,Mishra et al. J Virol 13:93 (2019),31217240,,,724
polyclonal AIIMS_330 124mo,CH119_10,Mishra et al. J Virol 13:93 (2019),31217240,,,323
polyclonal AIIMS_330 124mo,CNE55,Mishra et al. J Virol 13:93 (2019),31217240,,,1847
polyclonal AIIMS_330 124mo,CNE8,Mishra et al. J Virol 13:93 (2019),31217240,,,463
polyclonal AIIMS_330 124mo,DU156_12,Mishra et al. J Virol 13:93 (2019),31217240,,,1574
polyclonal AIIMS_330 124mo,DU172_17,Mishra et al. J Virol 13:93 (2019),31217240,,,632
polyclonal AIIMS_330 124mo,JRCSF,Mishra et al. J Virol 13:93 (2019),31217240,,,548
polyclonal AIIMS_330 124mo,JRFL,Mishra et al. J Virol 13:93 (2019),31217240,,,365
polyclonal AIIMS_330 124mo,PVO_4,Mishra et al. J Virol 13:93 (2019),31217240,,,1347
polyclonal AIIMS_330 124mo,Q168_A2,Mishra et al. J Virol 13:93 (2019),31217240,,,913
polyclonal AIIMS_330 124mo,QH0692_42,Mishra et al. J Virol 13:93 (2019),31217240,,,458
polyclonal AIIMS_330 124mo,RHPA4259_7,Mishra et al. J Virol 13:93 (2019),31217240,,,1754
polyclonal AIIMS_330 124mo,SC422_8,Mishra et al. J Virol 13:93 (2019),31217240,,,1085
polyclonal AIIMS_330 124mo,SF162,Mishra et al. J Virol 13:93 (2019),31217240,,,18574
polyclonal AIIMS_330 124mo,THRO4156,Mishra et al. J Virol 13:93 (2019),31217240,,,212
polyclonal AIIMS_330 124mo,TRJO4551_58,Mishra et al. J Virol 13:93 (2019),31217240,,,367
polyclonal AIIMS_330 124mo,TRO_11,Mishra et al. J Virol 13:93 (2019),31217240,,,1725
polyclonal AIIMS_330 124mo,X1632_S2_B10,Mishra et al. J Virol 13:93 (2019),31217240,,,284
polyclonal AIIMS_330 124mo,X2278_C2_B6,Mishra et al. J Virol 13:93 (2019),31217240,,,1097
polyclonal AIIMS_330 124mo,ZM109_32,Mishra et al. J Virol 13:93 (2019),31217240,,,1169
polyclonal AIIMS_330 124mo,ZM197_7,Mishra et al. J Virol 13:93 (2019),31217240,,,891
polyclonal AIIMS_330 124mo,ZM214_15,Mishra et al. J Virol 13:93 (2019),31217240,,,468
polyclonal AIIMS_330 124mo,ZM249_1,Mishra et al. J Virol 13:93 (2019),31217240,,,328
polyclonal AIIMS_330 124mo,ZM53_12,Mishra et al. J Virol 13:93 (2019),31217240,,,1285
polyclonal AIIMS_330 131mo,001428_2_42,Mishra et al. J Virol 13:93 (2019),31217240,,,2498
polyclonal AIIMS_330 131mo,00836_2_5,Mishra et al. J Virol 13:93 (2019),31217240,,,547
polyclonal AIIMS_330 131mo,16055_2_3,Mishra et al. J Virol 13:93 (2019),31217240,,,1269
polyclonal AIIMS_330 131mo,16936_2_21,Mishra et al. J Virol 13:93 (2019),31217240,,,967
polyclonal AIIMS_330 131mo,246_F3_C10_2,Mishra et al. J Virol 13:93 (2019),31217240,,,550
polyclonal AIIMS_330 131mo,25710_2_43,Mishra et al. J Virol 13:93 (2019),31217240,,,1759
polyclonal AIIMS_330 131mo,25711_2_4,Mishra et al. J Virol 13:93 (2019),31217240,,,417
polyclonal AIIMS_330 131mo,25925_2_22,Mishra et al. J Virol 13:93 (2019),31217240,,,325
polyclonal AIIMS_330 131mo,398_F1_F6_20,Mishra et al. J Virol 13:93 (2019),31217240,,,933
polyclonal AIIMS_330 131mo,6535_3,Mishra et al. J Virol 13:93 (2019),31217240,,,1529
polyclonal AIIMS_330 131mo,703010217_B6,Mishra et al. J Virol 13:93 (2019),31217240,,,1056
polyclonal AIIMS_330 131mo,BAL_01,Mishra et al. J Virol 13:93 (2019),31217240,,,7128
polyclonal AIIMS_330 131mo,BG505_W6M_C2,Mishra et al. J Virol 13:93 (2019),31217240,,,1562
polyclonal AIIMS_330 131mo,BJ613_E1,Mishra et al. J Virol 13:93 (2019),31217240,,,958
polyclonal AIIMS_330 131mo,BJOX002000_03_2,Mishra et al. J Virol 13:93 (2019),31217240,,,631
polyclonal AIIMS_330 131mo,CAAN5342,Mishra et al. J Virol 13:93 (2019),31217240,,,521
polyclonal AIIMS_330 131mo,CAP210_E8,Mishra et al. J Virol 13:93 (2019),31217240,,,69
polyclonal AIIMS_330 131mo,CAP256_SU,Mishra et al. J Virol 13:93 (2019),31217240,,,948
polyclonal AIIMS_330 131mo,CAP45_G3,Mishra et al. J Virol 13:93 (2019),31217240,,,1984
polyclonal AIIMS_330 131mo,CE1176_A3,Mishra et al. J Virol 13:93 (2019),31217240,,,408
polyclonal AIIMS_330 131mo,CH119_10,Mishra et al. J Virol 13:93 (2019),31217240,,,302
polyclonal AIIMS_330 131mo,CNE55,Mishra et al. J Virol 13:93 (2019),31217240,,,2549
polyclonal AIIMS_330 131mo,CNE8,Mishra et al. J Virol 13:93 (2019),31217240,,,216
polyclonal AIIMS_330 131mo,DU156_12,Mishra et al. J Virol 13:93 (2019),31217240,,,985
polyclonal AIIMS_330 131mo,DU172_17,Mishra et al. J Virol 13:93 (2019),31217240,,,132
polyclonal AIIMS_330 131mo,JRCSF,Mishra et al. J Virol 13:93 (2019),31217240,,,717
polyclonal AIIMS_330 131mo,JRFL,Mishra et al. J Virol 13:93 (2019),31217240,,,469
polyclonal AIIMS_330 131mo,PVO_4,Mishra et al. J Virol 13:93 (2019),31217240,,,214
polyclonal AIIMS_330 131mo,Q168_A2,Mishra et al. J Virol 13:93 (2019),31217240,,,697
polyclonal AIIMS_330 131mo,QH0692_42,Mishra et al. J Virol 13:93 (2019),31217240,,,363
polyclonal AIIMS_330 131mo,RHPA4259_7,Mishra et al. J Virol 13:93 (2019),31217240,,,963
polyclonal AIIMS_330 131mo,SC422_8,Mishra et al. J Virol 13:93 (2019),31217240,,,369
polyclonal AIIMS_330 131mo,SF162,Mishra et al. J Virol 13:93 (2019),31217240,,,15874
polyclonal AIIMS_330 131mo,THRO4156,Mishra et al. J Virol 13:93 (2019),31217240,,,96
polyclonal AIIMS_330 131mo,TRJO4551_58,Mishra et al. J Virol 13:93 (2019),31217240,,,424
polyclonal AIIMS_330 131mo,TRO_11,Mishra et al. J Virol 13:93 (2019),31217240,,,1001
polyclonal AIIMS_330 131mo,X1632_S2_B10,Mishra et al. J Virol 13:93 (2019),31217240,,,146
polyclonal AIIMS_330 131mo,X2278_C2_B6,Mishra et al. J Virol 13:93 (2019),31217240,,,2239
polyclonal AIIMS_330 131mo,ZM109_32,Mishra et al. J Virol 13:93 (2019),31217240,,,374
polyclonal AIIMS_330 131mo,ZM197_7,Mishra et al. J Virol 13:93 (2019),31217240,,,759
polyclonal AIIMS_330 131mo,ZM214_15,Mishra et al. J Virol 13:93 (2019),31217240,,,891
polyclonal AIIMS_330 131mo,ZM249_1,Mishra et al. J Virol 13:93 (2019),31217240,,,417
polyclonal AIIMS_330 131mo,ZM53_12,Mishra et al. J Virol 13:93 (2019),31217240,,,528
polyclonal AIIMS_330 138mo,001428_2_42,Mishra et al. J Virol 13:93 (2019),31217240,,,1587
polyclonal AIIMS_330 138mo,00836_2_5,Mishra et al. J Virol 13:93 (2019),31217240,,,241
polyclonal AIIMS_330 138mo,16055_2_3,Mishra et al. J Virol 13:93 (2019),31217240,,,1455
polyclonal AIIMS_330 138mo,16936_2_21,Mishra et al. J Virol 13:93 (2019),31217240,,,678
polyclonal AIIMS_330 138mo,246_F3_C10_2,Mishra et al. J Virol 13:93 (2019),31217240,,,963
polyclonal AIIMS_330 138mo,25710_2_43,Mishra et al. J Virol 13:93 (2019),31217240,,,2047
polyclonal AIIMS_330 138mo,25711_2_4,Mishra et al. J Virol 13:93 (2019),31217240,,,1684
polyclonal AIIMS_330 138mo,25925_2_22,Mishra et al. J Virol 13:93 (2019),31217240,,,459
polyclonal AIIMS_330 138mo,398_F1_F6_20,Mishra et al. J Virol 13:93 (2019),31217240,,,2090
polyclonal AIIMS_330 138mo,6535_3,Mishra et al. J Virol 13:93 (2019),31217240,,,1627
polyclonal AIIMS_330 138mo,703010217_B6,Mishra et al. J Virol 13:93 (2019),31217240,,,1125
polyclonal AIIMS_330 138mo,BAL_01,Mishra et al. J Virol 13:93 (2019),31217240,,,4217
polyclonal AIIMS_330 138mo,BG505_W6M_C2,Mishra et al. J Virol 13:93 (2019),31217240,,,792
polyclonal AIIMS_330 138mo,BJ613_E1,Mishra et al. J Virol 13:93 (2019),31217240,,,874
polyclonal AIIMS_330 138mo,BJOX002000_03_2,Mishra et al. J Virol 13:93 (2019),31217240,,,708
polyclonal AIIMS_330 138mo,CAAN5342,Mishra et al. J Virol 13:93 (2019),31217240,,,1115
polyclonal AIIMS_330 138mo,CAP210_E8,Mishra et al. J Virol 13:93 (2019),31217240,,,152
polyclonal AIIMS_330 138mo,CAP256_SU,Mishra et al. J Virol 13:93 (2019),31217240,,,959
polyclonal AIIMS_330 138mo,CAP45_G3,Mishra et al. J Virol 13:93 (2019),31217240,,,823
polyclonal AIIMS_330 138mo,CE1176_A3,Mishra et al. J Virol 13:93 (2019),31217240,,,708
polyclonal AIIMS_330 138mo,CH119_10,Mishra et al. J Virol 13:93 (2019),31217240,,,309
polyclonal AIIMS_330 138mo,CNE55,Mishra et al. J Virol 13:93 (2019),31217240,,,3214
polyclonal AIIMS_330 138mo,CNE8,Mishra et al. J Virol 13:93 (2019),31217240,,,339
polyclonal AIIMS_330 138mo,DU156_12,Mishra et al. J Virol 13:93 (2019),31217240,,,735
polyclonal AIIMS_330 138mo,DU172_17,Mishra et al. J Virol 13:93 (2019),31217240,,,821
polyclonal AIIMS_330 138mo,JRCSF,Mishra et al. J Virol 13:93 (2019),31217240,,,600
polyclonal AIIMS_330 138mo,JRFL,Mishra et al. J Virol 13:93 (2019),31217240,,,450
polyclonal AIIMS_330 138mo,PVO_4,Mishra et al. J Virol 13:93 (2019),31217240,,,1438
polyclonal AIIMS_330 138mo,Q168_A2,Mishra et al. J Virol 13:93 (2019),31217240,,,874
polyclonal AIIMS_330 138mo,QH0692_42,Mishra et al. J Virol 13:93 (2019),31217240,,,322
polyclonal AIIMS_330 138mo,RHPA4259_7,Mishra et al. J Virol 13:93 (2019),31217240,,,1487
polyclonal AIIMS_330 138mo,SC422_8,Mishra et al. J Virol 13:93 (2019),31217240,,,513
polyclonal AIIMS_330 138mo,SF162,Mishra et al. J Virol 13:93 (2019),31217240,,,6101
polyclonal AIIMS_330 138mo,THRO4156,Mishra et al. J Virol 13:93 (2019),31217240,,,146
polyclonal AIIMS_330 138mo,TRJO4551_58,Mishra et al. J Virol 13:93 (2019),31217240,,,218
polyclonal AIIMS_330 138mo,TRO_11,Mishra et al. J Virol 13:93 (2019),31217240,,,1589
polyclonal AIIMS_330 138mo,X1632_S2_B10,Mishra et al. J Virol 13:93 (2019),31217240,,,156
polyclonal AIIMS_330 138mo,X2278_C2_B6,Mishra et al. J Virol 13:93 (2019),31217240,,,2138
polyclonal AIIMS_330 138mo,ZM109_32,Mishra et al. J Virol 13:93 (2019),31217240,,,1348
polyclonal AIIMS_330 138mo,ZM197_7,Mishra et al. J Virol 13:93 (2019),31217240,,,812
polyclonal AIIMS_330 138mo,ZM214_15,Mishra et al. J Virol 13:93 (2019),31217240,,,1284
polyclonal AIIMS_330 138mo,ZM249_1,Mishra et al. J Virol 13:93 (2019),31217240,,,321
polyclonal AIIMS_330 138mo,ZM53_12,Mishra et al. J Virol 13:93 (2019),31217240,,,1081
polyclonal AIIMS_330 78mo,001428_2_42,Mishra et al. J Virol 13:93 (2019),31217240,,,548
polyclonal AIIMS_330 78mo,00836_2_5,Mishra et al. J Virol 13:93 (2019),31217240,,,78
polyclonal AIIMS_330 78mo,16055_2_3,Mishra et al. J Virol 13:93 (2019),31217240,,,1126
polyclonal AIIMS_330 78mo,16936_2_21,Mishra et al. J Virol 13:93 (2019),31217240,,,376
polyclonal AIIMS_330 78mo,246_F3_C10_2,Mishra et al. J Virol 13:93 (2019),31217240,,,112
polyclonal AIIMS_330 78mo,25710_2_43,Mishra et al. J Virol 13:93 (2019),31217240,,,540
polyclonal AIIMS_330 78mo,25711_2_4,Mishra et al. J Virol 13:93 (2019),31217240,,,600
polyclonal AIIMS_330 78mo,25925_2_22,Mishra et al. J Virol 13:93 (2019),31217240,,,751
polyclonal AIIMS_330 78mo,398_F1_F6_20,Mishra et al. J Virol 13:93 (2019),31217240,,,315
polyclonal AIIMS_330 78mo,6535_3,Mishra et al. J Virol 13:93 (2019),31217240,,,428
polyclonal AIIMS_330 78mo,703010217_B6,Mishra et al. J Virol 13:93 (2019),31217240,,,364
polyclonal AIIMS_330 78mo,BAL_01,Mishra et al. J Virol 13:93 (2019),31217240,,,1052
polyclonal AIIMS_330 78mo,BG505_W6M_C2,Mishra et al. J Virol 13:93 (2019),31217240,,,261
polyclonal AIIMS_330 78mo,BJ613_E1,Mishra et al. J Virol 13:93 (2019),31217240,,,751
polyclonal AIIMS_330 78mo,BJOX002000_03_2,Mishra et al. J Virol 13:93 (2019),31217240,,,376
polyclonal AIIMS_330 78mo,CAAN5342,Mishra et al. J Virol 13:93 (2019),31217240,,,751
polyclonal AIIMS_330 78mo,CAP210_E8,Mishra et al. J Virol 13:93 (2019),31217240,,,<50
polyclonal AIIMS_330 78mo,CAP256_SU,Mishra et al. J Virol 13:93 (2019),31217240,,,241
polyclonal AIIMS_330 78mo,CAP45_G3,Mishra et al. J Virol 13:93 (2019),31217240,,,<50
polyclonal AIIMS_330 78mo,CE1176_A3,Mishra et al. J Virol 13:93 (2019),31217240,,,146
polyclonal AIIMS_330 78mo,CH119_10,Mishra et al. J Virol 13:93 (2019),31217240,,,<50
polyclonal AIIMS_330 78mo,CNE55,Mishra et al. J Virol 13:93 (2019),31217240,,,426
polyclonal AIIMS_330 78mo,CNE8,Mishra et al. J Virol 13:93 (2019),31217240,,,72
polyclonal AIIMS_330 78mo,DU156_12,Mishra et al. J Virol 13:93 (2019),31217240,,,365
polyclonal AIIMS_330 78mo,DU172_17,Mishra et al. J Virol 13:93 (2019),31217240,,,125
polyclonal AIIMS_330 78mo,JRCSF,Mishra et al. J Virol 13:93 (2019),31217240,,,165
polyclonal AIIMS_330 78mo,JRFL,Mishra et al. J Virol 13:93 (2019),31217240,,,165
polyclonal AIIMS_330 78mo,PVO_4,Mishra et al. J Virol 13:93 (2019),31217240,,,<50
polyclonal AIIMS_330 78mo,Q168_A2,Mishra et al. J Virol 13:93 (2019),31217240,,,300
polyclonal AIIMS_330 78mo,QH0692_42,Mishra et al. J Virol 13:93 (2019),31217240,,,<50
polyclonal AIIMS_330 78mo,RHPA4259_7,Mishra et al. J Virol 13:93 (2019),31217240,,,913
polyclonal AIIMS_330 78mo,SC422_8,Mishra et al. J Virol 13:93 (2019),31217240,,,111
polyclonal AIIMS_330 78mo,SF162,Mishra et al. J Virol 13:93 (2019),31217240,,,1568
polyclonal AIIMS_330 78mo,THRO4156,Mishra et al. J Virol 13:93 (2019),31217240,,,<50
polyclonal AIIMS_330 78mo,TRJO4551_58,Mishra et al. J Virol 13:93 (2019),31217240,,,213
polyclonal AIIMS_330 78mo,TRO_11,Mishra et al. J Virol 13:93 (2019),31217240,,,292
polyclonal AIIMS_330 78mo,X1632_S2_B10,Mishra et al. J Virol 13:93 (2019),31217240,,,64
polyclonal AIIMS_330 78mo,X2278_C2_B6,Mishra et al. J Virol 13:93 (2019),31217240,,,456
polyclonal AIIMS_330 78mo,ZM109_32,Mishra et al. J Virol 13:93 (2019),31217240,,,312
polyclonal AIIMS_330 78mo,ZM197_7,Mishra et al. J Virol 13:93 (2019),31217240,,,300
polyclonal AIIMS_330 78mo,ZM214_15,Mishra et al. J Virol 13:93 (2019),31217240,,,61
polyclonal AIIMS_330 78mo,ZM249_1,Mishra et al. J Virol 13:93 (2019),31217240,,,<50
polyclonal AIIMS_330 78mo,ZM53_12,Mishra et al. J Virol 13:93 (2019),31217240,,,647
polyclonal AIIMS_330 82mo,001428_2_42,Mishra et al. J Virol 13:93 (2019),31217240,,,612
polyclonal AIIMS_330 82mo,00836_2_5,Mishra et al. J Virol 13:93 (2019),31217240,,,81
polyclonal AIIMS_330 82mo,16055_2_3,Mishra et al. J Virol 13:93 (2019),31217240,,,1213
polyclonal AIIMS_330 82mo,16936_2_21,Mishra et al. J Virol 13:93 (2019),31217240,,,387
polyclonal AIIMS_330 82mo,246_F3_C10_2,Mishra et al. J Virol 13:93 (2019),31217240,,,189
polyclonal AIIMS_330 82mo,25710_2_43,Mishra et al. J Virol 13:93 (2019),31217240,,,560
polyclonal AIIMS_330 82mo,25711_2_4,Mishra et al. J Virol 13:93 (2019),31217240,,,649
polyclonal AIIMS_330 82mo,25925_2_22,Mishra et al. J Virol 13:93 (2019),31217240,,,779
polyclonal AIIMS_330 82mo,398_F1_F6_20,Mishra et al. J Virol 13:93 (2019),31217240,,,415
polyclonal AIIMS_330 82mo,6535_3,Mishra et al. J Virol 13:93 (2019),31217240,,,561
polyclonal AIIMS_330 82mo,703010217_B6,Mishra et al. J Virol 13:93 (2019),31217240,,,389
polyclonal AIIMS_330 82mo,BAL_01,Mishra et al. J Virol 13:93 (2019),31217240,,,1496
polyclonal AIIMS_330 82mo,BG505_W6M_C2,Mishra et al. J Virol 13:93 (2019),31217240,,,302
polyclonal AIIMS_330 82mo,BJ613_E1,Mishra et al. J Virol 13:93 (2019),31217240,,,774
polyclonal AIIMS_330 82mo,BJOX002000_03_2,Mishra et al. J Virol 13:93 (2019),31217240,,,389
polyclonal AIIMS_330 82mo,CAAN5342,Mishra et al. J Virol 13:93 (2019),31217240,,,779
polyclonal AIIMS_330 82mo,CAP210_E8,Mishra et al. J Virol 13:93 (2019),31217240,,,<50
polyclonal AIIMS_330 82mo,CAP256_SU,Mishra et al. J Virol 13:93 (2019),31217240,,,265
polyclonal AIIMS_330 82mo,CAP45_G3,Mishra et al. J Virol 13:93 (2019),31217240,,,<50
polyclonal AIIMS_330 82mo,CE1176_A3,Mishra et al. J Virol 13:93 (2019),31217240,,,326
polyclonal AIIMS_330 82mo,CH119_10,Mishra et al. J Virol 13:93 (2019),31217240,,,<50
polyclonal AIIMS_330 82mo,CNE55,Mishra et al. J Virol 13:93 (2019),31217240,,,449
polyclonal AIIMS_330 82mo,CNE8,Mishra et al. J Virol 13:93 (2019),31217240,,,88
polyclonal AIIMS_330 82mo,DU156_12,Mishra et al. J Virol 13:93 (2019),31217240,,,265
polyclonal AIIMS_330 82mo,DU172_17,Mishra et al. J Virol 13:93 (2019),31217240,,,145
polyclonal AIIMS_330 82mo,JRCSF,Mishra et al. J Virol 13:93 (2019),31217240,,,177
polyclonal AIIMS_330 82mo,JRFL,Mishra et al. J Virol 13:93 (2019),31217240,,,177
polyclonal AIIMS_330 82mo,PVO_4,Mishra et al. J Virol 13:93 (2019),31217240,,,78
polyclonal AIIMS_330 82mo,Q168_A2,Mishra et al. J Virol 13:93 (2019),31217240,,,323
polyclonal AIIMS_330 82mo,QH0692_42,Mishra et al. J Virol 13:93 (2019),31217240,,,<50
polyclonal AIIMS_330 82mo,RHPA4259_7,Mishra et al. J Virol 13:93 (2019),31217240,,,879
polyclonal AIIMS_330 82mo,SC422_8,Mishra et al. J Virol 13:93 (2019),31217240,,,125
polyclonal AIIMS_330 82mo,SF162,Mishra et al. J Virol 13:93 (2019),31217240,,,1685
polyclonal AIIMS_330 82mo,THRO4156,Mishra et al. J Virol 13:93 (2019),31217240,,,<50
polyclonal AIIMS_330 82mo,TRJO4551_58,Mishra et al. J Virol 13:93 (2019),31217240,,,246
polyclonal AIIMS_330 82mo,TRO_11,Mishra et al. J Virol 13:93 (2019),31217240,,,329
polyclonal AIIMS_330 82mo,X1632_S2_B10,Mishra et al. J Virol 13:93 (2019),31217240,,,78
polyclonal AIIMS_330 82mo,X2278_C2_B6,Mishra et al. J Virol 13:93 (2019),31217240,,,218
polyclonal AIIMS_330 82mo,ZM109_32,Mishra et al. J Virol 13:93 (2019),31217240,,,369
polyclonal AIIMS_330 82mo,ZM197_7,Mishra et al. J Virol 13:93 (2019),31217240,,,345
polyclonal AIIMS_330 82mo,ZM214_15,Mishra et al. J Virol 13:93 (2019),31217240,,,78
polyclonal AIIMS_330 82mo,ZM249_1,Mishra et al. J Virol 13:93 (2019),31217240,,,<50
polyclonal AIIMS_330 82mo,ZM53_12,Mishra et al. J Virol 13:93 (2019),31217240,,,714
polyclonal AIIMS_330 90mo,001428_2_42,Mishra et al. J Virol 13:93 (2019),31217240,,,759
polyclonal AIIMS_330 90mo,00836_2_5,Mishra et al. J Virol 13:93 (2019),31217240,,,86
polyclonal AIIMS_330 90mo,16055_2_3,Mishra et al. J Virol 13:93 (2019),31217240,,,1317
polyclonal AIIMS_330 90mo,16936_2_21,Mishra et al. J Virol 13:93 (2019),31217240,,,387
polyclonal AIIMS_330 90mo,246_F3_C10_2,Mishra et al. J Virol 13:93 (2019),31217240,,,246
polyclonal AIIMS_330 90mo,25710_2_43,Mishra et al. J Virol 13:93 (2019),31217240,,,587
polyclonal AIIMS_330 90mo,25711_2_4,Mishra et al. J Virol 13:93 (2019),31217240,,,713
polyclonal AIIMS_330 90mo,25925_2_22,Mishra et al. J Virol 13:93 (2019),31217240,,,798
polyclonal AIIMS_330 90mo,330_14_A12,Mishra et al. J Virol 13:93 (2019),31217240,,,912
polyclonal AIIMS_330 90mo,330_14_A20,Mishra et al. J Virol 13:93 (2019),31217240,,,321
polyclonal AIIMS_330 90mo,398_F1_F6_20,Mishra et al. J Virol 13:93 (2019),31217240,,,562
polyclonal AIIMS_330 90mo,6535_3,Mishra et al. J Virol 13:93 (2019),31217240,,,749
polyclonal AIIMS_330 90mo,703010217_B6,Mishra et al. J Virol 13:93 (2019),31217240,,,459
polyclonal AIIMS_330 90mo,BAL_01,Mishra et al. J Virol 13:93 (2019),31217240,,,2146
polyclonal AIIMS_330 90mo,BG505_W6M_C2,Mishra et al. J Virol 13:93 (2019),31217240,,,346
polyclonal AIIMS_330 90mo,BJ613_E1,Mishra et al. J Virol 13:93 (2019),31217240,,,788
polyclonal AIIMS_330 90mo,BJOX002000_03_2,Mishra et al. J Virol 13:93 (2019),31217240,,,249
polyclonal AIIMS_330 90mo,CAAN5342,Mishra et al. J Virol 13:93 (2019),31217240,,,798
polyclonal AIIMS_330 90mo,CAP210_E8,Mishra et al. J Virol 13:93 (2019),31217240,,,<50
polyclonal AIIMS_330 90mo,CAP256_SU,Mishra et al. J Virol 13:93 (2019),31217240,,,271
polyclonal AIIMS_330 90mo,CAP45_G3,Mishra et al. J Virol 13:93 (2019),31217240,,,<50
polyclonal AIIMS_330 90mo,CE1176_A3,Mishra et al. J Virol 13:93 (2019),31217240,,,215
polyclonal AIIMS_330 90mo,CH119_10,Mishra et al. J Virol 13:93 (2019),31217240,,,169
polyclonal AIIMS_330 90mo,CNE55,Mishra et al. J Virol 13:93 (2019),31217240,,,549
polyclonal AIIMS_330 90mo,CNE8,Mishra et al. J Virol 13:93 (2019),31217240,,,94
polyclonal AIIMS_330 90mo,DU156_12,Mishra et al. J Virol 13:93 (2019),31217240,,,213
polyclonal AIIMS_330 90mo,DU172_17,Mishra et al. J Virol 13:93 (2019),31217240,,,156
polyclonal AIIMS_330 90mo,JRCSF,Mishra et al. J Virol 13:93 (2019),31217240,,,198
polyclonal AIIMS_330 90mo,JRFL,Mishra et al. J Virol 13:93 (2019),31217240,,,187
polyclonal AIIMS_330 90mo,PVO_4,Mishra et al. J Virol 13:93 (2019),31217240,,,324
polyclonal AIIMS_330 90mo,Q168_A2,Mishra et al. J Virol 13:93 (2019),31217240,,,355
polyclonal AIIMS_330 90mo,QH0692_42,Mishra et al. J Virol 13:93 (2019),31217240,,,98
polyclonal AIIMS_330 90mo,RHPA4259_7,Mishra et al. J Virol 13:93 (2019),31217240,,,913
polyclonal AIIMS_330 90mo,SC422_8,Mishra et al. J Virol 13:93 (2019),31217240,,,144
polyclonal AIIMS_330 90mo,SF162,Mishra et al. J Virol 13:93 (2019),31217240,,,1761
polyclonal AIIMS_330 90mo,THRO4156,Mishra et al. J Virol 13:93 (2019),31217240,,,<50
polyclonal AIIMS_330 90mo,TRJO4551_58,Mishra et al. J Virol 13:93 (2019),31217240,,,310
polyclonal AIIMS_330 90mo,TRO_11,Mishra et al. J Virol 13:93 (2019),31217240,,,343
polyclonal AIIMS_330 90mo,X1632_S2_B10,Mishra et al. J Virol 13:93 (2019),31217240,,,214
polyclonal AIIMS_330 90mo,X2278_C2_B6,Mishra et al. J Virol 13:93 (2019),31217240,,,249
polyclonal AIIMS_330 90mo,ZM109_32,Mishra et al. J Virol 13:93 (2019),31217240,,,388
polyclonal AIIMS_330 90mo,ZM197_7,Mishra et al. J Virol 13:93 (2019),31217240,,,369
polyclonal AIIMS_330 90mo,ZM214_15,Mishra et al. J Virol 13:93 (2019),31217240,,,256
polyclonal AIIMS_330 90mo,ZM249_1,Mishra et al. J Virol 13:93 (2019),31217240,,,<50
polyclonal AIIMS_330 90mo,ZM53_12,Mishra et al. J Virol 13:93 (2019),31217240,,,787
polyclonal AIIMS704,246_F3_C10_2,Mishra et al. Nat Commun 11:4409 (2020a),32879304,,,176
polyclonal AIIMS704,25710_2_43,Mishra et al. Nat Commun 11:4409 (2020a),32879304,,,324
polyclonal AIIMS704,398_F1_F6_20,Mishra et al. Nat Commun 11:4409 (2020a),32879304,,,245
polyclonal AIIMS704,703010217_B6,Mishra et al. Nat Commun 11:4409 (2020a),32879304,,,312
polyclonal AIIMS704,BJOX002000_03_2,Mishra et al. Nat Commun 11:4409 (2020a),32879304,,,228
polyclonal AIIMS704,CE1176_A3,Mishra et al. Nat Commun 11:4409 (2020a),32879304,,,149
polyclonal AIIMS704,CH119_10,Mishra et al. Nat Commun 11:4409 (2020a),32879304,,,186
polyclonal AIIMS704,CNE55,Mishra et al. Nat Commun 11:4409 (2020a),32879304,,,186
polyclonal AIIMS704,CNE8,Mishra et al. Nat Commun 11:4409 (2020a),32879304,,,172
polyclonal AIIMS704,TRO_11,Mishra et al. Nat Commun 11:4409 (2020a),32879304,,,127
polyclonal AIIMS704,X1632_S2_B10,Mishra et al. Nat Commun 11:4409 (2020a),32879304,,,228
polyclonal AIIMS704,X2278_C2_B6,Mishra et al. Nat Commun 11:4409 (2020a),32879304,,,164
polyclonal AIIMS706,246_F3_C10_2,Mishra et al. Nat Commun 11:4409 (2020a),32879304,,,193
polyclonal AIIMS706,25710_2_43,Mishra et al. Nat Commun 11:4409 (2020a),32879304,,,209
polyclonal AIIMS706,398_F1_F6_20,Mishra et al. Nat Commun 11:4409 (2020a),32879304,,,174
polyclonal AIIMS706,703010217_B6,Mishra et al. Nat Commun 11:4409 (2020a),32879304,,,248
polyclonal AIIMS706,BJOX002000_03_2,Mishra et al. Nat Commun 11:4409 (2020a),32879304,,,162
polyclonal AIIMS706,CE1176_A3,Mishra et al. Nat Commun 11:4409 (2020a),32879304,,,144
polyclonal AIIMS706,CH119_10,Mishra et al. Nat Commun 11:4409 (2020a),32879304,,,316
polyclonal AIIMS706,CNE55,Mishra et al. Nat Commun 11:4409 (2020a),32879304,,,151
polyclonal AIIMS706,CNE8,Mishra et al. Nat Commun 11:4409 (2020a),32879304,,,122
polyclonal AIIMS706,TRO_11,Mishra et al. Nat Commun 11:4409 (2020a),32879304,,,<50
polyclonal AIIMS706,X1632_S2_B10,Mishra et al. Nat Commun 11:4409 (2020a),32879304,,,147
polyclonal AIIMS706,X2278_C2_B6,Mishra et al. Nat Commun 11:4409 (2020a),32879304,,,158
polyclonal AIIMS709,246_F3_C10_2,Mishra et al. Nat Commun 11:4409 (2020a),32879304,,,147
polyclonal AIIMS709,25710_2_43,Mishra et al. Nat Commun 11:4409 (2020a),32879304,,,244
polyclonal AIIMS709,398_F1_F6_20,Mishra et al. Nat Commun 11:4409 (2020a),32879304,,,152
polyclonal AIIMS709,703010217_B6,Mishra et al. Nat Commun 11:4409 (2020a),32879304,,,139
polyclonal AIIMS709,BJOX002000_03_2,Mishra et al. Nat Commun 11:4409 (2020a),32879304,,,148
polyclonal AIIMS709,CE1176_A3,Mishra et al. Nat Commun 11:4409 (2020a),32879304,,,168
polyclonal AIIMS709,CH119_10,Mishra et al. Nat Commun 11:4409 (2020a),32879304,,,153
polyclonal AIIMS709,CNE55,Mishra et al. Nat Commun 11:4409 (2020a),32879304,,,159
polyclonal AIIMS709,CNE8,Mishra et al. Nat Commun 11:4409 (2020a),32879304,,,<50
polyclonal AIIMS709,TRO_11,Mishra et al. Nat Commun 11:4409 (2020a),32879304,,,153
polyclonal AIIMS709,X1632_S2_B10,Mishra et al. Nat Commun 11:4409 (2020a),32879304,,,152
polyclonal AIIMS709,X2278_C2_B6,Mishra et al. Nat Commun 11:4409 (2020a),32879304,,,161
polyclonal AIIMS731,246_F3_C10_2,Mishra et al. J Virol 15;94:e00814 (2020),32669335,,,207
polyclonal AIIMS731,246_F3_C10_2,Mishra et al. Nat Commun 11:4409 (2020a),32879304,,,207
polyclonal AIIMS731,25710_2_43,Mishra et al. J Virol 15;94:e00814 (2020),32669335,,,241
polyclonal AIIMS731,25710_2_43,Mishra et al. Nat Commun 11:4409 (2020a),32879304,,,268
polyclonal AIIMS731,398_F1_F6_20,Mishra et al. J Virol 15;94:e00814 (2020),32669335,,,141
polyclonal AIIMS731,398_F1_F6_20,Mishra et al. Nat Commun 11:4409 (2020a),32879304,,,141
polyclonal AIIMS731,703010217_B6,Mishra et al. J Virol 15;94:e00814 (2020),32669335,,,<50
polyclonal AIIMS731,703010217_B6,Mishra et al. Nat Commun 11:4409 (2020a),32879304,,,<50
polyclonal AIIMS731,AIIMS731_73105B,Mishra et al. J Virol 15;94:e00814 (2020),32669335,,,689
polyclonal AIIMS731,AIIMS731_73105C,Mishra et al. J Virol 15;94:e00814 (2020),32669335,,,612
polyclonal AIIMS731,AIIMS731_73105D,Mishra et al. J Virol 15;94:e00814 (2020),32669335,,,456
polyclonal AIIMS731,AIIMS731_73105E,Mishra et al. J Virol 15;94:e00814 (2020),32669335,,,268
polyclonal AIIMS731,AIIMS731_73105H,Mishra et al. J Virol 15;94:e00814 (2020),32669335,,,50
polyclonal AIIMS731,AIIMS731_73106F,Mishra et al. J Virol 15;94:e00814 (2020),32669335,,,50
polyclonal AIIMS731,BJOX002000_03_2,Mishra et al. J Virol 15;94:e00814 (2020),32669335,,,127
polyclonal AIIMS731,BJOX002000_03_2,Mishra et al. Nat Commun 11:4409 (2020a),32879304,,,127
polyclonal AIIMS731,CE1176_A3,Mishra et al. J Virol 15;94:e00814 (2020),32669335,,,<50
polyclonal AIIMS731,CE1176_A3,Mishra et al. Nat Commun 11:4409 (2020a),32879304,,,<50
polyclonal AIIMS731,CH119_10,Mishra et al. J Virol 15;94:e00814 (2020),32669335,,,73
polyclonal AIIMS731,CH119_10,Mishra et al. Nat Commun 11:4409 (2020a),32879304,,,73
polyclonal AIIMS731,CNE55,Mishra et al. J Virol 15;94:e00814 (2020),32669335,,,<50
polyclonal AIIMS731,CNE55,Mishra et al. Nat Commun 11:4409 (2020a),32879304,,,<50
polyclonal AIIMS731,CNE8,Mishra et al. J Virol 15;94:e00814 (2020),32669335,,,63
polyclonal AIIMS731,CNE8,Mishra et al. Nat Commun 11:4409 (2020a),32879304,,,63
polyclonal AIIMS731,TRO_11,Mishra et al. J Virol 15;94:e00814 (2020),32669335,,,117
polyclonal AIIMS731,TRO_11,Mishra et al. Nat Commun 11:4409 (2020a),32879304,,,117
polyclonal AIIMS731,X1632_S2_B10,Mishra et al. J Virol 15;94:e00814 (2020),32669335,,,113
polyclonal AIIMS731,X1632_S2_B10,Mishra et al. Nat Commun 11:4409 (2020a),32879304,,,113
polyclonal AIIMS731,X2278_C2_B6,Mishra et al. J Virol 15;94:e00814 (2020),32669335,,,181
polyclonal AIIMS731,X2278_C2_B6,Mishra et al. Nat Commun 11:4409 (2020a),32879304,,,181
polyclonal AIIMS743,246_F3_C10_2,Mishra et al. Nat Commun 11:4409 (2020a),32879304,,,200
polyclonal AIIMS743,25710_2_43,Mishra et al. Nat Commun 11:4409 (2020a),32879304,,,357
polyclonal AIIMS743,398_F1_F6_20,Mishra et al. Nat Commun 11:4409 (2020a),32879304,,,196
polyclonal AIIMS743,703010217_B6,Mishra et al. Nat Commun 11:4409 (2020a),32879304,,,205
polyclonal AIIMS743,BJOX002000_03_2,Mishra et al. Nat Commun 11:4409 (2020a),32879304,,,152
polyclonal AIIMS743,CE1176_A3,Mishra et al. Nat Commun 11:4409 (2020a),32879304,,,105
polyclonal AIIMS743,CH119_10,Mishra et al. Nat Commun 11:4409 (2020a),32879304,,,94
polyclonal AIIMS743,CNE55,Mishra et al. Nat Commun 11:4409 (2020a),32879304,,,99
polyclonal AIIMS743,CNE8,Mishra et al. Nat Commun 11:4409 (2020a),32879304,,,<50
polyclonal AIIMS743,TRO_11,Mishra et al. Nat Commun 11:4409 (2020a),32879304,,,189
polyclonal AIIMS743,X1632_S2_B10,Mishra et al. Nat Commun 11:4409 (2020a),32879304,,,145
polyclonal AIIMS743,X2278_C2_B6,Mishra et al. Nat Commun 11:4409 (2020a),32879304,,,153
polyclonal BB391 M30,92BR020,Goo et al. Nat Med. 20:655-8 (2014),24859529,,,119
polyclonal BB391 M30,92TH021,Goo et al. Nat Med. 20:655-8 (2014),24859529,,,163
polyclonal BB391 M30,93IN905,Goo et al. Nat Med. 20:655-8 (2014),24859529,,,222
polyclonal BB391 M30,94UG103,Goo et al. Nat Med. 20:655-8 (2014),24859529,,,399
polyclonal BB391 M30,BF535_A1,Goo et al. Nat Med. 20:655-8 (2014),24859529,,,189
polyclonal BB391 M30,BJ613_E1,Goo et al. Nat Med. 20:655-8 (2014),24859529,,,268
polyclonal BB391 M30,CAAN5342,Goo et al. Nat Med. 20:655-8 (2014),24859529,,,120
polyclonal BB391 M30,CAP210_E8,Goo et al. Nat Med. 20:655-8 (2014),24859529,,,191
polyclonal BB391 M30,DU156_12,Goo et al. Nat Med. 20:655-8 (2014),24859529,,,181
polyclonal BB391 M30,DU172_17,Goo et al. Nat Med. 20:655-8 (2014),24859529,,,197
polyclonal BB391 M30,DU422_1,Goo et al. Nat Med. 20:655-8 (2014),24859529,,,300
polyclonal BB391 M30,IAVI_C22,Goo et al. Nat Med. 20:655-8 (2014),24859529,,,245
polyclonal BB391 M30,JRCSF,Goo et al. Nat Med. 20:655-8 (2014),24859529,,,252
polyclonal BB391 M30,PVO_4,Goo et al. Nat Med. 20:655-8 (2014),24859529,,,178
polyclonal BB391 M30,Q168_A2,Goo et al. Nat Med. 20:655-8 (2014),24859529,,,259
polyclonal BB391 M30,Q23_17,Goo et al. Nat Med. 20:655-8 (2014),24859529,,,163
polyclonal BB391 M30,Q259_D2_26,Goo et al. Nat Med. 20:655-8 (2014),24859529,,,148
polyclonal BB391 M30,Q461_D1_PNS0D,Goo et al. Nat Med. 20:655-8 (2014),24859529,,,455
polyclonal BB391 M30,Q769_B9_PNS79D,Goo et al. Nat Med. 20:655-8 (2014),24859529,,,535
polyclonal BB391 M30,Q842_D12,Goo et al. Nat Med. 20:655-8 (2014),24859529,,,197
polyclonal BB391 M30,Q842_D16,Goo et al. Nat Med. 20:655-8 (2014),24859529,,,232
polyclonal BB391 M30,QB857_110I_B3,Goo et al. Nat Med. 20:655-8 (2014),24859529,,,225
polyclonal BB391 M30,QC406_70M_F3,Goo et al. Nat Med. 20:655-8 (2014),24859529,,,303
polyclonal BB391 M30,QD435_100M_A4,Goo et al. Nat Med. 20:655-8 (2014),24859529,,,333
polyclonal BB391 M30,SF162,Goo et al. Nat Med. 20:655-8 (2014),24859529,,,404
polyclonal BB391 M30,THRO4156,Goo et al. Nat Med. 20:655-8 (2014),24859529,,,<100
polyclonal BB391 M30,TRJO4551_58,Goo et al. Nat Med. 20:655-8 (2014),24859529,,,148
polyclonal BB391 M30,TRO_11,Goo et al. Nat Med. 20:655-8 (2014),24859529,,,202
polyclonal BB391 M30,ZM109_4,Goo et al. Nat Med. 20:655-8 (2014),24859529,,,187
polyclonal BF520 M15,246_F3_C10_2,Simonich et al. Cell 166:77 (2016) - dataset 2,27345369,,,>100
polyclonal BF520 M15,25710_2_43,Simonich et al. Cell 166:77 (2016) - dataset 2,27345369,,,120
polyclonal BF520 M15,398_F1_F6_20,Simonich et al. Cell 166:77 (2016) - dataset 2,27345369,,,527
polyclonal BF520 M15,703010217_B6,Simonich et al. Cell 166:77 (2016) - dataset 2,27345369,,,107
polyclonal BF520 M15,BF535_A1,Simonich et al. Cell 166:77 (2016) - dataset 1,27345369,,,128
polyclonal BF520 M15,BJ613_E1,Simonich et al. Cell 166:77 (2016) - dataset 1,27345369,,,188
polyclonal BF520 M15,BJOX002000_03_2,Simonich et al. Cell 166:77 (2016) - dataset 2,27345369,,,159
polyclonal BF520 M15,CAAN5342,Simonich et al. Cell 166:77 (2016) - dataset 1,27345369,,,124
polyclonal BF520 M15,CAP210_E8,Simonich et al. Cell 166:77 (2016) - dataset 1,27345369,,,186
polyclonal BF520 M15,CE1176_A3,Simonich et al. Cell 166:77 (2016) - dataset 2,27345369,,,118
polyclonal BF520 M15,CH119_10,Simonich et al. Cell 166:77 (2016) - dataset 2,27345369,,,122
polyclonal BF520 M15,CNE55,Simonich et al. Cell 166:77 (2016) - dataset 2,27345369,,,113
polyclonal BF520 M15,CNE8,Simonich et al. Cell 166:77 (2016) - dataset 2,27345369,,,>100
polyclonal BF520 M15,DU156_12,Simonich et al. Cell 166:77 (2016) - dataset 1,27345369,,,228
polyclonal BF520 M15,DU172_17,Simonich et al. Cell 166:77 (2016) - dataset 1,27345369,,,159
polyclonal BF520 M15,DU422_1,Simonich et al. Cell 166:77 (2016) - dataset 1,27345369,,,159
polyclonal BF520 M15,PVO_4,Simonich et al. Cell 166:77 (2016) - dataset 1,27345369,,,119
polyclonal BF520 M15,Q168_A2,Simonich et al. Cell 166:77 (2016) - dataset 1,27345369,,,<100
polyclonal BF520 M15,Q23_17,Simonich et al. Cell 166:77 (2016) - dataset 1,27345369,,,339
polyclonal BF520 M15,Q259_D2_26,Simonich et al. Cell 166:77 (2016) - dataset 1,27345369,,,121
polyclonal BF520 M15,Q461_D1_PNS0D,Simonich et al. Cell 166:77 (2016) - dataset 1,27345369,,,480
polyclonal BF520 M15,Q769_B9_PNS79D,Simonich et al. Cell 166:77 (2016) - dataset 1,27345369,,,<100
polyclonal BF520 M15,Q842_D12,Simonich et al. Cell 166:77 (2016) - dataset 1,27345369,,,115
polyclonal BF520 M15,Q842_D16,Simonich et al. Cell 166:77 (2016) - dataset 1,27345369,,,306
polyclonal BF520 M15,QB857_110I_B3,Simonich et al. Cell 166:77 (2016) - dataset 1,27345369,,,142
polyclonal BF520 M15,QC406_70M_F3,Simonich et al. Cell 166:77 (2016) - dataset 1,27345369,,,922
polyclonal BF520 M15,QD435_100M_A4,Simonich et al. Cell 166:77 (2016) - dataset 1,27345369,,,110
polyclonal BF520 M15,SF162,Simonich et al. Cell 166:77 (2016) - dataset 1,27345369,,,>3200
polyclonal BF520 M15,THRO4156,Simonich et al. Cell 166:77 (2016) - dataset 1,27345369,,,<100
polyclonal BF520 M15,TRJO4551_58,Simonich et al. Cell 166:77 (2016) - dataset 1,27345369,,,124
polyclonal BF520 M15,TRO_11,Simonich et al. Cell 166:77 (2016) - dataset 1,27345369,,,244
polyclonal BF520 M15,TRO_11,Simonich et al. Cell 166:77 (2016) - dataset 2,27345369,,,175
polyclonal BF520 M15,X1632_S2_B10,Simonich et al. Cell 166:77 (2016) - dataset 2,27345369,,,116
polyclonal BF520 M15,X2278_C2_B6,Simonich et al. Cell 166:77 (2016) - dataset 2,27345369,,,183
polyclonal BF520 M15,ZM109_4,Simonich et al. Cell 166:77 (2016) - dataset 1,27345369,,,108
polyclonal BF520 M27,BF535_A1,Goo et al. Nat Med. 20:655-8 (2014),24859529,,,<100
polyclonal BF520 M27,BJ613_E1,Goo et al. Nat Med. 20:655-8 (2014),24859529,,,156
polyclonal BF520 M27,CAAN5342,Goo et al. Nat Med. 20:655-8 (2014),24859529,,,<100
polyclonal BF520 M27,CAP210_E8,Goo et al. Nat Med. 20:655-8 (2014),24859529,,,<100
polyclonal BF520 M27,DU156_12,Goo et al. Nat Med. 20:655-8 (2014),24859529,,,<100
polyclonal BF520 M27,DU172_17,Goo et al. Nat Med. 20:655-8 (2014),24859529,,,<100
polyclonal BF520 M27,DU422_1,Goo et al. Nat Med. 20:655-8 (2014),24859529,,,<100
polyclonal BF520 M27,PVO_4,Goo et al. Nat Med. 20:655-8 (2014),24859529,,,<100
polyclonal BF520 M27,Q168_A2,Goo et al. Nat Med. 20:655-8 (2014),24859529,,,<100
polyclonal BF520 M27,Q23_17,Goo et al. Nat Med. 20:655-8 (2014),24859529,,,123
polyclonal BF520 M27,Q259_D2_26,Goo et al. Nat Med. 20:655-8 (2014),24859529,,,<100
polyclonal BF520 M27,Q461_D1_PNS0D,Goo et al. Nat Med. 20:655-8 (2014),24859529,,,2063
polyclonal BF520 M27,Q769_B9_PNS79D,Goo et al. Nat Med. 20:655-8 (2014),24859529,,,118
polyclonal BF520 M27,Q842_D12,Goo et al. Nat Med. 20:655-8 (2014),24859529,,,<100
polyclonal BF520 M27,Q842_D16,Goo et al. Nat Med. 20:655-8 (2014),24859529,,,151
polyclonal BF520 M27,QB857_110I_B3,Goo et al. Nat Med. 20:655-8 (2014),24859529,,,114
polyclonal BF520 M27,QC406_70M_F3,Goo et al. Nat Med. 20:655-8 (2014),24859529,,,2028
polyclonal BF520 M27,QD435_100M_A4,Goo et al. Nat Med. 20:655-8 (2014),24859529,,,112
polyclonal BF520 M27,SF162,Goo et al. Nat Med. 20:655-8 (2014),24859529,,,1127
polyclonal BF520 M27,THRO4156,Goo et al. Nat Med. 20:655-8 (2014),24859529,,,<100
polyclonal BF520 M27,TRJO4551_58,Goo et al. Nat Med. 20:655-8 (2014),24859529,,,<100
polyclonal BF520 M27,TRO_11,Goo et al. Nat Med. 20:655-8 (2014),24859529,,,106
polyclonal BF520 M27,ZM109_4,Goo et al. Nat Med. 20:655-8 (2014),24859529,,,191
polyclonal BG376 M24,BF535_A1,Goo et al. Nat Med. 20:655-8 (2014),24859529,,,<100
polyclonal BG376 M24,BJ613_E1,Goo et al. Nat Med. 20:655-8 (2014),24859529,,,152
polyclonal BG376 M24,CAAN5342,Goo et al. Nat Med. 20:655-8 (2014),24859529,,,<100
polyclonal BG376 M24,CAP210_E8,Goo et al. Nat Med. 20:655-8 (2014),24859529,,,137
polyclonal BG376 M24,DU156_12,Goo et al. Nat Med. 20:655-8 (2014),24859529,,,102
polyclonal BG376 M24,DU172_17,Goo et al. Nat Med. 20:655-8 (2014),24859529,,,<100
polyclonal BG376 M24,DU422_1,Goo et al. Nat Med. 20:655-8 (2014),24859529,,,165
polyclonal BG376 M24,PVO_4,Goo et al. Nat Med. 20:655-8 (2014),24859529,,,<100
polyclonal BG376 M24,Q168_A2,Goo et al. Nat Med. 20:655-8 (2014),24859529,,,<100
polyclonal BG376 M24,Q23_17,Goo et al. Nat Med. 20:655-8 (2014),24859529,,,<100
polyclonal BG376 M24,Q259_D2_26,Goo et al. Nat Med. 20:655-8 (2014),24859529,,,<100
polyclonal BG376 M24,Q461_D1_PNS0D,Goo et al. Nat Med. 20:655-8 (2014),24859529,,,799
polyclonal BG376 M24,Q769_B9_PNS79D,Goo et al. Nat Med. 20:655-8 (2014),24859529,,,<100
polyclonal BG376 M24,Q842_D12,Goo et al. Nat Med. 20:655-8 (2014),24859529,,,<100
polyclonal BG376 M24,Q842_D16,Goo et al. Nat Med. 20:655-8 (2014),24859529,,,142
polyclonal BG376 M24,QB857_110I_B3,Goo et al. Nat Med. 20:655-8 (2014),24859529,,,124
polyclonal BG376 M24,QC406_70M_F3,Goo et al. Nat Med. 20:655-8 (2014),24859529,,,193
polyclonal BG376 M24,QD435_100M_A4,Goo et al. Nat Med. 20:655-8 (2014),24859529,,,176
polyclonal BG376 M24,SF162,Goo et al. Nat Med. 20:655-8 (2014),24859529,,,895
polyclonal BG376 M24,THRO4156,Goo et al. Nat Med. 20:655-8 (2014),24859529,,,<100
polyclonal BG376 M24,TRJO4551_58,Goo et al. Nat Med. 20:655-8 (2014),24859529,,,128
polyclonal BG376 M24,TRO_11,Goo et al. Nat Med. 20:655-8 (2014),24859529,,,132
polyclonal BG376 M24,ZM109_4,Goo et al. Nat Med. 20:655-8 (2014),24859529,,,152
polyclonal BG505 M27,6535_3,Simonich et al. Cell Rep Med. 2:100314 (2021),34195680,,,154
polyclonal BG505 M27,92BR020,Goo et al. Nat Med. 20:655-8 (2014),24859529,,,106
polyclonal BG505 M27,92TH021,Goo et al. Nat Med. 20:655-8 (2014),24859529,,,176
polyclonal BG505 M27,93IN905,Goo et al. Nat Med. 20:655-8 (2014),24859529,,,309
polyclonal BG505 M27,94UG103,Goo et al. Nat Med. 20:655-8 (2014),24859529,,,467
polyclonal BG505 M27,BF535_A1,Goo et al. Nat Med. 20:655-8 (2014),24859529,,,129
polyclonal BG505 M27,BG505_W6M_A5,Simonich et al. Cell Rep Med. 2:100314 (2021),34195680,,,581
polyclonal BG505 M27,BG505_W6M_C2,Simonich et al. Cell Rep Med. 2:100314 (2021),34195680,,,711
polyclonal BG505 M27,BJ613_E1,Goo et al. Nat Med. 20:655-8 (2014),24859529,,,<100
polyclonal BG505 M27,CAAN5342,Goo et al. Nat Med. 20:655-8 (2014),24859529,,,179
polyclonal BG505 M27,CAP210_E8,Goo et al. Nat Med. 20:655-8 (2014),24859529,,,590
polyclonal BG505 M27,DU156_12,Goo et al. Nat Med. 20:655-8 (2014),24859529,,,248
polyclonal BG505 M27,DU172_17,Goo et al. Nat Med. 20:655-8 (2014),24859529,,,286
polyclonal BG505 M27,DU422_1,Goo et al. Nat Med. 20:655-8 (2014),24859529,,,282
polyclonal BG505 M27,IAVI_C22,Goo et al. Nat Med. 20:655-8 (2014),24859529,,,223
polyclonal BG505 M27,JRCSF,Goo et al. Nat Med. 20:655-8 (2014),24859529,,,143
polyclonal BG505 M27,PVO_4,Goo et al. Nat Med. 20:655-8 (2014),24859529,,,169
polyclonal BG505 M27,Q168_A2,Goo et al. Nat Med. 20:655-8 (2014),24859529,,,164
polyclonal BG505 M27,Q23_17,Goo et al. Nat Med. 20:655-8 (2014),24859529,,,295
polyclonal BG505 M27,Q259_D2_26,Goo et al. Nat Med. 20:655-8 (2014),24859529,,,245
polyclonal BG505 M27,Q461_D1_PNS0D,Goo et al. Nat Med. 20:655-8 (2014),24859529,,,>3200
polyclonal BG505 M27,Q461_D1_PNS0D,Simonich et al. Cell Rep Med. 2:100314 (2021),34195680,,,>3200
polyclonal BG505 M27,Q769_B9_PNS79D,Goo et al. Nat Med. 20:655-8 (2014),24859529,,,170
polyclonal BG505 M27,Q842_D12,Goo et al. Nat Med. 20:655-8 (2014),24859529,,,253
polyclonal BG505 M27,Q842_D16,Goo et al. Nat Med. 20:655-8 (2014),24859529,,,482
polyclonal BG505 M27,Q842_D16,Simonich et al. Cell Rep Med. 2:100314 (2021),34195680,,,482
polyclonal BG505 M27,QB857_110I_B3,Goo et al. Nat Med. 20:655-8 (2014),24859529,,,185
polyclonal BG505 M27,QC406_70M_F3,Goo et al. Nat Med. 20:655-8 (2014),24859529,,,971
polyclonal BG505 M27,QC406_70M_F3,Simonich et al. Cell Rep Med. 2:100314 (2021),34195680,,,971
polyclonal BG505 M27,QD435_100M_A4,Goo et al. Nat Med. 20:655-8 (2014),24859529,,,548
polyclonal BG505 M27,QD435_100M_A4,Simonich et al. Cell Rep Med. 2:100314 (2021),34195680,,,548
polyclonal BG505 M27,SF162,Goo et al. Nat Med. 20:655-8 (2014),24859529,,,>3200
polyclonal BG505 M27,SF162,Simonich et al. Cell Rep Med. 2:100314 (2021),34195680,,,>3200
polyclonal BG505 M27,THRO4156,Goo et al. Nat Med. 20:655-8 (2014),24859529,,,<100
polyclonal BG505 M27,TRJO4551_58,Goo et al. Nat Med. 20:655-8 (2014),24859529,,,171
polyclonal BG505 M27,TRO_11,Goo et al. Nat Med. 20:655-8 (2014),24859529,,,262
polyclonal BG505 M27,ZM109_4,Goo et al. Nat Med. 20:655-8 (2014),24859529,,,149
polyclonal BH217 M24,BF535_A1,Goo et al. Nat Med. 20:655-8 (2014),24859529,,,<100
polyclonal BH217 M24,BJ613_E1,Goo et al. Nat Med. 20:655-8 (2014),24859529,,,134
polyclonal BH217 M24,CAAN5342,Goo et al. Nat Med. 20:655-8 (2014),24859529,,,<100
polyclonal BH217 M24,CAP210_E8,Goo et al. Nat Med. 20:655-8 (2014),24859529,,,115
polyclonal BH217 M24,DU156_12,Goo et al. Nat Med. 20:655-8 (2014),24859529,,,113
polyclonal BH217 M24,DU172_17,Goo et al. Nat Med. 20:655-8 (2014),24859529,,,<100
polyclonal BH217 M24,DU422_1,Goo et al. Nat Med. 20:655-8 (2014),24859529,,,145
polyclonal BH217 M24,PVO_4,Goo et al. Nat Med. 20:655-8 (2014),24859529,,,<100
polyclonal BH217 M24,Q168_A2,Goo et al. Nat Med. 20:655-8 (2014),24859529,,,<100
polyclonal BH217 M24,Q23_17,Goo et al. Nat Med. 20:655-8 (2014),24859529,,,108
polyclonal BH217 M24,Q259_D2_26,Goo et al. Nat Med. 20:655-8 (2014),24859529,,,<100
polyclonal BH217 M24,Q461_D1_PNS0D,Goo et al. Nat Med. 20:655-8 (2014),24859529,,,360
polyclonal BH217 M24,Q769_B9_PNS79D,Goo et al. Nat Med. 20:655-8 (2014),24859529,,,129
polyclonal BH217 M24,Q842_D12,Goo et al. Nat Med. 20:655-8 (2014),24859529,,,133
polyclonal BH217 M24,Q842_D16,Goo et al. Nat Med. 20:655-8 (2014),24859529,,,125
polyclonal BH217 M24,QB857_110I_B3,Goo et al. Nat Med. 20:655-8 (2014),24859529,,,129
polyclonal BH217 M24,QC406_70M_F3,Goo et al. Nat Med. 20:655-8 (2014),24859529,,,251
polyclonal BH217 M24,QD435_100M_A4,Goo et al. Nat Med. 20:655-8 (2014),24859529,,,106
polyclonal BH217 M24,SF162,Goo et al. Nat Med. 20:655-8 (2014),24859529,,,1230
polyclonal BH217 M24,THRO4156,Goo et al. Nat Med. 20:655-8 (2014),24859529,,,<100
polyclonal BH217 M24,TRJO4551_58,Goo et al. Nat Med. 20:655-8 (2014),24859529,,,112
polyclonal BH217 M24,TRO_11,Goo et al. Nat Med. 20:655-8 (2014),24859529,,,120
polyclonal BH217 M24,ZM109_4,Goo et al. Nat Med. 20:655-8 (2014),24859529,,,168
polyclonal BN469 M24,BF535_A1,Goo et al. Nat Med. 20:655-8 (2014),24859529,,,<100
polyclonal BN469 M24,BJ613_E1,Goo et al. Nat Med. 20:655-8 (2014),24859529,,,138
polyclonal BN469 M24,CAAN5342,Goo et al. Nat Med. 20:655-8 (2014),24859529,,,<100
polyclonal BN469 M24,CAP210_E8,Goo et al. Nat Med. 20:655-8 (2014),24859529,,,128
polyclonal BN469 M24,DU156_12,Goo et al. Nat Med. 20:655-8 (2014),24859529,,,<100
polyclonal BN469 M24,DU172_17,Goo et al. Nat Med. 20:655-8 (2014),24859529,,,139
polyclonal BN469 M24,DU422_1,Goo et al. Nat Med. 20:655-8 (2014),24859529,,,145
polyclonal BN469 M24,PVO_4,Goo et al. Nat Med. 20:655-8 (2014),24859529,,,<100
polyclonal BN469 M24,Q168_A2,Goo et al. Nat Med. 20:655-8 (2014),24859529,,,<100
polyclonal BN469 M24,Q23_17,Goo et al. Nat Med. 20:655-8 (2014),24859529,,,<100
polyclonal BN469 M24,Q259_D2_26,Goo et al. Nat Med. 20:655-8 (2014),24859529,,,<100
polyclonal BN469 M24,Q461_D1_PNS0D,Goo et al. Nat Med. 20:655-8 (2014),24859529,,,551
polyclonal BN469 M24,Q769_B9_PNS79D,Goo et al. Nat Med. 20:655-8 (2014),24859529,,,<100
polyclonal BN469 M24,Q842_D12,Goo et al. Nat Med. 20:655-8 (2014),24859529,,,135
polyclonal BN469 M24,Q842_D16,Goo et al. Nat Med. 20:655-8 (2014),24859529,,,126
polyclonal BN469 M24,QB857_110I_B3,Goo et al. Nat Med. 20:655-8 (2014),24859529,,,122
polyclonal BN469 M24,QC406_70M_F3,Goo et al. Nat Med. 20:655-8 (2014),24859529,,,306
polyclonal BN469 M24,QD435_100M_A4,Goo et al. Nat Med. 20:655-8 (2014),24859529,,,106
polyclonal BN469 M24,SF162,Goo et al. Nat Med. 20:655-8 (2014),24859529,,,1691
polyclonal BN469 M24,THRO4156,Goo et al. Nat Med. 20:655-8 (2014),24859529,,,<100
polyclonal BN469 M24,TRJO4551_58,Goo et al. Nat Med. 20:655-8 (2014),24859529,,,199
polyclonal BN469 M24,TRO_11,Goo et al. Nat Med. 20:655-8 (2014),24859529,,,120
polyclonal BN469 M24,ZM109_4,Goo et al. Nat Med. 20:655-8 (2014),24859529,,,165
polyclonal BT326 M12,BF535_A1,Goo et al. Nat Med. 20:655-8 (2014),24859529,,,<100
polyclonal BT326 M12,BJ613_E1,Goo et al. Nat Med. 20:655-8 (2014),24859529,,,173
polyclonal BT326 M12,CAAN5342,Goo et al. Nat Med. 20:655-8 (2014),24859529,,,130
polyclonal BT326 M12,CAP210_E8,Goo et al. Nat Med. 20:655-8 (2014),24859529,,,192
polyclonal BT326 M12,DU156_12,Goo et al. Nat Med. 20:655-8 (2014),24859529,,,<100
polyclonal BT326 M12,DU172_17,Goo et al. Nat Med. 20:655-8 (2014),24859529,,,197
polyclonal BT326 M12,DU422_1,Goo et al. Nat Med. 20:655-8 (2014),24859529,,,469
polyclonal BT326 M12,PVO_4,Goo et al. Nat Med. 20:655-8 (2014),24859529,,,149
polyclonal BT326 M12,Q168_A2,Goo et al. Nat Med. 20:655-8 (2014),24859529,,,114
polyclonal BT326 M12,Q23_17,Goo et al. Nat Med. 20:655-8 (2014),24859529,,,123
polyclonal BT326 M12,Q259_D2_26,Goo et al. Nat Med. 20:655-8 (2014),24859529,,,<100
polyclonal BT326 M12,Q461_D1_PNS0D,Goo et al. Nat Med. 20:655-8 (2014),24859529,,,1944
polyclonal BT326 M12,Q769_B9_PNS79D,Goo et al. Nat Med. 20:655-8 (2014),24859529,,,189
polyclonal BT326 M12,Q842_D12,Goo et al. Nat Med. 20:655-8 (2014),24859529,,,166
polyclonal BT326 M12,Q842_D16,Goo et al. Nat Med. 20:655-8 (2014),24859529,,,147
polyclonal BT326 M12,QB857_110I_B3,Goo et al. Nat Med. 20:655-8 (2014),24859529,,,118
polyclonal BT326 M12,QC406_70M_F3,Goo et al. Nat Med. 20:655-8 (2014),24859529,,,166
polyclonal BT326 M12,QD435_100M_A4,Goo et al. Nat Med. 20:655-8 (2014),24859529,,,128
polyclonal BT326 M12,SF162,Goo et al. Nat Med. 20:655-8 (2014),24859529,,,>3200
polyclonal BT326 M12,THRO4156,Goo et al. Nat Med. 20:655-8 (2014),24859529,,,<100
polyclonal BT326 M12,TRJO4551_58,Goo et al. Nat Med. 20:655-8 (2014),24859529,,,222
polyclonal BT326 M12,TRO_11,Goo et al. Nat Med. 20:655-8 (2014),24859529,,,384
polyclonal BT326 M12,ZM109_4,Goo et al. Nat Med. 20:655-8 (2014),24859529,,,212
polyclonal CAP206,6535_3,Gray et al. J Virol 83:11265 (2009a),19692477,,,<40
polyclonal CAP206,92RW009,Gray et al. J Virol 83:11265 (2009a),19692477,,,915
polyclonal CAP206,AC10_29,Gray et al. J Virol 83:11265 (2009a),19692477,,,111
polyclonal CAP206,CAAN5342,Gray et al. J Virol 83:11265 (2009a),19692477,,,<40
polyclonal CAP206,CAP206_1_B5,Morris et al. PLoS One 6(9):e23532 (2011),21980336,,,6143
polyclonal CAP206,CAP210_E8,Gray et al. J Virol 83:11265 (2009a),19692477,,,<40
polyclonal CAP206,CAP244_D3,Gray et al. J Virol 83:11265 (2009a),19692477,,,75
polyclonal CAP206,CAP256_PI,Gray et al. J Virol 83:11265 (2009a),19692477,,,<40
polyclonal CAP206,CAP45_G3,Gray et al. J Virol 83:11265 (2009a),19692477,,,4720
polyclonal CAP206,COT6_15,Gray et al. J Virol 83:11265 (2009a),19692477,,,1236
polyclonal CAP206,COT6_15,Morris et al. PLoS One 6(9):e23532 (2011),21980336,,,1256
polyclonal CAP206,DU151_02,Gray et al. J Virol 83:11265 (2009a),19692477,,,105
polyclonal CAP206,DU156_12,Gray et al. J Virol 83:11265 (2009a),19692477,,,692
polyclonal CAP206,DU156_12,Morris et al. PLoS One 6(9):e23532 (2011),21980336,,,232
polyclonal CAP206,DU172_17,Gray et al. J Virol 83:11265 (2009a),19692477,,,234
polyclonal CAP206,DU422_1,Gray et al. J Virol 83:11265 (2009a),19692477,,,165
polyclonal CAP206,DU422_1,Morris et al. PLoS One 6(9):e23532 (2011),21980336,,,90
polyclonal CAP206,JRFL,Gray et al. J Virol 83:11265 (2009a),19692477,,,<40
polyclonal CAP206,PVO_4,Gray et al. J Virol 83:11265 (2009a),19692477,,,<40
polyclonal CAP206,Q168_A2,Gray et al. J Virol 83:11265 (2009a),19692477,,,<40
polyclonal CAP206,Q23_17,Gray et al. J Virol 83:11265 (2009a),19692477,,,320
polyclonal CAP206,Q461_E2,Gray et al. J Virol 83:11265 (2009a),19692477,,,<40
polyclonal CAP206,Q842_D12,Gray et al. J Virol 83:11265 (2009a),19692477,,,<40
polyclonal CAP206,QH0692_42,Gray et al. J Virol 83:11265 (2009a),19692477,,,383
polyclonal CAP206,QH0692_42,Morris et al. PLoS One 6(9):e23532 (2011),21980336,,,125
polyclonal CAP206,REJO4541_67,Gray et al. J Virol 83:11265 (2009a),19692477,,,<40
polyclonal CAP206,RHPA4259_7,Gray et al. J Virol 83:11265 (2009a),19692477,,,<40
polyclonal CAP206,SC422_8,Gray et al. J Virol 83:11265 (2009a),19692477,,,<40
polyclonal CAP206,THRO4156,Gray et al. J Virol 83:11265 (2009a),19692477,,,<40
polyclonal CAP206,TRJO4551_58,Gray et al. J Virol 83:11265 (2009a),19692477,,,<40
polyclonal CAP206,TRO_11,Gray et al. J Virol 83:11265 (2009a),19692477,,,491
polyclonal CAP206,TRO_11,Morris et al. PLoS One 6(9):e23532 (2011),21980336,,,212
polyclonal CAP206,UG024_2,Gray et al. J Virol 83:11265 (2009a),19692477,,,1556
polyclonal CAP206,WITO4160_33,Gray et al. J Virol 83:11265 (2009a),19692477,,,144
polyclonal CAP206,ZM135_10A,Gray et al. J Virol 83:11265 (2009a),19692477,,,246
polyclonal CAP206,ZM197_7,Gray et al. J Virol 83:11265 (2009a),19692477,,,309
polyclonal CAP206,ZM197_7,Morris et al. PLoS One 6(9):e23532 (2011),21980336,,,256
polyclonal CAP206,ZM214_15,Gray et al. J Virol 83:11265 (2009a),19692477,,,<40
polyclonal CAP206,ZM233_6,Gray et al. J Virol 83:11265 (2009a),19692477,,,<40
polyclonal CAP206,ZM249_1,Gray et al. J Virol 83:11265 (2009a),19692477,,,<40
polyclonal CAP248,6535_3,Wibmer et al. PLoS Pathog 13:e1006074 (2017),28076415,,,283
polyclonal CAP248,AC10_29,Wibmer et al. PLoS Pathog 13:e1006074 (2017),28076415,,,71
polyclonal CAP248,CAAN5342,Wibmer et al. PLoS Pathog 13:e1006074 (2017),28076415,,,62
polyclonal CAP248,CAP206_1_B5,Wibmer et al. PLoS Pathog 13:e1006074 (2017),28076415,,,1245
polyclonal CAP248,CAP210_E8,Wibmer et al. PLoS Pathog 13:e1006074 (2017),28076415,,,1245
polyclonal CAP248,CAP244_D3,Wibmer et al. PLoS Pathog 13:e1006074 (2017),28076415,,,<40
polyclonal CAP248,CAP45_G3,Wibmer et al. PLoS Pathog 13:e1006074 (2017),28076415,,,3880
polyclonal CAP248,CAP88_6M_C10,Wibmer et al. PLoS Pathog 13:e1006074 (2017),28076415,,,<40
polyclonal CAP248,CNE52,Wibmer et al. PLoS Pathog 13:e1006074 (2017),28076415,,,1620
polyclonal CAP248,CON_C,Wibmer et al. PLoS Pathog 13:e1006074 (2017),28076415,,,2056
polyclonal CAP248,DU151_02,Wibmer et al. PLoS Pathog 13:e1006074 (2017),28076415,,,304
polyclonal CAP248,DU156_12,Wibmer et al. PLoS Pathog 13:e1006074 (2017),28076415,,,573
polyclonal CAP248,DU172_17,Wibmer et al. PLoS Pathog 13:e1006074 (2017),28076415,,,183
polyclonal CAP248,DU422_1,Wibmer et al. PLoS Pathog 13:e1006074 (2017),28076415,,,147
polyclonal CAP248,PVO_4,Wibmer et al. PLoS Pathog 13:e1006074 (2017),28076415,,,129
polyclonal CAP248,Q168_A2,Wibmer et al. PLoS Pathog 13:e1006074 (2017),28076415,,,71
polyclonal CAP248,Q23_17,Wibmer et al. PLoS Pathog 13:e1006074 (2017),28076415,,,246
polyclonal CAP248,Q259_17,Wibmer et al. PLoS Pathog 13:e1006074 (2017),28076415,,,646
polyclonal CAP248,Q461_E2,Wibmer et al. PLoS Pathog 13:e1006074 (2017),28076415,,,<40
polyclonal CAP248,Q769_D22,Wibmer et al. PLoS Pathog 13:e1006074 (2017),28076415,,,<40
polyclonal CAP248,Q842_D12,Wibmer et al. PLoS Pathog 13:e1006074 (2017),28076415,,,593
polyclonal CAP248,REJO4541_67,Wibmer et al. PLoS Pathog 13:e1006074 (2017),28076415,,,<40
polyclonal CAP248,RHPA4259_7,Wibmer et al. PLoS Pathog 13:e1006074 (2017),28076415,,,<40
polyclonal CAP248,SC422_8,Wibmer et al. PLoS Pathog 13:e1006074 (2017),28076415,,,<40
polyclonal CAP248,THRO4156,Wibmer et al. PLoS Pathog 13:e1006074 (2017),28076415,,,<40
polyclonal CAP248,TRJO4551_58,Wibmer et al. PLoS Pathog 13:e1006074 (2017),28076415,,,<40
polyclonal CAP248,TRO_11,Wibmer et al. PLoS Pathog 13:e1006074 (2017),28076415,,,117
polyclonal CAP248,WITO4160_33,Wibmer et al. PLoS Pathog 13:e1006074 (2017),28076415,,,<40
polyclonal CAP248,ZM109_4,Wibmer et al. PLoS Pathog 13:e1006074 (2017),28076415,,,101
polyclonal CAP248,ZM135_10A,Wibmer et al. PLoS Pathog 13:e1006074 (2017),28076415,,,<40
polyclonal CAP248,ZM197_7,Wibmer et al. PLoS Pathog 13:e1006074 (2017),28076415,,,100
polyclonal CAP248,ZM214_15,Wibmer et al. PLoS Pathog 13:e1006074 (2017),28076415,,,101
polyclonal CAP248,ZM233_6,Wibmer et al. PLoS Pathog 13:e1006074 (2017),28076415,,,1571
polyclonal CAP248,ZM249_1,Wibmer et al. PLoS Pathog 13:e1006074 (2017),28076415,,,113
polyclonal CAP248,ZM53_12,Wibmer et al. PLoS Pathog 13:e1006074 (2017),28076415,,,<40
polyclonal CAP256 Year1,6535_3,Doria-Rose et al. Nature 509:55 (2014),24590074,,,<45
polyclonal CAP256 Year1,AC10_29,Doria-Rose et al. Nature 509:55 (2014),24590074,,,<45
polyclonal CAP256 Year1,CAAN5342,Doria-Rose et al. Nature 509:55 (2014),24590074,,,<45
polyclonal CAP256 Year1,CAP210_E8,Doria-Rose et al. Nature 509:55 (2014),24590074,,,7091
polyclonal CAP256 Year1,CAP244_D3,Doria-Rose et al. Nature 509:55 (2014),24590074,,,<45
polyclonal CAP256 Year1,CAP45_G3,Doria-Rose et al. Nature 509:55 (2014),24590074,,,287
polyclonal CAP256 Year1,DU156_12,Doria-Rose et al. Nature 509:55 (2014),24590074,,,<45
polyclonal CAP256 Year1,DU172_17,Doria-Rose et al. Nature 509:55 (2014),24590074,,,<45
polyclonal CAP256 Year1,DU422_1,Doria-Rose et al. Nature 509:55 (2014),24590074,,,<45
polyclonal CAP256 Year1,PVO_4,Doria-Rose et al. Nature 509:55 (2014),24590074,,,47
polyclonal CAP256 Year1,Q168_A2,Doria-Rose et al. Nature 509:55 (2014),24590074,,,<45
polyclonal CAP256 Year1,Q23_17,Doria-Rose et al. Nature 509:55 (2014),24590074,,,<45
polyclonal CAP256 Year1,Q259_17,Doria-Rose et al. Nature 509:55 (2014),24590074,,,<45
polyclonal CAP256 Year1,Q461_E2,Doria-Rose et al. Nature 509:55 (2014),24590074,,,<45
polyclonal CAP256 Year1,Q769_D22,Doria-Rose et al. Nature 509:55 (2014),24590074,,,<45
polyclonal CAP256 Year1,Q842_D12,Doria-Rose et al. Nature 509:55 (2014),24590074,,,<45
polyclonal CAP256 Year1,QH0692_42,Doria-Rose et al. Nature 509:55 (2014),24590074,,,<45
polyclonal CAP256 Year1,REJO4541_67,Doria-Rose et al. Nature 509:55 (2014),24590074,,,<45
polyclonal CAP256 Year1,RHPA4259_7,Doria-Rose et al. Nature 509:55 (2014),24590074,,,<45
polyclonal CAP256 Year1,SC422_8,Doria-Rose et al. Nature 509:55 (2014),24590074,,,<45
polyclonal CAP256 Year1,THRO4156,Doria-Rose et al. Nature 509:55 (2014),24590074,,,<45
polyclonal CAP256 Year1,TRJO4551_58,Doria-Rose et al. Nature 509:55 (2014),24590074,,,<45
polyclonal CAP256 Year1,TRO_11,Doria-Rose et al. Nature 509:55 (2014),24590074,,,<45
polyclonal CAP256 Year1,WITO4160_33,Doria-Rose et al. Nature 509:55 (2014),24590074,,,56
polyclonal CAP256 Year1,ZM109_4,Doria-Rose et al. Nature 509:55 (2014),24590074,,,<45
polyclonal CAP256 Year1,ZM135_10A,Doria-Rose et al. Nature 509:55 (2014),24590074,,,<45
polyclonal CAP256 Year1,ZM197_7,Doria-Rose et al. Nature 509:55 (2014),24590074,,,<45
polyclonal CAP256 Year1,ZM214_15,Doria-Rose et al. Nature 509:55 (2014),24590074,,,<45
polyclonal CAP256 Year1,ZM233_6,Doria-Rose et al. Nature 509:55 (2014),24590074,,,238
polyclonal CAP256 Year1,ZM249_1,Doria-Rose et al. Nature 509:55 (2014),24590074,,,<45
polyclonal CAP256 Year1,ZM53_12,Doria-Rose et al. Nature 509:55 (2014),24590074,,,979
polyclonal CAP256 Year2,6535_3,Doria-Rose et al. Nature 509:55 (2014),24590074,,,214
polyclonal CAP256 Year2,AC10_29,Doria-Rose et al. Nature 509:55 (2014),24590074,,,64
polyclonal CAP256 Year2,CAAN5342,Doria-Rose et al. Nature 509:55 (2014),24590074,,,<45
polyclonal CAP256 Year2,CAP210_E8,Doria-Rose et al. Nature 509:55 (2014),24590074,,,7830
polyclonal CAP256 Year2,CAP244_D3,Doria-Rose et al. Nature 509:55 (2014),24590074,,,<45
polyclonal CAP256 Year2,CAP45_G3,Doria-Rose et al. Nature 509:55 (2014),24590074,,,7898
polyclonal CAP256 Year2,DU156_12,Doria-Rose et al. Nature 509:55 (2014),24590074,,,394
polyclonal CAP256 Year2,DU172_17,Doria-Rose et al. Nature 509:55 (2014),24590074,,,<45
polyclonal CAP256 Year2,DU422_1,Doria-Rose et al. Nature 509:55 (2014),24590074,,,346
polyclonal CAP256 Year2,PVO_4,Doria-Rose et al. Nature 509:55 (2014),24590074,,,53
polyclonal CAP256 Year2,Q168_A2,Doria-Rose et al. Nature 509:55 (2014),24590074,,,70
polyclonal CAP256 Year2,Q23_17,Doria-Rose et al. Nature 509:55 (2014),24590074,,,171
polyclonal CAP256 Year2,Q259_17,Doria-Rose et al. Nature 509:55 (2014),24590074,,,792
polyclonal CAP256 Year2,Q461_E2,Doria-Rose et al. Nature 509:55 (2014),24590074,,,<45
polyclonal CAP256 Year2,Q769_D22,Doria-Rose et al. Nature 509:55 (2014),24590074,,,<45
polyclonal CAP256 Year2,Q842_D12,Doria-Rose et al. Nature 509:55 (2014),24590074,,,47
polyclonal CAP256 Year2,QH0692_42,Doria-Rose et al. Nature 509:55 (2014),24590074,,,<45
polyclonal CAP256 Year2,REJO4541_67,Doria-Rose et al. Nature 509:55 (2014),24590074,,,<45
polyclonal CAP256 Year2,RHPA4259_7,Doria-Rose et al. Nature 509:55 (2014),24590074,,,<45
polyclonal CAP256 Year2,SC422_8,Doria-Rose et al. Nature 509:55 (2014),24590074,,,<45
polyclonal CAP256 Year2,THRO4156,Doria-Rose et al. Nature 509:55 (2014),24590074,,,<45
polyclonal CAP256 Year2,TRJO4551_58,Doria-Rose et al. Nature 509:55 (2014),24590074,,,<45
polyclonal CAP256 Year2,TRO_11,Doria-Rose et al. Nature 509:55 (2014),24590074,,,<45
polyclonal CAP256 Year2,WITO4160_33,Doria-Rose et al. Nature 509:55 (2014),24590074,,,219
polyclonal CAP256 Year2,ZM109_4,Doria-Rose et al. Nature 509:55 (2014),24590074,,,70
polyclonal CAP256 Year2,ZM135_10A,Doria-Rose et al. Nature 509:55 (2014),24590074,,,68
polyclonal CAP256 Year2,ZM197_7,Doria-Rose et al. Nature 509:55 (2014),24590074,,,151
polyclonal CAP256 Year2,ZM214_15,Doria-Rose et al. Nature 509:55 (2014),24590074,,,<45
polyclonal CAP256 Year2,ZM233_6,Doria-Rose et al. Nature 509:55 (2014),24590074,,,4360
polyclonal CAP256 Year2,ZM249_1,Doria-Rose et al. Nature 509:55 (2014),24590074,,,<45
polyclonal CAP256 Year2,ZM53_12,Doria-Rose et al. Nature 509:55 (2014),24590074,,,14218
polyclonal CAP256 Year3,6535_3,Doria-Rose et al. Nature 509:55 (2014),24590074,,,788
polyclonal CAP256 Year3,AC10_29,Doria-Rose et al. Nature 509:55 (2014),24590074,,,48
polyclonal CAP256 Year3,CAAN5342,Doria-Rose et al. Nature 509:55 (2014),24590074,,,<45
polyclonal CAP256 Year3,CAP210_E8,Doria-Rose et al. Nature 509:55 (2014),24590074,,,13580
polyclonal CAP256 Year3,CAP244_D3,Doria-Rose et al. Nature 509:55 (2014),24590074,,,58
polyclonal CAP256 Year3,CAP45_G3,Doria-Rose et al. Nature 509:55 (2014),24590074,,,13402
polyclonal CAP256 Year3,DU156_12,Doria-Rose et al. Nature 509:55 (2014),24590074,,,1363
polyclonal CAP256 Year3,DU172_17,Doria-Rose et al. Nature 509:55 (2014),24590074,,,<45
polyclonal CAP256 Year3,DU422_1,Doria-Rose et al. Nature 509:55 (2014),24590074,,,1907
polyclonal CAP256 Year3,PVO_4,Doria-Rose et al. Nature 509:55 (2014),24590074,,,86
polyclonal CAP256 Year3,Q168_A2,Doria-Rose et al. Nature 509:55 (2014),24590074,,,2349
polyclonal CAP256 Year3,Q23_17,Doria-Rose et al. Nature 509:55 (2014),24590074,,,1107
polyclonal CAP256 Year3,Q259_17,Doria-Rose et al. Nature 509:55 (2014),24590074,,,114
polyclonal CAP256 Year3,Q461_E2,Doria-Rose et al. Nature 509:55 (2014),24590074,,,422
polyclonal CAP256 Year3,Q769_D22,Doria-Rose et al. Nature 509:55 (2014),24590074,,,<45
polyclonal CAP256 Year3,Q842_D12,Doria-Rose et al. Nature 509:55 (2014),24590074,,,658
polyclonal CAP256 Year3,QH0692_42,Doria-Rose et al. Nature 509:55 (2014),24590074,,,49
polyclonal CAP256 Year3,REJO4541_67,Doria-Rose et al. Nature 509:55 (2014),24590074,,,<45
polyclonal CAP256 Year3,RHPA4259_7,Doria-Rose et al. Nature 509:55 (2014),24590074,,,<45
polyclonal CAP256 Year3,SC422_8,Doria-Rose et al. Nature 509:55 (2014),24590074,,,<45
polyclonal CAP256 Year3,THRO4156,Doria-Rose et al. Nature 509:55 (2014),24590074,,,<45
polyclonal CAP256 Year3,TRJO4551_58,Doria-Rose et al. Nature 509:55 (2014),24590074,,,56
polyclonal CAP256 Year3,TRO_11,Doria-Rose et al. Nature 509:55 (2014),24590074,,,<45
polyclonal CAP256 Year3,WITO4160_33,Doria-Rose et al. Nature 509:55 (2014),24590074,,,293
polyclonal CAP256 Year3,ZM109_4,Doria-Rose et al. Nature 509:55 (2014),24590074,,,398
polyclonal CAP256 Year3,ZM135_10A,Doria-Rose et al. Nature 509:55 (2014),24590074,,,69
polyclonal CAP256 Year3,ZM197_7,Doria-Rose et al. Nature 509:55 (2014),24590074,,,1062
polyclonal CAP256 Year3,ZM214_15,Doria-Rose et al. Nature 509:55 (2014),24590074,,,920
polyclonal CAP256 Year3,ZM233_6,Doria-Rose et al. Nature 509:55 (2014),24590074,,,13476
polyclonal CAP256 Year3,ZM249_1,Doria-Rose et al. Nature 509:55 (2014),24590074,,,230
polyclonal CAP256 Year3,ZM53_12,Doria-Rose et al. Nature 509:55 (2014),24590074,,,13474
polyclonal CAP256 Year4,6535_3,Doria-Rose et al. Nature 509:55 (2014),24590074,,,284
polyclonal CAP256 Year4,AC10_29,Doria-Rose et al. Nature 509:55 (2014),24590074,,,66
polyclonal CAP256 Year4,CAAN5342,Doria-Rose et al. Nature 509:55 (2014),24590074,,,<45
polyclonal CAP256 Year4,CAP210_E8,Doria-Rose et al. Nature 509:55 (2014),24590074,,,5250
polyclonal CAP256 Year4,CAP244_D3,Doria-Rose et al. Nature 509:55 (2014),24590074,,,62
polyclonal CAP256 Year4,CAP45_G3,Doria-Rose et al. Nature 509:55 (2014),24590074,,,1006
polyclonal CAP256 Year4,DU156_12,Doria-Rose et al. Nature 509:55 (2014),24590074,,,1116
polyclonal CAP256 Year4,DU172_17,Doria-Rose et al. Nature 509:55 (2014),24590074,,,<45
polyclonal CAP256 Year4,DU422_1,Doria-Rose et al. Nature 509:55 (2014),24590074,,,1968
polyclonal CAP256 Year4,PVO_4,Doria-Rose et al. Nature 509:55 (2014),24590074,,,47
polyclonal CAP256 Year4,Q168_A2,Doria-Rose et al. Nature 509:55 (2014),24590074,,,352
polyclonal CAP256 Year4,Q23_17,Doria-Rose et al. Nature 509:55 (2014),24590074,,,448
polyclonal CAP256 Year4,Q259_17,Doria-Rose et al. Nature 509:55 (2014),24590074,,,433
polyclonal CAP256 Year4,Q461_E2,Doria-Rose et al. Nature 509:55 (2014),24590074,,,127
polyclonal CAP256 Year4,Q769_D22,Doria-Rose et al. Nature 509:55 (2014),24590074,,,<45
polyclonal CAP256 Year4,Q842_D12,Doria-Rose et al. Nature 509:55 (2014),24590074,,,602
polyclonal CAP256 Year4,QH0692_42,Doria-Rose et al. Nature 509:55 (2014),24590074,,,<45
polyclonal CAP256 Year4,REJO4541_67,Doria-Rose et al. Nature 509:55 (2014),24590074,,,<45
polyclonal CAP256 Year4,RHPA4259_7,Doria-Rose et al. Nature 509:55 (2014),24590074,,,49
polyclonal CAP256 Year4,SC422_8,Doria-Rose et al. Nature 509:55 (2014),24590074,,,<45
polyclonal CAP256 Year4,THRO4156,Doria-Rose et al. Nature 509:55 (2014),24590074,,,<45
polyclonal CAP256 Year4,TRJO4551_58,Doria-Rose et al. Nature 509:55 (2014),24590074,,,<45
polyclonal CAP256 Year4,TRO_11,Doria-Rose et al. Nature 509:55 (2014),24590074,,,69
polyclonal CAP256 Year4,WITO4160_33,Doria-Rose et al. Nature 509:55 (2014),24590074,,,99
polyclonal CAP256 Year4,ZM109_4,Doria-Rose et al. Nature 509:55 (2014),24590074,,,156
polyclonal CAP256 Year4,ZM135_10A,Doria-Rose et al. Nature 509:55 (2014),24590074,,,<45
polyclonal CAP256 Year4,ZM197_7,Doria-Rose et al. Nature 509:55 (2014),24590074,,,1245
polyclonal CAP256 Year4,ZM214_15,Doria-Rose et al. Nature 509:55 (2014),24590074,,,538
polyclonal CAP256 Year4,ZM233_6,Doria-Rose et al. Nature 509:55 (2014),24590074,,,5261
polyclonal CAP256 Year4,ZM249_1,Doria-Rose et al. Nature 509:55 (2014),24590074,,,119
polyclonal CAP256 Year4,ZM53_12,Doria-Rose et al. Nature 509:55 (2014),24590074,,,15460
polyclonal CBJC438 3/2008,246_F3_C10_2,Kumar et al. Sci Adv 6(38):eabb1328 (2020) - dataset 2,32938661,,,253
polyclonal CBJC438 3/2008,25710_2_43,Kumar et al. Sci Adv 6(38):eabb1328 (2020) - dataset 2,32938661,,,323
polyclonal CBJC438 3/2008,398_F1_F6_20,Kumar et al. Sci Adv 6(38):eabb1328 (2020) - dataset 2,32938661,,,829
polyclonal CBJC438 3/2008,703010217_B6,Kumar et al. Sci Adv 6(38):eabb1328 (2020) - dataset 2,32938661,,,331
polyclonal CBJC438 3/2008,BJOX002000_03_2,Kumar et al. Sci Adv 6(38):eabb1328 (2020) - dataset 2,32938661,,,248
polyclonal CBJC438 3/2008,CE1176_A3,Kumar et al. Sci Adv 6(38):eabb1328 (2020) - dataset 2,32938661,,,496
polyclonal CBJC438 3/2008,CH119_10,Kumar et al. Sci Adv 6(38):eabb1328 (2020) - dataset 2,32938661,,,217
polyclonal CBJC438 3/2008,CNE55,Kumar et al. Sci Adv 6(38):eabb1328 (2020) - dataset 2,32938661,,,138
polyclonal CBJC438 3/2008,CNE8,Kumar et al. Sci Adv 6(38):eabb1328 (2020) - dataset 2,32938661,,,191
polyclonal CBJC438 3/2008,TRO_11,Kumar et al. Sci Adv 6(38):eabb1328 (2020) - dataset 2,32938661,,,358
polyclonal CBJC438 3/2008,X1632_S2_B10,Kumar et al. Sci Adv 6(38):eabb1328 (2020) - dataset 2,32938661,,,214
polyclonal CBJC438 3/2008,X2278_C2_B6,Kumar et al. Sci Adv 6(38):eabb1328 (2020) - dataset 2,32938661,,,670
polyclonal CBJC515 2005,AC10_29,Hu et al. Vaccines (Basel) 9:311 (2021),33805985,,,1867
polyclonal CBJC515 2005,BJMSM2249,Hu et al. Vaccines (Basel) 9:311 (2021),33805985,,,79
polyclonal CBJC515 2005,BJMSM2316,Hu et al. Vaccines (Basel) 9:311 (2021),33805985,,,2508
polyclonal CBJC515 2005,BJMSM2498,Hu et al. Vaccines (Basel) 9:311 (2021),33805985,,,84
polyclonal CBJC515 2005,CAAN5342,Hu et al. Vaccines (Basel) 9:311 (2021),33805985,,,248
polyclonal CBJC515 2005,CAP45_G3,Hu et al. Vaccines (Basel) 9:311 (2021),33805985,,,164
polyclonal CBJC515 2005,CBJC515_05_16,Hu et al. Vaccines (Basel) 9:311 (2021),33805985,,,43
polyclonal CBJC515 2005,CBJC515_05_17,Hu et al. Vaccines (Basel) 9:311 (2021),33805985,,,55
polyclonal CBJC515 2005,CBJC515_05_18,Hu et al. Vaccines (Basel) 9:311 (2021),33805985,,,34
polyclonal CBJC515 2005,CBJC515_05_19,Hu et al. Vaccines (Basel) 9:311 (2021),33805985,,,75
polyclonal CBJC515 2005,CBJC515_05_20,Hu et al. Vaccines (Basel) 9:311 (2021),33805985,,,41
polyclonal CBJC515 2005,CBJC515_05_21,Hu et al. Vaccines (Basel) 9:311 (2021),33805985,,,37
polyclonal CBJC515 2005,CBJC515_05_22,Hu et al. Vaccines (Basel) 9:311 (2021),33805985,,,46
polyclonal CBJC515 2005,CBJC515_05_23,Hu et al. Vaccines (Basel) 9:311 (2021),33805985,,,49
polyclonal CBJC515 2005,CBJC515_05_24,Hu et al. Vaccines (Basel) 9:311 (2021),33805985,,,28
polyclonal CBJC515 2005,CBJC515_05_25,Hu et al. Vaccines (Basel) 9:311 (2021),33805985,,,41
polyclonal CBJC515 2005,CBJC515_05_26,Hu et al. Vaccines (Basel) 9:311 (2021),33805985,,,70
polyclonal CBJC515 2005,CBJC515_06_20,Hu et al. Vaccines (Basel) 9:311 (2021),33805985,,,<20
polyclonal CBJC515 2005,CBJC515_06_21,Hu et al. Vaccines (Basel) 9:311 (2021),33805985,,,36
polyclonal CBJC515 2005,CBJC515_06_22,Hu et al. Vaccines (Basel) 9:311 (2021),33805985,,,31
polyclonal CBJC515 2005,CBJC515_06_23,Hu et al. Vaccines (Basel) 9:311 (2021),33805985,,,24
polyclonal CBJC515 2005,CBJC515_08_22,Hu et al. Vaccines (Basel) 9:311 (2021),33805985,,,38
polyclonal CBJC515 2005,CBJC515_08_23,Hu et al. Vaccines (Basel) 9:311 (2021),33805985,,,<20
polyclonal CBJC515 2005,CBJC515_08_24,Hu et al. Vaccines (Basel) 9:311 (2021),33805985,,,26
polyclonal CBJC515 2005,CBJC515_08_25,Hu et al. Vaccines (Basel) 9:311 (2021),33805985,,,27
polyclonal CBJC515 2005,CBJC515_08_26,Hu et al. Vaccines (Basel) 9:311 (2021),33805985,,,33
polyclonal CBJC515 2005,CBJC515_08_27,Hu et al. Vaccines (Basel) 9:311 (2021),33805985,,,33
polyclonal CBJC515 2005,CBJC515_08_28,Hu et al. Vaccines (Basel) 9:311 (2021),33805985,,,89
polyclonal CBJC515 2005,CBJC515_08_29,Hu et al. Vaccines (Basel) 9:311 (2021),33805985,,,37
polyclonal CBJC515 2005,CBJC515_08_30,Hu et al. Vaccines (Basel) 9:311 (2021),33805985,,,39
polyclonal CBJC515 2005,CBJC515_08_31,Hu et al. Vaccines (Basel) 9:311 (2021),33805985,,,40
polyclonal CBJC515 2005,CBJC515_08_32,Hu et al. Vaccines (Basel) 9:311 (2021),33805985,,,22
polyclonal CBJC515 2005,CBJC515_08_33,Hu et al. Vaccines (Basel) 9:311 (2021),33805985,,,24
polyclonal CBJC515 2005,CBJC515_08_34,Hu et al. Vaccines (Basel) 9:311 (2021),33805985,,,43
polyclonal CBJC515 2005,CH110_2,Hu et al. Vaccines (Basel) 9:311 (2021),33805985,,,997
polyclonal CBJC515 2005,CH117_4,Hu et al. Vaccines (Basel) 9:311 (2021),33805985,,,41
polyclonal CBJC515 2005,CH120_6,Hu et al. Vaccines (Basel) 9:311 (2021),33805985,,,1106
polyclonal CBJC515 2005,CH181_12,Hu et al. Vaccines (Basel) 9:311 (2021),33805985,,,958
polyclonal CBJC515 2005,DU422_1,Hu et al. Vaccines (Basel) 9:311 (2021),33805985,,,26
polyclonal CBJC515 2005,PVO_4,Hu et al. Vaccines (Basel) 9:311 (2021),33805985,,,1588
polyclonal CBJC515 2005,Q259_17,Hu et al. Vaccines (Basel) 9:311 (2021),33805985,,,10
polyclonal CBJC515 2005,Q461_E2,Hu et al. Vaccines (Basel) 9:311 (2021),33805985,,,102
polyclonal CBJC515 2005,Q769_D22,Hu et al. Vaccines (Basel) 9:311 (2021),33805985,,,32
polyclonal CBJC515 2005,Q842_D12,Hu et al. Vaccines (Basel) 9:311 (2021),33805985,,,1145
polyclonal CBJC515 2005,QH0692_42,Hu et al. Vaccines (Basel) 9:311 (2021),33805985,,,944
polyclonal CBJC515 2005,REJO4541_67,Hu et al. Vaccines (Basel) 9:311 (2021),33805985,,,156
polyclonal CBJC515 2005,RHPA4259_7,Hu et al. Vaccines (Basel) 9:311 (2021),33805985,,,358
polyclonal CBJC515 2005,SC422_8,Hu et al. Vaccines (Basel) 9:311 (2021),33805985,,,1453
polyclonal CBJC515 2005,TRJO4551_58,Hu et al. Vaccines (Basel) 9:311 (2021),33805985,,,1400
polyclonal CBJC515 2005,ZM109_4,Hu et al. Vaccines (Basel) 9:311 (2021),33805985,,,75
polyclonal CBJC515 2005,ZM249_1,Hu et al. Vaccines (Basel) 9:311 (2021),33805985,,,38
polyclonal CBJC515 2006,CBJC515_05_16,Hu et al. Vaccines (Basel) 9:311 (2021),33805985,,,521
polyclonal CBJC515 2006,CBJC515_05_17,Hu et al. Vaccines (Basel) 9:311 (2021),33805985,,,475
polyclonal CBJC515 2006,CBJC515_05_18,Hu et al. Vaccines (Basel) 9:311 (2021),33805985,,,185
polyclonal CBJC515 2006,CBJC515_05_19,Hu et al. Vaccines (Basel) 9:311 (2021),33805985,,,409
polyclonal CBJC515 2006,CBJC515_05_20,Hu et al. Vaccines (Basel) 9:311 (2021),33805985,,,288
polyclonal CBJC515 2006,CBJC515_05_21,Hu et al. Vaccines (Basel) 9:311 (2021),33805985,,,156
polyclonal CBJC515 2006,CBJC515_05_22,Hu et al. Vaccines (Basel) 9:311 (2021),33805985,,,241
polyclonal CBJC515 2006,CBJC515_05_23,Hu et al. Vaccines (Basel) 9:311 (2021),33805985,,,219
polyclonal CBJC515 2006,CBJC515_05_24,Hu et al. Vaccines (Basel) 9:311 (2021),33805985,,,178
polyclonal CBJC515 2006,CBJC515_05_25,Hu et al. Vaccines (Basel) 9:311 (2021),33805985,,,797
polyclonal CBJC515 2006,CBJC515_05_26,Hu et al. Vaccines (Basel) 9:311 (2021),33805985,,,933
polyclonal CBJC515 2006,CBJC515_06_20,Hu et al. Vaccines (Basel) 9:311 (2021),33805985,,,117
polyclonal CBJC515 2006,CBJC515_06_21,Hu et al. Vaccines (Basel) 9:311 (2021),33805985,,,96
polyclonal CBJC515 2006,CBJC515_06_22,Hu et al. Vaccines (Basel) 9:311 (2021),33805985,,,138
polyclonal CBJC515 2006,CBJC515_06_23,Hu et al. Vaccines (Basel) 9:311 (2021),33805985,,,156
polyclonal CBJC515 2006,CBJC515_08_22,Hu et al. Vaccines (Basel) 9:311 (2021),33805985,,,266
polyclonal CBJC515 2006,CBJC515_08_23,Hu et al. Vaccines (Basel) 9:311 (2021),33805985,,,127
polyclonal CBJC515 2006,CBJC515_08_24,Hu et al. Vaccines (Basel) 9:311 (2021),33805985,,,306
polyclonal CBJC515 2006,CBJC515_08_25,Hu et al. Vaccines (Basel) 9:311 (2021),33805985,,,127
polyclonal CBJC515 2006,CBJC515_08_26,Hu et al. Vaccines (Basel) 9:311 (2021),33805985,,,426
polyclonal CBJC515 2006,CBJC515_08_27,Hu et al. Vaccines (Basel) 9:311 (2021),33805985,,,426
polyclonal CBJC515 2006,CBJC515_08_28,Hu et al. Vaccines (Basel) 9:311 (2021),33805985,,,276
polyclonal CBJC515 2006,CBJC515_08_29,Hu et al. Vaccines (Basel) 9:311 (2021),33805985,,,157
polyclonal CBJC515 2006,CBJC515_08_30,Hu et al. Vaccines (Basel) 9:311 (2021),33805985,,,276
polyclonal CBJC515 2006,CBJC515_08_31,Hu et al. Vaccines (Basel) 9:311 (2021),33805985,,,343
polyclonal CBJC515 2006,CBJC515_08_32,Hu et al. Vaccines (Basel) 9:311 (2021),33805985,,,184
polyclonal CBJC515 2006,CBJC515_08_33,Hu et al. Vaccines (Basel) 9:311 (2021),33805985,,,162
polyclonal CBJC515 2006,CBJC515_08_34,Hu et al. Vaccines (Basel) 9:311 (2021),33805985,,,315
polyclonal CBJC515 2008,CBJC515_05_16,Hu et al. Vaccines (Basel) 9:311 (2021),33805985,,,855
polyclonal CBJC515 2008,CBJC515_05_17,Hu et al. Vaccines (Basel) 9:311 (2021),33805985,,,338
polyclonal CBJC515 2008,CBJC515_05_18,Hu et al. Vaccines (Basel) 9:311 (2021),33805985,,,172
polyclonal CBJC515 2008,CBJC515_05_19,Hu et al. Vaccines (Basel) 9:311 (2021),33805985,,,275
polyclonal CBJC515 2008,CBJC515_05_20,Hu et al. Vaccines (Basel) 9:311 (2021),33805985,,,185
polyclonal CBJC515 2008,CBJC515_05_21,Hu et al. Vaccines (Basel) 9:311 (2021),33805985,,,109
polyclonal CBJC515 2008,CBJC515_05_22,Hu et al. Vaccines (Basel) 9:311 (2021),33805985,,,182
polyclonal CBJC515 2008,CBJC515_05_23,Hu et al. Vaccines (Basel) 9:311 (2021),33805985,,,172
polyclonal CBJC515 2008,CBJC515_05_24,Hu et al. Vaccines (Basel) 9:311 (2021),33805985,,,138
polyclonal CBJC515 2008,CBJC515_05_25,Hu et al. Vaccines (Basel) 9:311 (2021),33805985,,,417
polyclonal CBJC515 2008,CBJC515_05_26,Hu et al. Vaccines (Basel) 9:311 (2021),33805985,,,1060
polyclonal CBJC515 2008,CBJC515_06_20,Hu et al. Vaccines (Basel) 9:311 (2021),33805985,,,116
polyclonal CBJC515 2008,CBJC515_06_21,Hu et al. Vaccines (Basel) 9:311 (2021),33805985,,,159
polyclonal CBJC515 2008,CBJC515_06_22,Hu et al. Vaccines (Basel) 9:311 (2021),33805985,,,157
polyclonal CBJC515 2008,CBJC515_06_23,Hu et al. Vaccines (Basel) 9:311 (2021),33805985,,,116
polyclonal CBJC515 2008,CBJC515_08_22,Hu et al. Vaccines (Basel) 9:311 (2021),33805985,,,144
polyclonal CBJC515 2008,CBJC515_08_23,Hu et al. Vaccines (Basel) 9:311 (2021),33805985,,,60
polyclonal CBJC515 2008,CBJC515_08_24,Hu et al. Vaccines (Basel) 9:311 (2021),33805985,,,188
polyclonal CBJC515 2008,CBJC515_08_25,Hu et al. Vaccines (Basel) 9:311 (2021),33805985,,,109
polyclonal CBJC515 2008,CBJC515_08_26,Hu et al. Vaccines (Basel) 9:311 (2021),33805985,,,140
polyclonal CBJC515 2008,CBJC515_08_27,Hu et al. Vaccines (Basel) 9:311 (2021),33805985,,,140
polyclonal CBJC515 2008,CBJC515_08_28,Hu et al. Vaccines (Basel) 9:311 (2021),33805985,,,390
polyclonal CBJC515 2008,CBJC515_08_29,Hu et al. Vaccines (Basel) 9:311 (2021),33805985,,,95
polyclonal CBJC515 2008,CBJC515_08_30,Hu et al. Vaccines (Basel) 9:311 (2021),33805985,,,167
polyclonal CBJC515 2008,CBJC515_08_31,Hu et al. Vaccines (Basel) 9:311 (2021),33805985,,,142
polyclonal CBJC515 2008,CBJC515_08_32,Hu et al. Vaccines (Basel) 9:311 (2021),33805985,,,101
polyclonal CBJC515 2008,CBJC515_08_33,Hu et al. Vaccines (Basel) 9:311 (2021),33805985,,,133
polyclonal CBJC515 2008,CBJC515_08_34,Hu et al. Vaccines (Basel) 9:311 (2021),33805985,,,233
polyclonal CH0457 wk8,1006_11_C3_1601,Moody et al. Cell Host Microbe 18:354 (2015),26355218,,,39
polyclonal CH0457 wk8,1054_07_TC4_1499,Moody et al. Cell Host Microbe 18:354 (2015),26355218,,,78
polyclonal CH0457 wk8,1394_C9G1,Moody et al. Cell Host Microbe 18:354 (2015),26355218,,,<20
polyclonal CH0457 wk8,249M_B10,Moody et al. Cell Host Microbe 18:354 (2015),26355218,,,1224
polyclonal CH0457 wk8,6535_3,Moody et al. Cell Host Microbe 18:354 (2015),26355218,,,56
polyclonal CH0457 wk8,700010040_C9_4520,Moody et al. Cell Host Microbe 18:354 (2015),26355218,,,79
polyclonal CH0457 wk8,703010054_2A2,Moody et al. Cell Host Microbe 18:354 (2015),26355218,,,537
polyclonal CH0457 wk8,703010200_1E5,Moody et al. Cell Host Microbe 18:354 (2015),26355218,,,419
polyclonal CH0457 wk8,704809221_1B3,Moody et al. Cell Host Microbe 18:354 (2015),26355218,,,364
polyclonal CH0457 wk8,AC10_29,Moody et al. Cell Host Microbe 18:354 (2015),26355218,,,<20
polyclonal CH0457 wk8,BAL_26,Moody et al. Cell Host Microbe 18:354 (2015),26355218,,,358
polyclonal CH0457 wk8,BF1266_431A,Moody et al. Cell Host Microbe 18:354 (2015),26355218,,,346
polyclonal CH0457 wk8,BX08_16,Moody et al. Cell Host Microbe 18:354 (2015),26355218,,,302
polyclonal CH0457 wk8,CAP45_G3,Moody et al. Cell Host Microbe 18:354 (2015),26355218,,,1252
polyclonal CH0457 wk8,CE0393_C3,Moody et al. Cell Host Microbe 18:354 (2015),26355218,,,1335
polyclonal CH0457 wk8,CE0682_E4,Moody et al. Cell Host Microbe 18:354 (2015),26355218,,,3291
polyclonal CH0457 wk8,CE1086_B2,Moody et al. Cell Host Microbe 18:354 (2015),26355218,,,733
polyclonal CH0457 wk8,CE1176_A3,Moody et al. Cell Host Microbe 18:354 (2015),26355218,,,905
polyclonal CH0457 wk8,CE2010_F5,Moody et al. Cell Host Microbe 18:354 (2015),26355218,,,330
polyclonal CH0457 wk8,CE2060_G9,Moody et al. Cell Host Microbe 18:354 (2015),26355218,,,43
polyclonal CH0457 wk8,CM244_EC1,Moody et al. Cell Host Microbe 18:354 (2015),26355218,,,84
polyclonal CH0457 wk8,DU156_12,Moody et al. Cell Host Microbe 18:354 (2015),26355218,,,281
polyclonal CH0457 wk8,DU172_17,Moody et al. Cell Host Microbe 18:354 (2015),26355218,,,429
polyclonal CH0457 wk8,DU422_1,Moody et al. Cell Host Microbe 18:354 (2015),26355218,,,392
polyclonal CH0457 wk8,MN_3,Moody et al. Cell Host Microbe 18:354 (2015),26355218,,,249
polyclonal CH0457 wk8,MW965_26,Moody et al. Cell Host Microbe 18:354 (2015),26355218,,,>43740
polyclonal CH0457 wk8,NP03,Moody et al. Cell Host Microbe 18:354 (2015),26355218,,,1114
polyclonal CH0457 wk8,PVO_4,Moody et al. Cell Host Microbe 18:354 (2015),26355218,,,574
polyclonal CH0457 wk8,Q23_17,Moody et al. Cell Host Microbe 18:354 (2015),26355218,,,433
polyclonal CH0457 wk8,Q259_17,Moody et al. Cell Host Microbe 18:354 (2015),26355218,,,51
polyclonal CH0457 wk8,Q461_E2,Moody et al. Cell Host Microbe 18:354 (2015),26355218,,,442
polyclonal CH0457 wk8,Q769_D22,Moody et al. Cell Host Microbe 18:354 (2015),26355218,,,273
polyclonal CH0457 wk8,Q842_D12,Moody et al. Cell Host Microbe 18:354 (2015),26355218,,,3296
polyclonal CH0457 wk8,QH0692_42,Moody et al. Cell Host Microbe 18:354 (2015),26355218,,,84
polyclonal CH0457 wk8,REJO4541_67,Moody et al. Cell Host Microbe 18:354 (2015),26355218,,,44
polyclonal CH0457 wk8,RHPA4259_7,Moody et al. Cell Host Microbe 18:354 (2015),26355218,,,1781
polyclonal CH0457 wk8,SC422_8,Moody et al. Cell Host Microbe 18:354 (2015),26355218,,,167
polyclonal CH0457 wk8,SF162,Moody et al. Cell Host Microbe 18:354 (2015),26355218,,,274
polyclonal CH0457 wk8,TH023_6,Moody et al. Cell Host Microbe 18:354 (2015),26355218,,,13758
polyclonal CH0457 wk8,THRO4156,Moody et al. Cell Host Microbe 18:354 (2015),26355218,,,78
polyclonal CH0457 wk8,TRJO4551_58,Moody et al. Cell Host Microbe 18:354 (2015),26355218,,,485
polyclonal CH0457 wk8,TRO_11,Moody et al. Cell Host Microbe 18:354 (2015),26355218,,,2760
polyclonal CH0457 wk8,WEAU_D15_410,Moody et al. Cell Host Microbe 18:354 (2015),26355218,,,1004
polyclonal CH0457 wk8,ZM197_7,Moody et al. Cell Host Microbe 18:354 (2015),26355218,,,209
polyclonal CH0457 wk8,ZM214_15,Moody et al. Cell Host Microbe 18:354 (2015),26355218,,,373
polyclonal CH0457 wk8,ZM246F,Moody et al. Cell Host Microbe 18:354 (2015),26355218,,,446
polyclonal CH0457 wk8,ZM247_V1,Moody et al. Cell Host Microbe 18:354 (2015),26355218,,,1557
polyclonal CH0457 wk96,1006_11_C3_1601,Moody et al. Cell Host Microbe 18:354 (2015),26355218,,,58
polyclonal CH0457 wk96,1054_07_TC4_1499,Moody et al. Cell Host Microbe 18:354 (2015),26355218,,,178
polyclonal CH0457 wk96,1394_C9G1,Moody et al. Cell Host Microbe 18:354 (2015),26355218,,,68
polyclonal CH0457 wk96,249M_B10,Moody et al. Cell Host Microbe 18:354 (2015),26355218,,,1497
polyclonal CH0457 wk96,6535_3,Moody et al. Cell Host Microbe 18:354 (2015),26355218,,,152
polyclonal CH0457 wk96,700010040_C9_4520,Moody et al. Cell Host Microbe 18:354 (2015),26355218,,,137
polyclonal CH0457 wk96,703010054_2A2,Moody et al. Cell Host Microbe 18:354 (2015),26355218,,,892
polyclonal CH0457 wk96,703010200_1E5,Moody et al. Cell Host Microbe 18:354 (2015),26355218,,,811
polyclonal CH0457 wk96,704809221_1B3,Moody et al. Cell Host Microbe 18:354 (2015),26355218,,,628
polyclonal CH0457 wk96,AC10_29,Moody et al. Cell Host Microbe 18:354 (2015),26355218,,,91
polyclonal CH0457 wk96,BAL_26,Moody et al. Cell Host Microbe 18:354 (2015),26355218,,,375
polyclonal CH0457 wk96,BF1266_431A,Moody et al. Cell Host Microbe 18:354 (2015),26355218,,,383
polyclonal CH0457 wk96,BX08_16,Moody et al. Cell Host Microbe 18:354 (2015),26355218,,,342
polyclonal CH0457 wk96,CAP45_G3,Moody et al. Cell Host Microbe 18:354 (2015),26355218,,,2430
polyclonal CH0457 wk96,CE0682_E4,Moody et al. Cell Host Microbe 18:354 (2015),26355218,,,3115
polyclonal CH0457 wk96,CE1086_B2,Moody et al. Cell Host Microbe 18:354 (2015),26355218,,,1351
polyclonal CH0457 wk96,CE2060_G9,Moody et al. Cell Host Microbe 18:354 (2015),26355218,,,104
polyclonal CH0457 wk96,CM244_EC1,Moody et al. Cell Host Microbe 18:354 (2015),26355218,,,93
polyclonal CH0457 wk96,DU156_12,Moody et al. Cell Host Microbe 18:354 (2015),26355218,,,394
polyclonal CH0457 wk96,DU172_17,Moody et al. Cell Host Microbe 18:354 (2015),26355218,,,471
polyclonal CH0457 wk96,DU422_1,Moody et al. Cell Host Microbe 18:354 (2015),26355218,,,473
polyclonal CH0457 wk96,MN_3,Moody et al. Cell Host Microbe 18:354 (2015),26355218,,,273
polyclonal CH0457 wk96,MW965_26,Moody et al. Cell Host Microbe 18:354 (2015),26355218,,,>43740
polyclonal CH0457 wk96,NP03,Moody et al. Cell Host Microbe 18:354 (2015),26355218,,,1727
polyclonal CH0457 wk96,PVO_4,Moody et al. Cell Host Microbe 18:354 (2015),26355218,,,662
polyclonal CH0457 wk96,QH0692_42,Moody et al. Cell Host Microbe 18:354 (2015),26355218,,,154
polyclonal CH0457 wk96,REJO4541_67,Moody et al. Cell Host Microbe 18:354 (2015),26355218,,,163
polyclonal CH0457 wk96,RHPA4259_7,Moody et al. Cell Host Microbe 18:354 (2015),26355218,,,2026
polyclonal CH0457 wk96,SC422_8,Moody et al. Cell Host Microbe 18:354 (2015),26355218,,,385
polyclonal CH0457 wk96,SF162,Moody et al. Cell Host Microbe 18:354 (2015),26355218,,,474
polyclonal CH0457 wk96,TH023_6,Moody et al. Cell Host Microbe 18:354 (2015),26355218,,,13659
polyclonal CH0457 wk96,THRO4156,Moody et al. Cell Host Microbe 18:354 (2015),26355218,,,111
polyclonal CH0457 wk96,TRJO4551_58,Moody et al. Cell Host Microbe 18:354 (2015),26355218,,,663
polyclonal CH0457 wk96,TRO_11,Moody et al. Cell Host Microbe 18:354 (2015),26355218,,,2074
polyclonal CH0457 wk96,WEAU_D15_410,Moody et al. Cell Host Microbe 18:354 (2015),26355218,,,1241
polyclonal CH0457 wk96,ZM197_7,Moody et al. Cell Host Microbe 18:354 (2015),26355218,,,206
polyclonal CH0457 wk96,ZM214_15,Moody et al. Cell Host Microbe 18:354 (2015),26355218,,,978
polyclonal CH0457 wk96,ZM246F,Moody et al. Cell Host Microbe 18:354 (2015),26355218,,,662
polyclonal CH0457 wk96,ZM247_V1,Moody et al. Cell Host Microbe 18:354 (2015),26355218,,,2906
polyclonal Cow26 d238,001428_2_42,Sok et al. Nature 548:108 (2017),28726771,,,426
polyclonal Cow26 d238,0260_V5_C36,Sok et al. Nature 548:108 (2017),28726771,,,2243
polyclonal Cow26 d238,0330_V4_C3,Sok et al. Nature 548:108 (2017),28726771,,,12248
polyclonal Cow26 d238,0815_V3_C3,Sok et al. Nature 548:108 (2017),28726771,,,19422
polyclonal Cow26 d238,1006_11_C3_1601,Sok et al. Nature 548:108 (2017),28726771,,,483
polyclonal Cow26 d238,1012_11_TC21_3257,Sok et al. Nature 548:108 (2017),28726771,,,101
polyclonal Cow26 d238,1054_07_TC4_1499,Sok et al. Nature 548:108 (2017),28726771,,,25
polyclonal Cow26 d238,1056_10_TA11_1826,Sok et al. Nature 548:108 (2017),28726771,,,257
polyclonal Cow26 d238,1394_C9G1,Sok et al. Nature 548:108 (2017),28726771,,,2616
polyclonal Cow26 d238,16055_2_3,Sok et al. Nature 548:108 (2017),28726771,,,430
polyclonal Cow26 d238,16845_2_22,Sok et al. Nature 548:108 (2017),28726771,,,791
polyclonal Cow26 d238,191084_B7_19,Sok et al. Nature 548:108 (2017),28726771,,,371
polyclonal Cow26 d238,231965_C1,Sok et al. Nature 548:108 (2017),28726771,,,26
polyclonal Cow26 d238,235_47,Sok et al. Nature 548:108 (2017),28726771,,,5000
polyclonal Cow26 d238,246_F3_C10_2,Sok et al. Nature 548:108 (2017),28726771,,,1539
polyclonal Cow26 d238,249M_B10,Sok et al. Nature 548:108 (2017),28726771,,,7048
polyclonal Cow26 d238,25710_2_43,Sok et al. Nature 548:108 (2017),28726771,,,2403
polyclonal Cow26 d238,263_8,Sok et al. Nature 548:108 (2017),28726771,,,6818
polyclonal Cow26 d238,3016_V5_C45,Sok et al. Nature 548:108 (2017),28726771,,,138
polyclonal Cow26 d238,3103_V3_C10,Sok et al. Nature 548:108 (2017),28726771,,,324
polyclonal Cow26 d238,3301_V1_C24,Sok et al. Nature 548:108 (2017),28726771,,,196
polyclonal Cow26 d238,3817_V2_C59,Sok et al. Nature 548:108 (2017),28726771,,,753
polyclonal Cow26 d238,398_F1_F6_20,Sok et al. Nature 548:108 (2017),28726771,,,8385
polyclonal Cow26 d238,6041_V3_C23,Sok et al. Nature 548:108 (2017),28726771,,,11062
polyclonal Cow26 d238,620345_C1,Sok et al. Nature 548:108 (2017),28726771,,,25
polyclonal Cow26 d238,62357_14_D3_4589,Sok et al. Nature 548:108 (2017),28726771,,,161
polyclonal Cow26 d238,6240_08_TA5_4622,Sok et al. Nature 548:108 (2017),28726771,,,149
polyclonal Cow26 d238,6244_13_B5_4567,Sok et al. Nature 548:108 (2017),28726771,,,704
polyclonal Cow26 d238,6480_V4_C25,Sok et al. Nature 548:108 (2017),28726771,,,143
polyclonal Cow26 d238,6535_3,Sok et al. Nature 548:108 (2017),28726771,,,25
polyclonal Cow26 d238,6540_V4_C1,Sok et al. Nature 548:108 (2017),28726771,,,1747
polyclonal Cow26 d238,6545_V4_C1,Sok et al. Nature 548:108 (2017),28726771,,,984
polyclonal Cow26 d238,6811_V7_C18,Sok et al. Nature 548:108 (2017),28726771,,,314
polyclonal Cow26 d238,6952_V1_C20,Sok et al. Nature 548:108 (2017),28726771,,,<25
polyclonal Cow26 d238,703010054_2A2,Sok et al. Nature 548:108 (2017),28726771,,,113
polyclonal Cow26 d238,703010200_1E5,Sok et al. Nature 548:108 (2017),28726771,,,109
polyclonal Cow26 d238,703010217_B6,Sok et al. Nature 548:108 (2017),28726771,,,1876
polyclonal Cow26 d238,704809221_1B3,Sok et al. Nature 548:108 (2017),28726771,,,2246
polyclonal Cow26 d238,89_F1_2_25,Sok et al. Nature 548:108 (2017),28726771,,,694
polyclonal Cow26 d238,928_28,Sok et al. Nature 548:108 (2017),28726771,,,251
polyclonal Cow26 d238,92BR020,Sok et al. Nature 548:108 (2017),28726771,,,685
polyclonal Cow26 d238,92TH021,Sok et al. Nature 548:108 (2017),28726771,,,2667
polyclonal Cow26 d238,94UG103,Sok et al. Nature 548:108 (2017),28726771,,,649
polyclonal Cow26 d238,A07412M1_VRC12,Sok et al. Nature 548:108 (2017),28726771,,,298
polyclonal Cow26 d238,AC10_29,Sok et al. Nature 548:108 (2017),28726771,,,192
polyclonal Cow26 d238,BF1266_431A,Sok et al. Nature 548:108 (2017),28726771,,,1202
polyclonal Cow26 d238,BG505_W6M_C2,Sok et al. Nature 548:108 (2017),28726771,,,69935
polyclonal Cow26 d238,BJOX002000_03_2,Sok et al. Nature 548:108 (2017),28726771,,,1996
polyclonal Cow26 d238,BJOX009000_02_4,Sok et al. Nature 548:108 (2017),28726771,,,1438
polyclonal Cow26 d238,BJOX010000_06_2,Sok et al. Nature 548:108 (2017),28726771,,,685
polyclonal Cow26 d238,BJOX015000_11_5,Sok et al. Nature 548:108 (2017),28726771,,,<25
polyclonal Cow26 d238,BJOX025000_01_1,Sok et al. Nature 548:108 (2017),28726771,,,465
polyclonal Cow26 d238,BJOX028000_10_3,Sok et al. Nature 548:108 (2017),28726771,,,<25
polyclonal Cow26 d238,C1080_C3,Sok et al. Nature 548:108 (2017),28726771,,,574
polyclonal Cow26 d238,C3347_C11,Sok et al. Nature 548:108 (2017),28726771,,,1109
polyclonal Cow26 d238,C4118_9,Sok et al. Nature 548:108 (2017),28726771,,,1119
polyclonal Cow26 d238,CAAN5342,Sok et al. Nature 548:108 (2017),28726771,,,77
polyclonal Cow26 d238,CAP210_E8,Sok et al. Nature 548:108 (2017),28726771,,,223
polyclonal Cow26 d238,CAP45_G3,Sok et al. Nature 548:108 (2017),28726771,,,606
polyclonal Cow26 d238,CE0393_C3,Sok et al. Nature 548:108 (2017),28726771,,,14830
polyclonal Cow26 d238,CE1172_H1,Sok et al. Nature 548:108 (2017),28726771,,,334
polyclonal Cow26 d238,CE1176_A3,Sok et al. Nature 548:108 (2017),28726771,,,481
polyclonal Cow26 d238,CE2010_F5,Sok et al. Nature 548:108 (2017),28726771,,,4032
polyclonal Cow26 d238,CH119_10,Sok et al. Nature 548:108 (2017),28726771,,,578
polyclonal Cow26 d238,CNE17,Sok et al. Nature 548:108 (2017),28726771,,,304
polyclonal Cow26 d238,CNE19,Sok et al. Nature 548:108 (2017),28726771,,,1351
polyclonal Cow26 d238,CNE20,Sok et al. Nature 548:108 (2017),28726771,,,542
polyclonal Cow26 d238,CNE21,Sok et al. Nature 548:108 (2017),28726771,,,634
polyclonal Cow26 d238,CNE30,Sok et al. Nature 548:108 (2017),28726771,,,329
polyclonal Cow26 d238,CNE5,Sok et al. Nature 548:108 (2017),28726771,,,40
polyclonal Cow26 d238,CNE52,Sok et al. Nature 548:108 (2017),28726771,,,1888
polyclonal Cow26 d238,CNE53,Sok et al. Nature 548:108 (2017),28726771,,,10880
polyclonal Cow26 d238,CNE55,Sok et al. Nature 548:108 (2017),28726771,,,<25
polyclonal Cow26 d238,CNE58,Sok et al. Nature 548:108 (2017),28726771,,,1917
polyclonal Cow26 d238,CNE8,Sok et al. Nature 548:108 (2017),28726771,,,<25
polyclonal Cow26 d238,DU156_12,Sok et al. Nature 548:108 (2017),28726771,,,1820
polyclonal Cow26 d238,DU172_17,Sok et al. Nature 548:108 (2017),28726771,,,684
polyclonal Cow26 d238,DU422_1,Sok et al. Nature 548:108 (2017),28726771,,,1157
polyclonal Cow26 d238,IAVI_C22,Sok et al. Nature 548:108 (2017),28726771,,,6310
polyclonal Cow26 d238,JRCSF,Sok et al. Nature 548:108 (2017),28726771,,,25
polyclonal Cow26 d238,MS208_A1,Sok et al. Nature 548:108 (2017),28726771,,,8451
polyclonal Cow26 d238,P0402_C2_11,Sok et al. Nature 548:108 (2017),28726771,,,2674
polyclonal Cow26 d238,P1981_C5_3,Sok et al. Nature 548:108 (2017),28726771,,,53
polyclonal Cow26 d238,PVO_4,Sok et al. Nature 548:108 (2017),28726771,,,286
polyclonal Cow26 d238,Q23_17,Sok et al. Nature 548:108 (2017),28726771,,,10880
polyclonal Cow26 d238,Q461_E2,Sok et al. Nature 548:108 (2017),28726771,,,3207
polyclonal Cow26 d238,Q769_D22,Sok et al. Nature 548:108 (2017),28726771,,,2564
polyclonal Cow26 d238,QH0692_42,Sok et al. Nature 548:108 (2017),28726771,,,113
polyclonal Cow26 d238,R1166_C1,Sok et al. Nature 548:108 (2017),28726771,,,1814
polyclonal Cow26 d238,R2184_C4,Sok et al. Nature 548:108 (2017),28726771,,,519
polyclonal Cow26 d238,R3265_C6,Sok et al. Nature 548:108 (2017),28726771,,,1242
polyclonal Cow26 d238,REJO4541_67,Sok et al. Nature 548:108 (2017),28726771,,,50
polyclonal Cow26 d238,RHPA4259_7,Sok et al. Nature 548:108 (2017),28726771,,,217
polyclonal Cow26 d238,SC05_8C11_2344,Sok et al. Nature 548:108 (2017),28726771,,,659
polyclonal Cow26 d238,SC422_8,Sok et al. Nature 548:108 (2017),28726771,,,25
polyclonal Cow26 d238,T250_4,Sok et al. Nature 548:108 (2017),28726771,,,1043
polyclonal Cow26 d238,T251_18,Sok et al. Nature 548:108 (2017),28726771,,,150
polyclonal Cow26 d238,T257_31,Sok et al. Nature 548:108 (2017),28726771,,,841
polyclonal Cow26 d238,T278_50,Sok et al. Nature 548:108 (2017),28726771,,,<25
polyclonal Cow26 d238,TRJO4551_58,Sok et al. Nature 548:108 (2017),28726771,,,33
polyclonal Cow26 d238,TRO_11,Sok et al. Nature 548:108 (2017),28726771,,,193
polyclonal Cow26 d238,WEAU_D15_410,Sok et al. Nature 548:108 (2017),28726771,,,248
polyclonal Cow26 d238,WITO4160_33,Sok et al. Nature 548:108 (2017),28726771,,,1663
polyclonal Cow26 d238,X1193_C1,Sok et al. Nature 548:108 (2017),28726771,,,1144
polyclonal Cow26 d238,X1254_C3,Sok et al. Nature 548:108 (2017),28726771,,,<25
polyclonal Cow26 d238,X1632_S2_B10,Sok et al. Nature 548:108 (2017),28726771,,,1313
polyclonal Cow26 d238,X2088_C9,Sok et al. Nature 548:108 (2017),28726771,,,<25
polyclonal Cow26 d238,X2278_C2_B6,Sok et al. Nature 548:108 (2017),28726771,,,5372
polyclonal Cow26 d238,ZM109_4,Sok et al. Nature 548:108 (2017),28726771,,,81
polyclonal Cow26 d238,ZM135_10A,Sok et al. Nature 548:108 (2017),28726771,,,<25
polyclonal Cow26 d238,ZM197_7,Sok et al. Nature 548:108 (2017),28726771,,,244
polyclonal Cow26 d238,ZM214_15,Sok et al. Nature 548:108 (2017),28726771,,,1304
polyclonal Cow26 d238,ZM233_6,Sok et al. Nature 548:108 (2017),28726771,,,579
polyclonal Cow26 d238,ZM246F,Sok et al. Nature 548:108 (2017),28726771,,,136
polyclonal Cow26 d238,ZM247_V1,Sok et al. Nature 548:108 (2017),28726771,,,545
polyclonal Cow26 d238,ZM249_1,Sok et al. Nature 548:108 (2017),28726771,,,1313
polyclonal Cow26 d238,ZM53_12,Sok et al. Nature 548:108 (2017),28726771,,,1759
polyclonal Cow26 d381,001428_2_42,Sok et al. Nature 548:108 (2017),28726771,,,590
polyclonal Cow26 d381,0260_V5_C36,Sok et al. Nature 548:108 (2017),28726771,,,2530
polyclonal Cow26 d381,0330_V4_C3,Sok et al. Nature 548:108 (2017),28726771,,,11394
polyclonal Cow26 d381,0815_V3_C3,Sok et al. Nature 548:108 (2017),28726771,,,24128
polyclonal Cow26 d381,1006_11_C3_1601,Sok et al. Nature 548:108 (2017),28726771,,,528
polyclonal Cow26 d381,1012_11_TC21_3257,Sok et al. Nature 548:108 (2017),28726771,,,185
polyclonal Cow26 d381,1054_07_TC4_1499,Sok et al. Nature 548:108 (2017),28726771,,,47
polyclonal Cow26 d381,1056_10_TA11_1826,Sok et al. Nature 548:108 (2017),28726771,,,401
polyclonal Cow26 d381,1394_C9G1,Sok et al. Nature 548:108 (2017),28726771,,,1212
polyclonal Cow26 d381,16055_2_3,Sok et al. Nature 548:108 (2017),28726771,,,600
polyclonal Cow26 d381,16845_2_22,Sok et al. Nature 548:108 (2017),28726771,,,334
polyclonal Cow26 d381,191084_B7_19,Sok et al. Nature 548:108 (2017),28726771,,,918
polyclonal Cow26 d381,231965_C1,Sok et al. Nature 548:108 (2017),28726771,,,81
polyclonal Cow26 d381,235_47,Sok et al. Nature 548:108 (2017),28726771,,,3365
polyclonal Cow26 d381,246_F3_C10_2,Sok et al. Nature 548:108 (2017),28726771,,,1864
polyclonal Cow26 d381,249M_B10,Sok et al. Nature 548:108 (2017),28726771,,,1417
polyclonal Cow26 d381,25710_2_43,Sok et al. Nature 548:108 (2017),28726771,,,4097
polyclonal Cow26 d381,263_8,Sok et al. Nature 548:108 (2017),28726771,,,6372
polyclonal Cow26 d381,3016_V5_C45,Sok et al. Nature 548:108 (2017),28726771,,,370
polyclonal Cow26 d381,3103_V3_C10,Sok et al. Nature 548:108 (2017),28726771,,,233
polyclonal Cow26 d381,3301_V1_C24,Sok et al. Nature 548:108 (2017),28726771,,,205
polyclonal Cow26 d381,3817_V2_C59,Sok et al. Nature 548:108 (2017),28726771,,,658
polyclonal Cow26 d381,398_F1_F6_20,Sok et al. Nature 548:108 (2017),28726771,,,29580
polyclonal Cow26 d381,6041_V3_C23,Sok et al. Nature 548:108 (2017),28726771,,,10202
polyclonal Cow26 d381,620345_C1,Sok et al. Nature 548:108 (2017),28726771,,,817
polyclonal Cow26 d381,62357_14_D3_4589,Sok et al. Nature 548:108 (2017),28726771,,,330
polyclonal Cow26 d381,6240_08_TA5_4622,Sok et al. Nature 548:108 (2017),28726771,,,153
polyclonal Cow26 d381,6244_13_B5_4567,Sok et al. Nature 548:108 (2017),28726771,,,749
polyclonal Cow26 d381,6480_V4_C25,Sok et al. Nature 548:108 (2017),28726771,,,253
polyclonal Cow26 d381,6535_3,Sok et al. Nature 548:108 (2017),28726771,,,33
polyclonal Cow26 d381,6540_V4_C1,Sok et al. Nature 548:108 (2017),28726771,,,1742
polyclonal Cow26 d381,6545_V4_C1,Sok et al. Nature 548:108 (2017),28726771,,,989
polyclonal Cow26 d381,6811_V7_C18,Sok et al. Nature 548:108 (2017),28726771,,,139
polyclonal Cow26 d381,6952_V1_C20,Sok et al. Nature 548:108 (2017),28726771,,,25
polyclonal Cow26 d381,703010054_2A2,Sok et al. Nature 548:108 (2017),28726771,,,113
polyclonal Cow26 d381,703010200_1E5,Sok et al. Nature 548:108 (2017),28726771,,,120
polyclonal Cow26 d381,703010217_B6,Sok et al. Nature 548:108 (2017),28726771,,,2234
polyclonal Cow26 d381,704809221_1B3,Sok et al. Nature 548:108 (2017),28726771,,,1539
polyclonal Cow26 d381,89_F1_2_25,Sok et al. Nature 548:108 (2017),28726771,,,761
polyclonal Cow26 d381,928_28,Sok et al. Nature 548:108 (2017),28726771,,,284
polyclonal Cow26 d381,92BR020,Sok et al. Nature 548:108 (2017),28726771,,,780
polyclonal Cow26 d381,92TH021,Sok et al. Nature 548:108 (2017),28726771,,,2516
polyclonal Cow26 d381,94UG103,Sok et al. Nature 548:108 (2017),28726771,,,474
polyclonal Cow26 d381,A07412M1_VRC12,Sok et al. Nature 548:108 (2017),28726771,,,444
polyclonal Cow26 d381,AC10_29,Sok et al. Nature 548:108 (2017),28726771,,,228
polyclonal Cow26 d381,BF1266_431A,Sok et al. Nature 548:108 (2017),28726771,,,461
polyclonal Cow26 d381,BG505_W6M_C2,Sok et al. Nature 548:108 (2017),28726771,,,198743
polyclonal Cow26 d381,BJOX002000_03_2,Sok et al. Nature 548:108 (2017),28726771,,,3009
polyclonal Cow26 d381,BJOX009000_02_4,Sok et al. Nature 548:108 (2017),28726771,,,354
polyclonal Cow26 d381,BJOX010000_06_2,Sok et al. Nature 548:108 (2017),28726771,,,668
polyclonal Cow26 d381,BJOX015000_11_5,Sok et al. Nature 548:108 (2017),28726771,,,<25
polyclonal Cow26 d381,BJOX025000_01_1,Sok et al. Nature 548:108 (2017),28726771,,,369
polyclonal Cow26 d381,BJOX028000_10_3,Sok et al. Nature 548:108 (2017),28726771,,,80
polyclonal Cow26 d381,C1080_C3,Sok et al. Nature 548:108 (2017),28726771,,,544
polyclonal Cow26 d381,C3347_C11,Sok et al. Nature 548:108 (2017),28726771,,,855
polyclonal Cow26 d381,C4118_9,Sok et al. Nature 548:108 (2017),28726771,,,1667
polyclonal Cow26 d381,CAAN5342,Sok et al. Nature 548:108 (2017),28726771,,,110
polyclonal Cow26 d381,CAP210_E8,Sok et al. Nature 548:108 (2017),28726771,,,232
polyclonal Cow26 d381,CAP45_G3,Sok et al. Nature 548:108 (2017),28726771,,,313
polyclonal Cow26 d381,CE0393_C3,Sok et al. Nature 548:108 (2017),28726771,,,5577
polyclonal Cow26 d381,CE1172_H1,Sok et al. Nature 548:108 (2017),28726771,,,289
polyclonal Cow26 d381,CE1176_A3,Sok et al. Nature 548:108 (2017),28726771,,,561
polyclonal Cow26 d381,CE2010_F5,Sok et al. Nature 548:108 (2017),28726771,,,2818
polyclonal Cow26 d381,CH119_10,Sok et al. Nature 548:108 (2017),28726771,,,940
polyclonal Cow26 d381,CNE17,Sok et al. Nature 548:108 (2017),28726771,,,318
polyclonal Cow26 d381,CNE19,Sok et al. Nature 548:108 (2017),28726771,,,1262
polyclonal Cow26 d381,CNE20,Sok et al. Nature 548:108 (2017),28726771,,,739
polyclonal Cow26 d381,CNE21,Sok et al. Nature 548:108 (2017),28726771,,,617
polyclonal Cow26 d381,CNE30,Sok et al. Nature 548:108 (2017),28726771,,,656
polyclonal Cow26 d381,CNE5,Sok et al. Nature 548:108 (2017),28726771,,,187
polyclonal Cow26 d381,CNE52,Sok et al. Nature 548:108 (2017),28726771,,,2531
polyclonal Cow26 d381,CNE53,Sok et al. Nature 548:108 (2017),28726771,,,7604
polyclonal Cow26 d381,CNE55,Sok et al. Nature 548:108 (2017),28726771,,,<25
polyclonal Cow26 d381,CNE58,Sok et al. Nature 548:108 (2017),28726771,,,1604
polyclonal Cow26 d381,CNE8,Sok et al. Nature 548:108 (2017),28726771,,,77
polyclonal Cow26 d381,DU156_12,Sok et al. Nature 548:108 (2017),28726771,,,890
polyclonal Cow26 d381,DU172_17,Sok et al. Nature 548:108 (2017),28726771,,,425
polyclonal Cow26 d381,DU422_1,Sok et al. Nature 548:108 (2017),28726771,,,1579
polyclonal Cow26 d381,IAVI_C22,Sok et al. Nature 548:108 (2017),28726771,,,3897
polyclonal Cow26 d381,JRCSF,Sok et al. Nature 548:108 (2017),28726771,,,101
polyclonal Cow26 d381,MS208_A1,Sok et al. Nature 548:108 (2017),28726771,,,8357
polyclonal Cow26 d381,P0402_C2_11,Sok et al. Nature 548:108 (2017),28726771,,,2337
polyclonal Cow26 d381,P1981_C5_3,Sok et al. Nature 548:108 (2017),28726771,,,42
polyclonal Cow26 d381,PVO_4,Sok et al. Nature 548:108 (2017),28726771,,,303
polyclonal Cow26 d381,Q23_17,Sok et al. Nature 548:108 (2017),28726771,,,9847
polyclonal Cow26 d381,Q461_E2,Sok et al. Nature 548:108 (2017),28726771,,,2913
polyclonal Cow26 d381,Q769_D22,Sok et al. Nature 548:108 (2017),28726771,,,2556
polyclonal Cow26 d381,QH0692_42,Sok et al. Nature 548:108 (2017),28726771,,,130
polyclonal Cow26 d381,R1166_C1,Sok et al. Nature 548:108 (2017),28726771,,,2253
polyclonal Cow26 d381,R2184_C4,Sok et al. Nature 548:108 (2017),28726771,,,393
polyclonal Cow26 d381,R3265_C6,Sok et al. Nature 548:108 (2017),28726771,,,335
polyclonal Cow26 d381,REJO4541_67,Sok et al. Nature 548:108 (2017),28726771,,,87
polyclonal Cow26 d381,RHPA4259_7,Sok et al. Nature 548:108 (2017),28726771,,,233
polyclonal Cow26 d381,SC05_8C11_2344,Sok et al. Nature 548:108 (2017),28726771,,,455
polyclonal Cow26 d381,SC422_8,Sok et al. Nature 548:108 (2017),28726771,,,119
polyclonal Cow26 d381,T250_4,Sok et al. Nature 548:108 (2017),28726771,,,1225
polyclonal Cow26 d381,T251_18,Sok et al. Nature 548:108 (2017),28726771,,,139
polyclonal Cow26 d381,T257_31,Sok et al. Nature 548:108 (2017),28726771,,,783
polyclonal Cow26 d381,T278_50,Sok et al. Nature 548:108 (2017),28726771,,,<25
polyclonal Cow26 d381,TRJO4551_58,Sok et al. Nature 548:108 (2017),28726771,,,172
polyclonal Cow26 d381,TRO_11,Sok et al. Nature 548:108 (2017),28726771,,,234
polyclonal Cow26 d381,WEAU_D15_410,Sok et al. Nature 548:108 (2017),28726771,,,319
polyclonal Cow26 d381,WITO4160_33,Sok et al. Nature 548:108 (2017),28726771,,,1783
polyclonal Cow26 d381,X1193_C1,Sok et al. Nature 548:108 (2017),28726771,,,314
polyclonal Cow26 d381,X1254_C3,Sok et al. Nature 548:108 (2017),28726771,,,<25
polyclonal Cow26 d381,X1632_S2_B10,Sok et al. Nature 548:108 (2017),28726771,,,1081
polyclonal Cow26 d381,X2088_C9,Sok et al. Nature 548:108 (2017),28726771,,,43
polyclonal Cow26 d381,X2278_C2_B6,Sok et al. Nature 548:108 (2017),28726771,,,9003
polyclonal Cow26 d381,ZM109_4,Sok et al. Nature 548:108 (2017),28726771,,,144
polyclonal Cow26 d381,ZM135_10A,Sok et al. Nature 548:108 (2017),28726771,,,<25
polyclonal Cow26 d381,ZM197_7,Sok et al. Nature 548:108 (2017),28726771,,,350
polyclonal Cow26 d381,ZM214_15,Sok et al. Nature 548:108 (2017),28726771,,,1969
polyclonal Cow26 d381,ZM233_6,Sok et al. Nature 548:108 (2017),28726771,,,385
polyclonal Cow26 d381,ZM246F,Sok et al. Nature 548:108 (2017),28726771,,,444
polyclonal Cow26 d381,ZM247_V1,Sok et al. Nature 548:108 (2017),28726771,,,644
polyclonal Cow26 d381,ZM249_1,Sok et al. Nature 548:108 (2017),28726771,,,1074
polyclonal Cow26 d381,ZM53_12,Sok et al. Nature 548:108 (2017),28726771,,,2184
polyclonal Cow26 d42,001428_2_42,Sok et al. Nature 548:108 (2017),28726771,,,<25
polyclonal Cow26 d42,0260_V5_C36,Sok et al. Nature 548:108 (2017),28726771,,,308
polyclonal Cow26 d42,0330_V4_C3,Sok et al. Nature 548:108 (2017),28726771,,,46
polyclonal Cow26 d42,0815_V3_C3,Sok et al. Nature 548:108 (2017),28726771,,,25
polyclonal Cow26 d42,1006_11_C3_1601,Sok et al. Nature 548:108 (2017),28726771,,,<25
polyclonal Cow26 d42,1012_11_TC21_3257,Sok et al. Nature 548:108 (2017),28726771,,,<25
polyclonal Cow26 d42,1054_07_TC4_1499,Sok et al. Nature 548:108 (2017),28726771,,,<25
polyclonal Cow26 d42,1056_10_TA11_1826,Sok et al. Nature 548:108 (2017),28726771,,,<25
polyclonal Cow26 d42,1394_C9G1,Sok et al. Nature 548:108 (2017),28726771,,,100
polyclonal Cow26 d42,16055_2_3,Sok et al. Nature 548:108 (2017),28726771,,,<25
polyclonal Cow26 d42,16845_2_22,Sok et al. Nature 548:108 (2017),28726771,,,<25
polyclonal Cow26 d42,191084_B7_19,Sok et al. Nature 548:108 (2017),28726771,,,<25
polyclonal Cow26 d42,231965_C1,Sok et al. Nature 548:108 (2017),28726771,,,<25
polyclonal Cow26 d42,235_47,Sok et al. Nature 548:108 (2017),28726771,,,25
polyclonal Cow26 d42,246_F3_C10_2,Sok et al. Nature 548:108 (2017),28726771,,,<25
polyclonal Cow26 d42,249M_B10,Sok et al. Nature 548:108 (2017),28726771,,,25
polyclonal Cow26 d42,25710_2_43,Sok et al. Nature 548:108 (2017),28726771,,,<25
polyclonal Cow26 d42,263_8,Sok et al. Nature 548:108 (2017),28726771,,,724
polyclonal Cow26 d42,3016_V5_C45,Sok et al. Nature 548:108 (2017),28726771,,,<25
polyclonal Cow26 d42,3103_V3_C10,Sok et al. Nature 548:108 (2017),28726771,,,<25
polyclonal Cow26 d42,3301_V1_C24,Sok et al. Nature 548:108 (2017),28726771,,,25
polyclonal Cow26 d42,3817_V2_C59,Sok et al. Nature 548:108 (2017),28726771,,,<25
polyclonal Cow26 d42,398_F1_F6_20,Sok et al. Nature 548:108 (2017),28726771,,,221
polyclonal Cow26 d42,6041_V3_C23,Sok et al. Nature 548:108 (2017),28726771,,,165
polyclonal Cow26 d42,620345_C1,Sok et al. Nature 548:108 (2017),28726771,,,<25
polyclonal Cow26 d42,62357_14_D3_4589,Sok et al. Nature 548:108 (2017),28726771,,,<25
polyclonal Cow26 d42,6240_08_TA5_4622,Sok et al. Nature 548:108 (2017),28726771,,,<25
polyclonal Cow26 d42,6244_13_B5_4567,Sok et al. Nature 548:108 (2017),28726771,,,<25
polyclonal Cow26 d42,6480_V4_C25,Sok et al. Nature 548:108 (2017),28726771,,,<25
polyclonal Cow26 d42,6535_3,Sok et al. Nature 548:108 (2017),28726771,,,<25
polyclonal Cow26 d42,6540_V4_C1,Sok et al. Nature 548:108 (2017),28726771,,,62
polyclonal Cow26 d42,6545_V4_C1,Sok et al. Nature 548:108 (2017),28726771,,,25
polyclonal Cow26 d42,6811_V7_C18,Sok et al. Nature 548:108 (2017),28726771,,,<25
polyclonal Cow26 d42,6952_V1_C20,Sok et al. Nature 548:108 (2017),28726771,,,<25
polyclonal Cow26 d42,703010054_2A2,Sok et al. Nature 548:108 (2017),28726771,,,<25
polyclonal Cow26 d42,703010200_1E5,Sok et al. Nature 548:108 (2017),28726771,,,<25
polyclonal Cow26 d42,703010217_B6,Sok et al. Nature 548:108 (2017),28726771,,,<25
polyclonal Cow26 d42,704809221_1B3,Sok et al. Nature 548:108 (2017),28726771,,,<25
polyclonal Cow26 d42,89_F1_2_25,Sok et al. Nature 548:108 (2017),28726771,,,25
polyclonal Cow26 d42,928_28,Sok et al. Nature 548:108 (2017),28726771,,,<25
polyclonal Cow26 d42,92BR020,Sok et al. Nature 548:108 (2017),28726771,,,<25
polyclonal Cow26 d42,92TH021,Sok et al. Nature 548:108 (2017),28726771,,,<25
polyclonal Cow26 d42,94UG103,Sok et al. Nature 548:108 (2017),28726771,,,<25
polyclonal Cow26 d42,A07412M1_VRC12,Sok et al. Nature 548:108 (2017),28726771,,,<25
polyclonal Cow26 d42,AC10_29,Sok et al. Nature 548:108 (2017),28726771,,,<25
polyclonal Cow26 d42,BF1266_431A,Sok et al. Nature 548:108 (2017),28726771,,,<25
polyclonal Cow26 d42,BG505_W6M_C2,Sok et al. Nature 548:108 (2017),28726771,,,448
polyclonal Cow26 d42,BJOX002000_03_2,Sok et al. Nature 548:108 (2017),28726771,,,<25
polyclonal Cow26 d42,BJOX009000_02_4,Sok et al. Nature 548:108 (2017),28726771,,,<25
polyclonal Cow26 d42,BJOX010000_06_2,Sok et al. Nature 548:108 (2017),28726771,,,<25
polyclonal Cow26 d42,BJOX015000_11_5,Sok et al. Nature 548:108 (2017),28726771,,,<25
polyclonal Cow26 d42,BJOX025000_01_1,Sok et al. Nature 548:108 (2017),28726771,,,<25
polyclonal Cow26 d42,BJOX028000_10_3,Sok et al. Nature 548:108 (2017),28726771,,,<25
polyclonal Cow26 d42,C1080_C3,Sok et al. Nature 548:108 (2017),28726771,,,116
polyclonal Cow26 d42,C3347_C11,Sok et al. Nature 548:108 (2017),28726771,,,<25
polyclonal Cow26 d42,C4118_9,Sok et al. Nature 548:108 (2017),28726771,,,<25
polyclonal Cow26 d42,CAAN5342,Sok et al. Nature 548:108 (2017),28726771,,,<25
polyclonal Cow26 d42,CAP210_E8,Sok et al. Nature 548:108 (2017),28726771,,,<25
polyclonal Cow26 d42,CAP45_G3,Sok et al. Nature 548:108 (2017),28726771,,,<25
polyclonal Cow26 d42,CE0393_C3,Sok et al. Nature 548:108 (2017),28726771,,,309
polyclonal Cow26 d42,CE1172_H1,Sok et al. Nature 548:108 (2017),28726771,,,<25
polyclonal Cow26 d42,CE1176_A3,Sok et al. Nature 548:108 (2017),28726771,,,<25
polyclonal Cow26 d42,CE2010_F5,Sok et al. Nature 548:108 (2017),28726771,,,<25
polyclonal Cow26 d42,CH119_10,Sok et al. Nature 548:108 (2017),28726771,,,<25
polyclonal Cow26 d42,CNE17,Sok et al. Nature 548:108 (2017),28726771,,,<25
polyclonal Cow26 d42,CNE19,Sok et al. Nature 548:108 (2017),28726771,,,55
polyclonal Cow26 d42,CNE20,Sok et al. Nature 548:108 (2017),28726771,,,<25
polyclonal Cow26 d42,CNE21,Sok et al. Nature 548:108 (2017),28726771,,,<25
polyclonal Cow26 d42,CNE30,Sok et al. Nature 548:108 (2017),28726771,,,<25
polyclonal Cow26 d42,CNE5,Sok et al. Nature 548:108 (2017),28726771,,,<25
polyclonal Cow26 d42,CNE52,Sok et al. Nature 548:108 (2017),28726771,,,<25
polyclonal Cow26 d42,CNE53,Sok et al. Nature 548:108 (2017),28726771,,,173
polyclonal Cow26 d42,CNE55,Sok et al. Nature 548:108 (2017),28726771,,,<25
polyclonal Cow26 d42,CNE58,Sok et al. Nature 548:108 (2017),28726771,,,<25
polyclonal Cow26 d42,CNE8,Sok et al. Nature 548:108 (2017),28726771,,,<25
polyclonal Cow26 d42,DU156_12,Sok et al. Nature 548:108 (2017),28726771,,,<25
polyclonal Cow26 d42,DU172_17,Sok et al. Nature 548:108 (2017),28726771,,,<25
polyclonal Cow26 d42,DU422_1,Sok et al. Nature 548:108 (2017),28726771,,,<25
polyclonal Cow26 d42,IAVI_C22,Sok et al. Nature 548:108 (2017),28726771,,,<25
polyclonal Cow26 d42,JRCSF,Sok et al. Nature 548:108 (2017),28726771,,,<25
polyclonal Cow26 d42,MS208_A1,Sok et al. Nature 548:108 (2017),28726771,,,9498
polyclonal Cow26 d42,P0402_C2_11,Sok et al. Nature 548:108 (2017),28726771,,,38
polyclonal Cow26 d42,P1981_C5_3,Sok et al. Nature 548:108 (2017),28726771,,,<25
polyclonal Cow26 d42,PVO_4,Sok et al. Nature 548:108 (2017),28726771,,,<25
polyclonal Cow26 d42,Q23_17,Sok et al. Nature 548:108 (2017),28726771,,,133
polyclonal Cow26 d42,Q461_E2,Sok et al. Nature 548:108 (2017),28726771,,,<25
polyclonal Cow26 d42,Q769_D22,Sok et al. Nature 548:108 (2017),28726771,,,<25
polyclonal Cow26 d42,QH0692_42,Sok et al. Nature 548:108 (2017),28726771,,,<25
polyclonal Cow26 d42,R1166_C1,Sok et al. Nature 548:108 (2017),28726771,,,<25
polyclonal Cow26 d42,R2184_C4,Sok et al. Nature 548:108 (2017),28726771,,,<25
polyclonal Cow26 d42,R3265_C6,Sok et al. Nature 548:108 (2017),28726771,,,<25
polyclonal Cow26 d42,REJO4541_67,Sok et al. Nature 548:108 (2017),28726771,,,<25
polyclonal Cow26 d42,RHPA4259_7,Sok et al. Nature 548:108 (2017),28726771,,,<25
polyclonal Cow26 d42,SC05_8C11_2344,Sok et al. Nature 548:108 (2017),28726771,,,<25
polyclonal Cow26 d42,SC422_8,Sok et al. Nature 548:108 (2017),28726771,,,<25
polyclonal Cow26 d42,T250_4,Sok et al. Nature 548:108 (2017),28726771,,,25
polyclonal Cow26 d42,T251_18,Sok et al. Nature 548:108 (2017),28726771,,,<25
polyclonal Cow26 d42,T257_31,Sok et al. Nature 548:108 (2017),28726771,,,<25
polyclonal Cow26 d42,T278_50,Sok et al. Nature 548:108 (2017),28726771,,,<25
polyclonal Cow26 d42,TRJO4551_58,Sok et al. Nature 548:108 (2017),28726771,,,<25
polyclonal Cow26 d42,TRO_11,Sok et al. Nature 548:108 (2017),28726771,,,<25
polyclonal Cow26 d42,WEAU_D15_410,Sok et al. Nature 548:108 (2017),28726771,,,<25
polyclonal Cow26 d42,WITO4160_33,Sok et al. Nature 548:108 (2017),28726771,,,<25
polyclonal Cow26 d42,X1193_C1,Sok et al. Nature 548:108 (2017),28726771,,,<25
polyclonal Cow26 d42,X1254_C3,Sok et al. Nature 548:108 (2017),28726771,,,<25
polyclonal Cow26 d42,X1632_S2_B10,Sok et al. Nature 548:108 (2017),28726771,,,<25
polyclonal Cow26 d42,X2088_C9,Sok et al. Nature 548:108 (2017),28726771,,,<25
polyclonal Cow26 d42,X2278_C2_B6,Sok et al. Nature 548:108 (2017),28726771,,,<25
polyclonal Cow26 d42,ZM109_4,Sok et al. Nature 548:108 (2017),28726771,,,<25
polyclonal Cow26 d42,ZM135_10A,Sok et al. Nature 548:108 (2017),28726771,,,<25
polyclonal Cow26 d42,ZM197_7,Sok et al. Nature 548:108 (2017),28726771,,,<25
polyclonal Cow26 d42,ZM214_15,Sok et al. Nature 548:108 (2017),28726771,,,<25
polyclonal Cow26 d42,ZM233_6,Sok et al. Nature 548:108 (2017),28726771,,,<25
polyclonal Cow26 d42,ZM246F,Sok et al. Nature 548:108 (2017),28726771,,,25
polyclonal Cow26 d42,ZM247_V1,Sok et al. Nature 548:108 (2017),28726771,,,<25
polyclonal Cow26 d42,ZM249_1,Sok et al. Nature 548:108 (2017),28726771,,,<25
polyclonal Cow26 d42,ZM53_12,Sok et al. Nature 548:108 (2017),28726771,,,<25
polyclonal Cow26 d77,001428_2_42,Sok et al. Nature 548:108 (2017),28726771,,,87
polyclonal Cow26 d77,0260_V5_C36,Sok et al. Nature 548:108 (2017),28726771,,,184
polyclonal Cow26 d77,0330_V4_C3,Sok et al. Nature 548:108 (2017),28726771,,,389
polyclonal Cow26 d77,0815_V3_C3,Sok et al. Nature 548:108 (2017),28726771,,,151
polyclonal Cow26 d77,1006_11_C3_1601,Sok et al. Nature 548:108 (2017),28726771,,,<25
polyclonal Cow26 d77,1012_11_TC21_3257,Sok et al. Nature 548:108 (2017),28726771,,,<25
polyclonal Cow26 d77,1054_07_TC4_1499,Sok et al. Nature 548:108 (2017),28726771,,,<25
polyclonal Cow26 d77,1056_10_TA11_1826,Sok et al. Nature 548:108 (2017),28726771,,,155
polyclonal Cow26 d77,1394_C9G1,Sok et al. Nature 548:108 (2017),28726771,,,723
polyclonal Cow26 d77,16055_2_3,Sok et al. Nature 548:108 (2017),28726771,,,89
polyclonal Cow26 d77,16845_2_22,Sok et al. Nature 548:108 (2017),28726771,,,624
polyclonal Cow26 d77,191084_B7_19,Sok et al. Nature 548:108 (2017),28726771,,,<25
polyclonal Cow26 d77,231965_C1,Sok et al. Nature 548:108 (2017),28726771,,,25
polyclonal Cow26 d77,235_47,Sok et al. Nature 548:108 (2017),28726771,,,1136
polyclonal Cow26 d77,246_F3_C10_2,Sok et al. Nature 548:108 (2017),28726771,,,583
polyclonal Cow26 d77,249M_B10,Sok et al. Nature 548:108 (2017),28726771,,,50
polyclonal Cow26 d77,25710_2_43,Sok et al. Nature 548:108 (2017),28726771,,,398
polyclonal Cow26 d77,263_8,Sok et al. Nature 548:108 (2017),28726771,,,822
polyclonal Cow26 d77,3016_V5_C45,Sok et al. Nature 548:108 (2017),28726771,,,25
polyclonal Cow26 d77,3103_V3_C10,Sok et al. Nature 548:108 (2017),28726771,,,25
polyclonal Cow26 d77,3301_V1_C24,Sok et al. Nature 548:108 (2017),28726771,,,77
polyclonal Cow26 d77,3817_V2_C59,Sok et al. Nature 548:108 (2017),28726771,,,179
polyclonal Cow26 d77,398_F1_F6_20,Sok et al. Nature 548:108 (2017),28726771,,,2656
polyclonal Cow26 d77,6041_V3_C23,Sok et al. Nature 548:108 (2017),28726771,,,1364
polyclonal Cow26 d77,620345_C1,Sok et al. Nature 548:108 (2017),28726771,,,167
polyclonal Cow26 d77,62357_14_D3_4589,Sok et al. Nature 548:108 (2017),28726771,,,25
polyclonal Cow26 d77,6240_08_TA5_4622,Sok et al. Nature 548:108 (2017),28726771,,,44
polyclonal Cow26 d77,6244_13_B5_4567,Sok et al. Nature 548:108 (2017),28726771,,,68
polyclonal Cow26 d77,6480_V4_C25,Sok et al. Nature 548:108 (2017),28726771,,,44
polyclonal Cow26 d77,6535_3,Sok et al. Nature 548:108 (2017),28726771,,,57
polyclonal Cow26 d77,6540_V4_C1,Sok et al. Nature 548:108 (2017),28726771,,,163
polyclonal Cow26 d77,6545_V4_C1,Sok et al. Nature 548:108 (2017),28726771,,,79
polyclonal Cow26 d77,6811_V7_C18,Sok et al. Nature 548:108 (2017),28726771,,,397
polyclonal Cow26 d77,6952_V1_C20,Sok et al. Nature 548:108 (2017),28726771,,,<25
polyclonal Cow26 d77,703010054_2A2,Sok et al. Nature 548:108 (2017),28726771,,,25
polyclonal Cow26 d77,703010200_1E5,Sok et al. Nature 548:108 (2017),28726771,,,<25
polyclonal Cow26 d77,703010217_B6,Sok et al. Nature 548:108 (2017),28726771,,,77
polyclonal Cow26 d77,704809221_1B3,Sok et al. Nature 548:108 (2017),28726771,,,100
polyclonal Cow26 d77,89_F1_2_25,Sok et al. Nature 548:108 (2017),28726771,,,44
polyclonal Cow26 d77,928_28,Sok et al. Nature 548:108 (2017),28726771,,,25
polyclonal Cow26 d77,92BR020,Sok et al. Nature 548:108 (2017),28726771,,,49
polyclonal Cow26 d77,92TH021,Sok et al. Nature 548:108 (2017),28726771,,,25
polyclonal Cow26 d77,94UG103,Sok et al. Nature 548:108 (2017),28726771,,,25
polyclonal Cow26 d77,A07412M1_VRC12,Sok et al. Nature 548:108 (2017),28726771,,,38
polyclonal Cow26 d77,AC10_29,Sok et al. Nature 548:108 (2017),28726771,,,74
polyclonal Cow26 d77,BF1266_431A,Sok et al. Nature 548:108 (2017),28726771,,,524
polyclonal Cow26 d77,BG505_W6M_C2,Sok et al. Nature 548:108 (2017),28726771,,,15931
polyclonal Cow26 d77,BJOX002000_03_2,Sok et al. Nature 548:108 (2017),28726771,,,948
polyclonal Cow26 d77,BJOX009000_02_4,Sok et al. Nature 548:108 (2017),28726771,,,249
polyclonal Cow26 d77,BJOX010000_06_2,Sok et al. Nature 548:108 (2017),28726771,,,<25
polyclonal Cow26 d77,BJOX015000_11_5,Sok et al. Nature 548:108 (2017),28726771,,,<25
polyclonal Cow26 d77,BJOX025000_01_1,Sok et al. Nature 548:108 (2017),28726771,,,<25
polyclonal Cow26 d77,BJOX028000_10_3,Sok et al. Nature 548:108 (2017),28726771,,,<25
polyclonal Cow26 d77,C1080_C3,Sok et al. Nature 548:108 (2017),28726771,,,259
polyclonal Cow26 d77,C3347_C11,Sok et al. Nature 548:108 (2017),28726771,,,<25
polyclonal Cow26 d77,C4118_9,Sok et al. Nature 548:108 (2017),28726771,,,68
polyclonal Cow26 d77,CAAN5342,Sok et al. Nature 548:108 (2017),28726771,,,25
polyclonal Cow26 d77,CAP210_E8,Sok et al. Nature 548:108 (2017),28726771,,,94
polyclonal Cow26 d77,CAP45_G3,Sok et al. Nature 548:108 (2017),28726771,,,100
polyclonal Cow26 d77,CE0393_C3,Sok et al. Nature 548:108 (2017),28726771,,,1618
polyclonal Cow26 d77,CE1172_H1,Sok et al. Nature 548:108 (2017),28726771,,,107
polyclonal Cow26 d77,CE1176_A3,Sok et al. Nature 548:108 (2017),28726771,,,25
polyclonal Cow26 d77,CE2010_F5,Sok et al. Nature 548:108 (2017),28726771,,,260
polyclonal Cow26 d77,CH119_10,Sok et al. Nature 548:108 (2017),28726771,,,472
polyclonal Cow26 d77,CNE17,Sok et al. Nature 548:108 (2017),28726771,,,139
polyclonal Cow26 d77,CNE19,Sok et al. Nature 548:108 (2017),28726771,,,250
polyclonal Cow26 d77,CNE20,Sok et al. Nature 548:108 (2017),28726771,,,471
polyclonal Cow26 d77,CNE21,Sok et al. Nature 548:108 (2017),28726771,,,55
polyclonal Cow26 d77,CNE30,Sok et al. Nature 548:108 (2017),28726771,,,25
polyclonal Cow26 d77,CNE5,Sok et al. Nature 548:108 (2017),28726771,,,<25
polyclonal Cow26 d77,CNE52,Sok et al. Nature 548:108 (2017),28726771,,,141
polyclonal Cow26 d77,CNE53,Sok et al. Nature 548:108 (2017),28726771,,,3523
polyclonal Cow26 d77,CNE55,Sok et al. Nature 548:108 (2017),28726771,,,<25
polyclonal Cow26 d77,CNE58,Sok et al. Nature 548:108 (2017),28726771,,,271
polyclonal Cow26 d77,CNE8,Sok et al. Nature 548:108 (2017),28726771,,,<25
polyclonal Cow26 d77,DU156_12,Sok et al. Nature 548:108 (2017),28726771,,,513
polyclonal Cow26 d77,DU172_17,Sok et al. Nature 548:108 (2017),28726771,,,103
polyclonal Cow26 d77,DU422_1,Sok et al. Nature 548:108 (2017),28726771,,,188
polyclonal Cow26 d77,IAVI_C22,Sok et al. Nature 548:108 (2017),28726771,,,1584
polyclonal Cow26 d77,JRCSF,Sok et al. Nature 548:108 (2017),28726771,,,<25
polyclonal Cow26 d77,MS208_A1,Sok et al. Nature 548:108 (2017),28726771,,,21263
polyclonal Cow26 d77,P0402_C2_11,Sok et al. Nature 548:108 (2017),28726771,,,214
polyclonal Cow26 d77,P1981_C5_3,Sok et al. Nature 548:108 (2017),28726771,,,<25
polyclonal Cow26 d77,PVO_4,Sok et al. Nature 548:108 (2017),28726771,,,28
polyclonal Cow26 d77,Q23_17,Sok et al. Nature 548:108 (2017),28726771,,,1657
polyclonal Cow26 d77,Q461_E2,Sok et al. Nature 548:108 (2017),28726771,,,270
polyclonal Cow26 d77,Q769_D22,Sok et al. Nature 548:108 (2017),28726771,,,120
polyclonal Cow26 d77,QH0692_42,Sok et al. Nature 548:108 (2017),28726771,,,83
polyclonal Cow26 d77,R1166_C1,Sok et al. Nature 548:108 (2017),28726771,,,40
polyclonal Cow26 d77,R2184_C4,Sok et al. Nature 548:108 (2017),28726771,,,25
polyclonal Cow26 d77,R3265_C6,Sok et al. Nature 548:108 (2017),28726771,,,<25
polyclonal Cow26 d77,REJO4541_67,Sok et al. Nature 548:108 (2017),28726771,,,<25
polyclonal Cow26 d77,RHPA4259_7,Sok et al. Nature 548:108 (2017),28726771,,,36
polyclonal Cow26 d77,SC05_8C11_2344,Sok et al. Nature 548:108 (2017),28726771,,,248
polyclonal Cow26 d77,SC422_8,Sok et al. Nature 548:108 (2017),28726771,,,<25
polyclonal Cow26 d77,T250_4,Sok et al. Nature 548:108 (2017),28726771,,,78
polyclonal Cow26 d77,T251_18,Sok et al. Nature 548:108 (2017),28726771,,,25
polyclonal Cow26 d77,T257_31,Sok et al. Nature 548:108 (2017),28726771,,,110
polyclonal Cow26 d77,T278_50,Sok et al. Nature 548:108 (2017),28726771,,,<25
polyclonal Cow26 d77,TRJO4551_58,Sok et al. Nature 548:108 (2017),28726771,,,25
polyclonal Cow26 d77,TRO_11,Sok et al. Nature 548:108 (2017),28726771,,,25
polyclonal Cow26 d77,WEAU_D15_410,Sok et al. Nature 548:108 (2017),28726771,,,25
polyclonal Cow26 d77,WITO4160_33,Sok et al. Nature 548:108 (2017),28726771,,,401
polyclonal Cow26 d77,X1193_C1,Sok et al. Nature 548:108 (2017),28726771,,,<25
polyclonal Cow26 d77,X1254_C3,Sok et al. Nature 548:108 (2017),28726771,,,<25
polyclonal Cow26 d77,X1632_S2_B10,Sok et al. Nature 548:108 (2017),28726771,,,25
polyclonal Cow26 d77,X2088_C9,Sok et al. Nature 548:108 (2017),28726771,,,<25
polyclonal Cow26 d77,X2278_C2_B6,Sok et al. Nature 548:108 (2017),28726771,,,<25
polyclonal Cow26 d77,ZM109_4,Sok et al. Nature 548:108 (2017),28726771,,,53
polyclonal Cow26 d77,ZM135_10A,Sok et al. Nature 548:108 (2017),28726771,,,<25
polyclonal Cow26 d77,ZM197_7,Sok et al. Nature 548:108 (2017),28726771,,,317
polyclonal Cow26 d77,ZM214_15,Sok et al. Nature 548:108 (2017),28726771,,,254
polyclonal Cow26 d77,ZM233_6,Sok et al. Nature 548:108 (2017),28726771,,,43
polyclonal Cow26 d77,ZM246F,Sok et al. Nature 548:108 (2017),28726771,,,46
polyclonal Cow26 d77,ZM247_V1,Sok et al. Nature 548:108 (2017),28726771,,,294
polyclonal Cow26 d77,ZM249_1,Sok et al. Nature 548:108 (2017),28726771,,,258
polyclonal Cow26 d77,ZM53_12,Sok et al. Nature 548:108 (2017),28726771,,,428
polyclonal Donor 17,6535_3,Walker et al. Nature 477:466 (2011),21849977,,,3712
polyclonal Donor 17,92BR020,Walker et al. Nature 477:466 (2011),21849977,,,1623.7
polyclonal Donor 17,92RW008,Walker et al. Nature 477:466 (2011),21849977,,,6500.7
polyclonal Donor 17,92RW009,Walker et al. Nature 477:466 (2011),21849977,,,463.6
polyclonal Donor 17,92RW020_2,Walker et al. Nature 477:466 (2011),21849977,,,5671.1
polyclonal Donor 17,92RW021,Walker et al. Nature 477:466 (2011),21849977,,,2343.6
polyclonal Donor 17,92RW024,Walker et al. Nature 477:466 (2011),21849977,,,<100
polyclonal Donor 17,92RW026,Walker et al. Nature 477:466 (2011),21849977,,,1561
polyclonal Donor 17,92TH021,Walker et al. Nature 477:466 (2011),21849977,,,<100
polyclonal Donor 17,92UG001,Walker et al. Nature 477:466 (2011),21849977,,,<100
polyclonal Donor 17,92UG005,Walker et al. Nature 477:466 (2011),21849977,,,265.5
polyclonal Donor 17,92UG031,Walker et al. Nature 477:466 (2011),21849977,,,<100
polyclonal Donor 17,92UG046,Walker et al. Nature 477:466 (2011),21849977,,,<100
polyclonal Donor 17,93IN905,Walker et al. Nature 477:466 (2011),21849977,,,4396.9
polyclonal Donor 17,93MW959,Walker et al. Nature 477:466 (2011),21849977,,,1602.2
polyclonal Donor 17,93RW029,Walker et al. Nature 477:466 (2011),21849977,,,<100
polyclonal Donor 17,93TH305,Walker et al. Nature 477:466 (2011),21849977,,,3675.2
polyclonal Donor 17,93UG077,Walker et al. Nature 477:466 (2011),21849977,,,1082.8
polyclonal Donor 17,94KE105,Walker et al. Nature 477:466 (2011),21849977,,,955
polyclonal Donor 17,94UG103,Walker et al. Nature 477:466 (2011),21849977,,,193.4
polyclonal Donor 17,94UG114,Walker et al. Nature 477:466 (2011),21849977,,,5390.2
polyclonal Donor 17,98CN006,Walker et al. Nature 477:466 (2011),21849977,,,1908.7
polyclonal Donor 17,98CN009,Walker et al. Nature 477:466 (2011),21849977,,,2551
polyclonal Donor 17,98IN022,Walker et al. Nature 477:466 (2011),21849977,,,3711.8
polyclonal Donor 17,APV_13,Walker et al. Nature 477:466 (2011),21849977,,,177.8
polyclonal Donor 17,APV_17,Walker et al. Nature 477:466 (2011),21849977,,,470
polyclonal Donor 17,APV_6,Walker et al. Nature 477:466 (2011),21849977,,,914.6
polyclonal Donor 17,CAAN5342,Walker et al. Nature 477:466 (2011),21849977,,,1743.1
polyclonal Donor 17,CMU02,Walker et al. Nature 477:466 (2011),21849977,,,<100
polyclonal Donor 17,JRCSF,Walker et al. Nature 477:466 (2011),21849977,,,863
polyclonal Donor 17,JRFL,Walker et al. Nature 477:466 (2011),21849977,,,1291.5
polyclonal Donor 17,MGRM_A_001,Walker et al. Nature 477:466 (2011),21849977,,,<100
polyclonal Donor 17,MGRM_A_002,Walker et al. Nature 477:466 (2011),21849977,,,839.3
polyclonal Donor 17,MGRM_A_003,Walker et al. Nature 477:466 (2011),21849977,,,<100
polyclonal Donor 17,MGRM_A_004,Walker et al. Nature 477:466 (2011),21849977,,,<100
polyclonal Donor 17,MGRM_A_005,Walker et al. Nature 477:466 (2011),21849977,,,<100
polyclonal Donor 17,MGRM_A_006,Walker et al. Nature 477:466 (2011),21849977,,,260.6
polyclonal Donor 17,MGRM_A_007,Walker et al. Nature 477:466 (2011),21849977,,,<100
polyclonal Donor 17,MGRM_A_008,Walker et al. Nature 477:466 (2011),21849977,,,<100
polyclonal Donor 17,MGRM_A_009,Walker et al. Nature 477:466 (2011),21849977,,,4535.8
polyclonal Donor 17,MGRM_A_010,Walker et al. Nature 477:466 (2011),21849977,,,271.3
polyclonal Donor 17,MGRM_A_011,Walker et al. Nature 477:466 (2011),21849977,,,<100
polyclonal Donor 17,MGRM_A_012,Walker et al. Nature 477:466 (2011),21849977,,,229.9
polyclonal Donor 17,MGRM_A_013,Walker et al. Nature 477:466 (2011),21849977,,,892
polyclonal Donor 17,MGRM_A_014,Walker et al. Nature 477:466 (2011),21849977,,,7222.6
polyclonal Donor 17,MGRM_AE_001,Walker et al. Nature 477:466 (2011),21849977,,,<100
polyclonal Donor 17,MGRM_AE_002,Walker et al. Nature 477:466 (2011),21849977,,,<100
polyclonal Donor 17,MGRM_AE_003,Walker et al. Nature 477:466 (2011),21849977,,,<100
polyclonal Donor 17,MGRM_AE_004,Walker et al. Nature 477:466 (2011),21849977,,,<100
polyclonal Donor 17,MGRM_AE_005,Walker et al. Nature 477:466 (2011),21849977,,,<100
polyclonal Donor 17,MGRM_AE_006,Walker et al. Nature 477:466 (2011),21849977,,,<100
polyclonal Donor 17,MGRM_AE_007,Walker et al. Nature 477:466 (2011),21849977,,,<100
polyclonal Donor 17,MGRM_AE_008,Walker et al. Nature 477:466 (2011),21849977,,,<100
polyclonal Donor 17,MGRM_AG_001,Walker et al. Nature 477:466 (2011),21849977,,,174.8
polyclonal Donor 17,MGRM_AG_002,Walker et al. Nature 477:466 (2011),21849977,,,125.5
polyclonal Donor 17,MGRM_AG_003,Walker et al. Nature 477:466 (2011),21849977,,,<100
polyclonal Donor 17,MGRM_AG_005,Walker et al. Nature 477:466 (2011),21849977,,,517.3
polyclonal Donor 17,MGRM_AG_006,Walker et al. Nature 477:466 (2011),21849977,,,1105.3
polyclonal Donor 17,MGRM_AG_008,Walker et al. Nature 477:466 (2011),21849977,,,125.1
polyclonal Donor 17,MGRM_AG_009,Walker et al. Nature 477:466 (2011),21849977,,,525.2
polyclonal Donor 17,MGRM_AG_011,Walker et al. Nature 477:466 (2011),21849977,,,<100
polyclonal Donor 17,MGRM_AG_012,Walker et al. Nature 477:466 (2011),21849977,,,104.9
polyclonal Donor 17,MGRM_AG_013,Walker et al. Nature 477:466 (2011),21849977,,,321.2
polyclonal Donor 17,MGRM_C_001,Walker et al. Nature 477:466 (2011),21849977,,,<100
polyclonal Donor 17,MGRM_C_002,Walker et al. Nature 477:466 (2011),21849977,,,1799.2
polyclonal Donor 17,MGRM_C_004,Walker et al. Nature 477:466 (2011),21849977,,,2177.9
polyclonal Donor 17,MGRM_C_005,Walker et al. Nature 477:466 (2011),21849977,,,1323.5
polyclonal Donor 17,MGRM_C_006,Walker et al. Nature 477:466 (2011),21849977,,,1681.6
polyclonal Donor 17,MGRM_C_007,Walker et al. Nature 477:466 (2011),21849977,,,330.7
polyclonal Donor 17,MGRM_C_008,Walker et al. Nature 477:466 (2011),21849977,,,1742.3
polyclonal Donor 17,MGRM_C_009,Walker et al. Nature 477:466 (2011),21849977,,,<100
polyclonal Donor 17,MGRM_C_010,Walker et al. Nature 477:466 (2011),21849977,,,<100
polyclonal Donor 17,MGRM_C_012,Walker et al. Nature 477:466 (2011),21849977,,,716.3
polyclonal Donor 17,MGRM_C_013,Walker et al. Nature 477:466 (2011),21849977,,,<100
polyclonal Donor 17,MGRM_C_014,Walker et al. Nature 477:466 (2011),21849977,,,<100
polyclonal Donor 17,MGRM_C_015,Walker et al. Nature 477:466 (2011),21849977,,,141.6
polyclonal Donor 17,MGRM_C_017,Walker et al. Nature 477:466 (2011),21849977,,,3154.6
polyclonal Donor 17,MGRM_C_019,Walker et al. Nature 477:466 (2011),21849977,,,<100
polyclonal Donor 17,MGRM_C_020,Walker et al. Nature 477:466 (2011),21849977,,,110.9
polyclonal Donor 17,MGRM_C_022,Walker et al. Nature 477:466 (2011),21849977,,,1972.8
polyclonal Donor 17,MGRM_C_023,Walker et al. Nature 477:466 (2011),21849977,,,1046.6
polyclonal Donor 17,MGRM_C_024,Walker et al. Nature 477:466 (2011),21849977,,,718
polyclonal Donor 17,MGRM_C_025,Walker et al. Nature 477:466 (2011),21849977,,,228.2
polyclonal Donor 17,MGRM_C_026,Walker et al. Nature 477:466 (2011),21849977,,,12635.8
polyclonal Donor 17,MGRM_C_027,Walker et al. Nature 477:466 (2011),21849977,,,2368
polyclonal Donor 17,MGRM_C_028,Walker et al. Nature 477:466 (2011),21849977,,,115
polyclonal Donor 17,MGRM_CHRONIC_B_001,Walker et al. Nature 477:466 (2011),21849977,,,330.1
polyclonal Donor 17,MGRM_CHRONIC_B_002,Walker et al. Nature 477:466 (2011),21849977,,,200.1
polyclonal Donor 17,MGRM_CHRONIC_B_003,Walker et al. Nature 477:466 (2011),21849977,,,3664.9
polyclonal Donor 17,MGRM_CHRONIC_B_004,Walker et al. Nature 477:466 (2011),21849977,,,1874.9
polyclonal Donor 17,MGRM_CHRONIC_B_008,Walker et al. Nature 477:466 (2011),21849977,,,2805.1
polyclonal Donor 17,MGRM_CHRONIC_B_010,Walker et al. Nature 477:466 (2011),21849977,,,1145.5
polyclonal Donor 17,MGRM_CHRONIC_B_011,Walker et al. Nature 477:466 (2011),21849977,,,130.8
polyclonal Donor 17,MGRM_CHRONIC_B_012,Walker et al. Nature 477:466 (2011),21849977,,,903.5
polyclonal Donor 17,MGRM_CHRONIC_B_017,Walker et al. Nature 477:466 (2011),21849977,,,132.7
polyclonal Donor 17,MGRM_CHRONIC_B_018,Walker et al. Nature 477:466 (2011),21849977,,,<100
polyclonal Donor 17,MGRM_CHRONIC_B_020,Walker et al. Nature 477:466 (2011),21849977,,,4132.2
polyclonal Donor 17,MGRM_CHRONIC_B_023,Walker et al. Nature 477:466 (2011),21849977,,,2216.5
polyclonal Donor 17,MGRM_CHRONIC_B_024,Walker et al. Nature 477:466 (2011),21849977,,,157.1
polyclonal Donor 17,MGRM_D_001,Walker et al. Nature 477:466 (2011),21849977,,,<100
polyclonal Donor 17,MGRM_D_002,Walker et al. Nature 477:466 (2011),21849977,,,5960.5
polyclonal Donor 17,MGRM_D_003,Walker et al. Nature 477:466 (2011),21849977,,,183.1
polyclonal Donor 17,MGRM_D_004,Walker et al. Nature 477:466 (2011),21849977,,,<100
polyclonal Donor 17,MGRM_D_005,Walker et al. Nature 477:466 (2011),21849977,,,<100
polyclonal Donor 17,MGRM_D_008,Walker et al. Nature 477:466 (2011),21849977,,,<100
polyclonal Donor 17,MGRM_D_011,Walker et al. Nature 477:466 (2011),21849977,,,1037.5
polyclonal Donor 17,MGRM_D_012,Walker et al. Nature 477:466 (2011),21849977,,,<100
polyclonal Donor 17,MGRM_D_013,Walker et al. Nature 477:466 (2011),21849977,,,<100
polyclonal Donor 17,MGRM_D_014,Walker et al. Nature 477:466 (2011),21849977,,,2249.9
polyclonal Donor 17,MGRM_D_016,Walker et al. Nature 477:466 (2011),21849977,,,<100
polyclonal Donor 17,MGRM_D_018,Walker et al. Nature 477:466 (2011),21849977,,,6632.6
polyclonal Donor 17,MGRM_D_019,Walker et al. Nature 477:466 (2011),21849977,,,<100
polyclonal Donor 17,MGRM_D_020,Walker et al. Nature 477:466 (2011),21849977,,,2488
polyclonal Donor 17,MGRM_D_021,Walker et al. Nature 477:466 (2011),21849977,,,<100
polyclonal Donor 17,MGRM_D_022,Walker et al. Nature 477:466 (2011),21849977,,,<100
polyclonal Donor 17,MGRM_D_024,Walker et al. Nature 477:466 (2011),21849977,,,355.3
polyclonal Donor 17,MGRM_D_026,Walker et al. Nature 477:466 (2011),21849977,,,<100
polyclonal Donor 17,MGRM_D_028,Walker et al. Nature 477:466 (2011),21849977,,,2028.2
polyclonal Donor 17,MGRM_D_029,Walker et al. Nature 477:466 (2011),21849977,,,<100
polyclonal Donor 17,MGRM_F1_004,Walker et al. Nature 477:466 (2011),21849977,,,260.7
polyclonal Donor 17,MGRM_F1_006,Walker et al. Nature 477:466 (2011),21849977,,,<100
polyclonal Donor 17,MGRM_F1_008,Walker et al. Nature 477:466 (2011),21849977,,,<100
polyclonal Donor 17,MGRM_F1_010,Walker et al. Nature 477:466 (2011),21849977,,,825.3
polyclonal Donor 17,MGRM_F1_012,Walker et al. Nature 477:466 (2011),21849977,,,573.3
polyclonal Donor 17,MGRM_F1_013,Walker et al. Nature 477:466 (2011),21849977,,,283.9
polyclonal Donor 17,MGRM_F1_014,Walker et al. Nature 477:466 (2011),21849977,,,314.2
polyclonal Donor 17,MGRM_F1_015,Walker et al. Nature 477:466 (2011),21849977,,,<100
polyclonal Donor 17,MGRM_F1_016,Walker et al. Nature 477:466 (2011),21849977,,,110.3
polyclonal Donor 17,MGRM_F1_017,Walker et al. Nature 477:466 (2011),21849977,,,<100
polyclonal Donor 17,MGRM_F1_018,Walker et al. Nature 477:466 (2011),21849977,,,770
polyclonal Donor 17,MGRM_F1_020,Walker et al. Nature 477:466 (2011),21849977,,,305.4
polyclonal Donor 17,MGRM_F1_021,Walker et al. Nature 477:466 (2011),21849977,,,227.6
polyclonal Donor 17,MGRM_F1_022,Walker et al. Nature 477:466 (2011),21849977,,,350
polyclonal Donor 17,MGRM_F1_023,Walker et al. Nature 477:466 (2011),21849977,,,362.3
polyclonal Donor 17,MGRM_G_001,Walker et al. Nature 477:466 (2011),21849977,,,5296
polyclonal Donor 17,MGRM_G_004,Walker et al. Nature 477:466 (2011),21849977,,,600.5
polyclonal Donor 17,MGRM_G_006,Walker et al. Nature 477:466 (2011),21849977,,,<100
polyclonal Donor 17,MGRM_G_009,Walker et al. Nature 477:466 (2011),21849977,,,160.3
polyclonal Donor 17,MGRM_G_011,Walker et al. Nature 477:466 (2011),21849977,,,<100
polyclonal Donor 17,MGRM_G_013,Walker et al. Nature 477:466 (2011),21849977,,,100.5
polyclonal Donor 17,MGRM_G_014,Walker et al. Nature 477:466 (2011),21849977,,,3593.5
polyclonal Donor 17,MGRM_G_015,Walker et al. Nature 477:466 (2011),21849977,,,<100
polyclonal Donor 17,MGRM_G_016,Walker et al. Nature 477:466 (2011),21849977,,,<100
polyclonal Donor 17,MGRM_G_017,Walker et al. Nature 477:466 (2011),21849977,,,1582.3
polyclonal Donor 17,MGRM_G_019,Walker et al. Nature 477:466 (2011),21849977,,,1416.7
polyclonal Donor 17,MGRM_G_024,Walker et al. Nature 477:466 (2011),21849977,,,1077.4
polyclonal Donor 17,MGRM_G_025,Walker et al. Nature 477:466 (2011),21849977,,,396.1
polyclonal Donor 17,MGRM_G_027,Walker et al. Nature 477:466 (2011),21849977,,,289
polyclonal Donor 17,MGRM_G_028,Walker et al. Nature 477:466 (2011),21849977,,,2769.4
polyclonal Donor 17,NL43,Walker et al. Nature 477:466 (2011),21849977,,,418.2
polyclonal Donor 17,PVO_4,Walker et al. Nature 477:466 (2011),21849977,,,212.9
polyclonal Donor 17,QH0692_42,Walker et al. Nature 477:466 (2011),21849977,,,175.1
polyclonal Donor 17,SC422_8,Walker et al. Nature 477:466 (2011),21849977,,,367.3
polyclonal Donor 17,SF162,Walker et al. Nature 477:466 (2011),21849977,,,5329.3
polyclonal Donor 17,THRO4156,Walker et al. Nature 477:466 (2011),21849977,,,<100
polyclonal Donor 17,TRJO4551_58,Walker et al. Nature 477:466 (2011),21849977,,,152.5
polyclonal Donor 17,TRO_11,Walker et al. Nature 477:466 (2011),21849977,,,2706.9
polyclonal Donor 17,UG024_2,Walker et al. Nature 477:466 (2011),21849977,,,<100
polyclonal Donor 17,UG037_8,Walker et al. Nature 477:466 (2011),21849977,,,1120.4
polyclonal Donor 17,VLGC_A1,Walker et al. Nature 477:466 (2011),21849977,,,<100
polyclonal Donor 17,VLGC_B3,Walker et al. Nature 477:466 (2011),21849977,,,2961.7
polyclonal Donor 17,ZA012_29,Walker et al. Nature 477:466 (2011),21849977,,,8150
polyclonal Donor 24,6535_3,Walker et al. Science 326:285 (2009a),19729618,,,387
polyclonal Donor 24,92BR020,Walker et al. Science 326:285 (2009a),19729618,,,<100
polyclonal Donor 24,92RW008,Walker et al. Science 326:285 (2009a),19729618,,,4067
polyclonal Donor 24,92RW009,Walker et al. Science 326:285 (2009a),19729618,,,254
polyclonal Donor 24,92RW020_2,Walker et al. Science 326:285 (2009a),19729618,,,282
polyclonal Donor 24,92RW021,Walker et al. Science 326:285 (2009a),19729618,,,316
polyclonal Donor 24,92RW024,Walker et al. Science 326:285 (2009a),19729618,,,241
polyclonal Donor 24,92RW026,Walker et al. Science 326:285 (2009a),19729618,,,361
polyclonal Donor 24,92TH021,Walker et al. Science 326:285 (2009a),19729618,,,192
polyclonal Donor 24,92UG001,Walker et al. Science 326:285 (2009a),19729618,,,<100
polyclonal Donor 24,92UG005,Walker et al. Science 326:285 (2009a),19729618,,,<100
polyclonal Donor 24,92UG031,Walker et al. Science 326:285 (2009a),19729618,,,259
polyclonal Donor 24,92UG046,Walker et al. Science 326:285 (2009a),19729618,,,114
polyclonal Donor 24,93IN905,Walker et al. Science 326:285 (2009a),19729618,,,647
polyclonal Donor 24,93MW959,Walker et al. Science 326:285 (2009a),19729618,,,976
polyclonal Donor 24,93RW029,Walker et al. Science 326:285 (2009a),19729618,,,256
polyclonal Donor 24,93TH305,Walker et al. Science 326:285 (2009a),19729618,,,133
polyclonal Donor 24,93UG077,Walker et al. Science 326:285 (2009a),19729618,,,206
polyclonal Donor 24,94KE105,Walker et al. Science 326:285 (2009a),19729618,,,<100
polyclonal Donor 24,94UG103,Walker et al. Science 326:285 (2009a),19729618,,,350
polyclonal Donor 24,94UG114,Walker et al. Science 326:285 (2009a),19729618,,,<100
polyclonal Donor 24,98CN006,Walker et al. Science 326:285 (2009a),19729618,,,397
polyclonal Donor 24,98CN009,Walker et al. Science 326:285 (2009a),19729618,,,289
polyclonal Donor 24,98IN022,Walker et al. Science 326:285 (2009a),19729618,,,2708
polyclonal Donor 24,APV_13,Walker et al. Science 326:285 (2009a),19729618,,,<100
polyclonal Donor 24,APV_17,Walker et al. Science 326:285 (2009a),19729618,,,<100
polyclonal Donor 24,APV_6,Walker et al. Science 326:285 (2009a),19729618,,,394
polyclonal Donor 24,CAAN5342,Walker et al. Science 326:285 (2009a),19729618,,,<100
polyclonal Donor 24,CMU02,Walker et al. Science 326:285 (2009a),19729618,,,142
polyclonal Donor 24,IAVI_C18,Walker et al. Science 326:285 (2009a),19729618,,,577
polyclonal Donor 24,IAVI_C22,Walker et al. Science 326:285 (2009a),19729618,,,1002
polyclonal Donor 24,IAVI_C3,Walker et al. Science 326:285 (2009a),19729618,,,443
polyclonal Donor 24,JRCSF,Walker et al. Science 326:285 (2009a),19729618,,,8425
polyclonal Donor 24,JRFL,Walker et al. Science 326:285 (2009a),19729618,,,<100
polyclonal Donor 24,MGRM_A_001,Walker et al. Science 326:285 (2009a),19729618,,,<100
polyclonal Donor 24,MGRM_A_002,Walker et al. Science 326:285 (2009a),19729618,,,804
polyclonal Donor 24,MGRM_A_003,Walker et al. Science 326:285 (2009a),19729618,,,<100
polyclonal Donor 24,MGRM_A_004,Walker et al. Science 326:285 (2009a),19729618,,,523
polyclonal Donor 24,MGRM_A_005,Walker et al. Science 326:285 (2009a),19729618,,,175
polyclonal Donor 24,MGRM_A_006,Walker et al. Science 326:285 (2009a),19729618,,,131
polyclonal Donor 24,MGRM_A_007,Walker et al. Science 326:285 (2009a),19729618,,,142
polyclonal Donor 24,MGRM_A_008,Walker et al. Science 326:285 (2009a),19729618,,,142
polyclonal Donor 24,MGRM_A_009,Walker et al. Science 326:285 (2009a),19729618,,,941
polyclonal Donor 24,MGRM_A_010,Walker et al. Science 326:285 (2009a),19729618,,,1430
polyclonal Donor 24,MGRM_A_011,Walker et al. Science 326:285 (2009a),19729618,,,404
polyclonal Donor 24,MGRM_A_012,Walker et al. Science 326:285 (2009a),19729618,,,<100
polyclonal Donor 24,MGRM_A_013,Walker et al. Science 326:285 (2009a),19729618,,,350
polyclonal Donor 24,MGRM_A_014,Walker et al. Science 326:285 (2009a),19729618,,,158
polyclonal Donor 24,MGRM_AE_001,Walker et al. Science 326:285 (2009a),19729618,,,<100
polyclonal Donor 24,MGRM_AE_002,Walker et al. Science 326:285 (2009a),19729618,,,653
polyclonal Donor 24,MGRM_AE_003,Walker et al. Science 326:285 (2009a),19729618,,,211
polyclonal Donor 24,MGRM_AE_004,Walker et al. Science 326:285 (2009a),19729618,,,1773
polyclonal Donor 24,MGRM_AE_005,Walker et al. Science 326:285 (2009a),19729618,,,223
polyclonal Donor 24,MGRM_AE_006,Walker et al. Science 326:285 (2009a),19729618,,,151
polyclonal Donor 24,MGRM_AE_007,Walker et al. Science 326:285 (2009a),19729618,,,176
polyclonal Donor 24,MGRM_AE_008,Walker et al. Science 326:285 (2009a),19729618,,,141
polyclonal Donor 24,MGRM_AG_001,Walker et al. Science 326:285 (2009a),19729618,,,388
polyclonal Donor 24,MGRM_AG_002,Walker et al. Science 326:285 (2009a),19729618,,,147
polyclonal Donor 24,MGRM_AG_003,Walker et al. Science 326:285 (2009a),19729618,,,<100
polyclonal Donor 24,MGRM_AG_005,Walker et al. Science 326:285 (2009a),19729618,,,150
polyclonal Donor 24,MGRM_AG_006,Walker et al. Science 326:285 (2009a),19729618,,,<100
polyclonal Donor 24,MGRM_AG_008,Walker et al. Science 326:285 (2009a),19729618,,,1518
polyclonal Donor 24,MGRM_AG_009,Walker et al. Science 326:285 (2009a),19729618,,,<100
polyclonal Donor 24,MGRM_AG_011,Walker et al. Science 326:285 (2009a),19729618,,,1427
polyclonal Donor 24,MGRM_AG_012,Walker et al. Science 326:285 (2009a),19729618,,,<100
polyclonal Donor 24,MGRM_AG_013,Walker et al. Science 326:285 (2009a),19729618,,,<100
polyclonal Donor 24,MGRM_C_001,Walker et al. Science 326:285 (2009a),19729618,,,175
polyclonal Donor 24,MGRM_C_002,Walker et al. Science 326:285 (2009a),19729618,,,<100
polyclonal Donor 24,MGRM_C_004,Walker et al. Science 326:285 (2009a),19729618,,,183
polyclonal Donor 24,MGRM_C_005,Walker et al. Science 326:285 (2009a),19729618,,,306
polyclonal Donor 24,MGRM_C_006,Walker et al. Science 326:285 (2009a),19729618,,,224
polyclonal Donor 24,MGRM_C_007,Walker et al. Science 326:285 (2009a),19729618,,,598
polyclonal Donor 24,MGRM_C_008,Walker et al. Science 326:285 (2009a),19729618,,,160
polyclonal Donor 24,MGRM_C_009,Walker et al. Science 326:285 (2009a),19729618,,,<100
polyclonal Donor 24,MGRM_C_010,Walker et al. Science 326:285 (2009a),19729618,,,<100
polyclonal Donor 24,MGRM_C_012,Walker et al. Science 326:285 (2009a),19729618,,,432
polyclonal Donor 24,MGRM_C_013,Walker et al. Science 326:285 (2009a),19729618,,,105
polyclonal Donor 24,MGRM_C_014,Walker et al. Science 326:285 (2009a),19729618,,,124
polyclonal Donor 24,MGRM_C_015,Walker et al. Science 326:285 (2009a),19729618,,,365
polyclonal Donor 24,MGRM_C_017,Walker et al. Science 326:285 (2009a),19729618,,,190
polyclonal Donor 24,MGRM_C_019,Walker et al. Science 326:285 (2009a),19729618,,,6894
polyclonal Donor 24,MGRM_C_020,Walker et al. Science 326:285 (2009a),19729618,,,<100
polyclonal Donor 24,MGRM_C_022,Walker et al. Science 326:285 (2009a),19729618,,,126
polyclonal Donor 24,MGRM_C_023,Walker et al. Science 326:285 (2009a),19729618,,,220
polyclonal Donor 24,MGRM_C_024,Walker et al. Science 326:285 (2009a),19729618,,,494
polyclonal Donor 24,MGRM_C_025,Walker et al. Science 326:285 (2009a),19729618,,,434
polyclonal Donor 24,MGRM_CHRONIC_B_001,Walker et al. Science 326:285 (2009a),19729618,,,<100
polyclonal Donor 24,MGRM_CHRONIC_B_002,Walker et al. Science 326:285 (2009a),19729618,,,220
polyclonal Donor 24,MGRM_CHRONIC_B_003,Walker et al. Science 326:285 (2009a),19729618,,,280
polyclonal Donor 24,MGRM_CHRONIC_B_004,Walker et al. Science 326:285 (2009a),19729618,,,1316
polyclonal Donor 24,MGRM_CHRONIC_B_008,Walker et al. Science 326:285 (2009a),19729618,,,140
polyclonal Donor 24,MGRM_CHRONIC_B_010,Walker et al. Science 326:285 (2009a),19729618,,,1640
polyclonal Donor 24,MGRM_CHRONIC_B_011,Walker et al. Science 326:285 (2009a),19729618,,,249
polyclonal Donor 24,MGRM_CHRONIC_B_012,Walker et al. Science 326:285 (2009a),19729618,,,304
polyclonal Donor 24,MGRM_CHRONIC_B_017,Walker et al. Science 326:285 (2009a),19729618,,,644
polyclonal Donor 24,MGRM_CHRONIC_B_018,Walker et al. Science 326:285 (2009a),19729618,,,180
polyclonal Donor 24,MGRM_CHRONIC_B_020,Walker et al. Science 326:285 (2009a),19729618,,,<100
polyclonal Donor 24,MGRM_CHRONIC_B_023,Walker et al. Science 326:285 (2009a),19729618,,,286
polyclonal Donor 24,MGRM_CHRONIC_B_024,Walker et al. Science 326:285 (2009a),19729618,,,884
polyclonal Donor 24,MGRM_D_001,Walker et al. Science 326:285 (2009a),19729618,,,<100
polyclonal Donor 24,MGRM_D_002,Walker et al. Science 326:285 (2009a),19729618,,,515
polyclonal Donor 24,MGRM_D_003,Walker et al. Science 326:285 (2009a),19729618,,,363
polyclonal Donor 24,MGRM_D_004,Walker et al. Science 326:285 (2009a),19729618,,,616
polyclonal Donor 24,MGRM_D_005,Walker et al. Science 326:285 (2009a),19729618,,,<100
polyclonal Donor 24,MGRM_D_008,Walker et al. Science 326:285 (2009a),19729618,,,<100
polyclonal Donor 24,MGRM_D_011,Walker et al. Science 326:285 (2009a),19729618,,,298
polyclonal Donor 24,MGRM_D_012,Walker et al. Science 326:285 (2009a),19729618,,,<100
polyclonal Donor 24,MGRM_D_013,Walker et al. Science 326:285 (2009a),19729618,,,<100
polyclonal Donor 24,MGRM_D_014,Walker et al. Science 326:285 (2009a),19729618,,,5127
polyclonal Donor 24,MGRM_D_016,Walker et al. Science 326:285 (2009a),19729618,,,364
polyclonal Donor 24,MGRM_D_018,Walker et al. Science 326:285 (2009a),19729618,,,883
polyclonal Donor 24,MGRM_D_019,Walker et al. Science 326:285 (2009a),19729618,,,497
polyclonal Donor 24,MGRM_D_020,Walker et al. Science 326:285 (2009a),19729618,,,<100
polyclonal Donor 24,MGRM_D_021,Walker et al. Science 326:285 (2009a),19729618,,,<100
polyclonal Donor 24,MGRM_D_022,Walker et al. Science 326:285 (2009a),19729618,,,<100
polyclonal Donor 24,MGRM_D_024,Walker et al. Science 326:285 (2009a),19729618,,,239
polyclonal Donor 24,MGRM_D_026,Walker et al. Science 326:285 (2009a),19729618,,,<100
polyclonal Donor 24,MGRM_D_028,Walker et al. Science 326:285 (2009a),19729618,,,<100
polyclonal Donor 24,MGRM_D_029,Walker et al. Science 326:285 (2009a),19729618,,,<100
polyclonal Donor 24,MGRM_F1_004,Walker et al. Science 326:285 (2009a),19729618,,,104
polyclonal Donor 24,MGRM_F1_006,Walker et al. Science 326:285 (2009a),19729618,,,<100
polyclonal Donor 24,MGRM_F1_008,Walker et al. Science 326:285 (2009a),19729618,,,<100
polyclonal Donor 24,MGRM_F1_010,Walker et al. Science 326:285 (2009a),19729618,,,634
polyclonal Donor 24,MGRM_F1_012,Walker et al. Science 326:285 (2009a),19729618,,,866
polyclonal Donor 24,MGRM_F1_013,Walker et al. Science 326:285 (2009a),19729618,,,142
polyclonal Donor 24,MGRM_F1_014,Walker et al. Science 326:285 (2009a),19729618,,,437
polyclonal Donor 24,MGRM_F1_015,Walker et al. Science 326:285 (2009a),19729618,,,<100
polyclonal Donor 24,MGRM_F1_016,Walker et al. Science 326:285 (2009a),19729618,,,<100
polyclonal Donor 24,MGRM_F1_017,Walker et al. Science 326:285 (2009a),19729618,,,<100
polyclonal Donor 24,MGRM_F1_018,Walker et al. Science 326:285 (2009a),19729618,,,432
polyclonal Donor 24,MGRM_F1_020,Walker et al. Science 326:285 (2009a),19729618,,,<100
polyclonal Donor 24,MGRM_F1_021,Walker et al. Science 326:285 (2009a),19729618,,,<100
polyclonal Donor 24,MGRM_F1_022,Walker et al. Science 326:285 (2009a),19729618,,,246
polyclonal Donor 24,MGRM_F1_023,Walker et al. Science 326:285 (2009a),19729618,,,101
polyclonal Donor 24,MGRM_G_001,Walker et al. Science 326:285 (2009a),19729618,,,<100
polyclonal Donor 24,MGRM_G_004,Walker et al. Science 326:285 (2009a),19729618,,,<100
polyclonal Donor 24,MGRM_G_006,Walker et al. Science 326:285 (2009a),19729618,,,116
polyclonal Donor 24,MGRM_G_009,Walker et al. Science 326:285 (2009a),19729618,,,<100
polyclonal Donor 24,MGRM_G_011,Walker et al. Science 326:285 (2009a),19729618,,,150
polyclonal Donor 24,MGRM_G_013,Walker et al. Science 326:285 (2009a),19729618,,,<100
polyclonal Donor 24,MGRM_G_014,Walker et al. Science 326:285 (2009a),19729618,,,<100
polyclonal Donor 24,MGRM_G_015,Walker et al. Science 326:285 (2009a),19729618,,,<100
polyclonal Donor 24,MGRM_G_016,Walker et al. Science 326:285 (2009a),19729618,,,<100
polyclonal Donor 24,MGRM_G_017,Walker et al. Science 326:285 (2009a),19729618,,,453
polyclonal Donor 24,MGRM_G_019,Walker et al. Science 326:285 (2009a),19729618,,,<100
polyclonal Donor 24,MGRM_G_024,Walker et al. Science 326:285 (2009a),19729618,,,236
polyclonal Donor 24,MGRM_G_025,Walker et al. Science 326:285 (2009a),19729618,,,<100
polyclonal Donor 24,MGRM_G_027,Walker et al. Science 326:285 (2009a),19729618,,,351
polyclonal Donor 24,MGRM_G_028,Walker et al. Science 326:285 (2009a),19729618,,,<100
polyclonal Donor 24,NL43,Walker et al. Science 326:285 (2009a),19729618,,,1488
polyclonal Donor 24,PVO_4,Walker et al. Science 326:285 (2009a),19729618,,,171
polyclonal Donor 24,QH0692_42,Walker et al. Science 326:285 (2009a),19729618,,,<100
polyclonal Donor 24,SC422_8,Walker et al. Science 326:285 (2009a),19729618,,,182
polyclonal Donor 24,SF162,Walker et al. Science 326:285 (2009a),19729618,,,9777
polyclonal Donor 24,THRO4156,Walker et al. Science 326:285 (2009a),19729618,,,<100
polyclonal Donor 24,TRJO4551_58,Walker et al. Science 326:285 (2009a),19729618,,,171
polyclonal Donor 24,TRO_11,Walker et al. Science 326:285 (2009a),19729618,,,222
polyclonal Donor 24,UG024_2,Walker et al. Science 326:285 (2009a),19729618,,,112
polyclonal Donor 24,UG037_8,Walker et al. Science 326:285 (2009a),19729618,,,1252
polyclonal Donor 24,VLGC_A1,Walker et al. Science 326:285 (2009a),19729618,,,197
polyclonal Donor 24,VLGC_B3,Walker et al. Science 326:285 (2009a),19729618,,,244
polyclonal Donor 24,ZA012_29,Walker et al. Science 326:285 (2009a),19729618,,,188
polyclonal Donor 27845,0013095_2_11,Schoofs et al. Immunity 50:1513 (2019) - set 2,31126879,>500,,
polyclonal Donor 27845,001428_2_42,Schoofs et al. Immunity 50:1513 (2019) - set 2,31126879,61.6,,
polyclonal Donor 27845,231965_C1,Schoofs et al. Immunity 50:1513 (2019) - set 2,31126879,113.6,,
polyclonal Donor 27845,242_14,Schoofs et al. Immunity 50:1513 (2019) - set 2,31126879,231,,
polyclonal Donor 27845,246_F3_C10_2,Schoofs et al. Immunity 50:1513 (2019) - set 2,31126879,104.3,,
polyclonal Donor 27845,247_23,Schoofs et al. Immunity 50:1513 (2019) - set 2,31126879,67.2,,
polyclonal Donor 27845,25710_2_43,Schoofs et al. Immunity 50:1513 (2019) - set 2,31126879,95,,
polyclonal Donor 27845,26191_2_48,Schoofs et al. Immunity 50:1513 (2019) - set 2,31126879,>500,,
polyclonal Donor 27845,3168_V4_C10,Schoofs et al. Immunity 50:1513 (2019) - set 2,31126879,169.5,,
polyclonal Donor 27845,398_F1_F6_20,Schoofs et al. Immunity 50:1513 (2019) - set 2,31126879,49.2,,
polyclonal Donor 27845,620345_C1,Schoofs et al. Immunity 50:1513 (2019) - set 2,31126879,61.2,,
polyclonal Donor 27845,703010217_B6,Schoofs et al. Immunity 50:1513 (2019) - set 2,31126879,304.5,,
polyclonal Donor 27845,7165_18,Schoofs et al. Immunity 50:1513 (2019) - set 2,31126879,88.9,,
polyclonal Donor 27845,BJOX002000_03_2,Schoofs et al. Immunity 50:1513 (2019) - set 2,31126879,>500,,
polyclonal Donor 27845,CE1176_A3,Schoofs et al. Immunity 50:1513 (2019) - set 2,31126879,88.4,,
polyclonal Donor 27845,CH038_12,Schoofs et al. Immunity 50:1513 (2019) - set 2,31126879,175.4,,
polyclonal Donor 27845,CH070_1,Schoofs et al. Immunity 50:1513 (2019) - set 2,31126879,>500,,
polyclonal Donor 27845,CH119_10,Schoofs et al. Immunity 50:1513 (2019) - set 2,31126879,186.4,,
polyclonal Donor 27845,CNE5,Schoofs et al. Immunity 50:1513 (2019) - set 2,31126879,92,,
polyclonal Donor 27845,CNE55,Schoofs et al. Immunity 50:1513 (2019) - set 2,31126879,53.6,,
polyclonal Donor 27845,CNE8,Schoofs et al. Immunity 50:1513 (2019) - set 2,31126879,72.7,,
polyclonal Donor 27845,KER2008_12,Schoofs et al. Immunity 50:1513 (2019) - set 2,31126879,39.5,,
polyclonal Donor 27845,M02138,Schoofs et al. Immunity 50:1513 (2019) - set 2,31126879,80.3,,
polyclonal Donor 27845,Q259_17,Schoofs et al. Immunity 50:1513 (2019) - set 2,31126879,279.6,,
polyclonal Donor 27845,Q461_E2,Schoofs et al. Immunity 50:1513 (2019) - set 2,31126879,>500,,
polyclonal Donor 27845,TH976_17,Schoofs et al. Immunity 50:1513 (2019) - set 2,31126879,165.5,,
polyclonal Donor 27845,TRO_11,Schoofs et al. Immunity 50:1513 (2019) - set 2,31126879,83.9,,
polyclonal Donor 27845,X1632_S2_B10,Schoofs et al. Immunity 50:1513 (2019) - set 2,31126879,77.1,,
polyclonal Donor 27845,X2278_C2_B6,Schoofs et al. Immunity 50:1513 (2019) - set 2,31126879,66.7,,
polyclonal Donor 27845,YU2,Schoofs et al. Immunity 50:1513 (2019) - set 2,31126879,205.5,,
polyclonal Donor 27845,ZM135_10A,Schoofs et al. Immunity 50:1513 (2019) - set 2,31126879,391.4,,
polyclonal Donor 31,0260_V5_C36,Falkowska et al. Immunity 40:657 (2014),24768347,,,127
polyclonal Donor 31,231966_C2,Falkowska et al. Immunity 40:657 (2014),24768347,,,235
polyclonal Donor 31,235_47,Falkowska et al. Immunity 40:657 (2014),24768347,,,<50
polyclonal Donor 31,620345_C1,Falkowska et al. Immunity 40:657 (2014),24768347,,,58
polyclonal Donor 31,6540_V4_C1,Falkowska et al. Immunity 40:657 (2014),24768347,,,139
polyclonal Donor 31,89_F1_2_25,Falkowska et al. Immunity 40:657 (2014),24768347,,,<50
polyclonal Donor 31,A07412M1_VRC12,Falkowska et al. Immunity 40:657 (2014),24768347,,,135
polyclonal Donor 31,BF1266_431A,Falkowska et al. Immunity 40:657 (2014),24768347,,,613
polyclonal Donor 31,BJOX009000_02_4,Falkowska et al. Immunity 40:657 (2014),24768347,,,302
polyclonal Donor 31,CAP45_G3,Falkowska et al. Immunity 40:657 (2014),24768347,,,804
polyclonal Donor 31,CNE17,Falkowska et al. Immunity 40:657 (2014),24768347,,,196
polyclonal Donor 31,CNE52,Falkowska et al. Immunity 40:657 (2014),24768347,,,728
polyclonal Donor 31,DU422_1,Falkowska et al. Immunity 40:657 (2014),24768347,,,328
polyclonal Donor 31,PVO_4,Falkowska et al. Immunity 40:657 (2014),24768347,,,131
polyclonal Donor 31,Q23_17,Falkowska et al. Immunity 40:657 (2014),24768347,,,465
polyclonal Donor 31,Q461_E2,Falkowska et al. Immunity 40:657 (2014),24768347,,,162
polyclonal Donor 31,QH0692_42,Falkowska et al. Immunity 40:657 (2014),24768347,,,51
polyclonal Donor 31,R1166_C1,Falkowska et al. Immunity 40:657 (2014),24768347,,,155
polyclonal Donor 31,T250_4,Falkowska et al. Immunity 40:657 (2014),24768347,,,562
polyclonal Donor 31,T251_18,Falkowska et al. Immunity 40:657 (2014),24768347,,,<50
polyclonal Donor 31,THRO4156,Falkowska et al. Immunity 40:657 (2014),24768347,,,82
polyclonal Donor 31,TRJO4551_58,Falkowska et al. Immunity 40:657 (2014),24768347,,,110
polyclonal Donor 31,X1632_S2_B10,Falkowska et al. Immunity 40:657 (2014),24768347,,,154
polyclonal Donor 31,X2131_C1_B5,Falkowska et al. Immunity 40:657 (2014),24768347,,,1738
polyclonal Donor 31,ZM233_6,Falkowska et al. Immunity 40:657 (2014),24768347,,,232
polyclonal Donor 36,6535_3,Walker et al. Nature 477:466 (2011),21849977,,,848
polyclonal Donor 36,92BR020,Walker et al. Nature 477:466 (2011),21849977,,,741.3
polyclonal Donor 36,92RW008,Walker et al. Nature 477:466 (2011),21849977,,,2084.1
polyclonal Donor 36,92RW009,Walker et al. Nature 477:466 (2011),21849977,,,241
polyclonal Donor 36,92RW020_2,Walker et al. Nature 477:466 (2011),21849977,,,2617.1
polyclonal Donor 36,92RW021,Walker et al. Nature 477:466 (2011),21849977,,,4204.8
polyclonal Donor 36,92RW024,Walker et al. Nature 477:466 (2011),21849977,,,149.7
polyclonal Donor 36,92RW026,Walker et al. Nature 477:466 (2011),21849977,,,2183.4
polyclonal Donor 36,92TH021,Walker et al. Nature 477:466 (2011),21849977,,,3301.2
polyclonal Donor 36,92UG001,Walker et al. Nature 477:466 (2011),21849977,,,<100
polyclonal Donor 36,92UG005,Walker et al. Nature 477:466 (2011),21849977,,,590.3
polyclonal Donor 36,92UG031,Walker et al. Nature 477:466 (2011),21849977,,,422.2
polyclonal Donor 36,92UG046,Walker et al. Nature 477:466 (2011),21849977,,,<100
polyclonal Donor 36,93IN905,Walker et al. Nature 477:466 (2011),21849977,,,1313.8
polyclonal Donor 36,93MW959,Walker et al. Nature 477:466 (2011),21849977,,,176.1
polyclonal Donor 36,93RW029,Walker et al. Nature 477:466 (2011),21849977,,,<100
polyclonal Donor 36,93TH305,Walker et al. Nature 477:466 (2011),21849977,,,1520.7
polyclonal Donor 36,93UG077,Walker et al. Nature 477:466 (2011),21849977,,,707.2
polyclonal Donor 36,94KE105,Walker et al. Nature 477:466 (2011),21849977,,,4540.1
polyclonal Donor 36,94UG103,Walker et al. Nature 477:466 (2011),21849977,,,1138.4
polyclonal Donor 36,94UG114,Walker et al. Nature 477:466 (2011),21849977,,,292.1
polyclonal Donor 36,98CN006,Walker et al. Nature 477:466 (2011),21849977,,,367
polyclonal Donor 36,98CN009,Walker et al. Nature 477:466 (2011),21849977,,,756.3
polyclonal Donor 36,98IN022,Walker et al. Nature 477:466 (2011),21849977,,,729.6
polyclonal Donor 36,APV_13,Walker et al. Nature 477:466 (2011),21849977,,,1460.1
polyclonal Donor 36,APV_17,Walker et al. Nature 477:466 (2011),21849977,,,279.4
polyclonal Donor 36,APV_6,Walker et al. Nature 477:466 (2011),21849977,,,512.9
polyclonal Donor 36,CAAN5342,Walker et al. Nature 477:466 (2011),21849977,,,148.8
polyclonal Donor 36,CMU02,Walker et al. Nature 477:466 (2011),21849977,,,<100
polyclonal Donor 36,JRCSF,Walker et al. Nature 477:466 (2011),21849977,,,2371.1
polyclonal Donor 36,JRFL,Walker et al. Nature 477:466 (2011),21849977,,,858.2
polyclonal Donor 36,MGRM_A_001,Walker et al. Nature 477:466 (2011),21849977,,,<100
polyclonal Donor 36,MGRM_A_002,Walker et al. Nature 477:466 (2011),21849977,,,2782.2
polyclonal Donor 36,MGRM_A_003,Walker et al. Nature 477:466 (2011),21849977,,,<100
polyclonal Donor 36,MGRM_A_004,Walker et al. Nature 477:466 (2011),21849977,,,<100
polyclonal Donor 36,MGRM_A_005,Walker et al. Nature 477:466 (2011),21849977,,,<100
polyclonal Donor 36,MGRM_A_006,Walker et al. Nature 477:466 (2011),21849977,,,120
polyclonal Donor 36,MGRM_A_007,Walker et al. Nature 477:466 (2011),21849977,,,<100
polyclonal Donor 36,MGRM_A_008,Walker et al. Nature 477:466 (2011),21849977,,,<100
polyclonal Donor 36,MGRM_A_009,Walker et al. Nature 477:466 (2011),21849977,,,1611.4
polyclonal Donor 36,MGRM_A_010,Walker et al. Nature 477:466 (2011),21849977,,,2779.2
polyclonal Donor 36,MGRM_A_011,Walker et al. Nature 477:466 (2011),21849977,,,<100
polyclonal Donor 36,MGRM_A_012,Walker et al. Nature 477:466 (2011),21849977,,,270.6
polyclonal Donor 36,MGRM_A_013,Walker et al. Nature 477:466 (2011),21849977,,,835.9
polyclonal Donor 36,MGRM_A_014,Walker et al. Nature 477:466 (2011),21849977,,,705.2
polyclonal Donor 36,MGRM_AE_001,Walker et al. Nature 477:466 (2011),21849977,,,222.6
polyclonal Donor 36,MGRM_AE_002,Walker et al. Nature 477:466 (2011),21849977,,,254
polyclonal Donor 36,MGRM_AE_003,Walker et al. Nature 477:466 (2011),21849977,,,<100
polyclonal Donor 36,MGRM_AE_004,Walker et al. Nature 477:466 (2011),21849977,,,131.7
polyclonal Donor 36,MGRM_AE_005,Walker et al. Nature 477:466 (2011),21849977,,,2772.2
polyclonal Donor 36,MGRM_AE_006,Walker et al. Nature 477:466 (2011),21849977,,,1352.7
polyclonal Donor 36,MGRM_AE_007,Walker et al. Nature 477:466 (2011),21849977,,,444.5
polyclonal Donor 36,MGRM_AE_008,Walker et al. Nature 477:466 (2011),21849977,,,<100
polyclonal Donor 36,MGRM_AG_001,Walker et al. Nature 477:466 (2011),21849977,,,302.2
polyclonal Donor 36,MGRM_AG_002,Walker et al. Nature 477:466 (2011),21849977,,,139.4
polyclonal Donor 36,MGRM_AG_003,Walker et al. Nature 477:466 (2011),21849977,,,<100
polyclonal Donor 36,MGRM_AG_005,Walker et al. Nature 477:466 (2011),21849977,,,865.9
polyclonal Donor 36,MGRM_AG_006,Walker et al. Nature 477:466 (2011),21849977,,,4106
polyclonal Donor 36,MGRM_AG_008,Walker et al. Nature 477:466 (2011),21849977,,,<100
polyclonal Donor 36,MGRM_AG_009,Walker et al. Nature 477:466 (2011),21849977,,,220.2
polyclonal Donor 36,MGRM_AG_011,Walker et al. Nature 477:466 (2011),21849977,,,228.1
polyclonal Donor 36,MGRM_AG_012,Walker et al. Nature 477:466 (2011),21849977,,,136.6
polyclonal Donor 36,MGRM_AG_013,Walker et al. Nature 477:466 (2011),21849977,,,2055.6
polyclonal Donor 36,MGRM_C_001,Walker et al. Nature 477:466 (2011),21849977,,,<100
polyclonal Donor 36,MGRM_C_002,Walker et al. Nature 477:466 (2011),21849977,,,704.1
polyclonal Donor 36,MGRM_C_004,Walker et al. Nature 477:466 (2011),21849977,,,327.9
polyclonal Donor 36,MGRM_C_005,Walker et al. Nature 477:466 (2011),21849977,,,383
polyclonal Donor 36,MGRM_C_006,Walker et al. Nature 477:466 (2011),21849977,,,532.3
polyclonal Donor 36,MGRM_C_007,Walker et al. Nature 477:466 (2011),21849977,,,<100
polyclonal Donor 36,MGRM_C_008,Walker et al. Nature 477:466 (2011),21849977,,,<100
polyclonal Donor 36,MGRM_C_009,Walker et al. Nature 477:466 (2011),21849977,,,<100
polyclonal Donor 36,MGRM_C_010,Walker et al. Nature 477:466 (2011),21849977,,,<100
polyclonal Donor 36,MGRM_C_012,Walker et al. Nature 477:466 (2011),21849977,,,169.8
polyclonal Donor 36,MGRM_C_013,Walker et al. Nature 477:466 (2011),21849977,,,<100
polyclonal Donor 36,MGRM_C_014,Walker et al. Nature 477:466 (2011),21849977,,,<100
polyclonal Donor 36,MGRM_C_015,Walker et al. Nature 477:466 (2011),21849977,,,253.4
polyclonal Donor 36,MGRM_C_017,Walker et al. Nature 477:466 (2011),21849977,,,266.4
polyclonal Donor 36,MGRM_C_019,Walker et al. Nature 477:466 (2011),21849977,,,1383.6
polyclonal Donor 36,MGRM_C_020,Walker et al. Nature 477:466 (2011),21849977,,,115.3
polyclonal Donor 36,MGRM_C_022,Walker et al. Nature 477:466 (2011),21849977,,,725.8
polyclonal Donor 36,MGRM_C_023,Walker et al. Nature 477:466 (2011),21849977,,,285.3
polyclonal Donor 36,MGRM_C_024,Walker et al. Nature 477:466 (2011),21849977,,,<100
polyclonal Donor 36,MGRM_C_025,Walker et al. Nature 477:466 (2011),21849977,,,129.6
polyclonal Donor 36,MGRM_C_026,Walker et al. Nature 477:466 (2011),21849977,,,2438.1
polyclonal Donor 36,MGRM_C_027,Walker et al. Nature 477:466 (2011),21849977,,,1636.4
polyclonal Donor 36,MGRM_C_028,Walker et al. Nature 477:466 (2011),21849977,,,<100
polyclonal Donor 36,MGRM_CHRONIC_B_001,Walker et al. Nature 477:466 (2011),21849977,,,246
polyclonal Donor 36,MGRM_CHRONIC_B_002,Walker et al. Nature 477:466 (2011),21849977,,,344.4
polyclonal Donor 36,MGRM_CHRONIC_B_003,Walker et al. Nature 477:466 (2011),21849977,,,370.4
polyclonal Donor 36,MGRM_CHRONIC_B_004,Walker et al. Nature 477:466 (2011),21849977,,,1463.1
polyclonal Donor 36,MGRM_CHRONIC_B_008,Walker et al. Nature 477:466 (2011),21849977,,,260.2
polyclonal Donor 36,MGRM_CHRONIC_B_010,Walker et al. Nature 477:466 (2011),21849977,,,3234.8
polyclonal Donor 36,MGRM_CHRONIC_B_011,Walker et al. Nature 477:466 (2011),21849977,,,1030.2
polyclonal Donor 36,MGRM_CHRONIC_B_012,Walker et al. Nature 477:466 (2011),21849977,,,634.2
polyclonal Donor 36,MGRM_CHRONIC_B_017,Walker et al. Nature 477:466 (2011),21849977,,,<100
polyclonal Donor 36,MGRM_CHRONIC_B_018,Walker et al. Nature 477:466 (2011),21849977,,,289.3
polyclonal Donor 36,MGRM_CHRONIC_B_020,Walker et al. Nature 477:466 (2011),21849977,,,858.8
polyclonal Donor 36,MGRM_CHRONIC_B_023,Walker et al. Nature 477:466 (2011),21849977,,,196.7
polyclonal Donor 36,MGRM_CHRONIC_B_024,Walker et al. Nature 477:466 (2011),21849977,,,104.1
polyclonal Donor 36,MGRM_D_001,Walker et al. Nature 477:466 (2011),21849977,,,112.8
polyclonal Donor 36,MGRM_D_002,Walker et al. Nature 477:466 (2011),21849977,,,726.4
polyclonal Donor 36,MGRM_D_003,Walker et al. Nature 477:466 (2011),21849977,,,414.7
polyclonal Donor 36,MGRM_D_004,Walker et al. Nature 477:466 (2011),21849977,,,108.5
polyclonal Donor 36,MGRM_D_005,Walker et al. Nature 477:466 (2011),21849977,,,109.3
polyclonal Donor 36,MGRM_D_008,Walker et al. Nature 477:466 (2011),21849977,,,<100
polyclonal Donor 36,MGRM_D_011,Walker et al. Nature 477:466 (2011),21849977,,,769
polyclonal Donor 36,MGRM_D_012,Walker et al. Nature 477:466 (2011),21849977,,,109.1
polyclonal Donor 36,MGRM_D_013,Walker et al. Nature 477:466 (2011),21849977,,,422.8
polyclonal Donor 36,MGRM_D_014,Walker et al. Nature 477:466 (2011),21849977,,,428
polyclonal Donor 36,MGRM_D_016,Walker et al. Nature 477:466 (2011),21849977,,,203.4
polyclonal Donor 36,MGRM_D_018,Walker et al. Nature 477:466 (2011),21849977,,,1730.4
polyclonal Donor 36,MGRM_D_019,Walker et al. Nature 477:466 (2011),21849977,,,260
polyclonal Donor 36,MGRM_D_020,Walker et al. Nature 477:466 (2011),21849977,,,393.5
polyclonal Donor 36,MGRM_D_021,Walker et al. Nature 477:466 (2011),21849977,,,457.5
polyclonal Donor 36,MGRM_D_022,Walker et al. Nature 477:466 (2011),21849977,,,<100
polyclonal Donor 36,MGRM_D_024,Walker et al. Nature 477:466 (2011),21849977,,,124.7
polyclonal Donor 36,MGRM_D_026,Walker et al. Nature 477:466 (2011),21849977,,,103.2
polyclonal Donor 36,MGRM_D_028,Walker et al. Nature 477:466 (2011),21849977,,,<100
polyclonal Donor 36,MGRM_D_029,Walker et al. Nature 477:466 (2011),21849977,,,<100
polyclonal Donor 36,MGRM_F1_004,Walker et al. Nature 477:466 (2011),21849977,,,687.6
polyclonal Donor 36,MGRM_F1_006,Walker et al. Nature 477:466 (2011),21849977,,,110.8
polyclonal Donor 36,MGRM_F1_008,Walker et al. Nature 477:466 (2011),21849977,,,<100
polyclonal Donor 36,MGRM_F1_010,Walker et al. Nature 477:466 (2011),21849977,,,<100
polyclonal Donor 36,MGRM_F1_012,Walker et al. Nature 477:466 (2011),21849977,,,299.8
polyclonal Donor 36,MGRM_F1_013,Walker et al. Nature 477:466 (2011),21849977,,,377.4
polyclonal Donor 36,MGRM_F1_014,Walker et al. Nature 477:466 (2011),21849977,,,<100
polyclonal Donor 36,MGRM_F1_015,Walker et al. Nature 477:466 (2011),21849977,,,<100
polyclonal Donor 36,MGRM_F1_016,Walker et al. Nature 477:466 (2011),21849977,,,<100
polyclonal Donor 36,MGRM_F1_017,Walker et al. Nature 477:466 (2011),21849977,,,<100
polyclonal Donor 36,MGRM_F1_018,Walker et al. Nature 477:466 (2011),21849977,,,151.2
polyclonal Donor 36,MGRM_F1_020,Walker et al. Nature 477:466 (2011),21849977,,,<100
polyclonal Donor 36,MGRM_F1_021,Walker et al. Nature 477:466 (2011),21849977,,,218.7
polyclonal Donor 36,MGRM_F1_022,Walker et al. Nature 477:466 (2011),21849977,,,221.3
polyclonal Donor 36,MGRM_F1_023,Walker et al. Nature 477:466 (2011),21849977,,,674.5
polyclonal Donor 36,MGRM_G_001,Walker et al. Nature 477:466 (2011),21849977,,,635.9
polyclonal Donor 36,MGRM_G_004,Walker et al. Nature 477:466 (2011),21849977,,,107.3
polyclonal Donor 36,MGRM_G_006,Walker et al. Nature 477:466 (2011),21849977,,,<100
polyclonal Donor 36,MGRM_G_009,Walker et al. Nature 477:466 (2011),21849977,,,<100
polyclonal Donor 36,MGRM_G_011,Walker et al. Nature 477:466 (2011),21849977,,,<100
polyclonal Donor 36,MGRM_G_013,Walker et al. Nature 477:466 (2011),21849977,,,480.3
polyclonal Donor 36,MGRM_G_014,Walker et al. Nature 477:466 (2011),21849977,,,1058
polyclonal Donor 36,MGRM_G_015,Walker et al. Nature 477:466 (2011),21849977,,,<100
polyclonal Donor 36,MGRM_G_016,Walker et al. Nature 477:466 (2011),21849977,,,106
polyclonal Donor 36,MGRM_G_017,Walker et al. Nature 477:466 (2011),21849977,,,282.9
polyclonal Donor 36,MGRM_G_019,Walker et al. Nature 477:466 (2011),21849977,,,354.8
polyclonal Donor 36,MGRM_G_024,Walker et al. Nature 477:466 (2011),21849977,,,131.5
polyclonal Donor 36,MGRM_G_025,Walker et al. Nature 477:466 (2011),21849977,,,164.2
polyclonal Donor 36,MGRM_G_027,Walker et al. Nature 477:466 (2011),21849977,,,143.4
polyclonal Donor 36,MGRM_G_028,Walker et al. Nature 477:466 (2011),21849977,,,1201.4
polyclonal Donor 36,NL43,Walker et al. Nature 477:466 (2011),21849977,,,3033.8
polyclonal Donor 36,PVO_4,Walker et al. Nature 477:466 (2011),21849977,,,420.8
polyclonal Donor 36,QH0692_42,Walker et al. Nature 477:466 (2011),21849977,,,227.6
polyclonal Donor 36,SC422_8,Walker et al. Nature 477:466 (2011),21849977,,,<100
polyclonal Donor 36,SF162,Walker et al. Nature 477:466 (2011),21849977,,,5103
polyclonal Donor 36,THRO4156,Walker et al. Nature 477:466 (2011),21849977,,,107.7
polyclonal Donor 36,TRJO4551_58,Walker et al. Nature 477:466 (2011),21849977,,,1416.1
polyclonal Donor 36,TRO_11,Walker et al. Nature 477:466 (2011),21849977,,,454.5
polyclonal Donor 36,UG024_2,Walker et al. Nature 477:466 (2011),21849977,,,138.1
polyclonal Donor 36,UG037_8,Walker et al. Nature 477:466 (2011),21849977,,,1431.8
polyclonal Donor 36,VLGC_A1,Walker et al. Nature 477:466 (2011),21849977,,,203.2
polyclonal Donor 36,VLGC_B3,Walker et al. Nature 477:466 (2011),21849977,,,1333
polyclonal Donor 36,ZA012_29,Walker et al. Nature 477:466 (2011),21849977,,,433
polyclonal Donor 39,6535_3,Walker et al. Nature 477:466 (2011),21849977,,,387
polyclonal Donor 39,92BR020,Walker et al. Nature 477:466 (2011),21849977,,,421
polyclonal Donor 39,92RW008,Walker et al. Nature 477:466 (2011),21849977,,,644
polyclonal Donor 39,92RW009,Walker et al. Nature 477:466 (2011),21849977,,,<100
polyclonal Donor 39,92RW020_2,Walker et al. Nature 477:466 (2011),21849977,,,2730
polyclonal Donor 39,92RW021,Walker et al. Nature 477:466 (2011),21849977,,,428
polyclonal Donor 39,92RW024,Walker et al. Nature 477:466 (2011),21849977,,,178
polyclonal Donor 39,92RW026,Walker et al. Nature 477:466 (2011),21849977,,,1046
polyclonal Donor 39,92TH021,Walker et al. Nature 477:466 (2011),21849977,,,212
polyclonal Donor 39,92UG001,Walker et al. Nature 477:466 (2011),21849977,,,260
polyclonal Donor 39,92UG005,Walker et al. Nature 477:466 (2011),21849977,,,480
polyclonal Donor 39,92UG031,Walker et al. Nature 477:466 (2011),21849977,,,459
polyclonal Donor 39,92UG046,Walker et al. Nature 477:466 (2011),21849977,,,137
polyclonal Donor 39,93IN905,Walker et al. Nature 477:466 (2011),21849977,,,3667
polyclonal Donor 39,93MW959,Walker et al. Nature 477:466 (2011),21849977,,,506
polyclonal Donor 39,93RW029,Walker et al. Nature 477:466 (2011),21849977,,,270
polyclonal Donor 39,93TH305,Walker et al. Nature 477:466 (2011),21849977,,,306
polyclonal Donor 39,93UG077,Walker et al. Nature 477:466 (2011),21849977,,,436
polyclonal Donor 39,94KE105,Walker et al. Nature 477:466 (2011),21849977,,,1633
polyclonal Donor 39,94UG103,Walker et al. Nature 477:466 (2011),21849977,,,568
polyclonal Donor 39,94UG114,Walker et al. Nature 477:466 (2011),21849977,,,548
polyclonal Donor 39,98CN006,Walker et al. Nature 477:466 (2011),21849977,,,980
polyclonal Donor 39,98CN009,Walker et al. Nature 477:466 (2011),21849977,,,1430
polyclonal Donor 39,98IN022,Walker et al. Nature 477:466 (2011),21849977,,,1918
polyclonal Donor 39,APV_13,Walker et al. Nature 477:466 (2011),21849977,,,173
polyclonal Donor 39,APV_17,Walker et al. Nature 477:466 (2011),21849977,,,482
polyclonal Donor 39,APV_6,Walker et al. Nature 477:466 (2011),21849977,,,706
polyclonal Donor 39,CAAN5342,Walker et al. Nature 477:466 (2011),21849977,,,222
polyclonal Donor 39,CMU02,Walker et al. Nature 477:466 (2011),21849977,,,312
polyclonal Donor 39,JRCSF,Walker et al. Nature 477:466 (2011),21849977,,,433
polyclonal Donor 39,JRFL,Walker et al. Nature 477:466 (2011),21849977,,,471
polyclonal Donor 39,MGRM_A_001,Walker et al. Nature 477:466 (2011),21849977,,,149
polyclonal Donor 39,MGRM_A_002,Walker et al. Nature 477:466 (2011),21849977,,,264
polyclonal Donor 39,MGRM_A_003,Walker et al. Nature 477:466 (2011),21849977,,,375
polyclonal Donor 39,MGRM_A_004,Walker et al. Nature 477:466 (2011),21849977,,,319
polyclonal Donor 39,MGRM_A_005,Walker et al. Nature 477:466 (2011),21849977,,,282
polyclonal Donor 39,MGRM_A_006,Walker et al. Nature 477:466 (2011),21849977,,,564
polyclonal Donor 39,MGRM_A_007,Walker et al. Nature 477:466 (2011),21849977,,,556
polyclonal Donor 39,MGRM_A_008,Walker et al. Nature 477:466 (2011),21849977,,,196
polyclonal Donor 39,MGRM_A_009,Walker et al. Nature 477:466 (2011),21849977,,,286
polyclonal Donor 39,MGRM_A_010,Walker et al. Nature 477:466 (2011),21849977,,,279
polyclonal Donor 39,MGRM_A_011,Walker et al. Nature 477:466 (2011),21849977,,,169
polyclonal Donor 39,MGRM_A_012,Walker et al. Nature 477:466 (2011),21849977,,,215
polyclonal Donor 39,MGRM_A_013,Walker et al. Nature 477:466 (2011),21849977,,,776
polyclonal Donor 39,MGRM_A_014,Walker et al. Nature 477:466 (2011),21849977,,,681
polyclonal Donor 39,MGRM_AE_001,Walker et al. Nature 477:466 (2011),21849977,,,223
polyclonal Donor 39,MGRM_AE_002,Walker et al. Nature 477:466 (2011),21849977,,,249
polyclonal Donor 39,MGRM_AE_003,Walker et al. Nature 477:466 (2011),21849977,,,181
polyclonal Donor 39,MGRM_AE_004,Walker et al. Nature 477:466 (2011),21849977,,,123
polyclonal Donor 39,MGRM_AE_005,Walker et al. Nature 477:466 (2011),21849977,,,265
polyclonal Donor 39,MGRM_AE_006,Walker et al. Nature 477:466 (2011),21849977,,,194
polyclonal Donor 39,MGRM_AE_007,Walker et al. Nature 477:466 (2011),21849977,,,184
polyclonal Donor 39,MGRM_AE_008,Walker et al. Nature 477:466 (2011),21849977,,,341
polyclonal Donor 39,MGRM_AG_001,Walker et al. Nature 477:466 (2011),21849977,,,499
polyclonal Donor 39,MGRM_AG_002,Walker et al. Nature 477:466 (2011),21849977,,,206
polyclonal Donor 39,MGRM_AG_003,Walker et al. Nature 477:466 (2011),21849977,,,121
polyclonal Donor 39,MGRM_AG_005,Walker et al. Nature 477:466 (2011),21849977,,,708
polyclonal Donor 39,MGRM_AG_006,Walker et al. Nature 477:466 (2011),21849977,,,536
polyclonal Donor 39,MGRM_AG_008,Walker et al. Nature 477:466 (2011),21849977,,,692
polyclonal Donor 39,MGRM_AG_009,Walker et al. Nature 477:466 (2011),21849977,,,128
polyclonal Donor 39,MGRM_AG_011,Walker et al. Nature 477:466 (2011),21849977,,,274
polyclonal Donor 39,MGRM_AG_012,Walker et al. Nature 477:466 (2011),21849977,,,235
polyclonal Donor 39,MGRM_AG_013,Walker et al. Nature 477:466 (2011),21849977,,,303
polyclonal Donor 39,MGRM_C_001,Walker et al. Nature 477:466 (2011),21849977,,,174
polyclonal Donor 39,MGRM_C_002,Walker et al. Nature 477:466 (2011),21849977,,,556
polyclonal Donor 39,MGRM_C_004,Walker et al. Nature 477:466 (2011),21849977,,,2064
polyclonal Donor 39,MGRM_C_005,Walker et al. Nature 477:466 (2011),21849977,,,600
polyclonal Donor 39,MGRM_C_006,Walker et al. Nature 477:466 (2011),21849977,,,564
polyclonal Donor 39,MGRM_C_007,Walker et al. Nature 477:466 (2011),21849977,,,442
polyclonal Donor 39,MGRM_C_008,Walker et al. Nature 477:466 (2011),21849977,,,903
polyclonal Donor 39,MGRM_C_009,Walker et al. Nature 477:466 (2011),21849977,,,224
polyclonal Donor 39,MGRM_C_010,Walker et al. Nature 477:466 (2011),21849977,,,316
polyclonal Donor 39,MGRM_C_012,Walker et al. Nature 477:466 (2011),21849977,,,2150
polyclonal Donor 39,MGRM_C_013,Walker et al. Nature 477:466 (2011),21849977,,,453
polyclonal Donor 39,MGRM_C_014,Walker et al. Nature 477:466 (2011),21849977,,,<100
polyclonal Donor 39,MGRM_C_015,Walker et al. Nature 477:466 (2011),21849977,,,1095
polyclonal Donor 39,MGRM_C_017,Walker et al. Nature 477:466 (2011),21849977,,,1587
polyclonal Donor 39,MGRM_C_019,Walker et al. Nature 477:466 (2011),21849977,,,424
polyclonal Donor 39,MGRM_C_020,Walker et al. Nature 477:466 (2011),21849977,,,<100
polyclonal Donor 39,MGRM_C_022,Walker et al. Nature 477:466 (2011),21849977,,,658
polyclonal Donor 39,MGRM_C_023,Walker et al. Nature 477:466 (2011),21849977,,,1358
polyclonal Donor 39,MGRM_C_024,Walker et al. Nature 477:466 (2011),21849977,,,170
polyclonal Donor 39,MGRM_C_025,Walker et al. Nature 477:466 (2011),21849977,,,651
polyclonal Donor 39,MGRM_C_026,Walker et al. Nature 477:466 (2011),21849977,,,9554
polyclonal Donor 39,MGRM_C_027,Walker et al. Nature 477:466 (2011),21849977,,,869
polyclonal Donor 39,MGRM_C_028,Walker et al. Nature 477:466 (2011),21849977,,,502
polyclonal Donor 39,MGRM_CHRONIC_B_001,Walker et al. Nature 477:466 (2011),21849977,,,390
polyclonal Donor 39,MGRM_CHRONIC_B_002,Walker et al. Nature 477:466 (2011),21849977,,,320
polyclonal Donor 39,MGRM_CHRONIC_B_003,Walker et al. Nature 477:466 (2011),21849977,,,103
polyclonal Donor 39,MGRM_CHRONIC_B_004,Walker et al. Nature 477:466 (2011),21849977,,,304
polyclonal Donor 39,MGRM_CHRONIC_B_008,Walker et al. Nature 477:466 (2011),21849977,,,685
polyclonal Donor 39,MGRM_CHRONIC_B_010,Walker et al. Nature 477:466 (2011),21849977,,,383
polyclonal Donor 39,MGRM_CHRONIC_B_011,Walker et al. Nature 477:466 (2011),21849977,,,759
polyclonal Donor 39,MGRM_CHRONIC_B_012,Walker et al. Nature 477:466 (2011),21849977,,,664
polyclonal Donor 39,MGRM_CHRONIC_B_017,Walker et al. Nature 477:466 (2011),21849977,,,383
polyclonal Donor 39,MGRM_CHRONIC_B_018,Walker et al. Nature 477:466 (2011),21849977,,,375
polyclonal Donor 39,MGRM_CHRONIC_B_020,Walker et al. Nature 477:466 (2011),21849977,,,305
polyclonal Donor 39,MGRM_CHRONIC_B_023,Walker et al. Nature 477:466 (2011),21849977,,,523
polyclonal Donor 39,MGRM_CHRONIC_B_024,Walker et al. Nature 477:466 (2011),21849977,,,110
polyclonal Donor 39,MGRM_D_001,Walker et al. Nature 477:466 (2011),21849977,,,<100
polyclonal Donor 39,MGRM_D_002,Walker et al. Nature 477:466 (2011),21849977,,,442
polyclonal Donor 39,MGRM_D_003,Walker et al. Nature 477:466 (2011),21849977,,,176
polyclonal Donor 39,MGRM_D_004,Walker et al. Nature 477:466 (2011),21849977,,,397
polyclonal Donor 39,MGRM_D_005,Walker et al. Nature 477:466 (2011),21849977,,,249
polyclonal Donor 39,MGRM_D_008,Walker et al. Nature 477:466 (2011),21849977,,,356
polyclonal Donor 39,MGRM_D_011,Walker et al. Nature 477:466 (2011),21849977,,,498
polyclonal Donor 39,MGRM_D_012,Walker et al. Nature 477:466 (2011),21849977,,,261
polyclonal Donor 39,MGRM_D_013,Walker et al. Nature 477:466 (2011),21849977,,,377
polyclonal Donor 39,MGRM_D_014,Walker et al. Nature 477:466 (2011),21849977,,,322
polyclonal Donor 39,MGRM_D_016,Walker et al. Nature 477:466 (2011),21849977,,,253
polyclonal Donor 39,MGRM_D_018,Walker et al. Nature 477:466 (2011),21849977,,,642
polyclonal Donor 39,MGRM_D_019,Walker et al. Nature 477:466 (2011),21849977,,,467
polyclonal Donor 39,MGRM_D_020,Walker et al. Nature 477:466 (2011),21849977,,,190
polyclonal Donor 39,MGRM_D_021,Walker et al. Nature 477:466 (2011),21849977,,,148
polyclonal Donor 39,MGRM_D_022,Walker et al. Nature 477:466 (2011),21849977,,,<100
polyclonal Donor 39,MGRM_D_024,Walker et al. Nature 477:466 (2011),21849977,,,399
polyclonal Donor 39,MGRM_D_026,Walker et al. Nature 477:466 (2011),21849977,,,<100
polyclonal Donor 39,MGRM_D_028,Walker et al. Nature 477:466 (2011),21849977,,,563
polyclonal Donor 39,MGRM_D_029,Walker et al. Nature 477:466 (2011),21849977,,,387
polyclonal Donor 39,MGRM_F1_004,Walker et al. Nature 477:466 (2011),21849977,,,366
polyclonal Donor 39,MGRM_F1_006,Walker et al. Nature 477:466 (2011),21849977,,,487
polyclonal Donor 39,MGRM_F1_008,Walker et al. Nature 477:466 (2011),21849977,,,308
polyclonal Donor 39,MGRM_F1_010,Walker et al. Nature 477:466 (2011),21849977,,,564
polyclonal Donor 39,MGRM_F1_012,Walker et al. Nature 477:466 (2011),21849977,,,1366
polyclonal Donor 39,MGRM_F1_013,Walker et al. Nature 477:466 (2011),21849977,,,625
polyclonal Donor 39,MGRM_F1_014,Walker et al. Nature 477:466 (2011),21849977,,,538
polyclonal Donor 39,MGRM_F1_015,Walker et al. Nature 477:466 (2011),21849977,,,234
polyclonal Donor 39,MGRM_F1_016,Walker et al. Nature 477:466 (2011),21849977,,,407
polyclonal Donor 39,MGRM_F1_017,Walker et al. Nature 477:466 (2011),21849977,,,832
polyclonal Donor 39,MGRM_F1_018,Walker et al. Nature 477:466 (2011),21849977,,,391
polyclonal Donor 39,MGRM_F1_020,Walker et al. Nature 477:466 (2011),21849977,,,306
polyclonal Donor 39,MGRM_F1_021,Walker et al. Nature 477:466 (2011),21849977,,,919
polyclonal Donor 39,MGRM_F1_022,Walker et al. Nature 477:466 (2011),21849977,,,638
polyclonal Donor 39,MGRM_F1_023,Walker et al. Nature 477:466 (2011),21849977,,,2177
polyclonal Donor 39,MGRM_G_001,Walker et al. Nature 477:466 (2011),21849977,,,169
polyclonal Donor 39,MGRM_G_004,Walker et al. Nature 477:466 (2011),21849977,,,574
polyclonal Donor 39,MGRM_G_006,Walker et al. Nature 477:466 (2011),21849977,,,<100
polyclonal Donor 39,MGRM_G_009,Walker et al. Nature 477:466 (2011),21849977,,,345
polyclonal Donor 39,MGRM_G_011,Walker et al. Nature 477:466 (2011),21849977,,,891
polyclonal Donor 39,MGRM_G_013,Walker et al. Nature 477:466 (2011),21849977,,,629
polyclonal Donor 39,MGRM_G_014,Walker et al. Nature 477:466 (2011),21849977,,,295
polyclonal Donor 39,MGRM_G_015,Walker et al. Nature 477:466 (2011),21849977,,,266
polyclonal Donor 39,MGRM_G_016,Walker et al. Nature 477:466 (2011),21849977,,,440
polyclonal Donor 39,MGRM_G_017,Walker et al. Nature 477:466 (2011),21849977,,,420
polyclonal Donor 39,MGRM_G_019,Walker et al. Nature 477:466 (2011),21849977,,,524
polyclonal Donor 39,MGRM_G_024,Walker et al. Nature 477:466 (2011),21849977,,,516
polyclonal Donor 39,MGRM_G_025,Walker et al. Nature 477:466 (2011),21849977,,,213
polyclonal Donor 39,MGRM_G_027,Walker et al. Nature 477:466 (2011),21849977,,,676
polyclonal Donor 39,MGRM_G_028,Walker et al. Nature 477:466 (2011),21849977,,,621
polyclonal Donor 39,NL43,Walker et al. Nature 477:466 (2011),21849977,,,1184
polyclonal Donor 39,PVO_4,Walker et al. Nature 477:466 (2011),21849977,,,123
polyclonal Donor 39,QH0692_42,Walker et al. Nature 477:466 (2011),21849977,,,359
polyclonal Donor 39,SC422_8,Walker et al. Nature 477:466 (2011),21849977,,,220
polyclonal Donor 39,SF162,Walker et al. Nature 477:466 (2011),21849977,,,3043
polyclonal Donor 39,THRO4156,Walker et al. Nature 477:466 (2011),21849977,,,126
polyclonal Donor 39,TRJO4551_58,Walker et al. Nature 477:466 (2011),21849977,,,617
polyclonal Donor 39,TRO_11,Walker et al. Nature 477:466 (2011),21849977,,,2740
polyclonal Donor 39,UG024_2,Walker et al. Nature 477:466 (2011),21849977,,,1930
polyclonal Donor 39,UG037_8,Walker et al. Nature 477:466 (2011),21849977,,,410
polyclonal Donor 39,VLGC_A1,Walker et al. Nature 477:466 (2011),21849977,,,<100
polyclonal Donor 39,VLGC_B3,Walker et al. Nature 477:466 (2011),21849977,,,754
polyclonal Donor 39,ZA012_29,Walker et al. Nature 477:466 (2011),21849977,,,594
polyclonal Donor 74,6101_1,Zhou et al. Immunity 48:500 (2018),29548671,,,272
polyclonal Donor 74,92RW020_2,Zhou et al. Immunity 48:500 (2018),29548671,,,2862
polyclonal Donor 74,AC10_29,Zhou et al. Immunity 48:500 (2018),29548671,,,1863
polyclonal Donor 74,BAL_01,Zhou et al. Immunity 48:500 (2018),29548671,,,2958
polyclonal Donor 74,BG1168_1,Zhou et al. Immunity 48:500 (2018),29548671,,,118
polyclonal Donor 74,BG505_W6M_C2,Zhou et al. Immunity 48:500 (2018),29548671,,,2591
polyclonal Donor 74,CAAN5342,Zhou et al. Immunity 48:500 (2018),29548671,,,1340
polyclonal Donor 74,DU156_12,Zhou et al. Immunity 48:500 (2018),29548671,,,682
polyclonal Donor 74,DU422_1,Zhou et al. Immunity 48:500 (2018),29548671,,,273
polyclonal Donor 74,JRCSF,Zhou et al. Immunity 48:500 (2018),29548671,,,694
polyclonal Donor 74,JRFL,Zhou et al. Immunity 48:500 (2018),29548671,,,4170
polyclonal Donor 74,KER2018_11,Zhou et al. Immunity 48:500 (2018),29548671,,,507
polyclonal Donor 74,PVO_4,Zhou et al. Immunity 48:500 (2018),29548671,,,403
polyclonal Donor 74,Q168_A2,Zhou et al. Immunity 48:500 (2018),29548671,,,2297
polyclonal Donor 74,Q23_17,Zhou et al. Immunity 48:500 (2018),29548671,,,2967
polyclonal Donor 74,Q769_H5,Zhou et al. Immunity 48:500 (2018),29548671,,,5481
polyclonal Donor 74,THRO4156,Zhou et al. Immunity 48:500 (2018),29548671,,,<50
polyclonal Donor 74,TRJO4551_58,Zhou et al. Immunity 48:500 (2018),29548671,,,213
polyclonal Donor 74,TRO_11,Zhou et al. Immunity 48:500 (2018),29548671,,,892
polyclonal Donor 74,YU2,Zhou et al. Immunity 48:500 (2018),29548671,,,1133
polyclonal Donor 74,ZA012_29,Zhou et al. Immunity 48:500 (2018),29548671,,,1093
polyclonal Donor 74,ZM106_9,Zhou et al. Immunity 48:500 (2018),29548671,,,887
polyclonal Donor 84,6535_3,Walker et al. Nature 477:466 (2011),21849977,,,477.8
polyclonal Donor 84,92BR020,Walker et al. Nature 477:466 (2011),21849977,,,262.2
polyclonal Donor 84,92RW008,Walker et al. Nature 477:466 (2011),21849977,,,9301.5
polyclonal Donor 84,92RW009,Walker et al. Nature 477:466 (2011),21849977,,,1247.6
polyclonal Donor 84,92RW020_2,Walker et al. Nature 477:466 (2011),21849977,,,428.3
polyclonal Donor 84,92RW021,Walker et al. Nature 477:466 (2011),21849977,,,1092.2
polyclonal Donor 84,92RW024,Walker et al. Nature 477:466 (2011),21849977,,,507.7
polyclonal Donor 84,92RW026,Walker et al. Nature 477:466 (2011),21849977,,,717.3
polyclonal Donor 84,92TH021,Walker et al. Nature 477:466 (2011),21849977,,,5298.1
polyclonal Donor 84,92UG001,Walker et al. Nature 477:466 (2011),21849977,,,<100
polyclonal Donor 84,92UG005,Walker et al. Nature 477:466 (2011),21849977,,,<100
polyclonal Donor 84,92UG031,Walker et al. Nature 477:466 (2011),21849977,,,282.5
polyclonal Donor 84,92UG046,Walker et al. Nature 477:466 (2011),21849977,,,200.5
polyclonal Donor 84,93IN905,Walker et al. Nature 477:466 (2011),21849977,,,14817
polyclonal Donor 84,93MW959,Walker et al. Nature 477:466 (2011),21849977,,,6171.8
polyclonal Donor 84,93RW029,Walker et al. Nature 477:466 (2011),21849977,,,589.2
polyclonal Donor 84,93TH305,Walker et al. Nature 477:466 (2011),21849977,,,828
polyclonal Donor 84,93UG077,Walker et al. Nature 477:466 (2011),21849977,,,326.4
polyclonal Donor 84,94KE105,Walker et al. Nature 477:466 (2011),21849977,,,1035.2
polyclonal Donor 84,94UG103,Walker et al. Nature 477:466 (2011),21849977,,,208.3
polyclonal Donor 84,94UG114,Walker et al. Nature 477:466 (2011),21849977,,,<100
polyclonal Donor 84,98CN006,Walker et al. Nature 477:466 (2011),21849977,,,365.2
polyclonal Donor 84,98CN009,Walker et al. Nature 477:466 (2011),21849977,,,1469.5
polyclonal Donor 84,98IN022,Walker et al. Nature 477:466 (2011),21849977,,,15197.1
polyclonal Donor 84,APV_13,Walker et al. Nature 477:466 (2011),21849977,,,211.6
polyclonal Donor 84,APV_17,Walker et al. Nature 477:466 (2011),21849977,,,161.5
polyclonal Donor 84,APV_6,Walker et al. Nature 477:466 (2011),21849977,,,253.2
polyclonal Donor 84,CAAN5342,Walker et al. Nature 477:466 (2011),21849977,,,173.1
polyclonal Donor 84,CMU02,Walker et al. Nature 477:466 (2011),21849977,,,101.3
polyclonal Donor 84,JRCSF,Walker et al. Nature 477:466 (2011),21849977,,,6255.4
polyclonal Donor 84,JRFL,Walker et al. Nature 477:466 (2011),21849977,,,348.5
polyclonal Donor 84,MGRM_A_001,Walker et al. Nature 477:466 (2011),21849977,,,231.7
polyclonal Donor 84,MGRM_A_002,Walker et al. Nature 477:466 (2011),21849977,,,533
polyclonal Donor 84,MGRM_A_003,Walker et al. Nature 477:466 (2011),21849977,,,612.2
polyclonal Donor 84,MGRM_A_004,Walker et al. Nature 477:466 (2011),21849977,,,4567.2
polyclonal Donor 84,MGRM_A_005,Walker et al. Nature 477:466 (2011),21849977,,,151.2
polyclonal Donor 84,MGRM_A_006,Walker et al. Nature 477:466 (2011),21849977,,,646.5
polyclonal Donor 84,MGRM_A_007,Walker et al. Nature 477:466 (2011),21849977,,,<100
polyclonal Donor 84,MGRM_A_008,Walker et al. Nature 477:466 (2011),21849977,,,<100
polyclonal Donor 84,MGRM_A_009,Walker et al. Nature 477:466 (2011),21849977,,,2228.7
polyclonal Donor 84,MGRM_A_010,Walker et al. Nature 477:466 (2011),21849977,,,1704.2
polyclonal Donor 84,MGRM_A_011,Walker et al. Nature 477:466 (2011),21849977,,,242.3
polyclonal Donor 84,MGRM_A_012,Walker et al. Nature 477:466 (2011),21849977,,,<100
polyclonal Donor 84,MGRM_A_013,Walker et al. Nature 477:466 (2011),21849977,,,162.8
polyclonal Donor 84,MGRM_A_014,Walker et al. Nature 477:466 (2011),21849977,,,412.6
polyclonal Donor 84,MGRM_AE_001,Walker et al. Nature 477:466 (2011),21849977,,,<100
polyclonal Donor 84,MGRM_AE_002,Walker et al. Nature 477:466 (2011),21849977,,,169.1
polyclonal Donor 84,MGRM_AE_003,Walker et al. Nature 477:466 (2011),21849977,,,150
polyclonal Donor 84,MGRM_AE_004,Walker et al. Nature 477:466 (2011),21849977,,,6926.5
polyclonal Donor 84,MGRM_AE_005,Walker et al. Nature 477:466 (2011),21849977,,,208.2
polyclonal Donor 84,MGRM_AE_006,Walker et al. Nature 477:466 (2011),21849977,,,117.5
polyclonal Donor 84,MGRM_AE_007,Walker et al. Nature 477:466 (2011),21849977,,,270.9
polyclonal Donor 84,MGRM_AE_008,Walker et al. Nature 477:466 (2011),21849977,,,611.7
polyclonal Donor 84,MGRM_AG_001,Walker et al. Nature 477:466 (2011),21849977,,,292.1
polyclonal Donor 84,MGRM_AG_002,Walker et al. Nature 477:466 (2011),21849977,,,748
polyclonal Donor 84,MGRM_AG_003,Walker et al. Nature 477:466 (2011),21849977,,,505.3
polyclonal Donor 84,MGRM_AG_005,Walker et al. Nature 477:466 (2011),21849977,,,775.6
polyclonal Donor 84,MGRM_AG_006,Walker et al. Nature 477:466 (2011),21849977,,,321.1
polyclonal Donor 84,MGRM_AG_008,Walker et al. Nature 477:466 (2011),21849977,,,827.8
polyclonal Donor 84,MGRM_AG_009,Walker et al. Nature 477:466 (2011),21849977,,,101.4
polyclonal Donor 84,MGRM_AG_011,Walker et al. Nature 477:466 (2011),21849977,,,2785.8
polyclonal Donor 84,MGRM_AG_012,Walker et al. Nature 477:466 (2011),21849977,,,<100
polyclonal Donor 84,MGRM_AG_013,Walker et al. Nature 477:466 (2011),21849977,,,319.1
polyclonal Donor 84,MGRM_C_001,Walker et al. Nature 477:466 (2011),21849977,,,117
polyclonal Donor 84,MGRM_C_002,Walker et al. Nature 477:466 (2011),21849977,,,733.6
polyclonal Donor 84,MGRM_C_004,Walker et al. Nature 477:466 (2011),21849977,,,234.5
polyclonal Donor 84,MGRM_C_005,Walker et al. Nature 477:466 (2011),21849977,,,405.1
polyclonal Donor 84,MGRM_C_006,Walker et al. Nature 477:466 (2011),21849977,,,1231.3
polyclonal Donor 84,MGRM_C_007,Walker et al. Nature 477:466 (2011),21849977,,,244.2
polyclonal Donor 84,MGRM_C_008,Walker et al. Nature 477:466 (2011),21849977,,,223.3
polyclonal Donor 84,MGRM_C_009,Walker et al. Nature 477:466 (2011),21849977,,,460.9
polyclonal Donor 84,MGRM_C_010,Walker et al. Nature 477:466 (2011),21849977,,,836.6
polyclonal Donor 84,MGRM_C_012,Walker et al. Nature 477:466 (2011),21849977,,,521.6
polyclonal Donor 84,MGRM_C_013,Walker et al. Nature 477:466 (2011),21849977,,,<100
polyclonal Donor 84,MGRM_C_014,Walker et al. Nature 477:466 (2011),21849977,,,702.6
polyclonal Donor 84,MGRM_C_015,Walker et al. Nature 477:466 (2011),21849977,,,544.2
polyclonal Donor 84,MGRM_C_017,Walker et al. Nature 477:466 (2011),21849977,,,225.7
polyclonal Donor 84,MGRM_C_019,Walker et al. Nature 477:466 (2011),21849977,,,4576.4
polyclonal Donor 84,MGRM_C_020,Walker et al. Nature 477:466 (2011),21849977,,,245.6
polyclonal Donor 84,MGRM_C_022,Walker et al. Nature 477:466 (2011),21849977,,,921.3
polyclonal Donor 84,MGRM_C_023,Walker et al. Nature 477:466 (2011),21849977,,,354.6
polyclonal Donor 84,MGRM_C_024,Walker et al. Nature 477:466 (2011),21849977,,,607.2
polyclonal Donor 84,MGRM_C_025,Walker et al. Nature 477:466 (2011),21849977,,,886
polyclonal Donor 84,MGRM_C_026,Walker et al. Nature 477:466 (2011),21849977,,,2201.2
polyclonal Donor 84,MGRM_C_027,Walker et al. Nature 477:466 (2011),21849977,,,859.3
polyclonal Donor 84,MGRM_C_028,Walker et al. Nature 477:466 (2011),21849977,,,363
polyclonal Donor 84,MGRM_CHRONIC_B_001,Walker et al. Nature 477:466 (2011),21849977,,,160.6
polyclonal Donor 84,MGRM_CHRONIC_B_002,Walker et al. Nature 477:466 (2011),21849977,,,<100
polyclonal Donor 84,MGRM_CHRONIC_B_003,Walker et al. Nature 477:466 (2011),21849977,,,307.2
polyclonal Donor 84,MGRM_CHRONIC_B_004,Walker et al. Nature 477:466 (2011),21849977,,,796.5
polyclonal Donor 84,MGRM_CHRONIC_B_008,Walker et al. Nature 477:466 (2011),21849977,,,251.8
polyclonal Donor 84,MGRM_CHRONIC_B_010,Walker et al. Nature 477:466 (2011),21849977,,,443
polyclonal Donor 84,MGRM_CHRONIC_B_011,Walker et al. Nature 477:466 (2011),21849977,,,458.4
polyclonal Donor 84,MGRM_CHRONIC_B_012,Walker et al. Nature 477:466 (2011),21849977,,,480.6
polyclonal Donor 84,MGRM_CHRONIC_B_017,Walker et al. Nature 477:466 (2011),21849977,,,317.6
polyclonal Donor 84,MGRM_CHRONIC_B_018,Walker et al. Nature 477:466 (2011),21849977,,,612.7
polyclonal Donor 84,MGRM_CHRONIC_B_020,Walker et al. Nature 477:466 (2011),21849977,,,390.1
polyclonal Donor 84,MGRM_CHRONIC_B_023,Walker et al. Nature 477:466 (2011),21849977,,,950
polyclonal Donor 84,MGRM_CHRONIC_B_024,Walker et al. Nature 477:466 (2011),21849977,,,1060.2
polyclonal Donor 84,MGRM_D_001,Walker et al. Nature 477:466 (2011),21849977,,,<100
polyclonal Donor 84,MGRM_D_002,Walker et al. Nature 477:466 (2011),21849977,,,<100
polyclonal Donor 84,MGRM_D_003,Walker et al. Nature 477:466 (2011),21849977,,,695.8
polyclonal Donor 84,MGRM_D_004,Walker et al. Nature 477:466 (2011),21849977,,,125.9
polyclonal Donor 84,MGRM_D_005,Walker et al. Nature 477:466 (2011),21849977,,,235.9
polyclonal Donor 84,MGRM_D_008,Walker et al. Nature 477:466 (2011),21849977,,,348.8
polyclonal Donor 84,MGRM_D_011,Walker et al. Nature 477:466 (2011),21849977,,,123.2
polyclonal Donor 84,MGRM_D_012,Walker et al. Nature 477:466 (2011),21849977,,,109
polyclonal Donor 84,MGRM_D_013,Walker et al. Nature 477:466 (2011),21849977,,,745.4
polyclonal Donor 84,MGRM_D_014,Walker et al. Nature 477:466 (2011),21849977,,,1526.5
polyclonal Donor 84,MGRM_D_016,Walker et al. Nature 477:466 (2011),21849977,,,282.7
polyclonal Donor 84,MGRM_D_018,Walker et al. Nature 477:466 (2011),21849977,,,259.2
polyclonal Donor 84,MGRM_D_019,Walker et al. Nature 477:466 (2011),21849977,,,296.7
polyclonal Donor 84,MGRM_D_020,Walker et al. Nature 477:466 (2011),21849977,,,<100
polyclonal Donor 84,MGRM_D_021,Walker et al. Nature 477:466 (2011),21849977,,,<100
polyclonal Donor 84,MGRM_D_022,Walker et al. Nature 477:466 (2011),21849977,,,<100
polyclonal Donor 84,MGRM_D_024,Walker et al. Nature 477:466 (2011),21849977,,,144.4
polyclonal Donor 84,MGRM_D_026,Walker et al. Nature 477:466 (2011),21849977,,,401.4
polyclonal Donor 84,MGRM_D_028,Walker et al. Nature 477:466 (2011),21849977,,,259
polyclonal Donor 84,MGRM_D_029,Walker et al. Nature 477:466 (2011),21849977,,,291.4
polyclonal Donor 84,MGRM_F1_004,Walker et al. Nature 477:466 (2011),21849977,,,874
polyclonal Donor 84,MGRM_F1_006,Walker et al. Nature 477:466 (2011),21849977,,,147.3
polyclonal Donor 84,MGRM_F1_008,Walker et al. Nature 477:466 (2011),21849977,,,242.1
polyclonal Donor 84,MGRM_F1_010,Walker et al. Nature 477:466 (2011),21849977,,,420.4
polyclonal Donor 84,MGRM_F1_012,Walker et al. Nature 477:466 (2011),21849977,,,332.3
polyclonal Donor 84,MGRM_F1_013,Walker et al. Nature 477:466 (2011),21849977,,,2403.4
polyclonal Donor 84,MGRM_F1_014,Walker et al. Nature 477:466 (2011),21849977,,,6934.5
polyclonal Donor 84,MGRM_F1_015,Walker et al. Nature 477:466 (2011),21849977,,,145.7
polyclonal Donor 84,MGRM_F1_016,Walker et al. Nature 477:466 (2011),21849977,,,103
polyclonal Donor 84,MGRM_F1_017,Walker et al. Nature 477:466 (2011),21849977,,,279.4
polyclonal Donor 84,MGRM_F1_018,Walker et al. Nature 477:466 (2011),21849977,,,518.6
polyclonal Donor 84,MGRM_F1_020,Walker et al. Nature 477:466 (2011),21849977,,,220.8
polyclonal Donor 84,MGRM_F1_021,Walker et al. Nature 477:466 (2011),21849977,,,505.7
polyclonal Donor 84,MGRM_F1_022,Walker et al. Nature 477:466 (2011),21849977,,,1296.4
polyclonal Donor 84,MGRM_F1_023,Walker et al. Nature 477:466 (2011),21849977,,,337.3
polyclonal Donor 84,MGRM_G_001,Walker et al. Nature 477:466 (2011),21849977,,,557.6
polyclonal Donor 84,MGRM_G_004,Walker et al. Nature 477:466 (2011),21849977,,,157.8
polyclonal Donor 84,MGRM_G_006,Walker et al. Nature 477:466 (2011),21849977,,,548.1
polyclonal Donor 84,MGRM_G_009,Walker et al. Nature 477:466 (2011),21849977,,,336.3
polyclonal Donor 84,MGRM_G_011,Walker et al. Nature 477:466 (2011),21849977,,,641.1
polyclonal Donor 84,MGRM_G_013,Walker et al. Nature 477:466 (2011),21849977,,,561.4
polyclonal Donor 84,MGRM_G_014,Walker et al. Nature 477:466 (2011),21849977,,,389.5
polyclonal Donor 84,MGRM_G_015,Walker et al. Nature 477:466 (2011),21849977,,,<100
polyclonal Donor 84,MGRM_G_016,Walker et al. Nature 477:466 (2011),21849977,,,681.8
polyclonal Donor 84,MGRM_G_017,Walker et al. Nature 477:466 (2011),21849977,,,701.7
polyclonal Donor 84,MGRM_G_019,Walker et al. Nature 477:466 (2011),21849977,,,253.3
polyclonal Donor 84,MGRM_G_024,Walker et al. Nature 477:466 (2011),21849977,,,388.2
polyclonal Donor 84,MGRM_G_025,Walker et al. Nature 477:466 (2011),21849977,,,129.5
polyclonal Donor 84,MGRM_G_027,Walker et al. Nature 477:466 (2011),21849977,,,140.8
polyclonal Donor 84,MGRM_G_028,Walker et al. Nature 477:466 (2011),21849977,,,522.4
polyclonal Donor 84,NL43,Walker et al. Nature 477:466 (2011),21849977,,,3308.8
polyclonal Donor 84,PVO_4,Walker et al. Nature 477:466 (2011),21849977,,,239.4
polyclonal Donor 84,QH0692_42,Walker et al. Nature 477:466 (2011),21849977,,,<100
polyclonal Donor 84,SC422_8,Walker et al. Nature 477:466 (2011),21849977,,,228.7
polyclonal Donor 84,SF162,Walker et al. Nature 477:466 (2011),21849977,,,2049
polyclonal Donor 84,THRO4156,Walker et al. Nature 477:466 (2011),21849977,,,1036
polyclonal Donor 84,TRJO4551_58,Walker et al. Nature 477:466 (2011),21849977,,,400.2
polyclonal Donor 84,TRO_11,Walker et al. Nature 477:466 (2011),21849977,,,861.3
polyclonal Donor 84,UG024_2,Walker et al. Nature 477:466 (2011),21849977,,,202
polyclonal Donor 84,UG037_8,Walker et al. Nature 477:466 (2011),21849977,,,501.8
polyclonal Donor 84,VLGC_A1,Walker et al. Nature 477:466 (2011),21849977,,,311.2
polyclonal Donor 84,VLGC_B3,Walker et al. Nature 477:466 (2011),21849977,,,238.5
polyclonal Donor 84,ZA012_29,Walker et al. Nature 477:466 (2011),21849977,,,1083.1
polyclonal DRVI01 2005-07,246_F3_C10_2,Kong et al. Immunity 44:939 (2016),27067056,,,112
polyclonal DRVI01 2005-07,25710_2_43,Kong et al. Immunity 44:939 (2016),27067056,,,243
polyclonal DRVI01 2005-07,398_F1_F6_20,Kong et al. Immunity 44:939 (2016),27067056,,,448
polyclonal DRVI01 2005-07,703010217_B6,Kong et al. Immunity 44:939 (2016),27067056,,,262
polyclonal DRVI01 2005-07,AC10_29,Kong et al. Immunity 44:939 (2016),27067056,,,67
polyclonal DRVI01 2005-07,BJMSM2249,Kong et al. Immunity 44:939 (2016),27067056,,,99
polyclonal DRVI01 2005-07,BJMSM2316,Kong et al. Immunity 44:939 (2016),27067056,,,224
polyclonal DRVI01 2005-07,BJMSM2498,Kong et al. Immunity 44:939 (2016),27067056,,,171
polyclonal DRVI01 2005-07,BJOX002000_03_2,Kong et al. Immunity 44:939 (2016),27067056,,,188
polyclonal DRVI01 2005-07,CAAN5342,Kong et al. Immunity 44:939 (2016),27067056,,,140
polyclonal DRVI01 2005-07,CAP45_G3,Kong et al. Immunity 44:939 (2016),27067056,,,377
polyclonal DRVI01 2005-07,CE1176_A3,Kong et al. Immunity 44:939 (2016),27067056,,,333
polyclonal DRVI01 2005-07,CH110_2,Kong et al. Immunity 44:939 (2016),27067056,,,589
polyclonal DRVI01 2005-07,CH117_4,Kong et al. Immunity 44:939 (2016),27067056,,,269
polyclonal DRVI01 2005-07,CH119_10,Kong et al. Immunity 44:939 (2016),27067056,,,334
polyclonal DRVI01 2005-07,CH120_6,Kong et al. Immunity 44:939 (2016),27067056,,,85
polyclonal DRVI01 2005-07,CH181_12,Kong et al. Immunity 44:939 (2016),27067056,,,563
polyclonal DRVI01 2005-07,CNE55,Kong et al. Immunity 44:939 (2016),27067056,,,159
polyclonal DRVI01 2005-07,CNE8,Kong et al. Immunity 44:939 (2016),27067056,,,284
polyclonal DRVI01 2005-07,DRVI01_0507_12,Zhang et al. Front Microbiol 10:1096 (2019),31178836,,,<20
polyclonal DRVI01 2005-07,DRVI01_0507_13,Zhang et al. Front Microbiol 10:1096 (2019),31178836,,,<20
polyclonal DRVI01 2005-07,DRVI01_0507_14,Zhang et al. Front Microbiol 10:1096 (2019),31178836,,,<20
polyclonal DRVI01 2005-07,DRVI01_0507_15,Zhang et al. Front Microbiol 10:1096 (2019),31178836,,,<20
polyclonal DRVI01 2005-07,DRVI01_0507_16,Zhang et al. Front Microbiol 10:1096 (2019),31178836,,,<20
polyclonal DRVI01 2005-07,DRVI01_0604_21,Zhang et al. Front Microbiol 10:1096 (2019),31178836,,,<20
polyclonal DRVI01 2005-07,DRVI01_0604_22,Zhang et al. Front Microbiol 10:1096 (2019),31178836,,,<20
polyclonal DRVI01 2005-07,DRVI01_0604_23,Zhang et al. Front Microbiol 10:1096 (2019),31178836,,,<20
polyclonal DRVI01 2005-07,DRVI01_0604_24,Zhang et al. Front Microbiol 10:1096 (2019),31178836,,,<20
polyclonal DRVI01 2005-07,DRVI01_0604_25,Zhang et al. Front Microbiol 10:1096 (2019),31178836,,,<20
polyclonal DRVI01 2005-07,DRVI01_0604_26,Zhang et al. Front Microbiol 10:1096 (2019),31178836,,,<20
polyclonal DRVI01 2005-07,DRVI01_0604_27,Zhang et al. Front Microbiol 10:1096 (2019),31178836,,,<20
polyclonal DRVI01 2005-07,DRVI01_0604_28,Zhang et al. Front Microbiol 10:1096 (2019),31178836,,,<20
polyclonal DRVI01 2005-07,DRVI01_0803_11,Zhang et al. Front Microbiol 10:1096 (2019),31178836,,,<20
polyclonal DRVI01 2005-07,DRVI01_0803_12,Zhang et al. Front Microbiol 10:1096 (2019),31178836,,,<20
polyclonal DRVI01 2005-07,DRVI01_0803_13,Zhang et al. Front Microbiol 10:1096 (2019),31178836,,,<20
polyclonal DRVI01 2005-07,DRVI01_0803_14,Zhang et al. Front Microbiol 10:1096 (2019),31178836,,,<20
polyclonal DRVI01 2005-07,DRVI01_0803_15,Zhang et al. Front Microbiol 10:1096 (2019),31178836,,,<20
polyclonal DRVI01 2005-07,DRVI01_0803_16,Zhang et al. Front Microbiol 10:1096 (2019),31178836,,,<20
polyclonal DRVI01 2005-07,DRVI01_0912_1,Zhang et al. Front Microbiol 10:1096 (2019),31178836,,,<20
polyclonal DRVI01 2005-07,DRVI01_0912_2,Zhang et al. Front Microbiol 10:1096 (2019),31178836,,,<20
polyclonal DRVI01 2005-07,DRVI01_0912_3,Zhang et al. Front Microbiol 10:1096 (2019),31178836,,,<20
polyclonal DRVI01 2005-07,DRVI01_0912_4,Zhang et al. Front Microbiol 10:1096 (2019),31178836,,,<20
polyclonal DRVI01 2005-07,DRVI01_0912_5,Zhang et al. Front Microbiol 10:1096 (2019),31178836,,,<20
polyclonal DRVI01 2005-07,DRVI01_0912_6,Zhang et al. Front Microbiol 10:1096 (2019),31178836,,,<20
polyclonal DRVI01 2005-07,DRVI01_0912_7,Zhang et al. Front Microbiol 10:1096 (2019),31178836,,,<20
polyclonal DRVI01 2005-07,DU422_1,Kong et al. Immunity 44:939 (2016),27067056,,,130
polyclonal DRVI01 2005-07,MW965_26,Kong et al. Immunity 44:939 (2016),27067056,,,349
polyclonal DRVI01 2005-07,PVO_4,Kong et al. Immunity 44:939 (2016),27067056,,,647
polyclonal DRVI01 2005-07,Q259_17,Kong et al. Immunity 44:939 (2016),27067056,,,555
polyclonal DRVI01 2005-07,Q461_E2,Kong et al. Immunity 44:939 (2016),27067056,,,114
polyclonal DRVI01 2005-07,Q769_D22,Kong et al. Immunity 44:939 (2016),27067056,,,258
polyclonal DRVI01 2005-07,Q842_D12,Kong et al. Immunity 44:939 (2016),27067056,,,614
polyclonal DRVI01 2005-07,QH0692_42,Kong et al. Immunity 44:939 (2016),27067056,,,217
polyclonal DRVI01 2005-07,REJO4541_67,Kong et al. Immunity 44:939 (2016),27067056,,,275
polyclonal DRVI01 2005-07,RHPA4259_7,Kong et al. Immunity 44:939 (2016),27067056,,,203
polyclonal DRVI01 2005-07,SC422_8,Kong et al. Immunity 44:939 (2016),27067056,,,478
polyclonal DRVI01 2005-07,SF162,Kong et al. Immunity 44:939 (2016),27067056,,,707
polyclonal DRVI01 2005-07,TRJO4551_58,Kong et al. Immunity 44:939 (2016),27067056,,,79
polyclonal DRVI01 2005-07,TRO_11,Kong et al. Immunity 44:939 (2016),27067056,,,274
polyclonal DRVI01 2005-07,X1632_S2_B10,Kong et al. Immunity 44:939 (2016),27067056,,,206
polyclonal DRVI01 2005-07,X2278_C2_B6,Kong et al. Immunity 44:939 (2016),27067056,,,863
polyclonal DRVI01 2005-07,ZM109_4,Kong et al. Immunity 44:939 (2016),27067056,,,189
polyclonal DRVI01 2005-07,ZM249_1,Kong et al. Immunity 44:939 (2016),27067056,,,311
polyclonal DRVI01 2005-10,246_F3_C10_2,Kong et al. Immunity 44:939 (2016),27067056,,,93
polyclonal DRVI01 2005-10,25710_2_43,Kong et al. Immunity 44:939 (2016),27067056,,,200
polyclonal DRVI01 2005-10,398_F1_F6_20,Kong et al. Immunity 44:939 (2016),27067056,,,379
polyclonal DRVI01 2005-10,703010217_B6,Kong et al. Immunity 44:939 (2016),27067056,,,301
polyclonal DRVI01 2005-10,AC10_29,Kong et al. Immunity 44:939 (2016),27067056,,,215
polyclonal DRVI01 2005-10,BJMSM2249,Kong et al. Immunity 44:939 (2016),27067056,,,279
polyclonal DRVI01 2005-10,BJMSM2316,Kong et al. Immunity 44:939 (2016),27067056,,,460
polyclonal DRVI01 2005-10,BJMSM2498,Kong et al. Immunity 44:939 (2016),27067056,,,343
polyclonal DRVI01 2005-10,BJOX002000_03_2,Kong et al. Immunity 44:939 (2016),27067056,,,214
polyclonal DRVI01 2005-10,CAAN5342,Kong et al. Immunity 44:939 (2016),27067056,,,386
polyclonal DRVI01 2005-10,CAP45_G3,Kong et al. Immunity 44:939 (2016),27067056,,,608
polyclonal DRVI01 2005-10,CE1176_A3,Kong et al. Immunity 44:939 (2016),27067056,,,339
polyclonal DRVI01 2005-10,CH110_2,Kong et al. Immunity 44:939 (2016),27067056,,,716
polyclonal DRVI01 2005-10,CH117_4,Kong et al. Immunity 44:939 (2016),27067056,,,272
polyclonal DRVI01 2005-10,CH119_10,Kong et al. Immunity 44:939 (2016),27067056,,,448
polyclonal DRVI01 2005-10,CH120_6,Kong et al. Immunity 44:939 (2016),27067056,,,185
polyclonal DRVI01 2005-10,CH181_12,Kong et al. Immunity 44:939 (2016),27067056,,,541
polyclonal DRVI01 2005-10,CNE55,Kong et al. Immunity 44:939 (2016),27067056,,,221
polyclonal DRVI01 2005-10,CNE8,Kong et al. Immunity 44:939 (2016),27067056,,,470
polyclonal DRVI01 2005-10,DRVI01_0507_12,Zhang et al. Front Microbiol 10:1096 (2019),31178836,,,172
polyclonal DRVI01 2005-10,DRVI01_0507_13,Zhang et al. Front Microbiol 10:1096 (2019),31178836,,,138
polyclonal DRVI01 2005-10,DRVI01_0507_14,Zhang et al. Front Microbiol 10:1096 (2019),31178836,,,158
polyclonal DRVI01 2005-10,DRVI01_0507_15,Zhang et al. Front Microbiol 10:1096 (2019),31178836,,,98
polyclonal DRVI01 2005-10,DRVI01_0507_16,Zhang et al. Front Microbiol 10:1096 (2019),31178836,,,155
polyclonal DRVI01 2005-10,DRVI01_0604_21,Zhang et al. Front Microbiol 10:1096 (2019),31178836,,,<20
polyclonal DRVI01 2005-10,DRVI01_0604_22,Zhang et al. Front Microbiol 10:1096 (2019),31178836,,,<20
polyclonal DRVI01 2005-10,DRVI01_0604_23,Zhang et al. Front Microbiol 10:1096 (2019),31178836,,,<20
polyclonal DRVI01 2005-10,DRVI01_0604_24,Zhang et al. Front Microbiol 10:1096 (2019),31178836,,,<20
polyclonal DRVI01 2005-10,DRVI01_0604_25,Zhang et al. Front Microbiol 10:1096 (2019),31178836,,,<20
polyclonal DRVI01 2005-10,DRVI01_0604_26,Zhang et al. Front Microbiol 10:1096 (2019),31178836,,,<20
polyclonal DRVI01 2005-10,DRVI01_0604_27,Zhang et al. Front Microbiol 10:1096 (2019),31178836,,,<20
polyclonal DRVI01 2005-10,DRVI01_0604_28,Zhang et al. Front Microbiol 10:1096 (2019),31178836,,,<20
polyclonal DRVI01 2005-10,DRVI01_0803_11,Zhang et al. Front Microbiol 10:1096 (2019),31178836,,,<20
polyclonal DRVI01 2005-10,DRVI01_0803_12,Zhang et al. Front Microbiol 10:1096 (2019),31178836,,,<20
polyclonal DRVI01 2005-10,DRVI01_0803_13,Zhang et al. Front Microbiol 10:1096 (2019),31178836,,,<20
polyclonal DRVI01 2005-10,DRVI01_0803_14,Zhang et al. Front Microbiol 10:1096 (2019),31178836,,,<20
polyclonal DRVI01 2005-10,DRVI01_0803_15,Zhang et al. Front Microbiol 10:1096 (2019),31178836,,,<20
polyclonal DRVI01 2005-10,DRVI01_0803_16,Zhang et al. Front Microbiol 10:1096 (2019),31178836,,,<20
polyclonal DRVI01 2005-10,DRVI01_0912_1,Zhang et al. Front Microbiol 10:1096 (2019),31178836,,,<20
polyclonal DRVI01 2005-10,DRVI01_0912_2,Zhang et al. Front Microbiol 10:1096 (2019),31178836,,,<20
polyclonal DRVI01 2005-10,DRVI01_0912_3,Zhang et al. Front Microbiol 10:1096 (2019),31178836,,,<20
polyclonal DRVI01 2005-10,DRVI01_0912_4,Zhang et al. Front Microbiol 10:1096 (2019),31178836,,,<20
polyclonal DRVI01 2005-10,DRVI01_0912_5,Zhang et al. Front Microbiol 10:1096 (2019),31178836,,,<20
polyclonal DRVI01 2005-10,DRVI01_0912_6,Zhang et al. Front Microbiol 10:1096 (2019),31178836,,,<20
polyclonal DRVI01 2005-10,DRVI01_0912_7,Zhang et al. Front Microbiol 10:1096 (2019),31178836,,,<20
polyclonal DRVI01 2005-10,DU422_1,Kong et al. Immunity 44:939 (2016),27067056,,,269
polyclonal DRVI01 2005-10,MW965_26,Kong et al. Immunity 44:939 (2016),27067056,,,279
polyclonal DRVI01 2005-10,PVO_4,Kong et al. Immunity 44:939 (2016),27067056,,,663
polyclonal DRVI01 2005-10,Q259_17,Kong et al. Immunity 44:939 (2016),27067056,,,663
polyclonal DRVI01 2005-10,Q461_E2,Kong et al. Immunity 44:939 (2016),27067056,,,192
polyclonal DRVI01 2005-10,Q769_D22,Kong et al. Immunity 44:939 (2016),27067056,,,397
polyclonal DRVI01 2005-10,Q842_D12,Kong et al. Immunity 44:939 (2016),27067056,,,887
polyclonal DRVI01 2005-10,QH0692_42,Kong et al. Immunity 44:939 (2016),27067056,,,317
polyclonal DRVI01 2005-10,REJO4541_67,Kong et al. Immunity 44:939 (2016),27067056,,,445
polyclonal DRVI01 2005-10,RHPA4259_7,Kong et al. Immunity 44:939 (2016),27067056,,,358
polyclonal DRVI01 2005-10,SC422_8,Kong et al. Immunity 44:939 (2016),27067056,,,578
polyclonal DRVI01 2005-10,SF162,Kong et al. Immunity 44:939 (2016),27067056,,,941
polyclonal DRVI01 2005-10,TRJO4551_58,Kong et al. Immunity 44:939 (2016),27067056,,,125
polyclonal DRVI01 2005-10,TRO_11,Kong et al. Immunity 44:939 (2016),27067056,,,301
polyclonal DRVI01 2005-10,X1632_S2_B10,Kong et al. Immunity 44:939 (2016),27067056,,,221
polyclonal DRVI01 2005-10,X2278_C2_B6,Kong et al. Immunity 44:939 (2016),27067056,,,834
polyclonal DRVI01 2005-10,ZM109_4,Kong et al. Immunity 44:939 (2016),27067056,,,228
polyclonal DRVI01 2005-10,ZM249_1,Kong et al. Immunity 44:939 (2016),27067056,,,362
polyclonal DRVI01 2006-04,246_F3_C10_2,Kong et al. Immunity 44:939 (2016),27067056,,,99
polyclonal DRVI01 2006-04,25710_2_43,Kong et al. Immunity 44:939 (2016),27067056,,,190
polyclonal DRVI01 2006-04,398_F1_F6_20,Kong et al. Immunity 44:939 (2016),27067056,,,418
polyclonal DRVI01 2006-04,703010217_B6,Kong et al. Immunity 44:939 (2016),27067056,,,264
polyclonal DRVI01 2006-04,AC10_29,Kong et al. Immunity 44:939 (2016),27067056,,,29
polyclonal DRVI01 2006-04,BJMSM2249,Kong et al. Immunity 44:939 (2016),27067056,,,87
polyclonal DRVI01 2006-04,BJMSM2316,Kong et al. Immunity 44:939 (2016),27067056,,,232
polyclonal DRVI01 2006-04,BJMSM2498,Kong et al. Immunity 44:939 (2016),27067056,,,165
polyclonal DRVI01 2006-04,BJOX002000_03_2,Kong et al. Immunity 44:939 (2016),27067056,,,174
polyclonal DRVI01 2006-04,CAAN5342,Kong et al. Immunity 44:939 (2016),27067056,,,94
polyclonal DRVI01 2006-04,CAP45_G3,Kong et al. Immunity 44:939 (2016),27067056,,,560
polyclonal DRVI01 2006-04,CE1176_A3,Kong et al. Immunity 44:939 (2016),27067056,,,301
polyclonal DRVI01 2006-04,CH110_2,Kong et al. Immunity 44:939 (2016),27067056,,,734
polyclonal DRVI01 2006-04,CH117_4,Kong et al. Immunity 44:939 (2016),27067056,,,420
polyclonal DRVI01 2006-04,CH119_10,Kong et al. Immunity 44:939 (2016),27067056,,,334
polyclonal DRVI01 2006-04,CH120_6,Kong et al. Immunity 44:939 (2016),27067056,,,50
polyclonal DRVI01 2006-04,CH181_12,Kong et al. Immunity 44:939 (2016),27067056,,,621
polyclonal DRVI01 2006-04,CNE55,Kong et al. Immunity 44:939 (2016),27067056,,,154
polyclonal DRVI01 2006-04,CNE8,Kong et al. Immunity 44:939 (2016),27067056,,,214
polyclonal DRVI01 2006-04,DRVI01_0507_12,Zhang et al. Front Microbiol 10:1096 (2019),31178836,,,187
polyclonal DRVI01 2006-04,DRVI01_0507_13,Zhang et al. Front Microbiol 10:1096 (2019),31178836,,,391
polyclonal DRVI01 2006-04,DRVI01_0507_14,Zhang et al. Front Microbiol 10:1096 (2019),31178836,,,262
polyclonal DRVI01 2006-04,DRVI01_0507_15,Zhang et al. Front Microbiol 10:1096 (2019),31178836,,,664
polyclonal DRVI01 2006-04,DRVI01_0507_16,Zhang et al. Front Microbiol 10:1096 (2019),31178836,,,318
polyclonal DRVI01 2006-04,DRVI01_0604_21,Zhang et al. Front Microbiol 10:1096 (2019),31178836,,,<20
polyclonal DRVI01 2006-04,DRVI01_0604_22,Zhang et al. Front Microbiol 10:1096 (2019),31178836,,,<20
polyclonal DRVI01 2006-04,DRVI01_0604_23,Zhang et al. Front Microbiol 10:1096 (2019),31178836,,,<20
polyclonal DRVI01 2006-04,DRVI01_0604_24,Zhang et al. Front Microbiol 10:1096 (2019),31178836,,,<20
polyclonal DRVI01 2006-04,DRVI01_0604_25,Zhang et al. Front Microbiol 10:1096 (2019),31178836,,,<20
polyclonal DRVI01 2006-04,DRVI01_0604_26,Zhang et al. Front Microbiol 10:1096 (2019),31178836,,,<20
polyclonal DRVI01 2006-04,DRVI01_0604_27,Zhang et al. Front Microbiol 10:1096 (2019),31178836,,,<20
polyclonal DRVI01 2006-04,DRVI01_0604_28,Zhang et al. Front Microbiol 10:1096 (2019),31178836,,,<20
polyclonal DRVI01 2006-04,DRVI01_0803_11,Zhang et al. Front Microbiol 10:1096 (2019),31178836,,,<20
polyclonal DRVI01 2006-04,DRVI01_0803_12,Zhang et al. Front Microbiol 10:1096 (2019),31178836,,,<20
polyclonal DRVI01 2006-04,DRVI01_0803_13,Zhang et al. Front Microbiol 10:1096 (2019),31178836,,,<20
polyclonal DRVI01 2006-04,DRVI01_0803_14,Zhang et al. Front Microbiol 10:1096 (2019),31178836,,,<20
polyclonal DRVI01 2006-04,DRVI01_0803_15,Zhang et al. Front Microbiol 10:1096 (2019),31178836,,,<20
polyclonal DRVI01 2006-04,DRVI01_0803_16,Zhang et al. Front Microbiol 10:1096 (2019),31178836,,,<20
polyclonal DRVI01 2006-04,DRVI01_0912_1,Zhang et al. Front Microbiol 10:1096 (2019),31178836,,,<20
polyclonal DRVI01 2006-04,DRVI01_0912_2,Zhang et al. Front Microbiol 10:1096 (2019),31178836,,,<20
polyclonal DRVI01 2006-04,DRVI01_0912_3,Zhang et al. Front Microbiol 10:1096 (2019),31178836,,,<20
polyclonal DRVI01 2006-04,DRVI01_0912_4,Zhang et al. Front Microbiol 10:1096 (2019),31178836,,,<20
polyclonal DRVI01 2006-04,DRVI01_0912_5,Zhang et al. Front Microbiol 10:1096 (2019),31178836,,,<20
polyclonal DRVI01 2006-04,DRVI01_0912_6,Zhang et al. Front Microbiol 10:1096 (2019),31178836,,,<20
polyclonal DRVI01 2006-04,DRVI01_0912_7,Zhang et al. Front Microbiol 10:1096 (2019),31178836,,,<20
polyclonal DRVI01 2006-04,DU422_1,Kong et al. Immunity 44:939 (2016),27067056,,,132
polyclonal DRVI01 2006-04,MW965_26,Kong et al. Immunity 44:939 (2016),27067056,,,294
polyclonal DRVI01 2006-04,PVO_4,Kong et al. Immunity 44:939 (2016),27067056,,,448
polyclonal DRVI01 2006-04,Q259_17,Kong et al. Immunity 44:939 (2016),27067056,,,646
polyclonal DRVI01 2006-04,Q461_E2,Kong et al. Immunity 44:939 (2016),27067056,,,21
polyclonal DRVI01 2006-04,Q769_D22,Kong et al. Immunity 44:939 (2016),27067056,,,388
polyclonal DRVI01 2006-04,Q842_D12,Kong et al. Immunity 44:939 (2016),27067056,,,651
polyclonal DRVI01 2006-04,QH0692_42,Kong et al. Immunity 44:939 (2016),27067056,,,35
polyclonal DRVI01 2006-04,REJO4541_67,Kong et al. Immunity 44:939 (2016),27067056,,,332
polyclonal DRVI01 2006-04,RHPA4259_7,Kong et al. Immunity 44:939 (2016),27067056,,,495
polyclonal DRVI01 2006-04,SC422_8,Kong et al. Immunity 44:939 (2016),27067056,,,496
polyclonal DRVI01 2006-04,SF162,Kong et al. Immunity 44:939 (2016),27067056,,,1001
polyclonal DRVI01 2006-04,TRJO4551_58,Kong et al. Immunity 44:939 (2016),27067056,,,108
polyclonal DRVI01 2006-04,TRO_11,Kong et al. Immunity 44:939 (2016),27067056,,,275
polyclonal DRVI01 2006-04,X1632_S2_B10,Kong et al. Immunity 44:939 (2016),27067056,,,213
polyclonal DRVI01 2006-04,X2278_C2_B6,Kong et al. Immunity 44:939 (2016),27067056,,,696
polyclonal DRVI01 2006-04,ZM109_4,Kong et al. Immunity 44:939 (2016),27067056,,,54
polyclonal DRVI01 2006-04,ZM249_1,Kong et al. Immunity 44:939 (2016),27067056,,,532
polyclonal DRVI01 2006-11,246_F3_C10_2,Kong et al. Immunity 44:939 (2016),27067056,,,99
polyclonal DRVI01 2006-11,25710_2_43,Kong et al. Immunity 44:939 (2016),27067056,,,175
polyclonal DRVI01 2006-11,398_F1_F6_20,Kong et al. Immunity 44:939 (2016),27067056,,,545
polyclonal DRVI01 2006-11,703010217_B6,Kong et al. Immunity 44:939 (2016),27067056,,,235
polyclonal DRVI01 2006-11,AC10_29,Kong et al. Immunity 44:939 (2016),27067056,,,123
polyclonal DRVI01 2006-11,BJMSM2249,Kong et al. Immunity 44:939 (2016),27067056,,,113
polyclonal DRVI01 2006-11,BJMSM2316,Kong et al. Immunity 44:939 (2016),27067056,,,329
polyclonal DRVI01 2006-11,BJMSM2498,Kong et al. Immunity 44:939 (2016),27067056,,,175
polyclonal DRVI01 2006-11,BJOX002000_03_2,Kong et al. Immunity 44:939 (2016),27067056,,,147
polyclonal DRVI01 2006-11,CAAN5342,Kong et al. Immunity 44:939 (2016),27067056,,,218
polyclonal DRVI01 2006-11,CAP45_G3,Kong et al. Immunity 44:939 (2016),27067056,,,739
polyclonal DRVI01 2006-11,CE1176_A3,Kong et al. Immunity 44:939 (2016),27067056,,,251
polyclonal DRVI01 2006-11,CH110_2,Kong et al. Immunity 44:939 (2016),27067056,,,693
polyclonal DRVI01 2006-11,CH117_4,Kong et al. Immunity 44:939 (2016),27067056,,,318
polyclonal DRVI01 2006-11,CH119_10,Kong et al. Immunity 44:939 (2016),27067056,,,312
polyclonal DRVI01 2006-11,CH120_6,Kong et al. Immunity 44:939 (2016),27067056,,,101
polyclonal DRVI01 2006-11,CH181_12,Kong et al. Immunity 44:939 (2016),27067056,,,566
polyclonal DRVI01 2006-11,CNE55,Kong et al. Immunity 44:939 (2016),27067056,,,125
polyclonal DRVI01 2006-11,CNE8,Kong et al. Immunity 44:939 (2016),27067056,,,391
polyclonal DRVI01 2006-11,DU422_1,Kong et al. Immunity 44:939 (2016),27067056,,,143
polyclonal DRVI01 2006-11,MW965_26,Kong et al. Immunity 44:939 (2016),27067056,,,537
polyclonal DRVI01 2006-11,PVO_4,Kong et al. Immunity 44:939 (2016),27067056,,,703
polyclonal DRVI01 2006-11,Q259_17,Kong et al. Immunity 44:939 (2016),27067056,,,973
polyclonal DRVI01 2006-11,Q461_E2,Kong et al. Immunity 44:939 (2016),27067056,,,116
polyclonal DRVI01 2006-11,Q769_D22,Kong et al. Immunity 44:939 (2016),27067056,,,587
polyclonal DRVI01 2006-11,Q842_D12,Kong et al. Immunity 44:939 (2016),27067056,,,1115
polyclonal DRVI01 2006-11,QH0692_42,Kong et al. Immunity 44:939 (2016),27067056,,,238
polyclonal DRVI01 2006-11,REJO4541_67,Kong et al. Immunity 44:939 (2016),27067056,,,410
polyclonal DRVI01 2006-11,RHPA4259_7,Kong et al. Immunity 44:939 (2016),27067056,,,288
polyclonal DRVI01 2006-11,SC422_8,Kong et al. Immunity 44:939 (2016),27067056,,,474
polyclonal DRVI01 2006-11,SF162,Kong et al. Immunity 44:939 (2016),27067056,,,936
polyclonal DRVI01 2006-11,TRJO4551_58,Kong et al. Immunity 44:939 (2016),27067056,,,136
polyclonal DRVI01 2006-11,TRO_11,Kong et al. Immunity 44:939 (2016),27067056,,,247
polyclonal DRVI01 2006-11,X1632_S2_B10,Kong et al. Immunity 44:939 (2016),27067056,,,195
polyclonal DRVI01 2006-11,X2278_C2_B6,Kong et al. Immunity 44:939 (2016),27067056,,,702
polyclonal DRVI01 2006-11,ZM109_4,Kong et al. Immunity 44:939 (2016),27067056,,,190
polyclonal DRVI01 2006-11,ZM249_1,Kong et al. Immunity 44:939 (2016),27067056,,,486
polyclonal DRVI01 2007-04,246_F3_C10_2,Kong et al. Immunity 44:939 (2016),27067056,,,164
polyclonal DRVI01 2007-04,25710_2_43,Kong et al. Immunity 44:939 (2016),27067056,,,542
polyclonal DRVI01 2007-04,398_F1_F6_20,Kong et al. Immunity 44:939 (2016),27067056,,,2223
polyclonal DRVI01 2007-04,703010217_B6,Kong et al. Immunity 44:939 (2016),27067056,,,363
polyclonal DRVI01 2007-04,AC10_29,Kong et al. Immunity 44:939 (2016),27067056,,,122
polyclonal DRVI01 2007-04,BJMSM2249,Kong et al. Immunity 44:939 (2016),27067056,,,60
polyclonal DRVI01 2007-04,BJMSM2316,Kong et al. Immunity 44:939 (2016),27067056,,,129
polyclonal DRVI01 2007-04,BJMSM2498,Kong et al. Immunity 44:939 (2016),27067056,,,45
polyclonal DRVI01 2007-04,BJOX002000_03_2,Kong et al. Immunity 44:939 (2016),27067056,,,350
polyclonal DRVI01 2007-04,CAAN5342,Kong et al. Immunity 44:939 (2016),27067056,,,44
polyclonal DRVI01 2007-04,CAP45_G3,Kong et al. Immunity 44:939 (2016),27067056,,,128
polyclonal DRVI01 2007-04,CE1176_A3,Kong et al. Immunity 44:939 (2016),27067056,,,494
polyclonal DRVI01 2007-04,CH110_2,Kong et al. Immunity 44:939 (2016),27067056,,,291
polyclonal DRVI01 2007-04,CH117_4,Kong et al. Immunity 44:939 (2016),27067056,,,429
polyclonal DRVI01 2007-04,CH119_10,Kong et al. Immunity 44:939 (2016),27067056,,,360
polyclonal DRVI01 2007-04,CH120_6,Kong et al. Immunity 44:939 (2016),27067056,,,40
polyclonal DRVI01 2007-04,CH181_12,Kong et al. Immunity 44:939 (2016),27067056,,,241
polyclonal DRVI01 2007-04,CNE55,Kong et al. Immunity 44:939 (2016),27067056,,,250
polyclonal DRVI01 2007-04,CNE8,Kong et al. Immunity 44:939 (2016),27067056,,,189
polyclonal DRVI01 2007-04,DU422_1,Kong et al. Immunity 44:939 (2016),27067056,,,105
polyclonal DRVI01 2007-04,MW965_26,Kong et al. Immunity 44:939 (2016),27067056,,,22731
polyclonal DRVI01 2007-04,PVO_4,Kong et al. Immunity 44:939 (2016),27067056,,,432
polyclonal DRVI01 2007-04,Q259_17,Kong et al. Immunity 44:939 (2016),27067056,,,127
polyclonal DRVI01 2007-04,Q461_E2,Kong et al. Immunity 44:939 (2016),27067056,,,122
polyclonal DRVI01 2007-04,Q769_D22,Kong et al. Immunity 44:939 (2016),27067056,,,145
polyclonal DRVI01 2007-04,Q842_D12,Kong et al. Immunity 44:939 (2016),27067056,,,125
polyclonal DRVI01 2007-04,QH0692_42,Kong et al. Immunity 44:939 (2016),27067056,,,145
polyclonal DRVI01 2007-04,REJO4541_67,Kong et al. Immunity 44:939 (2016),27067056,,,<20
polyclonal DRVI01 2007-04,RHPA4259_7,Kong et al. Immunity 44:939 (2016),27067056,,,67
polyclonal DRVI01 2007-04,SC422_8,Kong et al. Immunity 44:939 (2016),27067056,,,295
polyclonal DRVI01 2007-04,SF162,Kong et al. Immunity 44:939 (2016),27067056,,,2465
polyclonal DRVI01 2007-04,TRJO4551_58,Kong et al. Immunity 44:939 (2016),27067056,,,51
polyclonal DRVI01 2007-04,TRO_11,Kong et al. Immunity 44:939 (2016),27067056,,,322
polyclonal DRVI01 2007-04,X1632_S2_B10,Kong et al. Immunity 44:939 (2016),27067056,,,217
polyclonal DRVI01 2007-04,X2278_C2_B6,Kong et al. Immunity 44:939 (2016),27067056,,,548
polyclonal DRVI01 2007-04,ZM109_4,Kong et al. Immunity 44:939 (2016),27067056,,,256
polyclonal DRVI01 2007-04,ZM249_1,Kong et al. Immunity 44:939 (2016),27067056,,,345
polyclonal DRVI01 2008-03,246_F3_C10_2,Kong et al. Immunity 44:939 (2016),27067056,,,157
polyclonal DRVI01 2008-03,25710_2_43,Kong et al. Immunity 44:939 (2016),27067056,,,122
polyclonal DRVI01 2008-03,398_F1_F6_20,Kong et al. Immunity 44:939 (2016),27067056,,,610
polyclonal DRVI01 2008-03,703010217_B6,Kong et al. Immunity 44:939 (2016),27067056,,,356
polyclonal DRVI01 2008-03,AC10_29,Kong et al. Immunity 44:939 (2016),27067056,,,177
polyclonal DRVI01 2008-03,BJMSM2249,Kong et al. Immunity 44:939 (2016),27067056,,,150
polyclonal DRVI01 2008-03,BJMSM2316,Kong et al. Immunity 44:939 (2016),27067056,,,307
polyclonal DRVI01 2008-03,BJMSM2498,Kong et al. Immunity 44:939 (2016),27067056,,,178
polyclonal DRVI01 2008-03,BJOX002000_03_2,Kong et al. Immunity 44:939 (2016),27067056,,,247
polyclonal DRVI01 2008-03,CAAN5342,Kong et al. Immunity 44:939 (2016),27067056,,,352
polyclonal DRVI01 2008-03,CAP45_G3,Kong et al. Immunity 44:939 (2016),27067056,,,939
polyclonal DRVI01 2008-03,CE1176_A3,Kong et al. Immunity 44:939 (2016),27067056,,,544
polyclonal DRVI01 2008-03,CH110_2,Kong et al. Immunity 44:939 (2016),27067056,,,995
polyclonal DRVI01 2008-03,CH117_4,Kong et al. Immunity 44:939 (2016),27067056,,,716
polyclonal DRVI01 2008-03,CH119_10,Kong et al. Immunity 44:939 (2016),27067056,,,689
polyclonal DRVI01 2008-03,CH120_6,Kong et al. Immunity 44:939 (2016),27067056,,,87
polyclonal DRVI01 2008-03,CH181_12,Kong et al. Immunity 44:939 (2016),27067056,,,697
polyclonal DRVI01 2008-03,CNE55,Kong et al. Immunity 44:939 (2016),27067056,,,169
polyclonal DRVI01 2008-03,CNE8,Kong et al. Immunity 44:939 (2016),27067056,,,408
polyclonal DRVI01 2008-03,DRVI01_0507_12,Zhang et al. Front Microbiol 10:1096 (2019),31178836,,,413
polyclonal DRVI01 2008-03,DRVI01_0507_13,Zhang et al. Front Microbiol 10:1096 (2019),31178836,,,206
polyclonal DRVI01 2008-03,DRVI01_0507_14,Zhang et al. Front Microbiol 10:1096 (2019),31178836,,,310
polyclonal DRVI01 2008-03,DRVI01_0507_15,Zhang et al. Front Microbiol 10:1096 (2019),31178836,,,553
polyclonal DRVI01 2008-03,DRVI01_0507_16,Zhang et al. Front Microbiol 10:1096 (2019),31178836,,,698
polyclonal DRVI01 2008-03,DRVI01_0604_21,Zhang et al. Front Microbiol 10:1096 (2019),31178836,,,232
polyclonal DRVI01 2008-03,DRVI01_0604_22,Zhang et al. Front Microbiol 10:1096 (2019),31178836,,,258
polyclonal DRVI01 2008-03,DRVI01_0604_23,Zhang et al. Front Microbiol 10:1096 (2019),31178836,,,328
polyclonal DRVI01 2008-03,DRVI01_0604_24,Zhang et al. Front Microbiol 10:1096 (2019),31178836,,,89
polyclonal DRVI01 2008-03,DRVI01_0604_25,Zhang et al. Front Microbiol 10:1096 (2019),31178836,,,99
polyclonal DRVI01 2008-03,DRVI01_0604_26,Zhang et al. Front Microbiol 10:1096 (2019),31178836,,,201
polyclonal DRVI01 2008-03,DRVI01_0604_27,Zhang et al. Front Microbiol 10:1096 (2019),31178836,,,176
polyclonal DRVI01 2008-03,DRVI01_0604_28,Zhang et al. Front Microbiol 10:1096 (2019),31178836,,,58
polyclonal DRVI01 2008-03,DRVI01_0803_11,Zhang et al. Front Microbiol 10:1096 (2019),31178836,,,<20
polyclonal DRVI01 2008-03,DRVI01_0803_12,Zhang et al. Front Microbiol 10:1096 (2019),31178836,,,<20
polyclonal DRVI01 2008-03,DRVI01_0803_13,Zhang et al. Front Microbiol 10:1096 (2019),31178836,,,<20
polyclonal DRVI01 2008-03,DRVI01_0803_14,Zhang et al. Front Microbiol 10:1096 (2019),31178836,,,<20
polyclonal DRVI01 2008-03,DRVI01_0803_15,Zhang et al. Front Microbiol 10:1096 (2019),31178836,,,<20
polyclonal DRVI01 2008-03,DRVI01_0803_16,Zhang et al. Front Microbiol 10:1096 (2019),31178836,,,<20
polyclonal DRVI01 2008-03,DRVI01_0912_1,Zhang et al. Front Microbiol 10:1096 (2019),31178836,,,<20
polyclonal DRVI01 2008-03,DRVI01_0912_2,Zhang et al. Front Microbiol 10:1096 (2019),31178836,,,<20
polyclonal DRVI01 2008-03,DRVI01_0912_3,Zhang et al. Front Microbiol 10:1096 (2019),31178836,,,<20
polyclonal DRVI01 2008-03,DRVI01_0912_4,Zhang et al. Front Microbiol 10:1096 (2019),31178836,,,<20
polyclonal DRVI01 2008-03,DRVI01_0912_5,Zhang et al. Front Microbiol 10:1096 (2019),31178836,,,<20
polyclonal DRVI01 2008-03,DRVI01_0912_6,Zhang et al. Front Microbiol 10:1096 (2019),31178836,,,<20
polyclonal DRVI01 2008-03,DRVI01_0912_7,Zhang et al. Front Microbiol 10:1096 (2019),31178836,,,<20
polyclonal DRVI01 2008-03,DU422_1,Kong et al. Immunity 44:939 (2016),27067056,,,350
polyclonal DRVI01 2008-03,MW965_26,Kong et al. Immunity 44:939 (2016),27067056,,,640
polyclonal DRVI01 2008-03,PVO_4,Kong et al. Immunity 44:939 (2016),27067056,,,847
polyclonal DRVI01 2008-03,Q259_17,Kong et al. Immunity 44:939 (2016),27067056,,,775
polyclonal DRVI01 2008-03,Q461_E2,Kong et al. Immunity 44:939 (2016),27067056,,,253
polyclonal DRVI01 2008-03,Q769_D22,Kong et al. Immunity 44:939 (2016),27067056,,,473
polyclonal DRVI01 2008-03,Q842_D12,Kong et al. Immunity 44:939 (2016),27067056,,,715
polyclonal DRVI01 2008-03,QH0692_42,Kong et al. Immunity 44:939 (2016),27067056,,,279
polyclonal DRVI01 2008-03,REJO4541_67,Kong et al. Immunity 44:939 (2016),27067056,,,516
polyclonal DRVI01 2008-03,RHPA4259_7,Kong et al. Immunity 44:939 (2016),27067056,,,356
polyclonal DRVI01 2008-03,SC422_8,Kong et al. Immunity 44:939 (2016),27067056,,,666
polyclonal DRVI01 2008-03,SF162,Kong et al. Immunity 44:939 (2016),27067056,,,1823
polyclonal DRVI01 2008-03,TRJO4551_58,Kong et al. Immunity 44:939 (2016),27067056,,,207
polyclonal DRVI01 2008-03,TRO_11,Kong et al. Immunity 44:939 (2016),27067056,,,467
polyclonal DRVI01 2008-03,X1632_S2_B10,Kong et al. Immunity 44:939 (2016),27067056,,,362
polyclonal DRVI01 2008-03,X2278_C2_B6,Kong et al. Immunity 44:939 (2016),27067056,,,672
polyclonal DRVI01 2008-03,ZM109_4,Kong et al. Immunity 44:939 (2016),27067056,,,279
polyclonal DRVI01 2008-03,ZM249_1,Kong et al. Immunity 44:939 (2016),27067056,,,710
polyclonal DRVI01 2008-12,246_F3_C10_2,Kong et al. Immunity 44:939 (2016),27067056,,,45
polyclonal DRVI01 2008-12,25710_2_43,Kong et al. Immunity 44:939 (2016),27067056,,,305
polyclonal DRVI01 2008-12,398_F1_F6_20,Kong et al. Immunity 44:939 (2016),27067056,,,460
polyclonal DRVI01 2008-12,703010217_B6,Kong et al. Immunity 44:939 (2016),27067056,,,332
polyclonal DRVI01 2008-12,AC10_29,Kong et al. Immunity 44:939 (2016),27067056,,,112
polyclonal DRVI01 2008-12,BJMSM2249,Kong et al. Immunity 44:939 (2016),27067056,,,98
polyclonal DRVI01 2008-12,BJMSM2316,Kong et al. Immunity 44:939 (2016),27067056,,,440
polyclonal DRVI01 2008-12,BJMSM2498,Kong et al. Immunity 44:939 (2016),27067056,,,150
polyclonal DRVI01 2008-12,BJOX002000_03_2,Kong et al. Immunity 44:939 (2016),27067056,,,199
polyclonal DRVI01 2008-12,CAAN5342,Kong et al. Immunity 44:939 (2016),27067056,,,129
polyclonal DRVI01 2008-12,CAP45_G3,Kong et al. Immunity 44:939 (2016),27067056,,,700
polyclonal DRVI01 2008-12,CE1176_A3,Kong et al. Immunity 44:939 (2016),27067056,,,538
polyclonal DRVI01 2008-12,CH110_2,Kong et al. Immunity 44:939 (2016),27067056,,,1857
polyclonal DRVI01 2008-12,CH117_4,Kong et al. Immunity 44:939 (2016),27067056,,,500
polyclonal DRVI01 2008-12,CH119_10,Kong et al. Immunity 44:939 (2016),27067056,,,321
polyclonal DRVI01 2008-12,CH120_6,Kong et al. Immunity 44:939 (2016),27067056,,,54
polyclonal DRVI01 2008-12,CH181_12,Kong et al. Immunity 44:939 (2016),27067056,,,574
polyclonal DRVI01 2008-12,CNE55,Kong et al. Immunity 44:939 (2016),27067056,,,121
polyclonal DRVI01 2008-12,CNE8,Kong et al. Immunity 44:939 (2016),27067056,,,219
polyclonal DRVI01 2008-12,DU422_1,Kong et al. Immunity 44:939 (2016),27067056,,,623
polyclonal DRVI01 2008-12,MW965_26,Kong et al. Immunity 44:939 (2016),27067056,,,652
polyclonal DRVI01 2008-12,PVO_4,Kong et al. Immunity 44:939 (2016),27067056,,,61
polyclonal DRVI01 2008-12,Q259_17,Kong et al. Immunity 44:939 (2016),27067056,,,820
polyclonal DRVI01 2008-12,Q461_E2,Kong et al. Immunity 44:939 (2016),27067056,,,60
polyclonal DRVI01 2008-12,Q769_D22,Kong et al. Immunity 44:939 (2016),27067056,,,460
polyclonal DRVI01 2008-12,Q842_D12,Kong et al. Immunity 44:939 (2016),27067056,,,970
polyclonal DRVI01 2008-12,QH0692_42,Kong et al. Immunity 44:939 (2016),27067056,,,133
polyclonal DRVI01 2008-12,REJO4541_67,Kong et al. Immunity 44:939 (2016),27067056,,,490
polyclonal DRVI01 2008-12,RHPA4259_7,Kong et al. Immunity 44:939 (2016),27067056,,,460
polyclonal DRVI01 2008-12,SC422_8,Kong et al. Immunity 44:939 (2016),27067056,,,690
polyclonal DRVI01 2008-12,SF162,Kong et al. Immunity 44:939 (2016),27067056,,,2969
polyclonal DRVI01 2008-12,TRJO4551_58,Kong et al. Immunity 44:939 (2016),27067056,,,237
polyclonal DRVI01 2008-12,TRO_11,Kong et al. Immunity 44:939 (2016),27067056,,,426
polyclonal DRVI01 2008-12,X1632_S2_B10,Kong et al. Immunity 44:939 (2016),27067056,,,425
polyclonal DRVI01 2008-12,X2278_C2_B6,Kong et al. Immunity 44:939 (2016),27067056,,,807
polyclonal DRVI01 2008-12,ZM109_4,Kong et al. Immunity 44:939 (2016),27067056,,,172
polyclonal DRVI01 2008-12,ZM249_1,Kong et al. Immunity 44:939 (2016),27067056,,,836
polyclonal DRVI01 2009-05,246_F3_C10_2,Kong et al. Immunity 44:939 (2016),27067056,,,89
polyclonal DRVI01 2009-05,25710_2_43,Kong et al. Immunity 44:939 (2016),27067056,,,278
polyclonal DRVI01 2009-05,398_F1_F6_20,Kong et al. Immunity 44:939 (2016),27067056,,,853
polyclonal DRVI01 2009-05,703010217_B6,Kong et al. Immunity 44:939 (2016),27067056,,,237
polyclonal DRVI01 2009-05,AC10_29,Kong et al. Immunity 44:939 (2016),27067056,,,<20
polyclonal DRVI01 2009-05,BJMSM2249,Kong et al. Immunity 44:939 (2016),27067056,,,37
polyclonal DRVI01 2009-05,BJMSM2316,Kong et al. Immunity 44:939 (2016),27067056,,,533
polyclonal DRVI01 2009-05,BJMSM2498,Kong et al. Immunity 44:939 (2016),27067056,,,73
polyclonal DRVI01 2009-05,BJOX002000_03_2,Kong et al. Immunity 44:939 (2016),27067056,,,186
polyclonal DRVI01 2009-05,CAAN5342,Kong et al. Immunity 44:939 (2016),27067056,,,137
polyclonal DRVI01 2009-05,CAP45_G3,Kong et al. Immunity 44:939 (2016),27067056,,,796
polyclonal DRVI01 2009-05,CE1176_A3,Kong et al. Immunity 44:939 (2016),27067056,,,293
polyclonal DRVI01 2009-05,CH110_2,Kong et al. Immunity 44:939 (2016),27067056,,,1688
polyclonal DRVI01 2009-05,CH117_4,Kong et al. Immunity 44:939 (2016),27067056,,,519
polyclonal DRVI01 2009-05,CH119_10,Kong et al. Immunity 44:939 (2016),27067056,,,519
polyclonal DRVI01 2009-05,CH120_6,Kong et al. Immunity 44:939 (2016),27067056,,,35
polyclonal DRVI01 2009-05,CH181_12,Kong et al. Immunity 44:939 (2016),27067056,,,649
polyclonal DRVI01 2009-05,CNE55,Kong et al. Immunity 44:939 (2016),27067056,,,167
polyclonal DRVI01 2009-05,CNE8,Kong et al. Immunity 44:939 (2016),27067056,,,398
polyclonal DRVI01 2009-05,DU422_1,Kong et al. Immunity 44:939 (2016),27067056,,,124
polyclonal DRVI01 2009-05,MW965_26,Kong et al. Immunity 44:939 (2016),27067056,,,1314
polyclonal DRVI01 2009-05,PVO_4,Kong et al. Immunity 44:939 (2016),27067056,,,1289
polyclonal DRVI01 2009-05,Q259_17,Kong et al. Immunity 44:939 (2016),27067056,,,1261
polyclonal DRVI01 2009-05,Q461_E2,Kong et al. Immunity 44:939 (2016),27067056,,,69
polyclonal DRVI01 2009-05,Q769_D22,Kong et al. Immunity 44:939 (2016),27067056,,,557
polyclonal DRVI01 2009-05,Q842_D12,Kong et al. Immunity 44:939 (2016),27067056,,,772
polyclonal DRVI01 2009-05,QH0692_42,Kong et al. Immunity 44:939 (2016),27067056,,,297
polyclonal DRVI01 2009-05,REJO4541_67,Kong et al. Immunity 44:939 (2016),27067056,,,1100
polyclonal DRVI01 2009-05,RHPA4259_7,Kong et al. Immunity 44:939 (2016),27067056,,,311
polyclonal DRVI01 2009-05,SC422_8,Kong et al. Immunity 44:939 (2016),27067056,,,914
polyclonal DRVI01 2009-05,SF162,Kong et al. Immunity 44:939 (2016),27067056,,,4997
polyclonal DRVI01 2009-05,TRJO4551_58,Kong et al. Immunity 44:939 (2016),27067056,,,489
polyclonal DRVI01 2009-05,TRO_11,Kong et al. Immunity 44:939 (2016),27067056,,,448
polyclonal DRVI01 2009-05,X1632_S2_B10,Kong et al. Immunity 44:939 (2016),27067056,,,379
polyclonal DRVI01 2009-05,X2278_C2_B6,Kong et al. Immunity 44:939 (2016),27067056,,,1695
polyclonal DRVI01 2009-05,ZM109_4,Kong et al. Immunity 44:939 (2016),27067056,,,239
polyclonal DRVI01 2009-05,ZM249_1,Kong et al. Immunity 44:939 (2016),27067056,,,478
polyclonal DRVI01 2009-12,246_F3_C10_2,Kong et al. Immunity 44:939 (2016),27067056,,,452
polyclonal DRVI01 2009-12,25710_2_43,Kong et al. Immunity 44:939 (2016),27067056,,,454
polyclonal DRVI01 2009-12,398_F1_F6_20,Kong et al. Immunity 44:939 (2016),27067056,,,1995
polyclonal DRVI01 2009-12,703010217_B6,Kong et al. Immunity 44:939 (2016),27067056,,,586
polyclonal DRVI01 2009-12,AC10_29,Kong et al. Immunity 44:939 (2016),27067056,,,63
polyclonal DRVI01 2009-12,BJMSM2249,Kong et al. Immunity 44:939 (2016),27067056,,,88
polyclonal DRVI01 2009-12,BJMSM2316,Kong et al. Immunity 44:939 (2016),27067056,,,778
polyclonal DRVI01 2009-12,BJMSM2498,Kong et al. Immunity 44:939 (2016),27067056,,,215
polyclonal DRVI01 2009-12,BJOX002000_03_2,Kong et al. Immunity 44:939 (2016),27067056,,,341
polyclonal DRVI01 2009-12,CAAN5342,Kong et al. Immunity 44:939 (2016),27067056,,,242
polyclonal DRVI01 2009-12,CAP45_G3,Kong et al. Immunity 44:939 (2016),27067056,,,1041
polyclonal DRVI01 2009-12,CE1176_A3,Kong et al. Immunity 44:939 (2016),27067056,,,967
polyclonal DRVI01 2009-12,CH110_2,Kong et al. Immunity 44:939 (2016),27067056,,,3977
polyclonal DRVI01 2009-12,CH117_4,Kong et al. Immunity 44:939 (2016),27067056,,,1091
polyclonal DRVI01 2009-12,CH119_10,Kong et al. Immunity 44:939 (2016),27067056,,,1196
polyclonal DRVI01 2009-12,CH120_6,Kong et al. Immunity 44:939 (2016),27067056,,,64
polyclonal DRVI01 2009-12,CH181_12,Kong et al. Immunity 44:939 (2016),27067056,,,1021
polyclonal DRVI01 2009-12,CNE55,Kong et al. Immunity 44:939 (2016),27067056,,,519
polyclonal DRVI01 2009-12,CNE8,Kong et al. Immunity 44:939 (2016),27067056,,,359
polyclonal DRVI01 2009-12,DRVI01_0507_12,Zhang et al. Front Microbiol 10:1096 (2019),31178836,,,708
polyclonal DRVI01 2009-12,DRVI01_0507_13,Zhang et al. Front Microbiol 10:1096 (2019),31178836,,,1086
polyclonal DRVI01 2009-12,DRVI01_0507_14,Zhang et al. Front Microbiol 10:1096 (2019),31178836,,,852
polyclonal DRVI01 2009-12,DRVI01_0507_15,Zhang et al. Front Microbiol 10:1096 (2019),31178836,,,1407
polyclonal DRVI01 2009-12,DRVI01_0507_16,Zhang et al. Front Microbiol 10:1096 (2019),31178836,,,759
polyclonal DRVI01 2009-12,DRVI01_0604_21,Zhang et al. Front Microbiol 10:1096 (2019),31178836,,,603
polyclonal DRVI01 2009-12,DRVI01_0604_22,Zhang et al. Front Microbiol 10:1096 (2019),31178836,,,1541
polyclonal DRVI01 2009-12,DRVI01_0604_23,Zhang et al. Front Microbiol 10:1096 (2019),31178836,,,1165
polyclonal DRVI01 2009-12,DRVI01_0604_24,Zhang et al. Front Microbiol 10:1096 (2019),31178836,,,1254
polyclonal DRVI01 2009-12,DRVI01_0604_25,Zhang et al. Front Microbiol 10:1096 (2019),31178836,,,743
polyclonal DRVI01 2009-12,DRVI01_0604_26,Zhang et al. Front Microbiol 10:1096 (2019),31178836,,,865
polyclonal DRVI01 2009-12,DRVI01_0604_27,Zhang et al. Front Microbiol 10:1096 (2019),31178836,,,711
polyclonal DRVI01 2009-12,DRVI01_0604_28,Zhang et al. Front Microbiol 10:1096 (2019),31178836,,,943
polyclonal DRVI01 2009-12,DRVI01_0803_11,Zhang et al. Front Microbiol 10:1096 (2019),31178836,,,654
polyclonal DRVI01 2009-12,DRVI01_0803_12,Zhang et al. Front Microbiol 10:1096 (2019),31178836,,,764
polyclonal DRVI01 2009-12,DRVI01_0803_13,Zhang et al. Front Microbiol 10:1096 (2019),31178836,,,773
polyclonal DRVI01 2009-12,DRVI01_0803_14,Zhang et al. Front Microbiol 10:1096 (2019),31178836,,,854
polyclonal DRVI01 2009-12,DRVI01_0803_15,Zhang et al. Front Microbiol 10:1096 (2019),31178836,,,494
polyclonal DRVI01 2009-12,DRVI01_0803_16,Zhang et al. Front Microbiol 10:1096 (2019),31178836,,,1125
polyclonal DRVI01 2009-12,DRVI01_0912_1,Zhang et al. Front Microbiol 10:1096 (2019),31178836,,,<20
polyclonal DRVI01 2009-12,DRVI01_0912_2,Zhang et al. Front Microbiol 10:1096 (2019),31178836,,,<20
polyclonal DRVI01 2009-12,DRVI01_0912_3,Zhang et al. Front Microbiol 10:1096 (2019),31178836,,,<20
polyclonal DRVI01 2009-12,DRVI01_0912_4,Zhang et al. Front Microbiol 10:1096 (2019),31178836,,,<20
polyclonal DRVI01 2009-12,DRVI01_0912_5,Zhang et al. Front Microbiol 10:1096 (2019),31178836,,,<20
polyclonal DRVI01 2009-12,DRVI01_0912_6,Zhang et al. Front Microbiol 10:1096 (2019),31178836,,,<20
polyclonal DRVI01 2009-12,DRVI01_0912_7,Zhang et al. Front Microbiol 10:1096 (2019),31178836,,,<20
polyclonal DRVI01 2009-12,DU422_1,Kong et al. Immunity 44:939 (2016),27067056,,,323
polyclonal DRVI01 2009-12,MW965_26,Kong et al. Immunity 44:939 (2016),27067056,,,5578
polyclonal DRVI01 2009-12,PVO_4,Kong et al. Immunity 44:939 (2016),27067056,,,1282
polyclonal DRVI01 2009-12,Q259_17,Kong et al. Immunity 44:939 (2016),27067056,,,2904
polyclonal DRVI01 2009-12,Q461_E2,Kong et al. Immunity 44:939 (2016),27067056,,,146
polyclonal DRVI01 2009-12,Q769_D22,Kong et al. Immunity 44:939 (2016),27067056,,,1525
polyclonal DRVI01 2009-12,Q842_D12,Kong et al. Immunity 44:939 (2016),27067056,,,1600
polyclonal DRVI01 2009-12,QH0692_42,Kong et al. Immunity 44:939 (2016),27067056,,,271
polyclonal DRVI01 2009-12,REJO4541_67,Kong et al. Immunity 44:939 (2016),27067056,,,1800
polyclonal DRVI01 2009-12,RHPA4259_7,Kong et al. Immunity 44:939 (2016),27067056,,,1145
polyclonal DRVI01 2009-12,SC422_8,Kong et al. Immunity 44:939 (2016),27067056,,,1640
polyclonal DRVI01 2009-12,SF162,Kong et al. Immunity 44:939 (2016),27067056,,,7821
polyclonal DRVI01 2009-12,TRJO4551_58,Kong et al. Immunity 44:939 (2016),27067056,,,404
polyclonal DRVI01 2009-12,TRO_11,Kong et al. Immunity 44:939 (2016),27067056,,,919
polyclonal DRVI01 2009-12,X1632_S2_B10,Kong et al. Immunity 44:939 (2016),27067056,,,501
polyclonal DRVI01 2009-12,X2278_C2_B6,Kong et al. Immunity 44:939 (2016),27067056,,,3094
polyclonal DRVI01 2009-12,ZM109_4,Kong et al. Immunity 44:939 (2016),27067056,,,358
polyclonal DRVI01 2009-12,ZM249_1,Kong et al. Immunity 44:939 (2016),27067056,,,1003
polyclonal EB179,0260_V5_C36,Freund et al. PLoS Pathog 11:e1005238 (2015),26516768,224.47,,
polyclonal EB179,3016_V5_C45,Freund et al. PLoS Pathog 11:e1005238 (2015),26516768,>318,,
polyclonal EB179,6540_V4_C1,Freund et al. PLoS Pathog 11:e1005238 (2015),26516768,141,,
polyclonal EB179,BAL_26,Freund et al. PLoS Pathog 11:e1005238 (2015),26516768,24.52,,
polyclonal EB179,C2101_C1,Freund et al. PLoS Pathog 11:e1005238 (2015),26516768,82.52,,
polyclonal EB179,DU422_1,Freund et al. PLoS Pathog 11:e1005238 (2015),26516768,>318,,
polyclonal EB179,Q23_17,Freund et al. PLoS Pathog 11:e1005238 (2015),26516768,32.9,,
polyclonal EB179,R2184_C4,Freund et al. PLoS Pathog 11:e1005238 (2015),26516768,>318,,
polyclonal EB179,T250_4,Freund et al. PLoS Pathog 11:e1005238 (2015),26516768,129.55,,
polyclonal EB179,T257_31,Freund et al. PLoS Pathog 11:e1005238 (2015),26516768,72.68,,
polyclonal EB179,X1193_C1,Freund et al. PLoS Pathog 11:e1005238 (2015),26516768,197.96,,
polyclonal EB179,X2131_C1_B5,Freund et al. PLoS Pathog 11:e1005238 (2015),26516768,90.38,,
polyclonal EB179,YU2,Freund et al. PLoS Pathog 11:e1005238 (2015),26516768,138.11,,
polyclonal EB179,ZM249_1,Freund et al. PLoS Pathog 11:e1005238 (2015),26516768,167.61,,
polyclonal G1015R wk350,16936_2_21,Gao et al. Adv Sci (Weinh) 9:e2200063 (2022) - Dataset 1,35319830,,,<30
polyclonal G1015R wk350,246_F3_C10_2,Gao et al. Adv Sci (Weinh) 9:e2200063 (2022) - Dataset 1,35319830,,,<30
polyclonal G1015R wk350,25710_2_43,Gao et al. Adv Sci (Weinh) 9:e2200063 (2022) - Dataset 1,35319830,,,344
polyclonal G1015R wk350,398_F1_F6_20,Gao et al. Adv Sci (Weinh) 9:e2200063 (2022) - Dataset 1,35319830,,,154
polyclonal G1015R wk350,703010217_B6,Gao et al. Adv Sci (Weinh) 9:e2200063 (2022) - Dataset 1,35319830,,,147
polyclonal G1015R wk350,92RW020_2,Gao et al. Adv Sci (Weinh) 9:e2200063 (2022) - Dataset 1,35319830,,,141
polyclonal G1015R wk350,BJOX002000_03_2,Gao et al. Adv Sci (Weinh) 9:e2200063 (2022) - Dataset 1,35319830,,,33
polyclonal G1015R wk350,CAP45_G3,Gao et al. Adv Sci (Weinh) 9:e2200063 (2022) - Dataset 1,35319830,,,322
polyclonal G1015R wk350,CE1176_A3,Gao et al. Adv Sci (Weinh) 9:e2200063 (2022) - Dataset 1,35319830,,,<30
polyclonal G1015R wk350,CH119_10,Gao et al. Adv Sci (Weinh) 9:e2200063 (2022) - Dataset 1,35319830,,,43
polyclonal G1015R wk350,CNE55,Gao et al. Adv Sci (Weinh) 9:e2200063 (2022) - Dataset 1,35319830,,,33
polyclonal G1015R wk350,CNE8,Gao et al. Adv Sci (Weinh) 9:e2200063 (2022) - Dataset 1,35319830,,,<30
polyclonal G1015R wk350,MW965_26,Gao et al. Adv Sci (Weinh) 9:e2200063 (2022) - Dataset 1,35319830,,,>810
polyclonal G1015R wk350,SC422_8,Gao et al. Adv Sci (Weinh) 9:e2200063 (2022) - Dataset 1,35319830,,,48
polyclonal G1015R wk350,SF162,Gao et al. Adv Sci (Weinh) 9:e2200063 (2022) - Dataset 1,35319830,,,>810
polyclonal G1015R wk350,TRO_11,Gao et al. Adv Sci (Weinh) 9:e2200063 (2022) - Dataset 1,35319830,,,<30
polyclonal G1015R wk350,WITO4160_33,Gao et al. Adv Sci (Weinh) 9:e2200063 (2022) - Dataset 1,35319830,,,111
polyclonal G1015R wk350,X1632_S2_B10,Gao et al. Adv Sci (Weinh) 9:e2200063 (2022) - Dataset 1,35319830,,,112
polyclonal G1015R wk350,X2278_C2_B6,Gao et al. Adv Sci (Weinh) 9:e2200063 (2022) - Dataset 1,35319830,,,163
polyclonal G1015R wk350,ZM197_7,Gao et al. Adv Sci (Weinh) 9:e2200063 (2022) - Dataset 1,35319830,,,336
polyclonal IDC561,0013095_2_11,Schommers et al. Cell 180:471-489 (2020) - dataset2,32004464,260.0,,
polyclonal IDC561,001428_2_42,Schommers et al. Cell 180:471-489 (2020) - dataset2,32004464,12.8,,
polyclonal IDC561,231965_C1,Schommers et al. Cell 180:471-489 (2020) - dataset2,32004464,457.7,,
polyclonal IDC561,242_14,Schommers et al. Cell 180:471-489 (2020) - dataset2,32004464,210.2,,
polyclonal IDC561,246_F3_C10_2,Schommers et al. Cell 180:471-489 (2020) - dataset2,32004464,46.5,,
polyclonal IDC561,247_23,Schommers et al. Cell 180:471-489 (2020) - dataset2,32004464,163.2,,
polyclonal IDC561,25710_2_43,Schommers et al. Cell 180:471-489 (2020) - dataset2,32004464,36.0,,
polyclonal IDC561,26191_2_48,Schommers et al. Cell 180:471-489 (2020) - dataset2,32004464,64.8,,
polyclonal IDC561,3168_V4_C10,Schommers et al. Cell 180:471-489 (2020) - dataset2,32004464,191.0,,
polyclonal IDC561,398_F1_F6_20,Schommers et al. Cell 180:471-489 (2020) - dataset2,32004464,33.1,,
polyclonal IDC561,620345_C1,Schommers et al. Cell 180:471-489 (2020) - dataset2,32004464,>500,,
polyclonal IDC561,703010217_B6,Schommers et al. Cell 180:471-489 (2020) - dataset2,32004464,52.6,,
polyclonal IDC561,7165_18,Schommers et al. Cell 180:471-489 (2020) - dataset2,32004464,>500,,
polyclonal IDC561,BG505_W6M_C2_T332N,Schommers et al. Cell 180:471-489 (2020) - dataset2,32004464,22.6,,
polyclonal IDC561,BJOX002000_03_2,Schommers et al. Cell 180:471-489 (2020) - dataset2,32004464,24.4,,
polyclonal IDC561,CE1176_A3,Schommers et al. Cell 180:471-489 (2020) - dataset2,32004464,198.2,,
polyclonal IDC561,CH038_12,Schommers et al. Cell 180:471-489 (2020) - dataset2,32004464,>500,,
polyclonal IDC561,CH070_1,Schommers et al. Cell 180:471-489 (2020) - dataset2,32004464,>500,,
polyclonal IDC561,CH119_10,Schommers et al. Cell 180:471-489 (2020) - dataset2,32004464,52.9,,
polyclonal IDC561,CNE5,Schommers et al. Cell 180:471-489 (2020) - dataset2,32004464,189.8,,
polyclonal IDC561,CNE55,Schommers et al. Cell 180:471-489 (2020) - dataset2,32004464,27.2,,
polyclonal IDC561,CNE8,Schommers et al. Cell 180:471-489 (2020) - dataset2,32004464,52.0,,
polyclonal IDC561,IDC561_C08,Schommers et al. Cell 180:471-489 (2020) - dataset2,32004464,383.2,,
polyclonal IDC561,IDC561_F12,Schommers et al. Cell 180:471-489 (2020) - dataset2,32004464,300.2,,
polyclonal IDC561,IDC561_G09,Schommers et al. Cell 180:471-489 (2020) - dataset2,32004464,>500,,
polyclonal IDC561,IDC561_G10,Schommers et al. Cell 180:471-489 (2020) - dataset2,32004464,>500,,
polyclonal IDC561,IDC561_H05,Schommers et al. Cell 180:471-489 (2020) - dataset2,32004464,424.6,,
polyclonal IDC561,IDC561_H08,Schommers et al. Cell 180:471-489 (2020) - dataset2,32004464,425.3,,
polyclonal IDC561,KER2008_12,Schommers et al. Cell 180:471-489 (2020) - dataset2,32004464,143.5,,
polyclonal IDC561,M02138,Schommers et al. Cell 180:471-489 (2020) - dataset2,32004464,453.2,,
polyclonal IDC561,Q259_17,Schommers et al. Cell 180:471-489 (2020) - dataset2,32004464,25.2,,
polyclonal IDC561,Q461_E2,Schommers et al. Cell 180:471-489 (2020) - dataset2,32004464,107.0,,
polyclonal IDC561,TH976_17,Schommers et al. Cell 180:471-489 (2020) - dataset2,32004464,23.1,,
polyclonal IDC561,TRO_11,Schommers et al. Cell 180:471-489 (2020) - dataset2,32004464,21.6,,
polyclonal IDC561,X1632_S2_B10,Schommers et al. Cell 180:471-489 (2020) - dataset2,32004464,75.0,,
polyclonal IDC561,X2278_C2_B6,Schommers et al. Cell 180:471-489 (2020) - dataset2,32004464,16.1,,
polyclonal IDC561,YU2,Schommers et al. Cell 180:471-489 (2020) - dataset2,32004464,27.0,,
polyclonal IDC561,ZM135_10A,Schommers et al. Cell 180:471-489 (2020) - dataset2,32004464,>500,,
polyclonal_M1214,AC10_29,Jia et al. Cell Host Microbe 27:963 (2020),32315598,,,305
polyclonal_M1214,AD17,Jia et al. Cell Host Microbe 27:963 (2020),32315598,,,256
polyclonal_M1214,BG505_W6M_C2,Jia et al. Cell Host Microbe 27:963 (2020),32315598,,,994
polyclonal_M1214,BL01,Jia et al. Cell Host Microbe 27:963 (2020),32315598,,,120
polyclonal_M1214,DU156_12,Jia et al. Cell Host Microbe 27:963 (2020),32315598,,,242
polyclonal_M1214,JRFL,Jia et al. Cell Host Microbe 27:963 (2020),32315598,,,8137
polyclonal_M1214,Q23_17,Jia et al. Cell Host Microbe 27:963 (2020),32315598,,,2488
polyclonal_M1214,Q842_D12,Jia et al. Cell Host Microbe 27:963 (2020),32315598,,,1440
polyclonal_M1214,YU2,Jia et al. Cell Host Microbe 27:963 (2020),32315598,,,682
polyclonal_M1214,ZM109_4,Jia et al. Cell Host Microbe 27:963 (2020),32315598,,,<50
polyclonal_M4008,AC10_29,Jia et al. Cell Host Microbe 27:963 (2020),32315598,,,338
polyclonal_M4008,AD17,Jia et al. Cell Host Microbe 27:963 (2020),32315598,,,410
polyclonal_M4008,BG505_W6M_C2,Jia et al. Cell Host Microbe 27:963 (2020),32315598,,,124
polyclonal_M4008,BL01,Jia et al. Cell Host Microbe 27:963 (2020),32315598,,,86
polyclonal_M4008,DU156_12,Jia et al. Cell Host Microbe 27:963 (2020),32315598,,,176
polyclonal_M4008,JRFL,Jia et al. Cell Host Microbe 27:963 (2020),32315598,,,2996
polyclonal_M4008,Q23_17,Jia et al. Cell Host Microbe 27:963 (2020),32315598,,,248
polyclonal_M4008,Q842_D12,Jia et al. Cell Host Microbe 27:963 (2020),32315598,,,2080
polyclonal_M4008,YU2,Jia et al. Cell Host Microbe 27:963 (2020),32315598,,,429
polyclonal_M4008,ZM109_4,Jia et al. Cell Host Microbe 27:963 (2020),32315598,,,111
polyclonal N152,0013095_2_11,Huang et al. Nature 515:138 (2104),25186731,,,1930
polyclonal N152,001428_2_42,Huang et al. Nature 515:138 (2104),25186731,,,2688
polyclonal N152,0077_V1_C16,Huang et al. Nature 515:138 (2104),25186731,,,1658
polyclonal N152,00836_2_5,Huang et al. Nature 515:138 (2104),25186731,,,265
polyclonal N152,0260_V5_C36,Huang et al. Nature 515:138 (2104),25186731,,,3906
polyclonal N152,0330_V4_C3,Huang et al. Nature 515:138 (2104),25186731,,,9263
polyclonal N152,0439_V5_C1,Huang et al. Nature 515:138 (2104),25186731,,,4111
polyclonal N152,0815_V3_C3,Huang et al. Nature 515:138 (2104),25186731,,,465
polyclonal N152,0921_V2_C14,Huang et al. Nature 515:138 (2104),25186731,,,46
polyclonal N152,16055_2_3,Huang et al. Nature 515:138 (2104),25186731,,,7672
polyclonal N152,16845_2_22,Huang et al. Nature 515:138 (2104),25186731,,,11099
polyclonal N152,16936_2_21,Huang et al. Nature 515:138 (2104),25186731,,,8448
polyclonal N152,231965_C1,Huang et al. Nature 515:138 (2104),25186731,,,7990
polyclonal N152,235_47,Huang et al. Nature 515:138 (2104),25186731,,,457
polyclonal N152,242_14,Huang et al. Nature 515:138 (2104),25186731,,,6609
polyclonal N152,247_23,Huang et al. Nature 515:138 (2104),25186731,,,9426
polyclonal N152,25710_2_43,Huang et al. Nature 515:138 (2104),25186731,,,9868
polyclonal N152,25711_2_4,Huang et al. Nature 515:138 (2104),25186731,,,4093
polyclonal N152,25925_2_22,Huang et al. Nature 515:138 (2104),25186731,,,3217
polyclonal N152,26191_2_48,Huang et al. Nature 515:138 (2104),25186731,,,35.2
polyclonal N152,263_8,Huang et al. Nature 515:138 (2104),25186731,,,3500
polyclonal N152,269_12,Huang et al. Nature 515:138 (2104),25186731,,,95876
polyclonal N152,271_11,Huang et al. Nature 515:138 (2104),25186731,,,2733
polyclonal N152,288_38,Huang et al. Nature 515:138 (2104),25186731,,,1949
polyclonal N152,3016_V5_C45,Huang et al. Nature 515:138 (2104),25186731,,,6403
polyclonal N152,3168_V4_C10,Huang et al. Nature 515:138 (2104),25186731,,,7844
polyclonal N152,3301_V1_C24,Huang et al. Nature 515:138 (2104),25186731,,,9904
polyclonal N152,3326_V4_C3,Huang et al. Nature 515:138 (2104),25186731,,,111
polyclonal N152,3337_V2_C6,Huang et al. Nature 515:138 (2104),25186731,,,22394
polyclonal N152,3365_V2_C20,Huang et al. Nature 515:138 (2104),25186731,,,9810
polyclonal N152,3415_V1_C1,Huang et al. Nature 515:138 (2104),25186731,,,12934
polyclonal N152,3468_V1_C12,Huang et al. Nature 515:138 (2104),25186731,,,12304
polyclonal N152,3589_V1_C4,Huang et al. Nature 515:138 (2104),25186731,,,143
polyclonal N152,3637_V5_C3,Huang et al. Nature 515:138 (2104),25186731,,,777
polyclonal N152,3718_3_11,Huang et al. Nature 515:138 (2104),25186731,,,2167
polyclonal N152,3873_V1_C24,Huang et al. Nature 515:138 (2104),25186731,,,1353
polyclonal N152,3988_25,Huang et al. Nature 515:138 (2104),25186731,,,1332
polyclonal N152,398_F1_F6_20,Huang et al. Nature 515:138 (2104),25186731,,,11290
polyclonal N152,57128_VRC15,Huang et al. Nature 515:138 (2104),25186731,,,11880
polyclonal N152,5768_4,Huang et al. Nature 515:138 (2104),25186731,,,140
polyclonal N152,6095_V1_C10,Huang et al. Nature 515:138 (2104),25186731,,,7918
polyclonal N152,6101_1,Huang et al. Nature 515:138 (2104),25186731,,,1372
polyclonal N152,620345_C1,Huang et al. Nature 515:138 (2104),25186731,,,187
polyclonal N152,6322_V4_C1,Huang et al. Nature 515:138 (2104),25186731,,,8201
polyclonal N152,6405_V4_C34,Huang et al. Nature 515:138 (2104),25186731,,,19040
polyclonal N152,6471_V1_C16,Huang et al. Nature 515:138 (2104),25186731,,,3099
polyclonal N152,6535_3,Huang et al. Nature 515:138 (2104),25186731,,,7906
polyclonal N152,6540_V4_C1,Huang et al. Nature 515:138 (2104),25186731,,,3626
polyclonal N152,6545_V3_C13,Huang et al. Nature 515:138 (2104),25186731,,,5118
polyclonal N152,6545_V4_C1,Huang et al. Nature 515:138 (2104),25186731,,,3797
polyclonal N152,6631_V3_C10,Huang et al. Nature 515:138 (2104),25186731,,,49.4
polyclonal N152,6644_V2_C33,Huang et al. Nature 515:138 (2104),25186731,,,2654
polyclonal N152,6785_V5_C14,Huang et al. Nature 515:138 (2104),25186731,,,17458
polyclonal N152,6838_V1_C35,Huang et al. Nature 515:138 (2104),25186731,,,719
polyclonal N152,7165_18,Huang et al. Nature 515:138 (2104),25186731,,,9575
polyclonal N152,89_6,Huang et al. Nature 515:138 (2104),25186731,,,1943
polyclonal N152,928_28,Huang et al. Nature 515:138 (2104),25186731,,,5652
polyclonal N152,92BR025_9,Huang et al. Nature 515:138 (2104),25186731,,,7102
polyclonal N152,92RW020_2,Huang et al. Nature 515:138 (2104),25186731,,,1341
polyclonal N152,96ZM651_02,Huang et al. Nature 515:138 (2104),25186731,,,7423
polyclonal N152,A03349M1_VRC4A,Huang et al. Nature 515:138 (2104),25186731,,,15192
polyclonal N152,AC10_29,Huang et al. Nature 515:138 (2104),25186731,,,13018
polyclonal N152,ADA,Huang et al. Nature 515:138 (2104),25186731,,,15877
polyclonal N152,BAL_01,Huang et al. Nature 515:138 (2104),25186731,,,1590
polyclonal N152,BAL_26,Huang et al. Nature 515:138 (2104),25186731,,,5407
polyclonal N152,BB201_B42,Huang et al. Nature 515:138 (2104),25186731,,,470
polyclonal N152,BB539_2B13,Huang et al. Nature 515:138 (2104),25186731,,,1947
polyclonal N152,BG1168_1,Huang et al. Nature 515:138 (2104),25186731,,,167
polyclonal N152,BI369_9A,Huang et al. Nature 515:138 (2104),25186731,,,6422
polyclonal N152,BL01,Huang et al. Nature 515:138 (2104),25186731,,,1044
polyclonal N152,BR07,Huang et al. Nature 515:138 (2104),25186731,,,4626
polyclonal N152,BS208_B1,Huang et al. Nature 515:138 (2104),25186731,,,9293
polyclonal N152,BX08_16,Huang et al. Nature 515:138 (2104),25186731,,,74924
polyclonal N152,C1080_C3,Huang et al. Nature 515:138 (2104),25186731,,,8632
polyclonal N152,C2101_C1,Huang et al. Nature 515:138 (2104),25186731,,,12603
polyclonal N152,C3347_C11,Huang et al. Nature 515:138 (2104),25186731,,,32066
polyclonal N152,C4118_9,Huang et al. Nature 515:138 (2104),25186731,,,25357
polyclonal N152,CAAN5342,Huang et al. Nature 515:138 (2104),25186731,,,1364
polyclonal N152,CAP210_E8,Huang et al. Nature 515:138 (2104),25186731,,,33972
polyclonal N152,CAP244_D3,Huang et al. Nature 515:138 (2104),25186731,,,2859
polyclonal N152,CAP45_G3,Huang et al. Nature 515:138 (2104),25186731,,,1909
polyclonal N152,CH038_12,Huang et al. Nature 515:138 (2104),25186731,,,4565
polyclonal N152,CH070_1,Huang et al. Nature 515:138 (2104),25186731,,,3504
polyclonal N152,CH117_4,Huang et al. Nature 515:138 (2104),25186731,,,8831
polyclonal N152,CH181_12,Huang et al. Nature 515:138 (2104),25186731,,,4947
polyclonal N152,CNE10,Huang et al. Nature 515:138 (2104),25186731,,,8422
polyclonal N152,CNE12,Huang et al. Nature 515:138 (2104),25186731,,,2475
polyclonal N152,CNE14,Huang et al. Nature 515:138 (2104),25186731,,,7920
polyclonal N152,CNE15,Huang et al. Nature 515:138 (2104),25186731,,,29955
polyclonal N152,CNE3,Huang et al. Nature 515:138 (2104),25186731,,,70.5
polyclonal N152,CNE30,Huang et al. Nature 515:138 (2104),25186731,,,3150
polyclonal N152,CNE31,Huang et al. Nature 515:138 (2104),25186731,,,88.2
polyclonal N152,CNE4,Huang et al. Nature 515:138 (2104),25186731,,,13863
polyclonal N152,CNE40,Huang et al. Nature 515:138 (2104),25186731,,,43426
polyclonal N152,CNE5,Huang et al. Nature 515:138 (2104),25186731,,,38.3
polyclonal N152,CNE53,Huang et al. Nature 515:138 (2104),25186731,,,14560
polyclonal N152,CNE55,Huang et al. Nature 515:138 (2104),25186731,,,22242
polyclonal N152,CNE56,Huang et al. Nature 515:138 (2104),25186731,,,1145
polyclonal N152,CNE57,Huang et al. Nature 515:138 (2104),25186731,,,1687
polyclonal N152,CNE58,Huang et al. Nature 515:138 (2104),25186731,,,368
polyclonal N152,CNE59,Huang et al. Nature 515:138 (2104),25186731,,,3223
polyclonal N152,CNE7,Huang et al. Nature 515:138 (2104),25186731,,,82869
polyclonal N152,DJ263_8,Huang et al. Nature 515:138 (2104),25186731,,,5021
polyclonal N152,DU123_06,Huang et al. Nature 515:138 (2104),25186731,,,12736
polyclonal N152,DU151_02,Huang et al. Nature 515:138 (2104),25186731,,,4533
polyclonal N152,DU156_12,Huang et al. Nature 515:138 (2104),25186731,,,2021
polyclonal N152,DU172_17,Huang et al. Nature 515:138 (2104),25186731,,,2564
polyclonal N152,DU422_1,Huang et al. Nature 515:138 (2104),25186731,,,325
polyclonal N152,H086_8,Huang et al. Nature 515:138 (2104),25186731,,,1372
polyclonal N152,HT593_1,Huang et al. Nature 515:138 (2104),25186731,,,7037
polyclonal N152,HXB2,Huang et al. Nature 515:138 (2104),25186731,,,6443
polyclonal N152,JRCSF,Huang et al. Nature 515:138 (2104),25186731,,,4641
polyclonal N152,JRFL,Huang et al. Nature 515:138 (2104),25186731,,,860
polyclonal N152,KER2008_12,Huang et al. Nature 515:138 (2104),25186731,,,8198
polyclonal N152,KER2018_11,Huang et al. Nature 515:138 (2104),25186731,,,397
polyclonal N152,KNH1209_18,Huang et al. Nature 515:138 (2104),25186731,,,2457
polyclonal N152,M02138,Huang et al. Nature 515:138 (2104),25186731,,,15153
polyclonal N152,MB201_A1,Huang et al. Nature 515:138 (2104),25186731,,,4508
polyclonal N152,MB539_2B7,Huang et al. Nature 515:138 (2104),25186731,,,726
polyclonal N152,MI369_A5,Huang et al. Nature 515:138 (2104),25186731,,,2259
polyclonal N152,MN_3,Huang et al. Nature 515:138 (2104),25186731,,,48721
polyclonal N152,MS208_A1,Huang et al. Nature 515:138 (2104),25186731,,,14167
polyclonal N152,MW965_26,Huang et al. Nature 515:138 (2104),25186731,,,42805
polyclonal N152,NKU3006_EC1,Huang et al. Nature 515:138 (2104),25186731,,,12585
polyclonal N152,PVO_4,Huang et al. Nature 515:138 (2104),25186731,,,359
polyclonal N152,Q168_A2,Huang et al. Nature 515:138 (2104),25186731,,,509
polyclonal N152,Q23_17,Huang et al. Nature 515:138 (2104),25186731,,,5898
polyclonal N152,Q259_17,Huang et al. Nature 515:138 (2104),25186731,,,953
polyclonal N152,Q461_E2,Huang et al. Nature 515:138 (2104),25186731,,,4282
polyclonal N152,Q769_D22,Huang et al. Nature 515:138 (2104),25186731,,,1834
polyclonal N152,Q769_H5,Huang et al. Nature 515:138 (2104),25186731,,,836
polyclonal N152,Q842_D12,Huang et al. Nature 515:138 (2104),25186731,,,7407
polyclonal N152,QH0515_1,Huang et al. Nature 515:138 (2104),25186731,,,7984
polyclonal N152,QH0692_42,Huang et al. Nature 515:138 (2104),25186731,,,6528
polyclonal N152,QH209_14M_A2,Huang et al. Nature 515:138 (2104),25186731,,,1490
polyclonal N152,R1166_C1,Huang et al. Nature 515:138 (2104),25186731,,,6893
polyclonal N152,R2184_C4,Huang et al. Nature 515:138 (2104),25186731,,,1474
polyclonal N152,R3265_C6,Huang et al. Nature 515:138 (2104),25186731,,,35.5
polyclonal N152,REJO4541_67,Huang et al. Nature 515:138 (2104),25186731,,,9758
polyclonal N152,RHPA4259_7,Huang et al. Nature 515:138 (2104),25186731,,,1939
polyclonal N152,S018_18,Huang et al. Nature 515:138 (2104),25186731,,,2603
polyclonal N152,SC422_8,Huang et al. Nature 515:138 (2104),25186731,,,3070
polyclonal N152,SF162,Huang et al. Nature 515:138 (2104),25186731,,,17317
polyclonal N152,T250_4,Huang et al. Nature 515:138 (2104),25186731,,,24732
polyclonal N152,T251_18,Huang et al. Nature 515:138 (2104),25186731,,,6192
polyclonal N152,T253_11,Huang et al. Nature 515:138 (2104),25186731,,,243
polyclonal N152,T255_34,Huang et al. Nature 515:138 (2104),25186731,,,687
polyclonal N152,T257_31,Huang et al. Nature 515:138 (2104),25186731,,,89.7
polyclonal N152,T266_60,Huang et al. Nature 515:138 (2104),25186731,,,14457
polyclonal N152,T278_50,Huang et al. Nature 515:138 (2104),25186731,,,2342
polyclonal N152,T280_5,Huang et al. Nature 515:138 (2104),25186731,,,2740
polyclonal N152,T33_7,Huang et al. Nature 515:138 (2104),25186731,,,1731
polyclonal N152,TH966_8,Huang et al. Nature 515:138 (2104),25186731,,,2803
polyclonal N152,TH976_17,Huang et al. Nature 515:138 (2104),25186731,,,3259
polyclonal N152,THRO4156,Huang et al. Nature 515:138 (2104),25186731,,,351
polyclonal N152,TRJO4551_58,Huang et al. Nature 515:138 (2104),25186731,,,1231
polyclonal N152,TRO_11,Huang et al. Nature 515:138 (2104),25186731,,,2773
polyclonal N152,TV1_29,Huang et al. Nature 515:138 (2104),25186731,,,241
polyclonal N152,TZA125_17,Huang et al. Nature 515:138 (2104),25186731,,,11592
polyclonal N152,TZBD_02,Huang et al. Nature 515:138 (2104),25186731,,,409
polyclonal N152,UG021_16,Huang et al. Nature 515:138 (2104),25186731,,,7703
polyclonal N152,UG024_2,Huang et al. Nature 515:138 (2104),25186731,,,11754
polyclonal N152,UG037_8,Huang et al. Nature 515:138 (2104),25186731,,,2490
polyclonal N152,WITO4160_33,Huang et al. Nature 515:138 (2104),25186731,,,133
polyclonal N152,X2088_C9,Huang et al. Nature 515:138 (2104),25186731,,,8786
polyclonal N152,YU2,Huang et al. Nature 515:138 (2104),25186731,,,279
polyclonal N152,ZA012_29,Huang et al. Nature 515:138 (2104),25186731,,,39
polyclonal N152,ZM106_9,Huang et al. Nature 515:138 (2104),25186731,,,256
polyclonal N152,ZM109_4,Huang et al. Nature 515:138 (2104),25186731,,,1856
polyclonal N152,ZM176_66,Huang et al. Nature 515:138 (2104),25186731,,,551
polyclonal N152,ZM197_7,Huang et al. Nature 515:138 (2104),25186731,,,784
polyclonal N152,ZM214_15,Huang et al. Nature 515:138 (2104),25186731,,,6130
polyclonal N152,ZM215_8,Huang et al. Nature 515:138 (2104),25186731,,,2557
polyclonal N152,ZM233_6,Huang et al. Nature 515:138 (2104),25186731,,,955
polyclonal N152,ZM249_1,Huang et al. Nature 515:138 (2104),25186731,,,896
polyclonal N152,ZM53_12,Huang et al. Nature 515:138 (2104),25186731,,,7255
polyclonal N152,ZM55_28A,Huang et al. Nature 515:138 (2104),25186731,,,133
polyclonal NIH45,0013095_2_11,Wu et al. Science 329:856 (2010),20616233,65,183,
polyclonal NIH45,001428_2_42,Wu et al. Science 329:856 (2010),20616233,26,58,
polyclonal NIH45,0330_V4_C3,Wu et al. Science 329:856 (2010),20616233,152,628,
polyclonal NIH45,1006_11_C3_1601,Wu et al. Science 329:856 (2010),20616233,70,192,
polyclonal NIH45,1012_11_TC21_3257,Wu et al. Science 329:856 (2010),20616233,35,134,
polyclonal NIH45,1054_07_TC4_1499,Wu et al. Science 329:856 (2010),20616233,134,826,
polyclonal NIH45,1056_10_TA11_1826,Wu et al. Science 329:856 (2010),20616233,266,952,
polyclonal NIH45,16055_2_3,Wu et al. Science 329:856 (2010),20616233,83,309,
polyclonal NIH45,16845_2_22,Wu et al. Science 329:856 (2010),20616233,509,>1000,
polyclonal NIH45,16936_2_21,Wu et al. Science 329:856 (2010),20616233,194,596,
polyclonal NIH45,211_9,Wu et al. Science 329:856 (2010),20616233,438,>1000,
polyclonal NIH45,235_47,Wu et al. Science 329:856 (2010),20616233,45,232,
polyclonal NIH45,242_14,Wu et al. Science 329:856 (2010),20616233,322,>1000,
polyclonal NIH45,25710_2_43,Wu et al. Science 329:856 (2010),20616233,162,633,
polyclonal NIH45,25711_2_4,Wu et al. Science 329:856 (2010),20616233,504,>1000,
polyclonal NIH45,25925_2_22,Wu et al. Science 329:856 (2010),20616233,312,679,
polyclonal NIH45,26191_2_48,Wu et al. Science 329:856 (2010),20616233,340,927,
polyclonal NIH45,263_8,Wu et al. Science 329:856 (2010),20616233,98,465,
polyclonal NIH45,271_11,Wu et al. Science 329:856 (2010),20616233,55,192,
polyclonal NIH45,286_36,Wu et al. Science 329:856 (2010),20616233,47,141,
polyclonal NIH45,288_38,Wu et al. Science 329:856 (2010),20616233,100,484,
polyclonal NIH45,3365_V2_C20,Wu et al. Science 329:856 (2010),20616233,94,266,
polyclonal NIH45,3415_V1_C1,Wu et al. Science 329:856 (2010),20616233,54,200,
polyclonal NIH45,3718_3_11,Wu et al. Science 329:856 (2010),20616233,574,>1000,
polyclonal NIH45,3988_25,Wu et al. Science 329:856 (2010),20616233,21,269,
polyclonal NIH45,57128_02,Wu et al. Science 329:856 (2010),20616233,38,308,
polyclonal NIH45,5768_4,Wu et al. Science 329:856 (2010),20616233,61,459,
polyclonal NIH45,6101_1,Wu et al. Science 329:856 (2010),20616233,207,749,
polyclonal NIH45,620345_C1,Wu et al. Science 329:856 (2010),20616233,>1000,>1000,
polyclonal NIH45,62357_14_D3_4589,Wu et al. Science 329:856 (2010),20616233,92,364,
polyclonal NIH45,6240_08_TA5_4622,Wu et al. Science 329:856 (2010),20616233,112,443,
polyclonal NIH45,6244_13_B5_4567,Wu et al. Science 329:856 (2010),20616233,168,558,
polyclonal NIH45,6535_3,Wu et al. Science 329:856 (2010),20616233,61,284,
polyclonal NIH45,700010040_C9_4520,Wu et al. Science 329:856 (2010),20616233,44,217,
polyclonal NIH45,703357_C2,Wu et al. Science 329:856 (2010),20616233,>1000,>1000,
polyclonal NIH45,7165_18,Wu et al. Science 329:856 (2010),20616233,340,>1000,
polyclonal NIH45,89_6,Wu et al. Science 329:856 (2010),20616233,132,>500,
polyclonal NIH45,9021_14_B2_4571,Wu et al. Science 329:856 (2010),20616233,132,550,
polyclonal NIH45,928_28,Wu et al. Science 329:856 (2010),20616233,517,>1000,
polyclonal NIH45,92BR025_9,Wu et al. Science 329:856 (2010),20616233,25,242,
polyclonal NIH45,92RW020_2,Wu et al. Science 329:856 (2010),20616233,143,887,
polyclonal NIH45,AC10_29,Wu et al. Science 329:856 (2010),20616233,207,>1000,
polyclonal NIH45,BG1168_1,Wu et al. Science 329:856 (2010),20616233,539,>1000,
polyclonal NIH45,BL01,Wu et al. Science 329:856 (2010),20616233,147,>1000,
polyclonal NIH45,BR07,Wu et al. Science 329:856 (2010),20616233,97,889,
polyclonal NIH45,BS208_B1,Wu et al. Science 329:856 (2010),20616233,5,46,
polyclonal NIH45,C1080_C3,Wu et al. Science 329:856 (2010),20616233,855,>1000,
polyclonal NIH45,CAAN5342,Wu et al. Science 329:856 (2010),20616233,388,>1000,
polyclonal NIH45,CAP210_E8,Wu et al. Science 329:856 (2010),20616233,423,>1000,
polyclonal NIH45,CAP244_D3,Wu et al. Science 329:856 (2010),20616233,238,1000,
polyclonal NIH45,CAP45_G3,Wu et al. Science 329:856 (2010),20616233,134,>500,
polyclonal NIH45,CH038_12,Wu et al. Science 329:856 (2010),20616233,436,>1000,
polyclonal NIH45,CH064_20,Wu et al. Science 329:856 (2010),20616233,289,629,
polyclonal NIH45,CH070_1,Wu et al. Science 329:856 (2010),20616233,>1000,>1000,
polyclonal NIH45,CH110_2,Wu et al. Science 329:856 (2010),20616233,82,235,
polyclonal NIH45,CH111_8,Wu et al. Science 329:856 (2010),20616233,595,>1000,
polyclonal NIH45,CH115_12,Wu et al. Science 329:856 (2010),20616233,746,>1000,
polyclonal NIH45,CH117_4,Wu et al. Science 329:856 (2010),20616233,42,135,
polyclonal NIH45,CH119_10,Wu et al. Science 329:856 (2010),20616233,182,694,
polyclonal NIH45,CH120_6,Wu et al. Science 329:856 (2010),20616233,666,>1000,
polyclonal NIH45,CH181_12,Wu et al. Science 329:856 (2010),20616233,257,745,
polyclonal NIH45,DJ263_8,Wu et al. Science 329:856 (2010),20616233,31,181,
polyclonal NIH45,DU123_06,Wu et al. Science 329:856 (2010),20616233,393,>500,
polyclonal NIH45,DU151_02,Wu et al. Science 329:856 (2010),20616233,248,>1000,
polyclonal NIH45,DU156_12,Wu et al. Science 329:856 (2010),20616233,115,475,
polyclonal NIH45,DU172_17,Wu et al. Science 329:856 (2010),20616233,349,>1000,
polyclonal NIH45,DU422_1,Wu et al. Science 329:856 (2010),20616233,>1000,>1000,
polyclonal NIH45,H022_7,Wu et al. Science 329:856 (2010),20616233,427,>1000,
polyclonal NIH45,H029_12,Wu et al. Science 329:856 (2010),20616233,307,913,
polyclonal NIH45,H030_7,Wu et al. Science 329:856 (2010),20616233,581,>1000,
polyclonal NIH45,H031_7,Wu et al. Science 329:856 (2010),20616233,306,804,
polyclonal NIH45,H035_18,Wu et al. Science 329:856 (2010),20616233,>1000,>1000,
polyclonal NIH45,H061_14,Wu et al. Science 329:856 (2010),20616233,160,827,
polyclonal NIH45,H077_31,Wu et al. Science 329:856 (2010),20616233,50,473,
polyclonal NIH45,H078_14,Wu et al. Science 329:856 (2010),20616233,217,>1000,
polyclonal NIH45,H079_2,Wu et al. Science 329:856 (2010),20616233,382,997,
polyclonal NIH45,H080_23,Wu et al. Science 329:856 (2010),20616233,178,599,
polyclonal NIH45,H086_8,Wu et al. Science 329:856 (2010),20616233,37,272,
polyclonal NIH45,HT593_1,Wu et al. Science 329:856 (2010),20616233,36,706,
polyclonal NIH45,JRCSF,Wu et al. Science 329:856 (2010),20616233,15,190,
polyclonal NIH45,JRFL,Wu et al. Science 329:856 (2010),20616233,21,75,
polyclonal NIH45,KER2008_12,Wu et al. Science 329:856 (2010),20616233,184,>1000,
polyclonal NIH45,KER2018_11,Wu et al. Science 329:856 (2010),20616233,>1000,>1000,
polyclonal NIH45,KNH1209_18,Wu et al. Science 329:856 (2010),20616233,87,274,
polyclonal NIH45,M02138,Wu et al. Science 329:856 (2010),20616233,93,392,
polyclonal NIH45,MS208_A1,Wu et al. Science 329:856 (2010),20616233,1000,>1000,
polyclonal NIH45,PRB926_04_A9_4237,Wu et al. Science 329:856 (2010),20616233,21,58,
polyclonal NIH45,PVO_4,Wu et al. Science 329:856 (2010),20616233,195,>1000,
polyclonal NIH45,Q168_A2,Wu et al. Science 329:856 (2010),20616233,110,559,
polyclonal NIH45,Q23_17,Wu et al. Science 329:856 (2010),20616233,33,150,
polyclonal NIH45,Q259_W6,Wu et al. Science 329:856 (2010),20616233,13,41,
polyclonal NIH45,Q461_E2,Wu et al. Science 329:856 (2010),20616233,>1000,>1000,
polyclonal NIH45,Q769_H5,Wu et al. Science 329:856 (2010),20616233,67,679,
polyclonal NIH45,Q842_D12,Wu et al. Science 329:856 (2010),20616233,50,177,
polyclonal NIH45,QH0515_1,Wu et al. Science 329:856 (2010),20616233,>1000,>1000,
polyclonal NIH45,QH0692_42,Wu et al. Science 329:856 (2010),20616233,207,>1000,
polyclonal NIH45,R2,Wu et al. Science 329:856 (2010),20616233,42,149,
polyclonal NIH45,R2184_C4,Wu et al. Science 329:856 (2010),20616233,192,476,
polyclonal NIH45,REJO4541_67,Wu et al. Science 329:856 (2010),20616233,69,228,
polyclonal NIH45,RHPA4259_7,Wu et al. Science 329:856 (2010),20616233,30,132,
polyclonal NIH45,S018_18,Wu et al. Science 329:856 (2010),20616233,31,118,
polyclonal NIH45,SC05_8C11_2344,Wu et al. Science 329:856 (2010),20616233,139,430,
polyclonal NIH45,SC422_8,Wu et al. Science 329:856 (2010),20616233,107,1000,
polyclonal NIH45,T250_4,Wu et al. Science 329:856 (2010),20616233,90,382,
polyclonal NIH45,T251_18,Wu et al. Science 329:856 (2010),20616233,841,>1000,
polyclonal NIH45,T253_11,Wu et al. Science 329:856 (2010),20616233,541,>1000,
polyclonal NIH45,T255_34,Wu et al. Science 329:856 (2010),20616233,476,>1000,
polyclonal NIH45,T257_31,Wu et al. Science 329:856 (2010),20616233,683,>1000,
polyclonal NIH45,T266_60,Wu et al. Science 329:856 (2010),20616233,592,>1000,
polyclonal NIH45,T278_50,Wu et al. Science 329:856 (2010),20616233,>1000,>1000,
polyclonal NIH45,T280_5,Wu et al. Science 329:856 (2010),20616233,41,129,
polyclonal NIH45,T33_7,Wu et al. Science 329:856 (2010),20616233,109,302,
polyclonal NIH45,TH966_8,Wu et al. Science 329:856 (2010),20616233,102,>1000,
polyclonal NIH45,TH976_17,Wu et al. Science 329:856 (2010),20616233,25,1000,
polyclonal NIH45,THRO4156,Wu et al. Science 329:856 (2010),20616233,531,>1000,
polyclonal NIH45,TRJO4551_58,Wu et al. Science 329:856 (2010),20616233,163,594,
polyclonal NIH45,TRO_11,Wu et al. Science 329:856 (2010),20616233,208,1000,
polyclonal NIH45,TV1_29,Wu et al. Science 329:856 (2010),20616233,>1000,>1000,
polyclonal NIH45,TZA125_17,Wu et al. Science 329:856 (2010),20616233,87,>1000,
polyclonal NIH45,TZBD_02,Wu et al. Science 329:856 (2010),20616233,56,220,
polyclonal NIH45,UG024_2,Wu et al. Science 329:856 (2010),20616233,14,49,
polyclonal NIH45,UG037_8,Wu et al. Science 329:856 (2010),20616233,220,731,
polyclonal NIH45,WEAU_D15_410,Wu et al. Science 329:856 (2010),20616233,52,182,
polyclonal NIH45,WITO4160_33,Wu et al. Science 329:856 (2010),20616233,312,>1000,
polyclonal NIH45,YU2,Wu et al. Science 329:856 (2010),20616233,92,222,
polyclonal NIH45,ZA012_29,Wu et al. Science 329:856 (2010),20616233,72,381,
polyclonal NIH45,ZM106_9,Wu et al. Science 329:856 (2010),20616233,212,623,
polyclonal NIH45,ZM109_4,Wu et al. Science 329:856 (2010),20616233,73,915,
polyclonal NIH45,ZM135_10A,Wu et al. Science 329:856 (2010),20616233,268,>1000,
polyclonal NIH45,ZM146_7,Wu et al. Science 329:856 (2010),20616233,67,706,
polyclonal NIH45,ZM176_66,Wu et al. Science 329:856 (2010),20616233,15,151,
polyclonal NIH45,ZM181_6,Wu et al. Science 329:856 (2010),20616233,247,>1000,
polyclonal NIH45,ZM197_7,Wu et al. Science 329:856 (2010),20616233,605,>1000,
polyclonal NIH45,ZM214_15,Wu et al. Science 329:856 (2010),20616233,141,>1000,
polyclonal NIH45,ZM215_8,Wu et al. Science 329:856 (2010),20616233,89,>1000,
polyclonal NIH45,ZM233_6,Wu et al. Science 329:856 (2010),20616233,698,>1000,
polyclonal NIH45,ZM249_1,Wu et al. Science 329:856 (2010),20616233,27,262,
polyclonal NIH45,ZM53_12,Wu et al. Science 329:856 (2010),20616233,317,>1000,
polyclonal NIH45,ZM55_28A,Wu et al. Science 329:856 (2010),20616233,156,438,
polyclonal Patient 1,231965_C1,Scheid et al. Science 333:1633 (2011),21764753,304.48,,
polyclonal Patient 1,3016_V5_C45,Scheid et al. Science 333:1633 (2011),21764753,>340,,
polyclonal Patient 1,3365_V2_C20,Scheid et al. Science 333:1633 (2011),21764753,111.54,,
polyclonal Patient 1,3415_V1_C1,Scheid et al. Science 333:1633 (2011),21764753,48.26,,
polyclonal Patient 1,620345_C1,Scheid et al. Science 333:1633 (2011),21764753,>132,,
polyclonal Patient 1,6535_3,Scheid et al. Science 333:1633 (2011),21764753,88,,
polyclonal Patient 1,DU172_17,Scheid et al. Science 333:1633 (2011),21764753,228.42,,
polyclonal Patient 1,H086_8,Scheid et al. Science 333:1633 (2011),21764753,>132,,
polyclonal Patient 1,PVO_4,Scheid et al. Science 333:1633 (2011),21764753,89,,
polyclonal Patient 1,Q842_D12,Scheid et al. Science 333:1633 (2011),21764753,12.196,,
polyclonal Patient 1,R1166_C1,Scheid et al. Science 333:1633 (2011),21764753,>340,,
polyclonal Patient 1,RHPA4259_7,Scheid et al. Science 333:1633 (2011),21764753,113,,
polyclonal Patient 1,SC422_8,Scheid et al. Science 333:1633 (2011),21764753,49,,
polyclonal Patient 1,T250_4,Scheid et al. Science 333:1633 (2011),21764753,>132,,
polyclonal Patient 1,T251_18,Scheid et al. Science 333:1633 (2011),21764753,>340,,
polyclonal Patient 1,T278_50,Scheid et al. Science 333:1633 (2011),21764753,>132,,
polyclonal Patient 1,TRO_11,Scheid et al. Science 333:1633 (2011),21764753,72,,
polyclonal Patient 1,X1254_C3,Scheid et al. Science 333:1633 (2011),21764753,222.01,,
polyclonal Patient 1,YU2,Scheid et al. Science 333:1633 (2011),21764753,131,,
polyclonal Patient 1,ZM109_4,Scheid et al. Science 333:1633 (2011),21764753,86.82,,
polyclonal Patient 1,ZM53_12,Scheid et al. Science 333:1633 (2011),21764753,60.7,,
polyclonal Patient 12,6535_3,Scheid et al. Science 333:1633 (2011),21764753,101.3,,
polyclonal Patient 12,PVO_4,Scheid et al. Science 333:1633 (2011),21764753,116.3,,
polyclonal Patient 12,RHPA4259_7,Scheid et al. Science 333:1633 (2011),21764753,30.1,,
polyclonal Patient 12,SC422_8,Scheid et al. Science 333:1633 (2011),21764753,62.7,,
polyclonal Patient 12,TRO_11,Scheid et al. Science 333:1633 (2011),21764753,53.6,,
polyclonal Patient 12,YU2,Scheid et al. Science 333:1633 (2011),21764753,50.6,,
polyclonal Patient 3,0013095_2_11,Barnes et al. Sci Adv 8:eabp8155 (2022) - dataset 2,35960796,105.50,406.70,
polyclonal Patient 3,001428_2_42,Barnes et al. Sci Adv 8:eabp8155 (2022) - dataset 2,35960796,22.70,60.60,
polyclonal Patient 3,231965_C1,Barnes et al. Sci Adv 8:eabp8155 (2022) - dataset 2,35960796,143.80,394.90,
polyclonal Patient 3,231965_C1,Scheid et al. Science 333:1633 (2011),21764753,86.54,,
polyclonal Patient 3,242_14,Barnes et al. Sci Adv 8:eabp8155 (2022) - dataset 2,35960796,194.50,>500,
polyclonal Patient 3,247_23,Barnes et al. Sci Adv 8:eabp8155 (2022) - dataset 2,35960796,60.90,163.40,
polyclonal Patient 3,26191_2_48,Barnes et al. Sci Adv 8:eabp8155 (2022) - dataset 2,35960796,278.30,>500,
polyclonal Patient 3,3016_V5_C45,Scheid et al. Science 333:1633 (2011),21764753,185.62,,
polyclonal Patient 3,3168_V4_C10,Barnes et al. Sci Adv 8:eabp8155 (2022) - dataset 2,35960796,176.10,535.80,
polyclonal Patient 3,3365_V2_C20,Scheid et al. Science 333:1633 (2011),21764753,28.46,,
polyclonal Patient 3,3415_V1_C1,Scheid et al. Science 333:1633 (2011),21764753,38.88,,
polyclonal Patient 3,620345_C1,Barnes et al. Sci Adv 8:eabp8155 (2022) - dataset 2,35960796,>500,>500,
polyclonal Patient 3,620345_C1,Scheid et al. Science 333:1633 (2011),21764753,>132,,
polyclonal Patient 3,6535_3,Scheid et al. Science 333:1633 (2011),21764753,400.4,,
polyclonal Patient 3,7165_18,Barnes et al. Sci Adv 8:eabp8155 (2022) - dataset 2,35960796,>500,>500,
polyclonal Patient 3,CH038_12,Barnes et al. Sci Adv 8:eabp8155 (2022) - dataset 2,35960796,>500,>500,
polyclonal Patient 3,CH070_1,Barnes et al. Sci Adv 8:eabp8155 (2022) - dataset 2,35960796,>500,>500,
polyclonal Patient 3,CNE5,Barnes et al. Sci Adv 8:eabp8155 (2022) - dataset 2,35960796,394.10,>500,
polyclonal Patient 3,CNE55,Barnes et al. Sci Adv 8:eabp8155 (2022) - dataset 2,35960796,165.10,428.80,
polyclonal Patient 3,DU172_17,Scheid et al. Science 333:1633 (2011),21764753,418.62,,
polyclonal Patient 3,H086_8,Scheid et al. Science 333:1633 (2011),21764753,>132,,
polyclonal Patient 3,KER2008_12,Barnes et al. Sci Adv 8:eabp8155 (2022) - dataset 2,35960796,223.00,>500,
polyclonal Patient 3,M02138,Barnes et al. Sci Adv 8:eabp8155 (2022) - dataset 2,35960796,90.00,291.80,
polyclonal Patient 3,PVO_4,Scheid et al. Science 333:1633 (2011),21764753,78.1,,
polyclonal Patient 3,Q259_17,Barnes et al. Sci Adv 8:eabp8155 (2022) - dataset 2,35960796,132.00,407.70,
polyclonal Patient 3,Q461_E2,Barnes et al. Sci Adv 8:eabp8155 (2022) - dataset 2,35960796,267.30,>500,
polyclonal Patient 3,Q842_D12,Scheid et al. Science 333:1633 (2011),21764753,6.168,,
polyclonal Patient 3,R1166_C1,Scheid et al. Science 333:1633 (2011),21764753,52.01,,
polyclonal Patient 3,RHPA4259_7,Scheid et al. Science 333:1633 (2011),21764753,16.6,,
polyclonal Patient 3,SC422_8,Scheid et al. Science 333:1633 (2011),21764753,25.9,,
polyclonal Patient 3,T250_4,Scheid et al. Science 333:1633 (2011),21764753,560.58,,
polyclonal Patient 3,T251_18,Scheid et al. Science 333:1633 (2011),21764753,104.58,,
polyclonal Patient 3,T278_50,Scheid et al. Science 333:1633 (2011),21764753,>132,,
polyclonal Patient 3,TH976_17,Barnes et al. Sci Adv 8:eabp8155 (2022) - dataset 2,35960796,71.90,309.00,
polyclonal Patient 3,TRO_11,Scheid et al. Science 333:1633 (2011),21764753,24.5,,
polyclonal Patient 3,X1254_C3,Scheid et al. Science 333:1633 (2011),21764753,81.48,,
polyclonal Patient 3,YU2,Barnes et al. Sci Adv 8:eabp8155 (2022) - dataset 2,35960796,82.90,235.40,
polyclonal Patient 3,YU2,Scheid et al. Science 333:1633 (2011),21764753,25.4,,
polyclonal Patient 3,ZM109_4,Scheid et al. Science 333:1633 (2011),21764753,12.97,,
polyclonal Patient 3,ZM135_10A,Barnes et al. Sci Adv 8:eabp8155 (2022) - dataset 2,35960796,125.70,395.50,
polyclonal Patient 3,ZM53_12,Scheid et al. Science 333:1633 (2011),21764753,383.37,,
polyclonal Patient 8,231965_C1,Scheid et al. Science 333:1633 (2011),21764753,171.56,,
polyclonal Patient 8,3016_V5_C45,Scheid et al. Science 333:1633 (2011),21764753,>227,,
polyclonal Patient 8,3365_V2_C20,Scheid et al. Science 333:1633 (2011),21764753,>227,,
polyclonal Patient 8,3415_V1_C1,Scheid et al. Science 333:1633 (2011),21764753,16.63,,
polyclonal Patient 8,620345_C1,Scheid et al. Science 333:1633 (2011),21764753,>132,,
polyclonal Patient 8,6535_3,Scheid et al. Science 333:1633 (2011),21764753,23.2,,
polyclonal Patient 8,DU172_17,Scheid et al. Science 333:1633 (2011),21764753,86.463,,
polyclonal Patient 8,H086_8,Scheid et al. Science 333:1633 (2011),21764753,>132,,
polyclonal Patient 8,PVO_4,Scheid et al. Science 333:1633 (2011),21764753,74.1,,
polyclonal Patient 8,Q842_D12,Scheid et al. Science 333:1633 (2011),21764753,4.056,,
polyclonal Patient 8,R1166_C1,Scheid et al. Science 333:1633 (2011),21764753,>227,,
polyclonal Patient 8,RHPA4259_7,Scheid et al. Science 333:1633 (2011),21764753,154.1,,
polyclonal Patient 8,SC422_8,Scheid et al. Science 333:1633 (2011),21764753,16.6,,
polyclonal Patient 8,T250_4,Scheid et al. Science 333:1633 (2011),21764753,55.09,,
polyclonal Patient 8,T251_18,Scheid et al. Science 333:1633 (2011),21764753,92.28,,
polyclonal Patient 8,T278_50,Scheid et al. Science 333:1633 (2011),21764753,>132,,
polyclonal Patient 8,TRO_11,Scheid et al. Science 333:1633 (2011),21764753,62.2,,
polyclonal Patient 8,X1254_C3,Scheid et al. Science 333:1633 (2011),21764753,>227,,
polyclonal Patient 8,YU2,Scheid et al. Science 333:1633 (2011),21764753,32.7,,
polyclonal Patient 8,ZM109_4,Scheid et al. Science 333:1633 (2011),21764753,>227,,
polyclonal Patient 8,ZM53_12,Scheid et al. Science 333:1633 (2011),21764753,>227,,
polyclonal PC39,0013095_2_11,Joyce et al. PLoS Pathog.19:e1011416 (2023) - dataset 2,37384622,,,60
polyclonal PC39,001428_2_42,Joyce et al. PLoS Pathog.19:e1011416 (2023) - dataset 2,37384622,,,49
polyclonal PC39,0330_V4_C3,Joyce et al. PLoS Pathog.19:e1011416 (2023) - dataset 2,37384622,,,692
polyclonal PC39,0815_V3_C3,Joyce et al. PLoS Pathog.19:e1011416 (2023) - dataset 2,37384622,,,144
polyclonal PC39,1006_11_C3_1601,Joyce et al. PLoS Pathog.19:e1011416 (2023) - dataset 2,37384622,,,89
polyclonal PC39,1012_11_TC21_3257,Joyce et al. PLoS Pathog.19:e1011416 (2023) - dataset 2,37384622,,,42
polyclonal PC39,1054_07_TC4_1499,Joyce et al. PLoS Pathog.19:e1011416 (2023) - dataset 2,37384622,,,125
polyclonal PC39,1056_10_TA11_1826,Joyce et al. PLoS Pathog.19:e1011416 (2023) - dataset 2,37384622,,,378
polyclonal PC39,1394_C9G1,Joyce et al. PLoS Pathog.19:e1011416 (2023) - dataset 2,37384622,,,799
polyclonal PC39,16055_2_3,Joyce et al. PLoS Pathog.19:e1011416 (2023) - dataset 2,37384622,,,66
polyclonal PC39,191084_B7_19,Joyce et al. PLoS Pathog.19:e1011416 (2023) - dataset 2,37384622,,,141
polyclonal PC39,191955_A11,Joyce et al. PLoS Pathog.19:e1011416 (2023) - dataset 2,37384622,,,611
polyclonal PC39,231965_C1,Joyce et al. PLoS Pathog.19:e1011416 (2023) - dataset 2,37384622,,,1
polyclonal PC39,235_47,Joyce et al. PLoS Pathog.19:e1011416 (2023) - dataset 2,37384622,,,41
polyclonal PC39,249M_B10,Joyce et al. PLoS Pathog.19:e1011416 (2023) - dataset 2,37384622,,,191
polyclonal PC39,263_8,Joyce et al. PLoS Pathog.19:e1011416 (2023) - dataset 2,37384622,,,32
polyclonal PC39,3103_V3_C10,Joyce et al. PLoS Pathog.19:e1011416 (2023) - dataset 2,37384622,,,185
polyclonal PC39,3301_V1_C24,Joyce et al. PLoS Pathog.19:e1011416 (2023) - dataset 2,37384622,,,78
polyclonal PC39,3817_V2_C59,Joyce et al. PLoS Pathog.19:e1011416 (2023) - dataset 2,37384622,,,336
polyclonal PC39,6041_V3_C23,Joyce et al. PLoS Pathog.19:e1011416 (2023) - dataset 2,37384622,,,1
polyclonal PC39,620345_C1,Joyce et al. PLoS Pathog.19:e1011416 (2023) - dataset 2,37384622,,,313
polyclonal PC39,62357_14_D3_4589,Joyce et al. PLoS Pathog.19:e1011416 (2023) - dataset 2,37384622,,,216
polyclonal PC39,6240_08_TA5_4622,Joyce et al. PLoS Pathog.19:e1011416 (2023) - dataset 2,37384622,,,178
polyclonal PC39,6244_13_B5_4567,Joyce et al. PLoS Pathog.19:e1011416 (2023) - dataset 2,37384622,,,531
polyclonal PC39,6480_V4_C25,Joyce et al. PLoS Pathog.19:e1011416 (2023) - dataset 2,37384622,,,383
polyclonal PC39,6535_3,Joyce et al. PLoS Pathog.19:e1011416 (2023) - dataset 1,37384622,,,1883
polyclonal PC39,6535_3,Joyce et al. PLoS Pathog.19:e1011416 (2023) - dataset 2,37384622,,,831
polyclonal PC39,6540_V4_C1,Joyce et al. PLoS Pathog.19:e1011416 (2023) - dataset 2,37384622,,,91
polyclonal PC39,6545_V4_C1,Joyce et al. PLoS Pathog.19:e1011416 (2023) - dataset 2,37384622,,,187
polyclonal PC39,6811_V7_C18,Joyce et al. PLoS Pathog.19:e1011416 (2023) - dataset 2,37384622,,,229
polyclonal PC39,6952_V1_C20,Joyce et al. PLoS Pathog.19:e1011416 (2023) - dataset 2,37384622,,,379
polyclonal PC39,703010054_2A2,Joyce et al. PLoS Pathog.19:e1011416 (2023) - dataset 2,37384622,,,54
polyclonal PC39,703010200_1E5,Joyce et al. PLoS Pathog.19:e1011416 (2023) - dataset 2,37384622,,,242
polyclonal PC39,704809221_1B3,Joyce et al. PLoS Pathog.19:e1011416 (2023) - dataset 2,37384622,,,290
polyclonal PC39,89_6,Joyce et al. PLoS Pathog.19:e1011416 (2023) - dataset 1,37384622,,,622
polyclonal PC39,928_28,Joyce et al. PLoS Pathog.19:e1011416 (2023) - dataset 2,37384622,,,524
polyclonal PC39,92BR020,Joyce et al. PLoS Pathog.19:e1011416 (2023) - dataset 1,37384622,,,1536
polyclonal PC39,92RW020_2,Joyce et al. PLoS Pathog.19:e1011416 (2023) - dataset 1,37384622,,,1522
polyclonal PC39,92TH021,Joyce et al. PLoS Pathog.19:e1011416 (2023) - dataset 1,37384622,,,365
polyclonal PC39,93IN905,Joyce et al. PLoS Pathog.19:e1011416 (2023) - dataset 1,37384622,,,184
polyclonal PC39,94UG103,Joyce et al. PLoS Pathog.19:e1011416 (2023) - dataset 1,37384622,,,49
polyclonal PC39,A07412M1_VRC12,Joyce et al. PLoS Pathog.19:e1011416 (2023) - dataset 2,37384622,,,63
polyclonal PC39,AC10_29,Joyce et al. PLoS Pathog.19:e1011416 (2023) - dataset 2,37384622,,,74
polyclonal PC39,ADA,Joyce et al. PLoS Pathog.19:e1011416 (2023) - dataset 1,37384622,,,264
polyclonal PC39,BAL_01,Joyce et al. PLoS Pathog.19:e1011416 (2023) - dataset 1,37384622,,,610
polyclonal PC39,BF1266_431A,Joyce et al. PLoS Pathog.19:e1011416 (2023) - dataset 2,37384622,,,490
polyclonal PC39,BG505_W6M_C2,Joyce et al. PLoS Pathog.19:e1011416 (2023) - dataset 1,37384622,,,73
polyclonal PC39,BJOX009000_02_4,Joyce et al. PLoS Pathog.19:e1011416 (2023) - dataset 2,37384622,,,137
polyclonal PC39,BJOX010000_06_2,Joyce et al. PLoS Pathog.19:e1011416 (2023) - dataset 2,37384622,,,142
polyclonal PC39,BJOX015000_11_5,Joyce et al. PLoS Pathog.19:e1011416 (2023) - dataset 2,37384622,,,213
polyclonal PC39,BJOX025000_01_1,Joyce et al. PLoS Pathog.19:e1011416 (2023) - dataset 2,37384622,,,59
polyclonal PC39,BJOX028000_10_3,Joyce et al. PLoS Pathog.19:e1011416 (2023) - dataset 2,37384622,,,965
polyclonal PC39,C1080_C3,Joyce et al. PLoS Pathog.19:e1011416 (2023) - dataset 2,37384622,,,355
polyclonal PC39,C3347_C11,Joyce et al. PLoS Pathog.19:e1011416 (2023) - dataset 2,37384622,,,307
polyclonal PC39,C4118_9,Joyce et al. PLoS Pathog.19:e1011416 (2023) - dataset 2,37384622,,,86
polyclonal PC39,CAAN5342,Joyce et al. PLoS Pathog.19:e1011416 (2023) - dataset 1,37384622,,,298
polyclonal PC39,CAAN5342,Joyce et al. PLoS Pathog.19:e1011416 (2023) - dataset 2,37384622,,,79
polyclonal PC39,CAP210_E8,Joyce et al. PLoS Pathog.19:e1011416 (2023) - dataset 1,37384622,,,814
polyclonal PC39,CAP210_E8,Joyce et al. PLoS Pathog.19:e1011416 (2023) - dataset 2,37384622,,,306
polyclonal PC39,CAP45_G3,Joyce et al. PLoS Pathog.19:e1011416 (2023) - dataset 1,37384622,,,184
polyclonal PC39,CAP45_G3,Joyce et al. PLoS Pathog.19:e1011416 (2023) - dataset 2,37384622,,,787
polyclonal PC39,CE0393_C3,Joyce et al. PLoS Pathog.19:e1011416 (2023) - dataset 2,37384622,,,305
polyclonal PC39,CE1172_H1,Joyce et al. PLoS Pathog.19:e1011416 (2023) - dataset 2,37384622,,,672
polyclonal PC39,CE1176_A3,Joyce et al. PLoS Pathog.19:e1011416 (2023) - dataset 2,37384622,,,441
polyclonal PC39,CE2010_F5,Joyce et al. PLoS Pathog.19:e1011416 (2023) - dataset 2,37384622,,,2
polyclonal PC39,CE2060_G9,Joyce et al. PLoS Pathog.19:e1011416 (2023) - dataset 2,37384622,,,26
polyclonal PC39,CNE17,Joyce et al. PLoS Pathog.19:e1011416 (2023) - dataset 2,37384622,,,333
polyclonal PC39,CNE19,Joyce et al. PLoS Pathog.19:e1011416 (2023) - dataset 2,37384622,,,4013
polyclonal PC39,CNE20,Joyce et al. PLoS Pathog.19:e1011416 (2023) - dataset 2,37384622,,,1556
polyclonal PC39,CNE21,Joyce et al. PLoS Pathog.19:e1011416 (2023) - dataset 2,37384622,,,130
polyclonal PC39,CNE30,Joyce et al. PLoS Pathog.19:e1011416 (2023) - dataset 2,37384622,,,1
polyclonal PC39,CNE5,Joyce et al. PLoS Pathog.19:e1011416 (2023) - dataset 2,37384622,,,65
polyclonal PC39,CNE52,Joyce et al. PLoS Pathog.19:e1011416 (2023) - dataset 2,37384622,,,1
polyclonal PC39,CNE53,Joyce et al. PLoS Pathog.19:e1011416 (2023) - dataset 2,37384622,,,1916
polyclonal PC39,CNE58,Joyce et al. PLoS Pathog.19:e1011416 (2023) - dataset 2,37384622,,,1667
polyclonal PC39,CNE8,Joyce et al. PLoS Pathog.19:e1011416 (2023) - dataset 2,37384622,,,17
polyclonal PC39,DH12,Joyce et al. PLoS Pathog.19:e1011416 (2023) - dataset 1,37384622,,,2208
polyclonal PC39,DU156_12,Joyce et al. PLoS Pathog.19:e1011416 (2023) - dataset 1,37384622,,,281
polyclonal PC39,DU156_12,Joyce et al. PLoS Pathog.19:e1011416 (2023) - dataset 2,37384622,,,609
polyclonal PC39,DU172_17,Joyce et al. PLoS Pathog.19:e1011416 (2023) - dataset 1,37384622,,,696
polyclonal PC39,DU172_17,Joyce et al. PLoS Pathog.19:e1011416 (2023) - dataset 2,37384622,,,320
polyclonal PC39,DU422_1,Joyce et al. PLoS Pathog.19:e1011416 (2023) - dataset 1,37384622,,,164
polyclonal PC39,DU422_1,Joyce et al. PLoS Pathog.19:e1011416 (2023) - dataset 2,37384622,,,198
polyclonal PC39,HXB2,Joyce et al. PLoS Pathog.19:e1011416 (2023) - dataset 1,37384622,,,12390
polyclonal PC39,IAVI_C22,Joyce et al. PLoS Pathog.19:e1011416 (2023) - dataset 1,37384622,,,1165
polyclonal PC39,JRCSF,Joyce et al. PLoS Pathog.19:e1011416 (2023) - dataset 1,37384622,,,1124
polyclonal PC39,JRFL,Joyce et al. PLoS Pathog.19:e1011416 (2023) - dataset 1,37384622,,,686
polyclonal PC39,KNH1144,Joyce et al. PLoS Pathog.19:e1011416 (2023) - dataset 1,37384622,,,218
polyclonal PC39,MN_3,Joyce et al. PLoS Pathog.19:e1011416 (2023) - dataset 1,37384622,,,9798
polyclonal PC39,MS208_A1,Joyce et al. PLoS Pathog.19:e1011416 (2023) - dataset 2,37384622,,,670
polyclonal PC39,P0402_C2_11,Joyce et al. PLoS Pathog.19:e1011416 (2023) - dataset 2,37384622,,,206
polyclonal PC39,P1981_C5_3,Joyce et al. PLoS Pathog.19:e1011416 (2023) - dataset 2,37384622,,,1028
polyclonal PC39,PVO_4,Joyce et al. PLoS Pathog.19:e1011416 (2023) - dataset 1,37384622,,,137
polyclonal PC39,PVO_4,Joyce et al. PLoS Pathog.19:e1011416 (2023) - dataset 2,37384622,,,671
polyclonal PC39,Q23_17,Joyce et al. PLoS Pathog.19:e1011416 (2023) - dataset 2,37384622,,,865
polyclonal PC39,Q259_17,Joyce et al. PLoS Pathog.19:e1011416 (2023) - dataset 2,37384622,,,105
polyclonal PC39,Q461_E2,Joyce et al. PLoS Pathog.19:e1011416 (2023) - dataset 2,37384622,,,20
polyclonal PC39,Q769_D22,Joyce et al. PLoS Pathog.19:e1011416 (2023) - dataset 2,37384622,,,111
polyclonal PC39,QH0692_42,Joyce et al. PLoS Pathog.19:e1011416 (2023) - dataset 1,37384622,,,572
polyclonal PC39,QH0692_42,Joyce et al. PLoS Pathog.19:e1011416 (2023) - dataset 2,37384622,,,47
polyclonal PC39,R1166_C1,Joyce et al. PLoS Pathog.19:e1011416 (2023) - dataset 2,37384622,,,132
polyclonal PC39,R2184_C4,Joyce et al. PLoS Pathog.19:e1011416 (2023) - dataset 2,37384622,,,58
polyclonal PC39,R3265_C6,Joyce et al. PLoS Pathog.19:e1011416 (2023) - dataset 2,37384622,,,7
polyclonal PC39,REJO4541_67,Joyce et al. PLoS Pathog.19:e1011416 (2023) - dataset 1,37384622,,,159
polyclonal PC39,RHPA4259_7,Joyce et al. PLoS Pathog.19:e1011416 (2023) - dataset 1,37384622,,,1181
polyclonal PC39,SC05_8C11_2344,Joyce et al. PLoS Pathog.19:e1011416 (2023) - dataset 2,37384622,,,70
polyclonal PC39,SC422_8,Joyce et al. PLoS Pathog.19:e1011416 (2023) - dataset 1,37384622,,,114
polyclonal PC39,SC422_8,Joyce et al. PLoS Pathog.19:e1011416 (2023) - dataset 2,37384622,,,278
polyclonal PC39,SF162,Joyce et al. PLoS Pathog.19:e1011416 (2023) - dataset 1,37384622,,,5963
polyclonal PC39,SS1196_1,Joyce et al. PLoS Pathog.19:e1011416 (2023) - dataset 1,37384622,,,1051
polyclonal PC39,T250_4,Joyce et al. PLoS Pathog.19:e1011416 (2023) - dataset 2,37384622,,,20
polyclonal PC39,T251_18,Joyce et al. PLoS Pathog.19:e1011416 (2023) - dataset 2,37384622,,,65
polyclonal PC39,T255_34,Joyce et al. PLoS Pathog.19:e1011416 (2023) - dataset 2,37384622,,,597
polyclonal PC39,T257_31,Joyce et al. PLoS Pathog.19:e1011416 (2023) - dataset 2,37384622,,,41
polyclonal PC39,T278_50,Joyce et al. PLoS Pathog.19:e1011416 (2023) - dataset 2,37384622,,,146
polyclonal PC39,TRJO4551_58,Joyce et al. PLoS Pathog.19:e1011416 (2023) - dataset 1,37384622,,,690
polyclonal PC39,TRO_11,Joyce et al. PLoS Pathog.19:e1011416 (2023) - dataset 1,37384622,,,1265
polyclonal PC39,TRO_11,Joyce et al. PLoS Pathog.19:e1011416 (2023) - dataset 2,37384622,,,42
polyclonal PC39,WEAU_D15_410,Joyce et al. PLoS Pathog.19:e1011416 (2023) - dataset 2,37384622,,,235
polyclonal PC39,WITO4160_33,Joyce et al. PLoS Pathog.19:e1011416 (2023) - dataset 1,37384622,,,27
polyclonal PC39,X1193_C1,Joyce et al. PLoS Pathog.19:e1011416 (2023) - dataset 2,37384622,,,298
polyclonal PC39,X1254_C3,Joyce et al. PLoS Pathog.19:e1011416 (2023) - dataset 2,37384622,,,700
polyclonal PC39,X1632_S2_B10,Joyce et al. PLoS Pathog.19:e1011416 (2023) - dataset 2,37384622,,,132
polyclonal PC39,X2088_C9,Joyce et al. PLoS Pathog.19:e1011416 (2023) - dataset 2,37384622,,,77
polyclonal PC39,X2131_C1_B5,Joyce et al. PLoS Pathog.19:e1011416 (2023) - dataset 2,37384622,,,2046
polyclonal PC39,YU2,Joyce et al. PLoS Pathog.19:e1011416 (2023) - dataset 1,37384622,,,140
polyclonal PC39,ZM109_4,Joyce et al. PLoS Pathog.19:e1011416 (2023) - dataset 2,37384622,,,115
polyclonal PC39,ZM135_10A,Joyce et al. PLoS Pathog.19:e1011416 (2023) - dataset 1,37384622,,,39
polyclonal PC39,ZM135_10A,Joyce et al. PLoS Pathog.19:e1011416 (2023) - dataset 2,37384622,,,206
polyclonal PC39,ZM197_7,Joyce et al. PLoS Pathog.19:e1011416 (2023) - dataset 2,37384622,,,1556
polyclonal PC39,ZM214_15,Joyce et al. PLoS Pathog.19:e1011416 (2023) - dataset 1,37384622,,,236
polyclonal PC39,ZM214_15,Joyce et al. PLoS Pathog.19:e1011416 (2023) - dataset 2,37384622,,,647
polyclonal PC39,ZM233_6,Joyce et al. PLoS Pathog.19:e1011416 (2023) - dataset 2,37384622,,,1705
polyclonal PC39,ZM246F,Joyce et al. PLoS Pathog.19:e1011416 (2023) - dataset 2,37384622,,,667
polyclonal PC39,ZM247_V1,Joyce et al. PLoS Pathog.19:e1011416 (2023) - dataset 2,37384622,,,42
polyclonal PC39,ZM249_1,Joyce et al. PLoS Pathog.19:e1011416 (2023) - dataset 1,37384622,,,117
polyclonal PC39,ZM249_1,Joyce et al. PLoS Pathog.19:e1011416 (2023) - dataset 2,37384622,,,763
polyclonal PC39,ZM53_12,Joyce et al. PLoS Pathog.19:e1011416 (2023) - dataset 2,37384622,,,21
polyclonal PC63-M33,0013095_2_11,Umotoy et al. Immunity 51:141 (2019) - dataset 2,31315032,,,92
polyclonal PC63-M33,001428_2_42,Umotoy et al. Immunity 51:141 (2019) - dataset 2,31315032,,,1077
polyclonal PC63-M33,0330_V4_C3,Umotoy et al. Immunity 51:141 (2019) - dataset 2,31315032,,,735
polyclonal PC63-M33,0815_V3_C3,Umotoy et al. Immunity 51:141 (2019) - dataset 2,31315032,,,1019
polyclonal PC63-M33,1006_11_C3_1601,Umotoy et al. Immunity 51:141 (2019) - dataset 2,31315032,,,1173
polyclonal PC63-M33,1012_11_TC21_3257,Umotoy et al. Immunity 51:141 (2019) - dataset 2,31315032,,,146
polyclonal PC63-M33,1054_07_TC4_1499,Umotoy et al. Immunity 51:141 (2019) - dataset 2,31315032,,,33
polyclonal PC63-M33,1056_10_TA11_1826,Umotoy et al. Immunity 51:141 (2019) - dataset 2,31315032,,,106
polyclonal PC63-M33,1394_C9G1,Umotoy et al. Immunity 51:141 (2019) - dataset 2,31315032,,,465
polyclonal PC63-M33,16055_2_3,Umotoy et al. Immunity 51:141 (2019) - dataset 2,31315032,,,431
polyclonal PC63-M33,191084_B7_19,Umotoy et al. Immunity 51:141 (2019) - dataset 2,31315032,,,634
polyclonal PC63-M33,191955_A11,Umotoy et al. Immunity 51:141 (2019) - dataset 2,31315032,,,2018
polyclonal PC63-M33,231965_C1,Umotoy et al. Immunity 51:141 (2019) - dataset 2,31315032,,,59
polyclonal PC63-M33,235_47,Umotoy et al. Immunity 51:141 (2019) - dataset 2,31315032,,,432
polyclonal PC63-M33,249M_B10,Umotoy et al. Immunity 51:141 (2019) - dataset 2,31315032,,,301
polyclonal PC63-M33,3103_V3_C10,Umotoy et al. Immunity 51:141 (2019) - dataset 2,31315032,,,<20
polyclonal PC63-M33,3301_V1_C24,Umotoy et al. Immunity 51:141 (2019) - dataset 2,31315032,,,558
polyclonal PC63-M33,3817_V2_C59,Umotoy et al. Immunity 51:141 (2019) - dataset 2,31315032,,,232
polyclonal PC63-M33,6041_V3_C23,Umotoy et al. Immunity 51:141 (2019) - dataset 2,31315032,,,<20
polyclonal PC63-M33,620345_C1,Umotoy et al. Immunity 51:141 (2019) - dataset 2,31315032,,,170
polyclonal PC63-M33,62357_14_D3_4589,Umotoy et al. Immunity 51:141 (2019) - dataset 2,31315032,,,4317
polyclonal PC63-M33,6240_08_TA5_4622,Umotoy et al. Immunity 51:141 (2019) - dataset 2,31315032,,,71
polyclonal PC63-M33,6244_13_B5_4567,Umotoy et al. Immunity 51:141 (2019) - dataset 2,31315032,,,340
polyclonal PC63-M33,6480_V4_C25,Umotoy et al. Immunity 51:141 (2019) - dataset 2,31315032,,,416
polyclonal PC63-M33,6535_3,Umotoy et al. Immunity 51:141 (2019) - dataset 1,31315032,,,263
polyclonal PC63-M33,6540_V4_C1,Umotoy et al. Immunity 51:141 (2019) - dataset 2,31315032,,,24
polyclonal PC63-M33,6545_V4_C1,Umotoy et al. Immunity 51:141 (2019) - dataset 2,31315032,,,2
polyclonal PC63-M33,6811_V7_C18,Umotoy et al. Immunity 51:141 (2019) - dataset 2,31315032,,,141
polyclonal PC63-M33,6952_V1_C20,Umotoy et al. Immunity 51:141 (2019) - dataset 2,31315032,,,230
polyclonal PC63-M33,703010054_2A2,Umotoy et al. Immunity 51:141 (2019) - dataset 2,31315032,,,<20
polyclonal PC63-M33,703010200_1E5,Umotoy et al. Immunity 51:141 (2019) - dataset 2,31315032,,,701
polyclonal PC63-M33,704809221_1B3,Umotoy et al. Immunity 51:141 (2019) - dataset 2,31315032,,,58
polyclonal PC63-M33,89_6,Umotoy et al. Immunity 51:141 (2019) - dataset 1,31315032,,,1
polyclonal PC63-M33,928_28,Umotoy et al. Immunity 51:141 (2019) - dataset 2,31315032,,,1116
polyclonal PC63-M33,92BR020,Umotoy et al. Immunity 51:141 (2019) - dataset 1,31315032,,,834
polyclonal PC63-M33,92RW020_2,Umotoy et al. Immunity 51:141 (2019) - dataset 1,31315032,,,491
polyclonal PC63-M33,92TH021,Umotoy et al. Immunity 51:141 (2019) - dataset 1,31315032,,,456
polyclonal PC63-M33,93IN905,Umotoy et al. Immunity 51:141 (2019) - dataset 1,31315032,,,701
polyclonal PC63-M33,94UG103,Umotoy et al. Immunity 51:141 (2019) - dataset 1,31315032,,,1
polyclonal PC63-M33,A07412M1_VRC12,Umotoy et al. Immunity 51:141 (2019) - dataset 2,31315032,,,1037
polyclonal PC63-M33,AC10_29,Umotoy et al. Immunity 51:141 (2019) - dataset 2,31315032,,,79
polyclonal PC63-M33,ADA,Umotoy et al. Immunity 51:141 (2019) - dataset 1,31315032,,,192
polyclonal PC63-M33,BAL_01,Umotoy et al. Immunity 51:141 (2019) - dataset 1,31315032,,,1790
polyclonal PC63-M33,BF1266_431A,Umotoy et al. Immunity 51:141 (2019) - dataset 2,31315032,,,355
polyclonal PC63-M33,BG505_W6M_C2,Umotoy et al. Immunity 51:141 (2019) - dataset 1,31315032,,,564
polyclonal PC63-M33,BJOX009000_02_4,Umotoy et al. Immunity 51:141 (2019) - dataset 2,31315032,,,<20
polyclonal PC63-M33,BJOX010000_06_2,Umotoy et al. Immunity 51:141 (2019) - dataset 2,31315032,,,57
polyclonal PC63-M33,BJOX015000_11_5,Umotoy et al. Immunity 51:141 (2019) - dataset 2,31315032,,,36
polyclonal PC63-M33,BJOX025000_01_1,Umotoy et al. Immunity 51:141 (2019) - dataset 2,31315032,,,311
polyclonal PC63-M33,BJOX028000_10_3,Umotoy et al. Immunity 51:141 (2019) - dataset 2,31315032,,,1813
polyclonal PC63-M33,C1080_C3,Umotoy et al. Immunity 51:141 (2019) - dataset 2,31315032,,,466
polyclonal PC63-M33,C3347_C11,Umotoy et al. Immunity 51:141 (2019) - dataset 2,31315032,,,3162
polyclonal PC63-M33,C4118_9,Umotoy et al. Immunity 51:141 (2019) - dataset 2,31315032,,,477
polyclonal PC63-M33,CAAN5342,Umotoy et al. Immunity 51:141 (2019) - dataset 1,31315032,,,1
polyclonal PC63-M33,CAAN5342,Umotoy et al. Immunity 51:141 (2019) - dataset 2,31315032,,,38
polyclonal PC63-M33,CAP210_E8,Umotoy et al. Immunity 51:141 (2019) - dataset 1,31315032,,,1
polyclonal PC63-M33,CAP45_G3,Umotoy et al. Immunity 51:141 (2019) - dataset 1,31315032,,,1
polyclonal PC63-M33,CE0393_C3,Umotoy et al. Immunity 51:141 (2019) - dataset 2,31315032,,,299
polyclonal PC63-M33,CE1172_H1,Umotoy et al. Immunity 51:141 (2019) - dataset 2,31315032,,,<20
polyclonal PC63-M33,CE1176_A3,Umotoy et al. Immunity 51:141 (2019) - dataset 2,31315032,,,129
polyclonal PC63-M33,CE2010_F5,Umotoy et al. Immunity 51:141 (2019) - dataset 2,31315032,,,208
polyclonal PC63-M33,CE2060_G9,Umotoy et al. Immunity 51:141 (2019) - dataset 2,31315032,,,203
polyclonal PC63-M33,CNE17,Umotoy et al. Immunity 51:141 (2019) - dataset 2,31315032,,,<20
polyclonal PC63-M33,CNE19,Umotoy et al. Immunity 51:141 (2019) - dataset 2,31315032,,,708
polyclonal PC63-M33,CNE20,Umotoy et al. Immunity 51:141 (2019) - dataset 2,31315032,,,1510
polyclonal PC63-M33,CNE21,Umotoy et al. Immunity 51:141 (2019) - dataset 2,31315032,,,1668
polyclonal PC63-M33,CNE30,Umotoy et al. Immunity 51:141 (2019) - dataset 2,31315032,,,441
polyclonal PC63-M33,CNE5,Umotoy et al. Immunity 51:141 (2019) - dataset 2,31315032,,,21
polyclonal PC63-M33,CNE52,Umotoy et al. Immunity 51:141 (2019) - dataset 2,31315032,,,630
polyclonal PC63-M33,CNE53,Umotoy et al. Immunity 51:141 (2019) - dataset 2,31315032,,,11658
polyclonal PC63-M33,CNE58,Umotoy et al. Immunity 51:141 (2019) - dataset 2,31315032,,,2315
polyclonal PC63-M33,CNE8,Umotoy et al. Immunity 51:141 (2019) - dataset 2,31315032,,,76
polyclonal PC63-M33,DH12,Umotoy et al. Immunity 51:141 (2019) - dataset 1,31315032,,,823
polyclonal PC63-M33,DU156_12,Umotoy et al. Immunity 51:141 (2019) - dataset 1,31315032,,,654
polyclonal PC63-M33,DU156_12,Umotoy et al. Immunity 51:141 (2019) - dataset 2,31315032,,,311
polyclonal PC63-M33,DU172_17,Umotoy et al. Immunity 51:141 (2019) - dataset 1,31315032,,,589
polyclonal PC63-M33,DU172_17,Umotoy et al. Immunity 51:141 (2019) - dataset 2,31315032,,,401
polyclonal PC63-M33,DU422_1,Umotoy et al. Immunity 51:141 (2019) - dataset 1,31315032,,,1
polyclonal PC63-M33,DU422_1,Umotoy et al. Immunity 51:141 (2019) - dataset 2,31315032,,,31
polyclonal PC63-M33,HXB2,Umotoy et al. Immunity 51:141 (2019) - dataset 1,31315032,,,926
polyclonal PC63-M33,IAVI_C22,Umotoy et al. Immunity 51:141 (2019) - dataset 1,31315032,,,177
polyclonal PC63-M33,JRCSF,Umotoy et al. Immunity 51:141 (2019) - dataset 1,31315032,,,182
polyclonal PC63-M33,JRFL,Umotoy et al. Immunity 51:141 (2019) - dataset 1,31315032,,,2275
polyclonal PC63-M33,KNH1144,Umotoy et al. Immunity 51:141 (2019) - dataset 1,31315032,,,248
polyclonal PC63-M33,MN_3,Umotoy et al. Immunity 51:141 (2019) - dataset 1,31315032,,,496
polyclonal PC63-M33,MS208_A1,Umotoy et al. Immunity 51:141 (2019) - dataset 2,31315032,,,530
polyclonal PC63-M33,P0402_C2_11,Umotoy et al. Immunity 51:141 (2019) - dataset 2,31315032,,,431
polyclonal PC63-M33,P1981_C5_3,Umotoy et al. Immunity 51:141 (2019) - dataset 2,31315032,,,62
polyclonal PC63-M33,PVO_4,Umotoy et al. Immunity 51:141 (2019) - dataset 1,31315032,,,402
polyclonal PC63-M33,Q23_17,Umotoy et al. Immunity 51:141 (2019) - dataset 2,31315032,,,736
polyclonal PC63-M33,Q259_17,Umotoy et al. Immunity 51:141 (2019) - dataset 2,31315032,,,93
polyclonal PC63-M33,Q461_E2,Umotoy et al. Immunity 51:141 (2019) - dataset 2,31315032,,,57
polyclonal PC63-M33,Q769_D22,Umotoy et al. Immunity 51:141 (2019) - dataset 2,31315032,,,1355
polyclonal PC63-M33,QH0692_42,Umotoy et al. Immunity 51:141 (2019) - dataset 1,31315032,,,198
polyclonal PC63-M33,R1166_C1,Umotoy et al. Immunity 51:141 (2019) - dataset 2,31315032,,,337
polyclonal PC63-M33,R2184_C4,Umotoy et al. Immunity 51:141 (2019) - dataset 2,31315032,,,594
polyclonal PC63-M33,R3265_C6,Umotoy et al. Immunity 51:141 (2019) - dataset 2,31315032,,,138
polyclonal PC63-M33,REJO4541_67,Umotoy et al. Immunity 51:141 (2019) - dataset 1,31315032,,,273
polyclonal PC63-M33,RHPA4259_7,Umotoy et al. Immunity 51:141 (2019) - dataset 1,31315032,,,705
polyclonal PC63-M33,SC05_8C11_2344,Umotoy et al. Immunity 51:141 (2019) - dataset 2,31315032,,,95
polyclonal PC63-M33,SC422_8,Umotoy et al. Immunity 51:141 (2019) - dataset 1,31315032,,,222
polyclonal PC63-M33,SF162,Umotoy et al. Immunity 51:141 (2019) - dataset 1,31315032,,,834
polyclonal PC63-M33,SS1196_1,Umotoy et al. Immunity 51:141 (2019) - dataset 1,31315032,,,378
polyclonal PC63-M33,T250_4,Umotoy et al. Immunity 51:141 (2019) - dataset 2,31315032,,,25
polyclonal PC63-M33,T251_18,Umotoy et al. Immunity 51:141 (2019) - dataset 2,31315032,,,114
polyclonal PC63-M33,T255_34,Umotoy et al. Immunity 51:141 (2019) - dataset 2,31315032,,,264
polyclonal PC63-M33,T257_31,Umotoy et al. Immunity 51:141 (2019) - dataset 2,31315032,,,203
polyclonal PC63-M33,T278_50,Umotoy et al. Immunity 51:141 (2019) - dataset 2,31315032,,,<20
polyclonal PC63-M33,TRJO4551_58,Umotoy et al. Immunity 51:141 (2019) - dataset 1,31315032,,,246
polyclonal PC63-M33,TRO_11,Umotoy et al. Immunity 51:141 (2019) - dataset 1,31315032,,,439
polyclonal PC63-M33,TRO_11,Umotoy et al. Immunity 51:141 (2019) - dataset 2,31315032,,,649
polyclonal PC63-M33,WEAU_D15_410,Umotoy et al. Immunity 51:141 (2019) - dataset 2,31315032,,,214
polyclonal PC63-M33,WITO4160_33,Umotoy et al. Immunity 51:141 (2019) - dataset 1,31315032,,,496
polyclonal PC63-M33,X1193_C1,Umotoy et al. Immunity 51:141 (2019) - dataset 2,31315032,,,344
polyclonal PC63-M33,X1254_C3,Umotoy et al. Immunity 51:141 (2019) - dataset 2,31315032,,,68
polyclonal PC63-M33,X1632_S2_B10,Umotoy et al. Immunity 51:141 (2019) - dataset 2,31315032,,,193
polyclonal PC63-M33,X2088_C9,Umotoy et al. Immunity 51:141 (2019) - dataset 2,31315032,,,<20
polyclonal PC63-M33,X2131_C1_B5,Umotoy et al. Immunity 51:141 (2019) - dataset 2,31315032,,,411
polyclonal PC63-M33,YU2,Umotoy et al. Immunity 51:141 (2019) - dataset 1,31315032,,,1170
polyclonal PC63-M33,ZM109_4,Umotoy et al. Immunity 51:141 (2019) - dataset 2,31315032,,,<20
polyclonal PC63-M33,ZM135_10A,Umotoy et al. Immunity 51:141 (2019) - dataset 1,31315032,,,1
polyclonal PC63-M33,ZM135_10A,Umotoy et al. Immunity 51:141 (2019) - dataset 2,31315032,,,74
polyclonal PC63-M33,ZM197_7,Umotoy et al. Immunity 51:141 (2019) - dataset 2,31315032,,,281
polyclonal PC63-M33,ZM214_15,Umotoy et al. Immunity 51:141 (2019) - dataset 1,31315032,,,1
polyclonal PC63-M33,ZM214_15,Umotoy et al. Immunity 51:141 (2019) - dataset 2,31315032,,,199
polyclonal PC63-M33,ZM233_6,Umotoy et al. Immunity 51:141 (2019) - dataset 2,31315032,,,57
polyclonal PC63-M33,ZM246F,Umotoy et al. Immunity 51:141 (2019) - dataset 2,31315032,,,<20
polyclonal PC63-M33,ZM247_V1,Umotoy et al. Immunity 51:141 (2019) - dataset 2,31315032,,,<20
polyclonal PC63-M33,ZM249_1,Umotoy et al. Immunity 51:141 (2019) - dataset 1,31315032,,,330
polyclonal PC63-M33,ZM249_1,Umotoy et al. Immunity 51:141 (2019) - dataset 2,31315032,,,313
polyclonal PC63-M33,ZM53_12,Umotoy et al. Immunity 51:141 (2019) - dataset 2,31315032,,,119
polyclonal PC64-M35,0013095_2_11,Landais et al. Immunity 47:990 (2017) - dataset 1,29166592,,,76
polyclonal PC64-M35,001428_2_42,Landais et al. Immunity 47:990 (2017) - dataset 1,29166592,,,<50
polyclonal PC64-M35,0260_V5_C36,Landais et al. Immunity 47:990 (2017) - dataset 1,29166592,,,<50
polyclonal PC64-M35,0330_V4_C3,Landais et al. Immunity 47:990 (2017) - dataset 1,29166592,,,2922
polyclonal PC64-M35,0815_V3_C3,Landais et al. Immunity 47:990 (2017) - dataset 1,29166592,,,<50
polyclonal PC64-M35,1006_11_C3_1601,Landais et al. Immunity 47:990 (2017) - dataset 1,29166592,,,312
polyclonal PC64-M35,1012_11_TC21_3257,Landais et al. Immunity 47:990 (2017) - dataset 1,29166592,,,70
polyclonal PC64-M35,1054_07_TC4_1499,Landais et al. Immunity 47:990 (2017) - dataset 1,29166592,,,241
polyclonal PC64-M35,1056_10_TA11_1826,Landais et al. Immunity 47:990 (2017) - dataset 1,29166592,,,53
polyclonal PC64-M35,1394_C9G1,Landais et al. Immunity 47:990 (2017) - dataset 1,29166592,,,2989
polyclonal PC64-M35,191084_B7_19,Landais et al. Immunity 47:990 (2017) - dataset 1,29166592,,,210
polyclonal PC64-M35,191955_A11,Landais et al. Immunity 47:990 (2017) - dataset 1,29166592,,,12125
polyclonal PC64-M35,211_9,Landais et al. Immunity 47:990 (2017) - dataset 1,29166592,,,<50
polyclonal PC64-M35,231965_C1,Landais et al. Immunity 47:990 (2017) - dataset 1,29166592,,,<50
polyclonal PC64-M35,235_47,Landais et al. Immunity 47:990 (2017) - dataset 1,29166592,,,25806
polyclonal PC64-M35,249M_B10,Landais et al. Immunity 47:990 (2017) - dataset 1,29166592,,,133
polyclonal PC64-M35,263_8,Landais et al. Immunity 47:990 (2017) - dataset 1,29166592,,,<50
polyclonal PC64-M35,3103_V3_C10,Landais et al. Immunity 47:990 (2017) - dataset 1,29166592,,,<50
polyclonal PC64-M35,3301_V1_C24,Landais et al. Immunity 47:990 (2017) - dataset 1,29166592,,,<50
polyclonal PC64-M35,3817_V2_C59,Landais et al. Immunity 47:990 (2017) - dataset 1,29166592,,,<50
polyclonal PC64-M35,6041_V3_C23,Landais et al. Immunity 47:990 (2017) - dataset 1,29166592,,,<50
polyclonal PC64-M35,620345_C1,Landais et al. Immunity 47:990 (2017) - dataset 1,29166592,,,1868
polyclonal PC64-M35,62357_14_D3_4589,Landais et al. Immunity 47:990 (2017) - dataset 1,29166592,,,<50
polyclonal PC64-M35,6240_08_TA5_4622,Landais et al. Immunity 47:990 (2017) - dataset 1,29166592,,,<50
polyclonal PC64-M35,6244_13_B5_4567,Landais et al. Immunity 47:990 (2017) - dataset 1,29166592,,,90
polyclonal PC64-M35,6480_V4_C25,Landais et al. Immunity 47:990 (2017) - dataset 1,29166592,,,<50
polyclonal PC64-M35,6535_3,Landais et al. Immunity 47:990 (2017) - dataset 1,29166592,,,<50
polyclonal PC64-M35,6535_3,Landais et al. Immunity 47:990 (2017) - dataset 2,29166592,,,71
polyclonal PC64-M35,6540_V4_C1,Landais et al. Immunity 47:990 (2017) - dataset 1,29166592,,,262
polyclonal PC64-M35,6545_V4_C1,Landais et al. Immunity 47:990 (2017) - dataset 1,29166592,,,281
polyclonal PC64-M35,6811_V7_C18,Landais et al. Immunity 47:990 (2017) - dataset 1,29166592,,,<50
polyclonal PC64-M35,6952_V1_C20,Landais et al. Immunity 47:990 (2017) - dataset 1,29166592,,,76
polyclonal PC64-M35,703010054_2A2,Landais et al. Immunity 47:990 (2017) - dataset 1,29166592,,,<50
polyclonal PC64-M35,703010200_1E5,Landais et al. Immunity 47:990 (2017) - dataset 1,29166592,,,<50
polyclonal PC64-M35,704809221_1B3,Landais et al. Immunity 47:990 (2017) - dataset 1,29166592,,,84
polyclonal PC64-M35,89_6,Landais et al. Immunity 47:990 (2017) - dataset 2,29166592,,,101
polyclonal PC64-M35,89_F1_2_25,Landais et al. Immunity 47:990 (2017) - dataset 1,29166592,,,<50
polyclonal PC64-M35,928_28,Landais et al. Immunity 47:990 (2017) - dataset 1,29166592,,,<50
polyclonal PC64-M35,92BR020,Landais et al. Immunity 47:990 (2017) - dataset 2,29166592,,,<50
polyclonal PC64-M35,92RW020_2,Landais et al. Immunity 47:990 (2017) - dataset 2,29166592,,,<50
polyclonal PC64-M35,92TH021,Landais et al. Immunity 47:990 (2017) - dataset 2,29166592,,,1608
polyclonal PC64-M35,93IN905,Landais et al. Immunity 47:990 (2017) - dataset 2,29166592,,,113
polyclonal PC64-M35,94UG103,Landais et al. Immunity 47:990 (2017) - dataset 2,29166592,,,1537
polyclonal PC64-M35,A07412M1_VRC12,Landais et al. Immunity 47:990 (2017) - dataset 1,29166592,,,<50
polyclonal PC64-M35,AC10_29,Landais et al. Immunity 47:990 (2017) - dataset 1,29166592,,,120
polyclonal PC64-M35,ADA,Landais et al. Immunity 47:990 (2017) - dataset 2,29166592,,,116
polyclonal PC64-M35,BAL_01,Landais et al. Immunity 47:990 (2017) - dataset 1,29166592,,,162
polyclonal PC64-M35,BAL_01,Landais et al. Immunity 47:990 (2017) - dataset 2,29166592,,,287
polyclonal PC64-M35,BF1266_431A,Landais et al. Immunity 47:990 (2017) - dataset 1,29166592,,,<50
polyclonal PC64-M35,BG505_W6M_C2,Landais et al. Immunity 47:990 (2017) - dataset 2,29166592,,,1185
polyclonal PC64-M35,BJOX009000_02_4,Landais et al. Immunity 47:990 (2017) - dataset 1,29166592,,,<50
polyclonal PC64-M35,BJOX010000_06_2,Landais et al. Immunity 47:990 (2017) - dataset 1,29166592,,,62
polyclonal PC64-M35,BJOX015000_11_5,Landais et al. Immunity 47:990 (2017) - dataset 1,29166592,,,<50
polyclonal PC64-M35,BJOX025000_01_1,Landais et al. Immunity 47:990 (2017) - dataset 1,29166592,,,<50
polyclonal PC64-M35,BJOX028000_10_3,Landais et al. Immunity 47:990 (2017) - dataset 1,29166592,,,65
polyclonal PC64-M35,C1080_C3,Landais et al. Immunity 47:990 (2017) - dataset 1,29166592,,,3803
polyclonal PC64-M35,C3347_C11,Landais et al. Immunity 47:990 (2017) - dataset 1,29166592,,,375
polyclonal PC64-M35,C4118_9,Landais et al. Immunity 47:990 (2017) - dataset 1,29166592,,,3185
polyclonal PC64-M35,CAAN5342,Landais et al. Immunity 47:990 (2017) - dataset 1,29166592,,,<50
polyclonal PC64-M35,CAAN5342,Landais et al. Immunity 47:990 (2017) - dataset 2,29166592,,,<50
polyclonal PC64-M35,CAP210_E8,Landais et al. Immunity 47:990 (2017) - dataset 1,29166592,,,172
polyclonal PC64-M35,CAP210_E8,Landais et al. Immunity 47:990 (2017) - dataset 2,29166592,,,304
polyclonal PC64-M35,CAP45_G3,Landais et al. Immunity 47:990 (2017) - dataset 1,29166592,,,5753
polyclonal PC64-M35,CAP45_G3,Landais et al. Immunity 47:990 (2017) - dataset 2,29166592,,,10171
polyclonal PC64-M35,CE1172_H1,Landais et al. Immunity 47:990 (2017) - dataset 1,29166592,,,<50
polyclonal PC64-M35,CE2060_G9,Landais et al. Immunity 47:990 (2017) - dataset 1,29166592,,,71
polyclonal PC64-M35,CNE17,Landais et al. Immunity 47:990 (2017) - dataset 1,29166592,,,483
polyclonal PC64-M35,CNE19,Landais et al. Immunity 47:990 (2017) - dataset 1,29166592,,,687
polyclonal PC64-M35,CNE20,Landais et al. Immunity 47:990 (2017) - dataset 1,29166592,,,400
polyclonal PC64-M35,CNE21,Landais et al. Immunity 47:990 (2017) - dataset 1,29166592,,,5061
polyclonal PC64-M35,CNE30,Landais et al. Immunity 47:990 (2017) - dataset 1,29166592,,,<50
polyclonal PC64-M35,CNE5,Landais et al. Immunity 47:990 (2017) - dataset 1,29166592,,,977
polyclonal PC64-M35,CNE52,Landais et al. Immunity 47:990 (2017) - dataset 1,29166592,,,<50
polyclonal PC64-M35,CNE53,Landais et al. Immunity 47:990 (2017) - dataset 1,29166592,,,5612
polyclonal PC64-M35,CNE58,Landais et al. Immunity 47:990 (2017) - dataset 1,29166592,,,2346
polyclonal PC64-M35,CNE8,Landais et al. Immunity 47:990 (2017) - dataset 1,29166592,,,<50
polyclonal PC64-M35,DH12,Landais et al. Immunity 47:990 (2017) - dataset 2,29166592,,,339
polyclonal PC64-M35,DU156_12,Landais et al. Immunity 47:990 (2017) - dataset 1,29166592,,,1770
polyclonal PC64-M35,DU156_12,Landais et al. Immunity 47:990 (2017) - dataset 2,29166592,,,3129
polyclonal PC64-M35,DU172_17,Landais et al. Immunity 47:990 (2017) - dataset 1,29166592,,,<50
polyclonal PC64-M35,DU172_17,Landais et al. Immunity 47:990 (2017) - dataset 2,29166592,,,<50
polyclonal PC64-M35,DU422_1,Landais et al. Immunity 47:990 (2017) - dataset 1,29166592,,,264
polyclonal PC64-M35,DU422_1,Landais et al. Immunity 47:990 (2017) - dataset 2,29166592,,,467
polyclonal PC64-M35,HXB2,Landais et al. Immunity 47:990 (2017) - dataset 1,29166592,,,1332
polyclonal PC64-M35,HXB2,Landais et al. Immunity 47:990 (2017) - dataset 2,29166592,,,2356
polyclonal PC64-M35,IAVI_C22,Landais et al. Immunity 47:990 (2017) - dataset 2,29166592,,,303
polyclonal PC64-M35,JRCSF,Landais et al. Immunity 47:990 (2017) - dataset 2,29166592,,,1987
polyclonal PC64-M35,JRFL,Landais et al. Immunity 47:990 (2017) - dataset 2,29166592,,,<50
polyclonal PC64-M35,KNH1144,Landais et al. Immunity 47:990 (2017) - dataset 2,29166592,,,122
polyclonal PC64-M35,MN_3,Landais et al. Immunity 47:990 (2017) - dataset 1,29166592,,,7131
polyclonal PC64-M35,MN_3,Landais et al. Immunity 47:990 (2017) - dataset 2,29166592,,,2755
polyclonal PC64-M35,MS208_A1,Landais et al. Immunity 47:990 (2017) - dataset 1,29166592,,,910
polyclonal PC64-M35,P0402_C2_11,Landais et al. Immunity 47:990 (2017) - dataset 1,29166592,,,<50
polyclonal PC64-M35,P1981_C5_3,Landais et al. Immunity 47:990 (2017) - dataset 1,29166592,,,93
polyclonal PC64-M35,PVO_4,Landais et al. Immunity 47:990 (2017) - dataset 1,29166592,,,<50
polyclonal PC64-M35,PVO_4,Landais et al. Immunity 47:990 (2017) - dataset 2,29166592,,,81
polyclonal PC64-M35,Q23_17,Landais et al. Immunity 47:990 (2017) - dataset 1,29166592,,,22073
polyclonal PC64-M35,Q259_17,Landais et al. Immunity 47:990 (2017) - dataset 1,29166592,,,132
polyclonal PC64-M35,Q461_E2,Landais et al. Immunity 47:990 (2017) - dataset 1,29166592,,,<50
polyclonal PC64-M35,Q769_D22,Landais et al. Immunity 47:990 (2017) - dataset 1,29166592,,,<50
polyclonal PC64-M35,QH0692_42,Landais et al. Immunity 47:990 (2017) - dataset 1,29166592,,,<50
polyclonal PC64-M35,QH0692_42,Landais et al. Immunity 47:990 (2017) - dataset 2,29166592,,,72
polyclonal PC64-M35,R1166_C1,Landais et al. Immunity 47:990 (2017) - dataset 1,29166592,,,58
polyclonal PC64-M35,R2184_C4,Landais et al. Immunity 47:990 (2017) - dataset 1,29166592,,,99
polyclonal PC64-M35,R3265_C6,Landais et al. Immunity 47:990 (2017) - dataset 1,29166592,,,<50
polyclonal PC64-M35,REJO4541_67,Landais et al. Immunity 47:990 (2017) - dataset 1,29166592,,,88
polyclonal PC64-M35,REJO4541_67,Landais et al. Immunity 47:990 (2017) - dataset 2,29166592,,,156
polyclonal PC64-M35,RHPA4259_7,Landais et al. Immunity 47:990 (2017) - dataset 1,29166592,,,<50
polyclonal PC64-M35,RHPA4259_7,Landais et al. Immunity 47:990 (2017) - dataset 2,29166592,,,<50
polyclonal PC64-M35,SC05_8C11_2344,Landais et al. Immunity 47:990 (2017) - dataset 1,29166592,,,<50
polyclonal PC64-M35,SC422_8,Landais et al. Immunity 47:990 (2017) - dataset 1,29166592,,,130
polyclonal PC64-M35,SC422_8,Landais et al. Immunity 47:990 (2017) - dataset 2,29166592,,,230
polyclonal PC64-M35,SF162,Landais et al. Immunity 47:990 (2017) - dataset 1,29166592,,,58
polyclonal PC64-M35,SF162,Landais et al. Immunity 47:990 (2017) - dataset 2,29166592,,,102
polyclonal PC64-M35,SS1196_1,Landais et al. Immunity 47:990 (2017) - dataset 1,29166592,,,188
polyclonal PC64-M35,SS1196_1,Landais et al. Immunity 47:990 (2017) - dataset 2,29166592,,,332
polyclonal PC64-M35,T250_4,Landais et al. Immunity 47:990 (2017) - dataset 1,29166592,,,7511
polyclonal PC64-M35,T251_18,Landais et al. Immunity 47:990 (2017) - dataset 1,29166592,,,<50
polyclonal PC64-M35,T255_34,Landais et al. Immunity 47:990 (2017) - dataset 1,29166592,,,2289
polyclonal PC64-M35,T257_31,Landais et al. Immunity 47:990 (2017) - dataset 1,29166592,,,<50
polyclonal PC64-M35,T278_50,Landais et al. Immunity 47:990 (2017) - dataset 1,29166592,,,<50
polyclonal PC64-M35,TRJO4551_58,Landais et al. Immunity 47:990 (2017) - dataset 1,29166592,,,<50
polyclonal PC64-M35,TRJO4551_58,Landais et al. Immunity 47:990 (2017) - dataset 2,29166592,,,72
polyclonal PC64-M35,TRO_11,Landais et al. Immunity 47:990 (2017) - dataset 1,29166592,,,80
polyclonal PC64-M35,TRO_11,Landais et al. Immunity 47:990 (2017) - dataset 2,29166592,,,142
polyclonal PC64-M35,WEAU_D15_410,Landais et al. Immunity 47:990 (2017) - dataset 1,29166592,,,71
polyclonal PC64-M35,WITO4160_33,Landais et al. Immunity 47:990 (2017) - dataset 1,29166592,,,4955
polyclonal PC64-M35,WITO4160_33,Landais et al. Immunity 47:990 (2017) - dataset 2,29166592,,,8760
polyclonal PC64-M35,X1193_C1,Landais et al. Immunity 47:990 (2017) - dataset 1,29166592,,,<50
polyclonal PC64-M35,X1254_C3,Landais et al. Immunity 47:990 (2017) - dataset 1,29166592,,,<50
polyclonal PC64-M35,X1632_S2_B10,Landais et al. Immunity 47:990 (2017) - dataset 1,29166592,,,438
polyclonal PC64-M35,X2088_C9,Landais et al. Immunity 47:990 (2017) - dataset 1,29166592,,,<50
polyclonal PC64-M35,X2131_C1_B5,Landais et al. Immunity 47:990 (2017) - dataset 1,29166592,,,334
polyclonal PC64-M35,YU2,Landais et al. Immunity 47:990 (2017) - dataset 2,29166592,,,66
polyclonal PC64-M35,ZM109_4,Landais et al. Immunity 47:990 (2017) - dataset 1,29166592,,,<50
polyclonal PC64-M35,ZM135_10A,Landais et al. Immunity 47:990 (2017) - dataset 1,29166592,,,<50
polyclonal PC64-M35,ZM135_10A,Landais et al. Immunity 47:990 (2017) - dataset 2,29166592,,,<50
polyclonal PC64-M35,ZM197_7,Landais et al. Immunity 47:990 (2017) - dataset 1,29166592,,,145
polyclonal PC64-M35,ZM214_15,Landais et al. Immunity 47:990 (2017) - dataset 1,29166592,,,81
polyclonal PC64-M35,ZM214_15,Landais et al. Immunity 47:990 (2017) - dataset 2,29166592,,,143
polyclonal PC64-M35,ZM233_6,Landais et al. Immunity 47:990 (2017) - dataset 1,29166592,,,2405
polyclonal PC64-M35,ZM246F,Landais et al. Immunity 47:990 (2017) - dataset 1,29166592,,,280
polyclonal PC64-M35,ZM247_V1,Landais et al. Immunity 47:990 (2017) - dataset 1,29166592,,,<50
polyclonal PC64-M35,ZM249_1,Landais et al. Immunity 47:990 (2017) - dataset 1,29166592,,,867
polyclonal PC64-M35,ZM249_1,Landais et al. Immunity 47:990 (2017) - dataset 2,29166592,,,1533
polyclonal PC64-M35,ZM53_12,Landais et al. Immunity 47:990 (2017) - dataset 1,29166592,,,80
polyclonal pt7 IgA,246_F3_C10_2,Lorin et al. J Exp Med 219:e20212045 (2022),35230385,>170,,
polyclonal pt7 IgA,25710_2_43,Lorin et al. J Exp Med 219:e20212045 (2022),35230385,>170,,
polyclonal pt7 IgA,398_F1_F6_20,Lorin et al. J Exp Med 219:e20212045 (2022),35230385,45.3,,
polyclonal pt7 IgA,6535_3,Lorin et al. J Exp Med 219:e20212045 (2022),35230385,>100,,
polyclonal pt7 IgA,703010217_B6,Lorin et al. J Exp Med 219:e20212045 (2022),35230385,>170,,
polyclonal pt7 IgA,BAL_26,Lorin et al. J Exp Med 219:e20212045 (2022),35230385,4.4,,
polyclonal pt7 IgA,BJOX002000_03_2,Lorin et al. J Exp Med 219:e20212045 (2022),35230385,>170,,
polyclonal pt7 IgA,CAAN5342,Lorin et al. J Exp Med 219:e20212045 (2022),35230385,>100,,
polyclonal pt7 IgA,CE1176_A3,Lorin et al. J Exp Med 219:e20212045 (2022),35230385,>170,,
polyclonal pt7 IgA,CH119_10,Lorin et al. J Exp Med 219:e20212045 (2022),35230385,>170,,
polyclonal pt7 IgA,CNE55,Lorin et al. J Exp Med 219:e20212045 (2022),35230385,>170,,
polyclonal pt7 IgA,CNE8,Lorin et al. J Exp Med 219:e20212045 (2022),35230385,>170,,
polyclonal pt7 IgA,DJ263_8,Lorin et al. J Exp Med 219:e20212045 (2022),35230385,>100,,
polyclonal pt7 IgA,MW965_26,Lorin et al. J Exp Med 219:e20212045 (2022),35230385,5.8,,
polyclonal pt7 IgA,PVO_4,Lorin et al. J Exp Med 219:e20212045 (2022),35230385,152.4,,
polyclonal pt7 IgA,RHPA4259_7,Lorin et al. J Exp Med 219:e20212045 (2022),35230385,>100,,
polyclonal pt7 IgA,SC422_8,Lorin et al. J Exp Med 219:e20212045 (2022),35230385,105.9,,
polyclonal pt7 IgA,SF162,Lorin et al. J Exp Med 219:e20212045 (2022),35230385,0.8,,
polyclonal pt7 IgA,SS1196_1,Lorin et al. J Exp Med 219:e20212045 (2022),35230385,95.7,,
polyclonal pt7 IgA,THRO4156,Lorin et al. J Exp Med 219:e20212045 (2022),35230385,>100,,
polyclonal pt7 IgA,TRO_11,Lorin et al. J Exp Med 219:e20212045 (2022),35230385,>170,,
polyclonal pt7 IgA,X1632_S2_B10,Lorin et al. J Exp Med 219:e20212045 (2022),35230385,>170,,
polyclonal pt7 IgA,X2278_C2_B6,Lorin et al. J Exp Med 219:e20212045 (2022),35230385,101.5,,
polyclonal pt7 IgA,YU2,Lorin et al. J Exp Med 219:e20212045 (2022),35230385,>250,,
polyclonal pt7 IgG,246_F3_C10_2,Lorin et al. J Exp Med 219:e20212045 (2022),35230385,>400,,
polyclonal pt7 IgG,25710_2_43,Lorin et al. J Exp Med 219:e20212045 (2022),35230385,288,,
polyclonal pt7 IgG,398_F1_F6_20,Lorin et al. J Exp Med 219:e20212045 (2022),35230385,47.1,,
polyclonal pt7 IgG,6535_3,Lorin et al. J Exp Med 219:e20212045 (2022),35230385,33.3,,
polyclonal pt7 IgG,703010217_B6,Lorin et al. J Exp Med 219:e20212045 (2022),35230385,>400,,
polyclonal pt7 IgG,BAL_26,Lorin et al. J Exp Med 219:e20212045 (2022),35230385,17.9,,
polyclonal pt7 IgG,BJOX002000_03_2,Lorin et al. J Exp Med 219:e20212045 (2022),35230385,>400,,
polyclonal pt7 IgG,CAAN5342,Lorin et al. J Exp Med 219:e20212045 (2022),35230385,>100,,
polyclonal pt7 IgG,CE1176_A3,Lorin et al. J Exp Med 219:e20212045 (2022),35230385,>400,,
polyclonal pt7 IgG,CH119_10,Lorin et al. J Exp Med 219:e20212045 (2022),35230385,>400,,
polyclonal pt7 IgG,CNE55,Lorin et al. J Exp Med 219:e20212045 (2022),35230385,>400,,
polyclonal pt7 IgG,CNE8,Lorin et al. J Exp Med 219:e20212045 (2022),35230385,>400,,
polyclonal pt7 IgG,DJ263_8,Lorin et al. J Exp Med 219:e20212045 (2022),35230385,67.9,,
polyclonal pt7 IgG,MW965_26,Lorin et al. J Exp Med 219:e20212045 (2022),35230385,1.5,,
polyclonal pt7 IgG,PVO_4,Lorin et al. J Exp Med 219:e20212045 (2022),35230385,>250,,
polyclonal pt7 IgG,RHPA4259_7,Lorin et al. J Exp Med 219:e20212045 (2022),35230385,>100,,
polyclonal pt7 IgG,SC422_8,Lorin et al. J Exp Med 219:e20212045 (2022),35230385,>250,,
polyclonal pt7 IgG,SF162,Lorin et al. J Exp Med 219:e20212045 (2022),35230385,1.4,,
polyclonal pt7 IgG,SS1196_1,Lorin et al. J Exp Med 219:e20212045 (2022),35230385,91.7,,
polyclonal pt7 IgG,THRO4156,Lorin et al. J Exp Med 219:e20212045 (2022),35230385,>100,,
polyclonal pt7 IgG,TRO_11,Lorin et al. J Exp Med 219:e20212045 (2022),35230385,275.5,,
polyclonal pt7 IgG,X1632_S2_B10,Lorin et al. J Exp Med 219:e20212045 (2022),35230385,>400,,
polyclonal pt7 IgG,X2278_C2_B6,Lorin et al. J Exp Med 219:e20212045 (2022),35230385,99.4,,
polyclonal pt7 IgG,YU2,Lorin et al. J Exp Med 219:e20212045 (2022),35230385,133.4,,
polyclonal QA013,246_F3_C10_2,Williams et al. Cell Rep 23:682 (2018),29669274,,,154
polyclonal QA013,25710_2_43,Williams et al. Cell Rep 23:682 (2018),29669274,,,326
polyclonal QA013,398_F1_F6_20,Williams et al. Cell Rep 23:682 (2018),29669274,,,659
polyclonal QA013,6535_3,Williams et al. Cell Rep 23:682 (2018),29669274,,,212
polyclonal QA013,703010217_B6,Williams et al. Cell Rep 23:682 (2018),29669274,,,<100
polyclonal QA013,BF535_A1,Williams et al. Cell Rep 23:682 (2018),29669274,,,403
polyclonal QA013,BG505_W6M_C2,Williams et al. Cell Rep 23:682 (2018),29669274,,,170
polyclonal QA013,BG505_W6M_C2_T332N,Williams et al. Cell Rep 23:682 (2018),29669274,,,278
polyclonal QA013,BJ613_E1,Williams et al. Cell Rep 23:682 (2018),29669274,,,265
polyclonal QA013,BJOX002000_03_2,Williams et al. Cell Rep 23:682 (2018),29669274,,,247
polyclonal QA013,CAP210_E8,Williams et al. Cell Rep 23:682 (2018),29669274,,,383
polyclonal QA013,CE1176_A3,Williams et al. Cell Rep 23:682 (2018),29669274,,,125
polyclonal QA013,CH119_10,Williams et al. Cell Rep 23:682 (2018),29669274,,,163
polyclonal QA013,CNE55,Williams et al. Cell Rep 23:682 (2018),29669274,,,100
polyclonal QA013,CNE8,Williams et al. Cell Rep 23:682 (2018),29669274,,,125
polyclonal QA013,DU156_12,Williams et al. Cell Rep 23:682 (2018),29669274,,,235
polyclonal QA013,DU172_17,Williams et al. Cell Rep 23:682 (2018),29669274,,,314
polyclonal QA013,DU422_1,Williams et al. Cell Rep 23:682 (2018),29669274,,,190
polyclonal QA013,Q168_A2,Williams et al. Cell Rep 23:682 (2018),29669274,,,136
polyclonal QA013,Q168_B23,Williams et al. Cell Rep 23:682 (2018),29669274,,,1596
polyclonal QA013,Q23_17,Williams et al. Cell Rep 23:682 (2018),29669274,,,259
polyclonal QA013,Q461_D1_PNS0D,Williams et al. Cell Rep 23:682 (2018),29669274,,,418
polyclonal QA013,Q842_D16,Williams et al. Cell Rep 23:682 (2018),29669274,,,170
polyclonal QA013,QA790_204I_C1,Williams et al. Cell Rep 23:682 (2018),29669274,,,999
polyclonal QA013,QB857_110I_B3,Williams et al. Cell Rep 23:682 (2018),29669274,,,319
polyclonal QA013,QC406_70M_F3,Williams et al. Cell Rep 23:682 (2018),29669274,,,446
polyclonal QA013,QD435_100M_A4,Williams et al. Cell Rep 23:682 (2018),29669274,,,446
polyclonal QA013,SF162,Williams et al. Cell Rep 23:682 (2018),29669274,,,2018
polyclonal QA013,TRJO4551_58,Williams et al. Cell Rep 23:682 (2018),29669274,,,208
polyclonal QA013,TRO_11,Williams et al. Cell Rep 23:682 (2018),29669274,,,161
polyclonal QA013,X1632_S2_B10,Williams et al. Cell Rep 23:682 (2018),29669274,,,<100
polyclonal QA013,X2278_C2_B6,Williams et al. Cell Rep 23:682 (2018),29669274,,,282
polyclonal QA013,ZM109_4,Williams et al. Cell Rep 23:682 (2018),29669274,,,186
polyclonal QA255,92BR020,Goo et al. Nat Med. 20:655-8 (2014),24859529,,,<100
polyclonal QA255,92TH021,Goo et al. Nat Med. 20:655-8 (2014),24859529,,,121
polyclonal QA255,93IN905,Goo et al. Nat Med. 20:655-8 (2014),24859529,,,194
polyclonal QA255,94UG103,Goo et al. Nat Med. 20:655-8 (2014),24859529,,,209
polyclonal QA255,IAVI_C22,Goo et al. Nat Med. 20:655-8 (2014),24859529,,,206
polyclonal QA255,JRCSF,Goo et al. Nat Med. 20:655-8 (2014),24859529,,,209
polyclonal QB850,92BR020,Goo et al. Nat Med. 20:655-8 (2014),24859529,,,436
polyclonal QB850,92TH021,Goo et al. Nat Med. 20:655-8 (2014),24859529,,,<100
polyclonal QB850,93IN905,Goo et al. Nat Med. 20:655-8 (2014),24859529,,,1582
polyclonal QB850,94UG103,Goo et al. Nat Med. 20:655-8 (2014),24859529,,,138
polyclonal QB850,IAVI_C22,Goo et al. Nat Med. 20:655-8 (2014),24859529,,,330
polyclonal QB850,JRCSF,Goo et al. Nat Med. 20:655-8 (2014),24859529,,,170
polyclonal R1,0260_V5_C36,Gristick et al. Nat Struct Mol Biol 23:906 (2016),27617431,>500,,
polyclonal R1,3016_V5_C45,Gristick et al. Nat Struct Mol Biol 23:906 (2016),27617431,>500,,
polyclonal R1,6540_V4_C1,Gristick et al. Nat Struct Mol Biol 23:906 (2016),27617431,>500,,
polyclonal R1,92BR020,Gristick et al. Nat Struct Mol Biol 23:906 (2016),27617431,66.7,,
polyclonal R1,93IN905,Gristick et al. Nat Struct Mol Biol 23:906 (2016),27617431,22.2,,
polyclonal R1,94UG103,Gristick et al. Nat Struct Mol Biol 23:906 (2016),27617431,66.7,,
polyclonal R1,BAL_26,Gristick et al. Nat Struct Mol Biol 23:906 (2016),27617431,13.73,,
polyclonal R1,C2101_C1,Gristick et al. Nat Struct Mol Biol 23:906 (2016),27617431,>500,,
polyclonal R1,DU422_1,Gristick et al. Nat Struct Mol Biol 23:906 (2016),27617431,223.41,,
polyclonal R1,MGRM_C_026,Gristick et al. Nat Struct Mol Biol 23:906 (2016),27617431,22.2,,
polyclonal R1,Q23_17,Gristick et al. Nat Struct Mol Biol 23:906 (2016),27617431,67.76,,
polyclonal R1,R2184_C4,Gristick et al. Nat Struct Mol Biol 23:906 (2016),27617431,81.27,,
polyclonal R1,T250_4,Gristick et al. Nat Struct Mol Biol 23:906 (2016),27617431,261.22,,
polyclonal R1,T257_31,Gristick et al. Nat Struct Mol Biol 23:906 (2016),27617431,>500,,
polyclonal R1,X1193_C1,Gristick et al. Nat Struct Mol Biol 23:906 (2016),27617431,>500,,
polyclonal R1,X2131_C1_B5,Gristick et al. Nat Struct Mol Biol 23:906 (2016),27617431,201.22,,
polyclonal R1,YU2,Gristick et al. Nat Struct Mol Biol 23:906 (2016),27617431,139.76,,
polyclonal R1,ZM249_1,Gristick et al. Nat Struct Mol Biol 23:906 (2016),27617431,194.4,,
polyclonal-RM5695-wk56,246_F3_C10_2,Roark et al. Science 371:eabd2638 (2021) - dataset 1,33214287,,,109
polyclonal-RM5695-wk56,25710_2_43,Roark et al. Science 371:eabd2638 (2021) - dataset 1,33214287,,,78
polyclonal-RM5695-wk56,703010217_B6,Roark et al. Science 371:eabd2638 (2021) - dataset 1,33214287,,,26
polyclonal-RM5695-wk56,BG505_W6M_C2_T332N,Roark et al. Science 371:eabd2638 (2021) - dataset 1,33214287,,,139
polyclonal-RM5695-wk56,BJOX010000_06_2,Roark et al. Science 371:eabd2638 (2021) - dataset 1,33214287,,,22
polyclonal-RM5695-wk56,CAP256_SU,Roark et al. Science 371:eabd2638 (2021) - dataset 1,33214287,,,65
polyclonal-RM5695-wk56,CE1176_A3,Roark et al. Science 371:eabd2638 (2021) - dataset 1,33214287,,,20
polyclonal-RM5695-wk56,CH119_10,Roark et al. Science 371:eabd2638 (2021) - dataset 1,33214287,,,<20
polyclonal-RM5695-wk56,CH505_TF,Roark et al. Science 371:eabd2638 (2021) - dataset 1,33214287,,,421
polyclonal-RM5695-wk56,CNE55,Roark et al. Science 371:eabd2638 (2021) - dataset 1,33214287,,,20
polyclonal-RM5695-wk56,CNE8,Roark et al. Science 371:eabd2638 (2021) - dataset 1,33214287,,,179
polyclonal-RM5695-wk56,MN_3,Roark et al. Science 371:eabd2638 (2021) - dataset 1,33214287,,,532
polyclonal-RM5695-wk56,MW965_26,Roark et al. Science 371:eabd2638 (2021) - dataset 1,33214287,,,49505
polyclonal-RM5695-wk56,Q23_17,Roark et al. Science 371:eabd2638 (2021) - dataset 1,33214287,,,5051
polyclonal-RM5695-wk56,T250_4,Roark et al. Science 371:eabd2638 (2021) - dataset 1,33214287,,,1977
polyclonal-RM5695-wk56,TH023_6,Roark et al. Science 371:eabd2638 (2021) - dataset 1,33214287,,,5342
polyclonal-RM5695-wk56,TRO_11,Roark et al. Science 371:eabd2638 (2021) - dataset 1,33214287,,,72
polyclonal-RM5695-wk56,WITO4160_33,Roark et al. Science 371:eabd2638 (2021) - dataset 1,33214287,,,138
polyclonal-RM5695-wk56,X1632_S2_B10,Roark et al. Science 371:eabd2638 (2021) - dataset 1,33214287,,,465
polyclonal-RM5695-wk56,X2278_C2_B6,Roark et al. Science 371:eabd2638 (2021) - dataset 1,33214287,,,28
polyclonal-RM5695-wk56,ZM233_6,Roark et al. Science 371:eabd2638 (2021) - dataset 1,33214287,,,413
