Name,Length,Glyco(Nx[ST]),NP[ST],NN[ST][ST],Charge
01_AE.CH.2008.S32615_178WK_C33.PQ282675,70,1,0,0,-1
01_AE.CH.x.ZENV32_0111_5.KU600816,64,0,0,0,0
01_AE.CH.x.ZENV92_1008_8.KU600817,73,0,0,0,1
01_AE.CN.1999.AE01.EU363849,71,1,0,0,3
01_AE.CN.2005.AE03.EU363851,71,0,0,0,1
01_AE.CN.2005.CNE62.HM215424,65,0,0,0,2
01_AE.CN.2006.AE02.EU363850,75,1,0,0,2
01_AE.CN.2006.CNE3.HM215410,83,0,0,0,3
01_AE.CN.2006.CNE5.HM215415,74,0,0,0,5
01_AE.CN.2006.CNE59.HM215422,71,0,0,0,0
01_AE.CN.2006.CNE59_N651K.,71,0,0,0,0
01_AE.CN.2006.CNE8.HM215427,66,0,0,0,0
01_AE.CN.2006.YN192_31.GU475046,72,0,0,0,2
01_AE.CN.2006.HUB199_1.GU475025,71,0,1,0,1
01_AE.CN.2007.BJOX005000_09_2.HM215367,71,0,0,0,-2
01_AE.CN.2007.BJOX008000_04_3.HM215371,71,0,0,0,2
01_AE.CN.2007.BJOX009000_02_4.HM215372,68,1,0,0,3
01_AE.CN.2007.BJOX010000_06_2.HM215373,75,0,0,0,2
01_AE.CN.2007.BJOX015000_11_5.HM215377,72,0,0,0,3
01_AE.CN.2007.BJOX017000_07_1.HM215378,74,1,0,0,3
01_AE.CN.2007.BJOX018000_02_3.HM215379,77,0,0,0,1
01_AE.CN.2007.BJOX021000_03_3.HM215383,71,1,0,0,0
01_AE.CN.2007.BJOX023000_05_4.HM215385,76,1,0,0,0
01_AE.CN.2007.BJOX025000_01_1.HM215386,75,0,0,0,2
01_AE.CN.2007.BJOX025000_05_5.HM215387,75,0,0,0,2
01_AE.CN.2007.BJOX028000_10_3.HM215389,70,0,0,0,3
01_AE.CN.2007.BJOX028000_34_2.HM215390,70,0,0,0,3
01_AE.CN.2007.BJOX028000_43_5.HM215391,70,0,0,0,3
01_AE.CN.2007.BJOX030000_02_5.HM215393,66,1,0,0,2
01_AE.CN.2007.CNE107.HQ699986,70,0,0,0,-1
01_AE.CN.2007.CNE26.HQ699955,73,1,0,0,0
01_AE.CN.2007.CNE28.HM215409,73,1,0,0,0
01_AE.CN.2007.CNE55.HM215418,68,1,0,0,-1
01_AE.CN.2007.CNE56.HM215419,70,0,0,0,-1
01_AE.CN.2007.GX142_2.GU475031,75,1,0,0,4
01_AE.CN.2007.GX24_8.GU475015,74,0,1,0,1
01_AE.CN.2007.GX25_29.GU475030,78,0,0,0,0
01_AE.CN.2007.GZ187_10.GU475036,75,1,0,0,-1
01_AE.CN.2007.GX155_55.GU475043,73,0,0,0,-1
01_AE.CN.2007.GX28_31.GU475017,74,0,0,0,-1
01_AE.CN.2007.GX54_6.GU475045,82,1,0,0,3
01_AE.CN.2007.BJ17A_6.GU475028,72,1,0,0,-1
01_AE.CN.2007.BJX4_6.GU475020,69,0,0,0,2
01_AE.CN.2007.GX11_13.GU475042,74,0,0,0,1
01_AE.CN.2007.GX13_7.GU475037,65,1,0,0,4
01_AE.CN.2007.BJ3_4.GU475040,70,0,0,0,1
01_AE.CN.2007.BJ5_11.GU475024,68,0,0,0,1
01_AE.CN.2007.GX34_21.GU475022,66,0,0,0,3
01_AE.CN.2007.GX2010_36.GU475026,67,0,0,0,1
01_AE.CN.2008.BJOX031000_02_2.HM215394,68,0,0,0,0
01_AE.CN.2008.GX35_33.GU475023,71,0,0,0,3
01_AE.CN.2008.SH6_81.GU475032,72,0,0,0,1
01_AE.CN.2008.SHX335_24.GU475033,81,1,0,0,1
01_AE.CN.2008.SHX346_60.GU475034,72,0,0,0,3
01_AE.CN.2008.BJ6_17.GU475029,71,0,0,0,2
01_AE.CN.2008.GX68_5.GU475044,74,0,0,0,5
01_AE.CN.2008.GX71_18.GU475016,68,0,0,0,1
01_AE.CN.2008.GX72_27.GU475035,78,1,0,0,-1
01_AE.CN.2008.GX73_29.GU475038,67,0,0,0,-1
01_AE.CN.2008.GX74_20.GU475021,80,1,0,0,3
01_AE.CN.2008.GX81_43.GU475014,64,0,1,0,1
01_AE.CN.2008.GX83_47.GU475027,73,0,0,0,-1
01_AE.CN.2008.GX88_47.GU475018,65,0,0,0,0
01_AE.CN.2008.GX8C_31.GU475039,69,0,0,0,1
01_AE.CN.2008.GX90_1.GU475019,87,2,0,0,2
01_AE.CN.2008.GX91_2.GU475013,75,0,0,0,1
01_AE.CN.2009.09GX268_E332N_N334S.,76,0,0,0,3
01_AE.CN.2009.09GX285_E332N_N334S.,69,0,1,0,0
01_AE.CN.2009.09GX319_E332N_N334S.,74,0,0,0,0
01_AE.CN.2009.09GX319_F330H_E332N_N334S.,74,0,0,0,0
01_AE.CN.2009.09GX332_E332N_N334S.,66,0,0,0,3
01_AE.CN.2009.09GX268.MG655196,76,0,0,0,3
01_AE.CN.2009.09GX285.MG655197,69,0,1,0,0
01_AE.CN.2009.09GX286.MG655198,80,0,0,0,4
01_AE.CN.2009.09GX300.MG655199,74,1,0,0,4
01_AE.CN.2009.09GX310.MG655200,67,0,0,0,0
01_AE.CN.2009.09GX311.MG655201,81,1,0,0,-1
01_AE.CN.2009.09GX319.MG655202,74,0,0,0,0
01_AE.CN.2009.09GX330.MG655203,73,0,0,0,2
01_AE.CN.2009.09GX332.MG655204,66,0,0,0,3
01_AE.CN.2015.15JS01_E332N_N334S.,69,1,0,0,0
01_AE.CN.2015.15JS07_E332N_N334S.,66,0,0,0,1
01_AE.CN.2015.15JS47_E169K.,73,1,0,0,2
01_AE.CN.2015.15JS47_E169K_Q171K.,73,1,0,0,3
01_AE.CN.2015.15JS47_E332N_N334S.,73,1,0,0,0
01_AE.CN.2015.15JS47_Q171K.,73,1,0,0,1
01_AE.CN.2015.15JS48_E332N_N334S.,73,0,0,0,3
01_AE.CN.2015.15JS48_Y330H_E332N_N334S.,73,0,0,0,3
01_AE.CN.2015.15JS65_E332N_N334S.,70,1,0,0,2
01_AE.CN.2015.15JS65_Q171K.,70,1,0,0,3
01_AE.CN.2015.15JS76_E332N_N334S.,78,0,0,0,2
01_AE.CN.2015.15JS79_E332N_N334S.,76,0,0,0,4
01_AE.CN.2015.15JS01.MG655205,69,1,0,0,0
01_AE.CN.2015.15JS06.MG655206,76,0,0,0,5
01_AE.CN.2015.15JS07.MG655207,66,0,0,0,1
01_AE.CN.2015.15JS47.MG655210,73,1,0,0,0
01_AE.CN.2015.15JS48.MG655211,73,0,0,0,3
01_AE.CN.2015.15JS62.MG655212,67,0,0,0,0
01_AE.CN.2015.15JS65.MG655213,70,1,0,0,2
01_AE.CN.2015.15JS75.MG655214,81,0,0,0,-2
01_AE.CN.2015.15JS76.MG655215,78,0,0,0,2
01_AE.CN.2015.15JS79.MG655216,76,0,0,0,4
01_AE.CN.2015.15JS102.MG655208,75,0,0,0,1
01_AE.CN.2015.15JS111.MG655209,71,1,0,0,-1
01_AE.CN.2015.15JS99.MG655218,78,0,0,0,3
01_AE.CN.x.BJMSM2249.,72,0,0,0,1
01_AE.CN.x.BJMSM2316.,72,0,0,0,6
01_AE.CN.x.BJMSM2498.,71,0,0,0,1
01_AE.CN.x.BJYA10_1_3.MN617373,77,0,0,0,2
01_AE.CN.x.BJYA2_1_1.MN617372,68,0,0,0,1
01_AE.TH.1990.CM235_2.JN944662,73,0,0,0,3
01_AE.TH.1990.CM244_90TH.AY713425,77,0,0,0,4
01_AE.TH.1990.CM244_EC1.JQ715397,77,0,0,0,4
01_AE.TH.1990.CM244_EC1_H173A_Y177A.,77,0,0,0,3
01_AE.TH.1990.CM246_C1.JN944663,71,0,0,0,3
01_AE.TH.1991.CM235_C11.JQ715395,73,0,0,0,4
01_AE.TH.1992.92TH021.AY669775,73,0,0,0,0
01_AE.TH.1992.TH023_6.KU562843,72,0,0,0,3
01_AE.TH.1993.93TH057.AF197338,71,0,0,0,3
01_AE.TH.1993.CMU02.AY669779,82,1,0,0,1
01_AE.TH.1993.TH966_8.U08456,71,0,0,0,2
01_AE.TH.1993.TH976_17.U08458,73,0,0,0,3
01_AE.TH.1995.NP03.KC822430,68,0,0,0,4
01_AE.TH.1996.M02138.AY713424,71,0,0,0,-2
01_AE.TH.1996.NI1046_EC3.JQ715412,71,0,0,0,-1
01_AE.TH.1998.R1166_C1.JQ352783,83,0,0,0,2
01_AE.TH.1999.C1080_C3.JN944660,68,0,0,0,2
01_AE.TH.1999.C2101_C1.JN944661,71,0,0,0,2
01_AE.TH.1999.C3347_C11.JX512902,76,0,0,0,2
01_AE.TH.1999.R3265_C6.JX512903,70,0,0,0,3
01_AE.TH.2000.C4118_9.JQ352782,73,0,0,0,3
01_AE.TH.2001.R2184_C4.JN944665,75,0,0,0,2
01_AE.TH.2005.356272_C02.JN944654,69,0,0,0,0
01_AE.TH.2005.620345_C1.JX512900,69,0,0,0,-1
01_AE.TH.2005.620345_C10.JN944656,69,0,0,0,-1
01_AE.TH.2005.703357_C2.JN944658,80,0,0,0,-1
01_AE.TH.2005.816769_AA107A_WG8.JX448026,75,0,0,0,0
01_AE.TH.2006.427299_C12.JN944655,76,0,0,0,1
01_AE.TH.2006.644039_C01B.JN944657,94,0,0,0,-1
01_AE.TH.2006.816763_C02.JN944659,69,0,0,0,-1
01_AE.TH.2006.434239_AA058_A04R.JX447346,77,0,0,0,0
01_AE.TH.2006.731027_AA104A_RH5.JX447986,74,0,0,0,1
01_AE.TH.2009.40061_V03_04B.KY580544,72,1,0,0,3
01_AE.TH.2009.40061_V03_08.KY580548,72,1,0,0,3
01_AE.TH.2009.254001_P00RA_1.JX512892,72,0,0,0,1
01_AE.TH.2009.254004_P00RC_2.KT185994,70,0,0,0,2
01_AE.TH.2009.254006_P00RA_1.JX512894,70,0,0,0,3
01_AE.TH.2010.40100_V01_09.KY580588,77,0,0,0,-3
01_AE.TH.2010.40100_V01_MN01.MF622080,76,0,0,0,-1
01_AE.TH.2011.40363_V03_02.MN792426,73,0,0,0,0
01_AE.TH.2011.40512V02_03_RV217.MK116905,82,0,0,0,1
01_AE.TH.2011.40436V09_03.KY580696,61,1,0,0,0
01_AE.TH.2013.40700V03_06.OM826774,86,0,0,0,2
01_AE.TH.x.KSS_0514_13.HM215429,81,1,0,0,1
01_AE.TH.x.PSR_0508_2.HM215432,82,0,0,0,2
01_AE.TH.x.SPK_0525_13.HM215436,72,0,0,0,2
01_AE..x.CON_01_AE_2010S.,72,1,0,0,0
01_AE..x.CON_01_AE_2010S_RE1.,55,0,0,0,1
01_AE..x.CON_01_AE_2010S_RE2.,65,0,0,0,1
01_AE..x.P08.,68,0,0,0,0
02A1.CM.2004.242_14.EU513188,67,0,0,0,-1
02A1.CM.2004.269_12.EU513194,69,0,0,0,-1
02A1.CM.2004.T257_31.EU513185,76,0,0,0,2
02A1.CM.2005.T280_5.EU513183,62,0,0,0,2
02A1.SN.1999.2843_P5_1.HM215282,65,0,0,0,1
02_AG.BE.1993.VI1090.HQ912710,64,1,0,0,1
02_AG.BE.1993.VI1090_N276D.,64,1,0,0,1
02_AG.CH.2011.S50725_295WK_C60.PQ282694,74,1,0,0,0
02_AG.CI.1999.928_28.EU513199,72,0,0,0,0
02_AG.CI.1999.928_28_L669S.,72,0,0,0,0
02_AG.CI.1999.928_28_Y681H.,72,0,0,0,0
02_AG.CM.2004.211_9.EU513187,76,2,0,0,1
02_AG.CM.2004.235_47.EU513195,64,0,0,0,0
02_AG.CM.2004.263_8.EU513182,82,0,0,0,1
02_AG.CM.2004.T250_4.PV576767,63,0,0,0,4
02_AG.CM.2004.T251_18.EU513196,74,1,0,0,0
02_AG.CM.2004.T253_11.EU513191,67,0,0,0,1
02_AG.CM.2004.T253_11_L669S.,67,0,0,0,1
02_AG.CM.2004.T253_11_Y681H.,67,0,0,0,1
02_AG.CM.2004.T255_34.EU513184,70,1,0,0,1
02_AG.CM.2005.T278_50.EU513198,77,0,0,0,3
02_AG.FR.1991.DJ263_8.EU855130,78,0,0,0,0
02_AG.FR.1997.FR_1997_51.MH742769,68,2,0,0,0
02_AG.FR.1999.FR_1999_46.MH742764,83,0,0,0,4
02_AG.FR.2000.FR_2000_45.MH742763,68,1,0,0,3
02_AG.FR.2001.FR_2001_48.MH742766,68,1,0,0,1
02_AG.FR.2001.FR_2001_49.MH742767,56,0,0,0,2
02_AG.FR.2001.FR_2001_47.MH742765,72,0,0,0,4
02_AG.FR.2001.FR_2001_56.MH742771,69,2,0,0,3
02_AG.FR.2001.FR_2001_54.MH742770,70,0,0,0,2
02_AG.FR.2001.FR_2001_50.MH742768,73,0,0,0,-1
02_AG.FR.2002.FR_2002_41.MH742762,73,1,0,0,-1
02_AG.FR.2008.FR_2008_66.MH742773,66,0,0,0,-1
02_AG.FR.2008.FR_2008_67.MH742774,76,0,0,0,0
02_AG.FR.2009.FR_2009_71.MH742775,56,0,0,0,2
02_AG.FR.2009.FR_2009_73.MH742776,69,0,0,0,0
02_AG.FR.2009.FR_2009_64.MH742772,54,1,0,0,1
02_AG.FR.2009.FR_2009_77.MH742779,92,0,0,0,3
02_AG.FR.2009.FR_2009_76.MH742778,72,0,0,0,3
02_AG.FR.2010.FR_2010_74.MH742777,58,0,0,0,1
02_AG.FR.2011.FR_2011_167.MH742751,81,0,0,0,3
02_AG.FR.2012.FR_2012_181.MH742761,63,0,0,0,0
02_AG.FR.2012.FR_2012_172.MH742754,69,0,0,0,1
02_AG.FR.2012.FR_2012_178.MH742758,70,0,0,0,1
02_AG.FR.2012.FR_2012_168.MH742752,70,2,0,0,1
02_AG.FR.2012.FR_2012_173.MH742755,68,0,0,0,8
02_AG.FR.2012.FR_2012_164.MH742749,74,2,0,0,-1
02_AG.FR.2012.FR_2012_177.MH742757,58,0,0,0,-1
02_AG.FR.2012.FR_2012_180.MH742760,58,0,0,0,0
02_AG.FR.2012.FR_2012_161.MH742747,78,0,0,0,1
02_AG.FR.2012.FR_2012_162.MH742748,74,0,0,0,-1
02_AG.FR.2012.FR_2012_179.MH742759,78,1,0,0,0
02_AG.FR.2012.FR_2012_171.MH742753,72,0,0,0,1
02_AG.FR.2012.FR_2012_176.MH742756,70,0,0,0,0
02_AG.FR.2012.FR_2012_166.MH742750,64,0,0,0,0
02_AG.FR.x.KON.AF321079,81,2,0,0,0
02_AG.NG.2006.SC12_EC10.PQ203499,61,0,0,0,1
02_AG.NG.2006.SC12_EC4.PQ203494,61,0,0,0,1
02_AG.NG.2006.SC12_EC5.PQ203495,61,0,0,0,1
02_AG.NG.2006.SC12_EC6.PQ203496,61,0,0,0,1
02_AG.NG.2006.SC12_EC8.PQ203497,61,0,0,0,1
02_AG.NG.2006.SC12_EC9.PQ203498,61,0,0,0,1
02_AG.NG.2008.SC28_EC1.PQ203519,71,0,0,0,4
02_AG.NG.2008.SC28_EC10.PQ203522,71,0,0,0,4
02_AG.NG.2008.SC28_EC4.PQ203520,71,0,0,0,4
02_AG.NG.2008.SC28_EC7.PQ203521,71,0,0,0,4
02_AG.NG.2008.SC30_EC11.PQ203526,60,0,0,0,1
02_AG.NG.2008.SC30_EC9.PQ203525,60,0,0,0,1
02_AG.NG.2009.SC29_EC1.PQ203523,60,0,0,0,1
02_AG.NG.2009.SC29_EC2.PQ203524,60,0,0,0,1
02_AG.NG.2015.126652V01_EC3.PQ203462,65,0,0,0,3
02_AG.NG.2015.126652V01_EC4.PQ203463,68,1,0,0,2
02_AG.NG.2015.126652V01_EC5.PQ203464,65,0,0,0,3
02_AG.NG.2015.126652V01_EC6.PQ203465,65,0,0,0,3
02_AG.SN.1999.1105_P17_1.HM215264,68,0,0,0,0
02_AG.SN.1999.3169_P4.HM215290,69,1,0,0,1
02_AG.SN.1999.3226_P15.HM215291,69,1,0,0,3
02_AG.SN.1999.3273_P21_1.HM215293,71,0,0,0,0
02_AG.SN.2000.2705_P18_1.HM215281,67,2,0,0,3
02_AG.SN.2001.3233_P12.HM215292,69,0,0,0,0
02_AG..x.MGRM_AG_002.MF510462,75,0,0,0,-1
02C.ZA.2019.V703_1255_260_RE_PBLIB003_S.ON891021,84,0,0,0,4
06_cpx.CH.2001.S30743_346WK_C88.PQ282678,92,1,0,0,3
06_cpx.SN.1999.1656_P21.HM215265,69,2,0,0,-1
0708.CN.x.SC11_59.HQ326127,70,0,0,0,1
07_BC.CN.1998.98CN009.AY669747,73,0,0,0,0
07_BC.CN.2003.BC14.EU363844,75,0,0,0,2
07_BC.CN.2004.CH038_12.EF042692,67,0,0,0,-1
07_BC.CN.2004.CH064_20.EF117254,74,0,0,0,3
07_BC.CN.2004.CH070_1.EF117255,84,1,0,0,7
07_BC.CN.2004.CH091_9.EF117256,70,0,0,0,2
07_BC.CN.2004.CH110_2.EF117257,68,0,0,0,3
07_BC.CN.2004.CH111_8.EF117258,72,1,0,0,1
07_BC.CN.2004.CH114_8.EF117264,72,0,0,0,0
07_BC.CN.2004.CH115_12.EF117263,80,0,0,0,3
07_BC.CN.2004.CH117_4.EF117262,72,0,0,0,8
07_BC.CN.2004.CH119_10.EF117261,68,0,0,0,1
07_BC.CN.2004.CH120_6.EF117260,71,0,0,0,0
07_BC.CN.2004.CH181_12.EF117259,77,0,0,0,5
07_BC.CN.2005.BC07.EU363837,73,0,0,0,3
07_BC.CN.2005.BC10.EU363840,78,1,0,0,1
07_BC.CN.2005.BC18.EU363848,72,0,0,0,3
07_BC.CN.2007.BJOX002000_03_2.HM215364,64,0,0,0,1
07_BC.CN.2007.BJOX011000_01_3.HM215375,73,0,0,0,2
07_BC.CN.2007.BJOX019000_02_1.HM215380,73,0,0,0,0
07_BC.CN.2007.BJOX027000_02_1.HM215388,77,1,0,0,-1
07_BC.CN.2007.BJOX029000_03_1.HM215392,69,0,0,0,0
07_BC.CN.2007.CNE19.HM215405,65,0,0,0,4
07_BC.CN.2007.CNE20.HM215406,60,0,0,0,4
07_BC.CN.2007.CNE21.HM215407,72,0,0,0,5
07_BC.CN.2007.CNE40.HM215414,79,1,0,0,1
07_BC.CN.2007.CNE68.HQ699982,65,0,0,0,4
07_BC.CN.2018.SHIV_CNE40.MK558968,79,1,0,0,1
07_BC.CN.2018.SHIV_CNE40_JB98_W29_1.MK558996,79,1,0,0,5
07_BC.CN.2018.SHIV_CNE40_JB98_W29_10.MK558997,66,0,0,0,4
07_BC.CN.2018.SHIV_CNE40_JB98_W29_16.MK558991,79,1,0,0,3
07_BC.CN.2018.SHIV_CNE40_JB98_W29_17.MK558994,79,1,0,0,3
07_BC.CN.2018.SHIV_CNE40_JB98_W29_2.MK559002,66,0,0,0,4
07_BC.CN.2018.SHIV_CNE40_JB98_W29_21.MK558995,79,1,0,0,3
07_BC.CN.2018.SHIV_CNE40_JB98_W29_25.MK559001,66,0,0,0,4
07_BC.CN.2018.SHIV_CNE40_JB98_W29_27.MK558992,79,1,0,0,3
07_BC.CN.2018.SHIV_CNE40_JB98_W29_28.MK558998,66,0,0,0,4
07_BC.CN.2018.SHIV_CNE40_JB98_W29_3.MK559000,66,0,0,0,4
07_BC.CN.2018.SHIV_CNE40_JB98_W29_6.MK558993,79,1,0,0,3
07_BC.CN.2018.SHIV_CNE40_JD14_W29_1.MK559015,79,1,0,0,-1
07_BC.CN.2018.SHIV_CNE40_JD14_W29_11.MK559016,79,1,0,0,-1
07_BC.CN.2018.SHIV_CNE40_JD14_W29_12.MK559008,79,1,0,0,-1
07_BC.CN.2018.SHIV_CNE40_JD14_W29_14.MK559010,79,1,0,0,-1
07_BC.CN.2018.SHIV_CNE40_JD14_W29_16.MK559009,79,1,0,0,-1
07_BC.CN.2018.SHIV_CNE40_JD14_W29_17.MK559017,79,1,0,0,-1
07_BC.CN.2018.SHIV_CNE40_JD14_W29_19.MK559004,79,1,0,0,-1
07_BC.CN.2018.SHIV_CNE40_JD14_W29_2.MK559014,79,1,0,0,-1
07_BC.CN.2018.SHIV_CNE40_JD14_W29_20.MK559005,79,1,0,0,-1
07_BC.CN.2018.SHIV_CNE40_JD14_W29_3.MK559006,79,1,0,0,-1
07_BC.CN.2018.SHIV_CNE40_JD14_W29_4.MK559007,79,1,0,0,-1
07_BC.CN.2018.SHIV_CNE40_JD14_W29_5.MK559013,79,1,0,0,-1
07_BC.CN.2018.SHIV_CNE40_JD14_W29_7.MK559012,79,1,0,0,-1
07_BC.CN.2018.SHIV_CNE40_JD14_W29_8.MK559011,79,1,0,0,-1
07_BC.CN.x.BC02.EU363832,71,0,0,0,1
07_BC.CN.x.BC12.EU363842,81,0,0,0,2
07_BC.CN.x.BC16.EU363846,64,0,0,0,1
07_BC.CN.x.BJ22_5.HQ326125,73,0,0,0,2
07_BC.CN.x.BJ24_3.HQ326126,74,0,0,0,4
07_BC.CN.x.BJ28_13.MN617362,75,1,0,0,1
07_BC.CN.x.FE.,64,0,0,0,3
07_BC.CN.x.FE_N133Q.,64,0,0,0,3
07_BC.CN.x.FE_N142Q.,64,0,0,0,3
07_BC.CN.x.FE_N197D.,64,0,0,0,2
07_BC.CN.x.FE_N289D.,64,0,0,0,3
07_BC.CN.x.FE_N301Q.,64,0,0,0,3
07_BC.CN.x.FE_N339Q.,64,0,0,0,3
07_BC.CN.x.FE_N355Q.,64,0,0,0,3
07_BC.CN.x.FE_N392Q.,64,0,0,0,3
07_BC.CN.x.FE_N408Q.,64,0,0,0,3
07_BC.CN.x.FE_N411Q.,64,0,0,0,3
07_BC.CN.x.FE_N442Q.,64,0,0,0,3
07_BC.CN.x.FE_N448Q.,64,0,0,0,3
07_BC.CN.x.FE_N463Q.,64,0,0,0,3
07_BC.CN.x.FE_N466Q.,64,0,0,0,3
07_BC.CN.x.FE_N611Q.,64,0,0,0,3
07_BC.CN.x.FE_N625Q.,64,0,0,0,3
07_BC.CN.x.FE_N637Q.,64,0,0,0,3
07_BC.CN.x.FE_N88D.,64,0,0,0,3
07_BC.CN.x.GX33M_25.HQ326141,64,1,0,0,2
07_BC.CN.x.GX45_57.HQ326143,72,2,0,0,3
07_BC.CN.x.GX79_7.HQ326145,70,0,0,0,3
07_BC.CN.x.GX84_59.HQ326146,65,0,0,0,1
07_BC.CN.x.GX93_8.MN617364,68,0,0,0,0
07_BC.CN.x.GZ30_6.MN617392,66,1,0,0,0
07_BC.CN.x.GZ36_5.MN617393,73,1,0,0,4
07_BC.CN.x.GZ38_2.MN617394,69,0,0,0,2
07_BC.CN.x.HB5_3.HQ326124,76,0,0,0,5
07_BC.CN.x.SC14_49.MN617370,68,0,0,0,1
07_BC.CN.x.SC17_32.HQ326128,69,1,0,0,3
07_BC.CN.x.SC18_26.MN617371,73,0,0,0,1
07_BC.CN.x.SC19_15.HQ326129,66,0,0,0,0
07_BC.CN.x.SC20_15.HQ326130,82,0,0,0,3
07_BC.CN.x.SC21_28.HQ326131,66,0,0,0,1
07_BC.CN.x.SC22_16.HQ326132,68,0,0,0,2
07_BC.CN.x.SC24_40.HM991498,74,0,0,0,5
07_BC.CN.x.XJ16_6.HQ326133,72,0,0,0,1
07_BC.CN.x.XJ179_47.MN617368,68,0,0,0,5
07_BC.CN.x.XJ180_16.MN617369,72,0,0,0,2
07_BC.CN.x.XJ180_29.HQ326136,66,0,0,0,5
07_BC.CN.x.XJ47_5.HQ326134,69,0,0,0,0
07_BC.CN.x.XJ50_6.HQ326135,72,0,0,0,-1
07_BC.CN.x.YN108R_4.HQ326138,62,0,0,0,4
07_BC.CN.x.YN112R_8.MN617365,80,0,0,0,0
07_BC.CN.x.YN148R_9.HQ326139,91,0,0,0,2
07_BC.CN.x.YN99R_5.HQ326137,62,0,0,0,2
08_BC.CN.1998.98CN006.AY669745,73,0,0,0,2
08_BC.CN.2005.BC06.EU363836,70,0,0,0,2
08_BC.CN.2005.BC11.EU363841,63,0,0,0,0
08_BC.CN.2006.BC01.EU363831,71,1,0,0,1
08_BC.CN.2006.BC17.EU363847,72,0,0,0,-2
08_BC.CN.2007.CNE23.HM215408,81,1,0,0,2
08_BC.CN.2007.CNE30.HM215411,80,0,0,0,1
08_BC.CN.2007.CNE31.HM215412,73,0,0,0,5
08_BC.CN.2007.CNE46.HQ699971,86,0,0,0,3
08_BC.CN.2007.CNE47.HQ699972,80,1,0,0,-1
08_BC.CN.2007.CNE48.HQ699973,73,0,0,0,0
08_BC.CN.2007.CNE49.HQ699974,72,0,0,0,3
08_BC.CN.2007.CNE52.HM215416,72,0,0,0,3
08_BC.CN.2007.CNE53.HM215417,63,0,0,0,3
08_BC.CN.x.GX43_2.HQ326142,70,0,0,0,-1
08_BC.CN.x.GX75_20.HQ326144,96,0,1,0,1
08_BC.CN.x.SC12_10.MN617366,68,0,0,0,1
08_BC.CN.x.YN177_1.HQ326140,74,0,0,0,2
08_BC.CN.x.YN189_52.MN617363,76,0,0,0,0
08_BC.CN.x.YN6_23.MN617367,65,0,0,0,1
12_BF.ES.2009.P2355_E4_2.GU332507,66,0,0,0,2
13U.CM.2004.258.EU513192,80,0,0,0,1
14_BG.ES.2007.X2252_C7.EU885766,68,0,0,0,0
21_A2D.KE.2004.QG393_60M_A1.FJ866128,62,0,0,0,4
21_A2D.KE.2004.QG393_60M_B7.FJ866129,59,1,0,0,3
21_A2D.KE.2004.QG393_60M_B8.FJ866130,59,1,0,0,3
41_CD.TZ.2003.6650_V1_C8.HM215337,71,0,0,0,1
41_CD.TZ.2003.6952_V1_C20.HM215343,71,0,0,0,1
44_BF1.CL.2001.CH12_C2_6.HM068553,64,0,0,0,1
A1.BE.x.VLGC_A1.AY669698,68,1,0,0,1
A1.CH.1998.S51928_278WK_C26.PQ282682,77,0,0,0,-2
A1.CH.2010.S30440_173WK_C66.PQ282676,90,0,0,0,2
A1.CH.2012.S11456_244WK_C77.PQ282666,97,0,0,0,-1
A1.IN.2019.TSG_EHI6.OZ241572,69,0,0,0,1
A1.IN.2020.TSG_EHI26.OZ241565,75,0,0,0,2
A1.KE.1993.BG505_DELTA_CT_T332N.,68,0,0,0,2
A1.KE.1993.BG505_W6M_A5.DQ208456,68,0,0,0,1
A1.KE.1993.BG505_W6M_A5_T332N.,68,0,0,0,1
A1.KE.1993.BG505_W6M_B1.DQ208457,68,0,0,0,2
A1.KE.1993.BG505_W6M_C2.DQ208458,68,0,0,0,2
A1.KE.1993.BG505_W6M_C2_A512W.,68,0,0,0,2
A1.KE.1993.BG505_W6M_C2_DELGLY3_197.,68,0,0,0,2
A1.KE.1993.BG505_W6M_C2_DELGLY3_276.,68,0,0,0,2
A1.KE.1993.BG505_W6M_C2_DELGLY3_363.,68,0,0,0,2
A1.KE.1993.BG505_W6M_C2_DELGLY3_462.,68,0,0,0,2
A1.KE.1993.BG505_W6M_C2_DELGLY4.,68,0,0,0,2
A1.KE.1993.BG505_W6M_C2_FP_V2.,68,0,0,0,2
A1.KE.1993.BG505_W6M_C2_FP_V3.,68,0,0,0,2
A1.KE.1993.BG505_W6M_C2_G521E.,68,0,0,0,2
A1.KE.1993.BG505_W6M_C2_I515L.,68,0,0,0,2
A1.KE.1993.BG505_W6M_C2_N301A.,68,0,0,0,2
A1.KE.1993.BG505_W6M_C2_N611Q.,68,0,0,0,2
A1.KE.1993.BG505_W6M_C2_N611Q_FP_V2.,68,0,0,0,2
A1.KE.1993.BG505_W6M_C2_N611Q_FP_V3.,68,0,0,0,2
A1.KE.1993.BG505_W6M_C2_S241N.,68,0,0,0,2
A1.KE.1993.BG505_W6M_C2_T332N.,68,0,0,0,2
A1.KE.1993.BG505_W6M_C2_Y173A_Y177A.,68,0,0,0,2
A1.KE.1994.Q842_D12.AF407160,65,0,0,0,0
A1.KE.1994.Q842_D14.AF407161,62,0,0,0,1
A1.KE.1994.Q842_D16.AF407162,65,0,0,0,1
A1.KE.1994.Q23_17.AF004885,61,0,0,0,2
A1.KE.1994.Q23_17_N332A.,61,0,0,0,2
A1.KE.1994.Q259_17.AF407152,63,0,0,0,3
A1.KE.1994.Q259_D2_26.AF407153,62,0,0,0,4
A1.KE.1994.Q259_W6.AF407151,61,0,0,0,0
A1.KE.1994.BF520_W14_E3.KX168096,63,0,0,0,3
A1.KE.1995.Q461_C2.AF407154,75,0,0,0,0
A1.KE.1995.Q461_D1_PNS0D.AF407155,75,0,0,0,0
A1.KE.1995.Q461_E2.AF407156,75,1,0,0,0
A1.KE.1996.Q769_B9_PNS79D.AF407157,73,0,0,0,4
A1.KE.1996.Q769_D22.AF407158,71,0,0,0,2
A1.KE.1996.Q769_H5.AF407159,73,0,0,0,4
A1.KE.1996.QB726_70M_B3.FJ866111,65,0,0,0,0
A1.KE.1996.QB726_70M_C4.FJ866112,65,0,0,0,0
A1.KE.1997.QA255_21P_A15.MW383929,73,0,0,0,1
A1.KE.1997.QA255_21P_A17.MW383930,73,0,0,0,0
A1.KE.2000.KER2008_12.AY736809,76,0,0,0,2
A1.KE.2000.KER2018_11.AY736810,65,0,0,0,1
A1.KE.2000.KNH1144.AF457066,77,0,0,0,1
A1.KE.2000.KNH1209_18.AY736813,70,0,0,0,2
A1.KE.2004.QG984_21M_A3.FJ866117,71,0,0,0,1
A1.KE.2005.851891_4_15.KT022376,69,0,0,0,0
A1.KE.2005.QF495_23M_A1.FJ866113,109,2,0,0,3
A1.KE.2005.QF495_23M_A3.FJ866114,109,2,0,0,3
A1.KE.2005.QF495_23M_B2.FJ866115,115,2,0,0,2
A1.KE.2005.QF495_23M_D1.FJ866116,115,2,0,0,2
A1.KE.2005.QH343_21M_A10.FJ866119,79,0,0,0,-1
A1.KE.2005.QH343_21M_B5.FJ866120,79,0,0,0,-2
A1.KE.2005.QH359_21M_C1.FJ866121,86,0,0,0,5
A1.KE.2005.QH359_21M_D1.FJ866122,75,0,0,0,4
A1.KE.2005.QH209_14M_A2.FJ866118,74,0,0,0,1
A1.KE.2007.21020_13.HM215275,70,0,0,0,0
A1.KE.x.BB201_B42.DQ187171,63,0,0,0,1
A1.KE.x.BB539_2B13.DQ187240,71,0,0,0,0
A1.KE.x.BI206_W6P_A1.DQ208465,69,0,0,0,0
A1.KE.x.BI369_9A.DQ187019,81,0,0,0,4
A1.KE.x.BJ613_E1.DQ208448,70,0,0,0,4
A1.KE.x.MB201_A1.DQ187026,63,0,0,0,-1
A1.KE.x.MB539_2B7.DQ187082,72,0,0,0,-1
A1.KE.x.MG505_W0_E1.DQ208453,68,0,0,0,2
A1.KE.x.MG505_W0M_A2.DQ208449,68,0,0,0,1
A1.KE.x.MG505_W0M_C2.DQ208451,70,0,0,0,1
A1.KE.x.MG505_W0M_H3.DQ208455,70,0,0,0,2
A1.KE.x.MI206_W0M_B1.DQ208460,69,0,0,0,0
A1.KE.x.MI206_W0M_D1.DQ208462,71,0,0,0,-1
A1.KE.x.MI369_A5.DQ187018,81,0,0,0,2
A1.KE.x.MJ613_W1M_A2.DQ208444,64,1,0,0,-1
A1.KE.x.MJ613_W1M_B1.DQ208445,70,1,0,0,2
A1.KE.x.MJ613_W1M_C7.DQ208446,70,1,0,0,2
A1.RW.1992.92RW008.AY669703,64,0,0,0,3
A1.RW.1992.92RW020_2.EU855131,58,0,0,0,0
A1.RW.1992.92RW020_2_T303A.,58,0,0,0,0
A1.RW.1992.92RW020_5.U08794,58,0,0,0,0
A1.RW.1993.93RW029.AY669697,67,0,0,0,1
A1.RW.2007.R18553.HM215434,61,0,0,0,3
A1.RW.2007.R880F.JX236678,71,0,0,0,4
A1.TZ.2002.783_V0_C51.HM215347,70,0,0,0,1
A1.TZ.2003.3415_V1_C1.HM215299,72,1,0,0,2
A1.TZ.2003.783_V1_C21.HM215348,70,0,0,0,1
A1.TZ.2004.3365_V2_C20.HM215298,65,0,0,0,0
A1.TZ.2004.3718_3_11.HM215306,64,0,0,0,2
A1.TZ.2005.0260_V5_C1.HM215255,67,0,0,0,1
A1.TZ.2005.0260_V5_C36.HM215256,78,0,0,0,2
A1.TZ.2005.0330_V4_C3.HM215257,63,0,0,0,3
A1.TZ.2005.0439_V5_C1.HM215258,85,0,0,0,-2
A1.TZ.2006.6592_V7_C25.HM215334,65,0,0,0,0
A1.TZ.2008.CH0219_E4.HM204621,79,0,0,0,-2
A1.TZ.x.398_F1_F6_20.HM215312,63,0,0,0,-1
A1.UG.1992.92UG031.AY669701,69,0,0,0,-1
A1.UG.1992.UG037_8.U09127,71,1,0,0,2
A1.UG.1992.UG037_8_K651N.,71,1,0,0,2
A1.UG.1993.93UG077.AY669704,69,0,0,0,0
A1.UG.1994.94UG103.AY669705,72,0,0,0,-2
A1.UG.2007.191084_B7_19.HM215266,69,0,0,0,1
A1.UG.2007.191845_B11.HM215271,76,0,0,0,2
A1.UG.2007.191955_A11.HM215272,64,1,0,0,1
A1.UG.2007.9004SS_A3_4.HM215350,74,1,0,0,6
A1.ZA.2004.CT533_T23B_36.JN681235,74,1,0,0,0
A1..x.SHIV_BG505_T332N_S375Y.,68,0,0,0,2
A1A3.CH.2009.S32224_174WK_C33.PQ282672,80,0,0,0,-1
A1C.IN.2006.3_J16.EU908217,65,0,0,0,3
A1C.IN.2007.3_3_J9.GU945313,60,0,0,0,1
A1C.IN.2007.3_5_J25.GU945314,58,0,0,0,3
A1C.IN.2007.3_5_J38.GU945315,63,0,0,0,4
A1C.IN.2021.TSG21N01N025.OZ241688,72,0,0,0,3
A1C.IN.2022.TSG22Y03A0015_B15.OZ241506,74,1,0,0,2
A1C.KE.1994.94KE105.AY669768,69,0,0,0,1
A1C.KE.2007.21023_B4.HM215276,76,0,0,0,7
A1C.RW.1992.92RW009.AY669700,70,1,0,0,2
A1C.RW.1992.92RW009_N276D.,70,1,0,0,2
A1C.RW.1992.92RW026.AY669702,71,0,0,0,0
A1C.TZ.2000.246_F3_C10_2.HM215279,67,1,0,0,0
A1C.TZ.2003.3589_V1_C4.HM215304,66,0,0,0,2
A1C.TZ.2004.6041_V3_C23.HM215321,76,0,0,0,2
A1C.TZ.2004.6540_V4_C1.HM215330,66,0,0,0,1
A1C.TZ.2004.6545_V3_C13.HM215331,66,0,0,0,1
A1C.TZ.2005.0735_V4_C1.HM215259,72,0,0,0,3
A1C.TZ.2005.6545_V4_C1.HM215332,66,0,0,0,1
A1C.TZ.2006.3812_V6_C05.HM215309,76,2,0,0,0
A1C.TZ.x.216_F2_E3_5.HM215277,61,0,0,0,1
A1C.TZ.x.477_F3_13_55.HM215315,70,0,0,0,2
A1C.ZA.2018.V703_0109_210S.ON890942,69,0,0,0,0
A1CD.KE.x.BJ412_W6M_S3.DQ208443,69,0,0,0,3
A1CD.KE.x.MJ412_W0M_C1.DQ208436,77,1,0,0,2
A1CD.KE.x.MJ412_W0M_F2.DQ208439,69,0,0,0,3
A1CD.RW.1992.92RW024.AY669699,75,2,0,0,2
A1CD.TZ.2004.3103_V3_C10.HM215288,66,0,0,0,1
A1CD.UG.2006.270015_J5_1.HM215280,70,0,0,0,3
A1CD.US.2017.V704_0662_190SN.ON980841,75,0,0,0,-2
A1D.CH.2008.S5206G5_581WK_C51.PQ282686,80,0,0,0,-1
A1D.KE.1995.Q168_A2.AF407148,63,1,0,0,1
A1D.KE.1995.Q168_B23.AF407149,63,1,0,0,1
A1D.KE.1996.QA790_204I_A4.FJ866124,79,0,0,0,1
A1D.KE.1996.QA790_204I_C1.FJ866125,79,0,0,0,1
A1D.KE.1996.QA790_204I_C8.FJ866126,79,0,0,0,1
A1D.KE.1996.QA790_204I_E2.FJ866127,79,0,0,0,1
A1D.KE.x.BF535_A1.DQ208431,57,0,0,0,3
A1D.KE.x.BL035_W6M_A1.DQ208478,77,0,0,0,3
A1D.KE.x.BL035_W6M_C1.DQ208480,61,0,0,0,3
A1D.KE.x.BL274_W6M_A3.DQ208499,84,0,0,0,2
A1D.KE.x.BS208_B1.KX364401,60,1,0,0,1
A1D.KE.x.MF535_W0M_B1.DQ208425,74,0,0,0,-1
A1D.KE.x.MF535_W0M_E2.DQ208428,57,0,0,0,2
A1D.KE.x.ML035_W0M_I2.DQ208475,87,1,0,0,2
A1D.KE.x.ML274_W0M_A1.DQ208492,85,1,0,0,2
A1D.KE.x.ML274_W0M_B1.DQ208493,80,1,0,0,1
A1D.KE.x.ML274_W0M_F1.DQ208497,85,1,0,0,4
A1D.KE.x.MS208_A1.DQ187010,68,0,0,0,0
A1D.KE.x.MS208_A3.,66,1,0,0,2
A1D.TZ.2003.3468_V1_C12.HM215301,70,0,0,0,2
A1D.TZ.2003.6095_V1_C10.HM215323,63,0,0,0,0
A1D.TZ.2004.0815_V3_C3.HM215260,77,1,0,0,5
A1D.TZ.2005.0907_V4_C12.HM215261,58,0,0,0,1
A1D.UG.1992.92UG035.AY669755,63,0,0,0,4
A1D.UG.2007.192018_B1_9.HM215273,80,0,0,0,-4
A1D.UG.2007.193003_B10.HM215274,72,0,0,0,2
A1G.CM.2004.T252_7.PV576768,68,1,0,0,1
A1G.ES.2009.EX15_B5.GQ862780,71,0,0,0,2
ASC.UG.2010.SIV_ASC_RT11.KJ461714,83,0,0,0,6
B.BR.1990.BZ167_12.GQ855764,73,0,0,0,3
B.BR.1992.92BR020.AY669718,69,1,0,0,0
B.BR.2019.V704_2834_210_RE_PB001_S.ON980954,70,0,0,0,-3
B.BR.2019.V704_2834_210_RE_PB002_S.ON980955,69,0,0,0,-4
B.BR.x.VLGC_B3.AY669720,74,0,0,0,3
B.CH.1995.S31522_147WK_C20.PQ282670,63,1,0,0,0
B.CH.1995.S51603_618WK_C58.PQ282681,98,0,0,0,-4
B.CH.1996.S52026_432WK_C83.PQ282687,87,1,0,0,-1
B.CH.1999.S50216_677WK_C68.PQ282684,63,0,0,0,4
B.CH.2000.S50804_770WK_C17.PQ282696,74,0,0,0,1
B.CH.2001.S30108_217WK_C42.PQ282669,96,0,1,0,2
B.CH.2001.S50252_603WK_C11.PQ282685,71,0,0,0,-4
B.CH.2001.S50514_891WK_C4.PQ282692,81,0,0,0,-3
B.CH.2001.S52624_272WK_C6.PQ282689,72,0,1,0,-1
B.CH.2001.NAB01.EU023918,68,0,0,0,0
B.CH.2001.NAB9PRE_CL_106.EU023928,80,0,0,0,-1
B.CH.2002.S30755_540WK_C48.PQ282679,76,0,0,0,2
B.CH.2002.S50901_909WK_C2.PQ282697,81,0,0,0,0
B.CH.2003.S50408_1083WK_C40.PQ282691,82,1,0,0,-3
B.CH.2003.S51434_865WK_C3.PQ282680,92,0,0,0,1
B.CH.2003.S5213G5_230WK_C27.PQ282683,68,2,0,0,-1
B.CH.2003.NAB5PRE_CL_1.EU023923,68,0,0,0,-1
B.CH.2006.S50741_847WK_C12.PQ282695,76,1,0,0,-1
B.CH.2007.S30725_597WK_C70.PQ282677,72,1,0,0,3
B.CH.2007.S52725_275WK_C19.PQ282690,80,2,0,0,-3
B.CH.2011.R282_3_4_CL56.MH714324,83,0,0,0,1
B.CH.2011.S30655_204WK_C26.PQ282668,84,1,0,0,-5
B.CH.2011.S50616_1071WK_C57.PQ282693,91,0,0,0,2
B.CH.2012.S32405_230WK_C34.PQ282673,91,1,0,0,-1
B.CH.2012.T282_3_8_CL82.MH714327,71,0,0,0,-2
B.CH.x.NAB01_C14.KX673207,68,0,0,0,1
B.CH.x.NAB01_C14_REV.KX673208,68,0,0,0,1
B.CH.x.NAB01_C21.KX673209,68,0,0,0,2
B.CH.x.NAB01_C21_REV.KX673210,68,0,0,0,2
B.CH.x.NAB01_C24.KX673211,68,0,0,0,1
B.CH.x.NAB01_C24_REV.KX673212,68,0,0,0,1
B.CH.x.NAB01_PA.KX673206,68,0,0,0,1
B.CH.x.ZENV07_0504_15.KU600814,69,0,0,0,0
B.CH.x.ZENV16_1202_7.KU600818,71,0,0,0,6
B.CH.x.ZENV91_0505_12.KU600815,72,1,0,0,-1
B.CN.2003.B01.EU363825,82,0,0,0,-3
B.CN.2003.B02.EU363826,66,0,0,0,0
B.CN.2003.B03.EU363827,70,0,0,0,3
B.CN.2004.CNE10.HM215397,61,0,0,0,-1
B.CN.2004.CNE12.HM215399,64,1,0,0,0
B.CN.2004.CNE14.HM215400,66,0,0,0,2
B.CN.2004.CNE64.HQ699979,64,0,0,0,-3
B.CN.2005.CNE11.HM215398,67,0,0,0,1
B.CN.2005.CNE57.HM215420,61,0,1,0,2
B.CN.2005.CNE9.HM215428,75,0,0,0,-2
B.CN.2005.DRVI01_0507_12.MK053944,63,1,0,0,-1
B.CN.2005.DRVI01_0507_13.MK053945,63,1,0,0,0
B.CN.2005.DRVI01_0507_14.MK053946,63,1,0,0,-1
B.CN.2005.DRVI01_0507_15.MK053947,63,1,0,0,-1
B.CN.2005.DRVI01_0507_16.MK053948,63,1,0,0,-1
B.CN.2005.CBJC504_05_02.PP115997,77,2,0,0,-2
B.CN.2005.CBJC504_05_03.PP115998,74,3,0,0,-1
B.CN.2005.CBJC504_05_04.PP115999,74,3,0,0,0
B.CN.2005.CBJC504_05_05.PP116000,74,3,0,0,-1
B.CN.2005.CBJC504_05_06.PP116001,74,3,0,0,-1
B.CN.2005.CBJC504_05_07.PP116002,74,3,0,0,-1
B.CN.2005.CBJC504_05_08.PP116003,78,3,0,0,0
B.CN.2005.CBJC504_05_13.PP116008,65,0,0,0,0
B.CN.2005.CBJC504_05_34.PP116029,74,3,0,0,-1
B.CN.2005.CBJC515_05_16.MF591588,74,2,0,0,-1
B.CN.2005.CBJC515_05_17.MF591589,62,0,0,0,0
B.CN.2005.CBJC515_05_18.MF591590,62,0,0,0,0
B.CN.2005.CBJC515_05_19.MF591591,62,0,0,0,0
B.CN.2005.CBJC515_05_20.MF591593,62,0,0,0,0
B.CN.2005.CBJC515_05_21.MF591594,62,0,0,0,0
B.CN.2005.CBJC515_05_22.MF591595,62,1,0,0,0
B.CN.2005.CBJC515_05_23.MF591596,62,1,0,0,0
B.CN.2005.CBJC515_05_24.MF591597,62,0,0,0,0
B.CN.2005.CBJC515_05_25.MF591598,70,1,0,0,-1
B.CN.2005.CBJC515_05_26.MF591599,74,2,0,0,-1
B.CN.2006.B04.EU363828,63,0,0,0,0
B.CN.2006.B05.EU363829,62,0,0,0,1
B.CN.2006.CNE1.HQ699949,62,0,0,0,2
B.CN.2006.CNE4.HM215413,78,0,0,0,3
B.CN.2006.CNE6.HM215423,65,0,0,0,0
B.CN.2006.CNHLJBF06044.EU131805,73,0,1,0,2
B.CN.2006.CNHLJBM06050.EU131798,66,0,0,0,-4
B.CN.2006.CBJC504_06_01.OQ389758,64,0,0,0,-1
B.CN.2006.CBJC504_06_02.OQ389759,65,0,0,0,-3
B.CN.2006.CBJC504_06_07.OQ389764,77,3,0,0,-1
B.CN.2006.CBJC504_06_12.OQ389769,69,0,0,0,-1
B.CN.2006.CBJC504_06_13.OQ389770,64,0,0,0,-1
B.CN.2006.CBJC504_06_14.OQ389771,78,1,0,0,-1
B.CN.2006.CBJC504_06_20.OQ389777,89,1,0,0,1
B.CN.2006.CBJC504_06_24.OQ389781,75,0,0,0,-1
B.CN.2006.CBJC515_06_20.MF591619,65,0,0,0,-3
B.CN.2006.CBJC515_06_21.MF591620,82,0,0,0,-3
B.CN.2006.CBJC515_06_22.MF591621,65,0,0,0,-3
B.CN.2006.CBJC515_06_23.MF591622,65,0,0,0,-3
B.CN.2007.BJOX003000_19_1.HM215365,69,0,0,0,1
B.CN.2007.BJOX006000_13_3.HM215369,74,0,0,0,0
B.CN.2007.BJOX007000_02_3.HM215370,73,0,0,0,3
B.CN.2007.BJOX020000_03_3.HM215382,80,1,0,0,1
B.CN.2007.BJOX022000_02_3.HM215384,65,0,0,0,3
B.CN.2008.BJOX035000_04_8.HM215395,68,0,0,0,0
B.CN.2008.DRVI01_0803_11.MK054029,63,1,0,0,-2
B.CN.2008.DRVI01_0803_12.MK054030,60,0,0,0,1
B.CN.2008.DRVI01_0803_13.MK054031,63,0,0,0,0
B.CN.2008.DRVI01_0803_14.MK054032,63,0,0,0,-1
B.CN.2008.DRVI01_0803_15.MK054033,60,0,0,0,1
B.CN.2008.DRVI01_0803_16.MK054034,60,0,0,0,3
B.CN.2008.CBJC515_08_22.MF591660,73,2,0,0,0
B.CN.2008.CBJC515_08_23.MF591661,73,2,0,0,-1
B.CN.2008.CBJC515_08_24.MF591662,63,0,0,0,1
B.CN.2008.CBJC515_08_25.MF591663,79,1,0,0,-3
B.CN.2008.CBJC515_08_26.MF591664,73,2,0,0,0
B.CN.2008.CBJC515_08_27.MF591665,73,1,0,0,0
B.CN.2008.CBJC515_08_28.MF591666,62,0,0,0,0
B.CN.2008.CBJC515_08_29.MF591667,78,1,0,0,1
B.CN.2008.CBJC515_08_30.MF591669,73,1,0,0,0
B.CN.2008.CBJC515_08_31.MF591670,75,1,0,0,-2
B.CN.2008.CBJC515_08_32.MF591671,73,2,0,0,0
B.CN.2008.CBJC515_08_33.MF591672,78,1,0,0,-4
B.CN.2008.CBJC515_08_34.MF591673,78,1,0,0,0
B.CN.2009.CBJC504_09_04.OQ389786,66,0,0,0,4
B.CN.2009.CBJC504_09_05.OQ389787,74,1,0,0,3
B.CN.2009.CBJC504_09_07.OQ389789,63,0,0,0,0
B.CN.2009.CBJC504_09_08.OQ389790,64,0,0,0,-1
B.CN.2009.CBJC504_09_21.OQ389802,75,1,0,0,-2
B.CN.2009.CBJC504_09_22.OQ389803,71,1,0,0,-5
B.CN.2009.DRVI01_0912_2.MK054067,69,2,0,0,-3
B.CN.2009.DRVI01_0912_5.MK054068,70,0,0,0,-1
B.CN.2009.DRVI01_0912_6.MK054069,70,0,0,0,-1
B.CN.2009.DRVI01_0912_7.MK054070,70,0,0,0,-1
B.CN.x.B06.EU363830,66,1,0,0,2
B.CN.x.BJ168_17.MN617378,87,1,0,0,0
B.CN.x.BJ171_13.MN617379,66,0,0,0,-2
B.CN.x.BJ175_4.MN617380,67,0,0,0,-3
B.CN.x.BJ176_1.MN617381,61,0,0,0,1
B.CN.x.BJ23_1.MN617361,69,0,0,0,0
B.CN.x.BJ33_11.MN642094,71,1,0,0,1
B.CN.x.BJ39_14.MN617376,66,0,0,0,1
B.CN.x.BJYA105_5.MN617383,75,1,0,0,0
B.CN.x.BJYA109_9.MN617384,65,0,0,0,1
B.CN.x.BJYA119_6.MN617385,78,1,0,0,-1
B.CN.x.BJYA144_8.MN617386,68,1,0,0,0
B.CN.x.BJYA174_16.MN617387,67,0,0,0,0
B.CN.x.BJYA180_8.MN617388,68,0,0,0,-1
B.CN.x.BJYA187_8.MN617389,67,0,0,0,0
B.CN.x.BJYA192_4.MN617390,70,1,0,0,-1
B.CN.x.BJYA194_5.MN617391,73,0,0,0,0
B.CN.x.HEB46_6.MN617382,58,0,0,0,-1
B.CN.x.HEB5_10.MN617374,69,0,0,0,-2
B.CN.x.HEB87_2.MN617377,69,1,0,0,-2
B.CN.x.HN15A_27.MN642096,74,0,0,0,-1
B.CN.x.HN18A_41.MN642097,67,0,0,0,2
B.CN.x.HN40_40.MN642098,67,1,0,0,1
B.CN.x.HN6A_40.MN642095,84,0,0,0,3
B.CN.x.HUB32_3.MN617375,74,1,0,0,0
B.DE.2016.1HD4K_D0_061516_E3_S53.KY324517,65,2,0,0,1
B.DE.2016.1HD4K_D0_061516_F7_S57.KY324521,65,2,0,0,0
B.DE.2016.1HD4K_D0_061616PL1_D4_S83.KY324529,65,2,0,0,0
B.DE.2016.1HD4K_D0_061616PL2_A4_S53.KY324536,65,2,0,0,0
B.DE.2016.1HD4K_D0_061616PL2_C2_S57.KY324539,65,2,0,0,0
B.DE.2016.1HD4K_W4_062316PL3_A3_S25.KY324569,65,2,0,0,0
B.DE.2016.1HD4K_W4_062316PL3_B1_S27.KY324572,65,2,0,0,0
B.DE.2016.1HD4K_W4_062316PL3_B9_S29.KY324574,65,1,0,0,1
B.DE.2016.1HD4K_W4_062316PL4_A11_S47.KY324583,65,2,0,0,0
B.DE.2016.1HD4K_W4_062316PL4_A3_S44.KY324584,65,2,0,0,0
B.DE.2016.1HD5K_D0_061016_C5_S3.KY324594,79,1,0,0,1
B.DE.2016.1HD5K_D0_061416PL1_F1_S17.KY324599,79,1,0,0,0
B.DE.2016.1HD5K_D0_061416PL2_D11_S27.KY324603,79,1,0,0,-1
B.DE.2016.1HD5K_D0_061416PL2_D12_S28.KY324604,79,1,0,0,0
B.DE.2016.1HD5K_D0_061616_F6_S42.KY324615,79,1,0,0,-1
B.DE.2016.1HD5K_W4_061416_A6_S32E.KY324621,79,1,0,0,-1
B.DE.2016.1HD5K_W4_061616_A12_S44.KY324625,79,1,0,0,-1
B.DE.2016.1HD5K_W4_061616_C11_S49.KY324628,79,1,0,0,0
B.DE.2016.1HD5K_W4_061616_C12_S50.KY324629,79,1,0,0,-1
B.DE.2016.1HD5K_W4_062316_D10_S59.KY324633,79,1,0,0,0
B.DE.2016.1HD5K_W4_062916_A6_S61.KY324635,79,1,0,0,-1
B.DE.2016.1HD6K_D0_061016_B3_S9.KY324642,66,0,0,0,0
B.DE.2016.1HD6K_D0_061416_F12_S50.KY324655,66,0,0,0,-1
B.DE.2016.1HD6K_D0_061616_C10_S24.KY324663,65,1,0,0,-1
B.DE.2016.1HD6K_D0_061616_C6_S21.KY324664,66,0,0,0,-1
B.DE.2016.1HD6K_W4_070516_G5_S26.KY324724,65,1,0,0,-1
B.DE.2016.1HD6K_W8_072616_D6_S65.KY324727,66,0,0,0,0
B.DE.2016.1HD6K_W8_072616_F2_S69.KY324730,66,0,0,0,-1
B.DE.2016.1HD6K_W8_072616_G10_S70.KY324731,66,0,0,0,0
B.DE.2016.1HD8K_D0_061616_B4_S93.KY324738,64,1,0,0,0
B.DE.2016.1HD8K_D0_062916_A4_S69.KY324755,71,0,0,0,-3
B.DE.2016.1HD8K_D0_062916_A9_S72.KY324756,69,0,0,0,-2
B.DE.2016.1HD8K_D0_062916_F6_S90.KY324768,69,0,0,0,-1
B.DE.2016.1HD8K_D0_062916_H6_S95.KY324769,68,0,0,0,0
B.DE.2016.1HD8K_W4_070116PL3_C6_S63.KY324786,69,0,0,0,-1
B.DE.2016.1HD8K_W4_070116PL3_G12_S77.KY324794,71,0,0,0,-3
B.DE.2016.1HD8K_W4_070116PL3_H8_S80.KY324798,72,0,0,0,0
B.DE.2016.1HD8K_W4_070116PL4_E1_S86.KY324801,72,0,0,0,0
B.DE.2016.1HD8K_W4_070116PL4_E9_S87.KY324802,70,0,0,0,1
B.DE.2016.1HD8K_W4_070116PL4_F7_S89.KY324803,71,0,0,0,-3
B.DE.2016.1HD9K_D0_070816_B3_S30.KY324807,71,0,0,0,2
B.DE.2016.1HD9K_D0_070816_C3_S35.KY324810,71,0,0,0,2
B.DE.2016.1HD9K_D0_071116PL6_A10_S86.KY324822,71,0,0,0,2
B.DE.2016.9253_PRE_F22.MH575570,73,0,0,0,-3
B.DE.2016.9253_PRE_J18.MH575578,75,0,0,0,-2
B.DE.2016.9254_W12_12A13.MH575532,80,0,0,0,2
B.DE.2016.9254_W12_12A5.MH575531,80,0,0,0,2
B.DE.2016.9255_PRE_A23.MH575409,66,0,0,0,3
B.DE.2016.9255_PRE_B1.MH575410,64,0,0,0,2
B.DE.2017.IDC561_C08.MN871329,84,0,0,0,5
B.DE.2017.IDC561_F12.MN871332,80,0,0,0,3
B.DE.2017.IDC561_G09.MN871330,81,0,0,0,1
B.DE.2017.IDC561_G10.MN871328,84,0,0,0,5
B.DE.2017.IDC561_H05.MN871333,78,0,0,0,2
B.DE.2017.IDC561_H08.MN871331,81,0,0,0,5
B.DO.2008.X2348_C2_8.FJ817365,65,1,0,0,-1
B.ES.2007.X2278_C2_B6.FJ817366,70,1,0,0,1
B.FR.1983.HXB2.K03455,68,0,0,0,2
B.FR.1983.LAI.K02013,73,0,0,0,-1
B.FR.1985.NL43.AY669735,66,0,0,0,2
B.FR.x.BX08_16.GQ855765,61,0,0,0,1
B.HT.1992.HT593_1.U08444,93,0,0,0,-2
B.IT.1995.TRO_11.AY835445,77,0,0,0,2
B.IT.1996.PVO_4.AY835444,82,1,1,0,2
B.JP.x.MOKW.AB262959,76,0,0,0,-2
B.NL.1986.AMC009_1B5.PP544519,75,0,0,0,-1
B.NL.1989.AMC011.PP544654,72,0,0,0,2
B.NL.x.W61D_TCLA_71.HM215359,78,0,0,0,0
B.PE.2017.V704_1802_080SN_01.ON980908,74,1,0,0,3
B.PE.2017.V704_1802_080SN_02.ON980909,74,1,0,0,3
B.PE.2017.V704_1716_090SN.ON980899,81,1,0,0,-2
B.PE.2017.V704_2685_080SN.ON980948,71,1,0,0,2
B.PE.2017.V704_2767_070SN.ON980949,75,0,0,0,1
B.PE.2017.V704_0562_160EN01.ON980831,73,1,0,0,1
B.PE.2017.V704_0562_160EN02.ON980832,79,1,0,0,0
B.PE.2017.V704_0562_160EN04.ON980833,77,0,0,0,0
B.PE.2017.V704_0562_160_RE_PBLIB003_S.ON980830,79,1,0,0,0
B.PE.2017.V704_1236_060_ESN1.ON980879,72,1,0,0,1
B.PE.2018.V704_0175_100SN.ON980819,70,1,0,0,-3
B.PE.2018.V704_0985_100SN.ON980867,72,1,0,0,1
B.PE.2018.V704_1236_070ESN.ON980880,76,0,0,0,4
B.PE.2018.V704_1706_050SN.ON980897,80,1,0,0,-3
B.PE.2018.V704_0644_060SN_PRELIMSEQ.ON980839,79,0,0,0,-1
B.PE.2018.V704_0847_030_ESN_01T.ON980852,73,1,0,0,-2
B.PE.2018.V704_0847_030_ESN_02C.ON980853,73,1,0,0,-2
B.PE.2018.V704_0575_060_ESN1A.ON980834,71,1,0,0,2
B.PE.2018.V704_0575_060_ESN2T.ON980835,71,1,0,0,2
B.PE.2018.V704_0575_060_RE_P002S.ON980836,71,1,0,0,2
B.PE.2018.V704_0855_080_ESN.ON980854,76,1,0,0,0
B.PE.2018.V704_1332_120_RE_PB001_S.ON980882,72,1,0,0,3
B.PE.2018.V704_2408_040_ESN.ON980931,67,1,0,0,-1
B.PE.2018.V704_3083_040_ESN.ON980967,71,0,0,0,0
B.PE.2018.V704_2150_230_RE_E05S.ON980923,73,0,1,0,-1
B.PE.2018.V704_2164_030_ESN.ON980924,81,1,0,0,-1
B.PE.2018.V704_2164_030_RE_P002S.ON980925,81,1,0,0,-1
B.PE.2018.V704_3008_040ESN.ON980965,61,0,0,0,0
B.PE.2018.V704_0340_150ESN.ON980822,75,0,0,0,0
B.PE.2018.V704_0478_160ESN.ON980825,74,1,0,0,0
B.PE.2018.V704_0478_160_RE_PBLIB002_S.ON980824,76,0,0,0,0
B.PE.2018.V704_0652_110_ESN_2472A.ON980840,84,0,0,0,-5
B.PE.2018.V704_0746_760_RE_P001S.ON980846,67,0,0,0,0
B.PE.2018.V704_0746_760_RE_P002S.ON980847,67,0,0,0,0
B.PE.2018.V704_0746_760_RE_P003S.ON980845,67,0,0,0,0
B.PE.2018.V704_1835_150_RE_P001S_2484A.ON980910,77,1,0,0,-1
B.PE.2018.V704_1835_150_RE_P002S_2484A.ON980911,77,1,0,0,-1
B.PE.2018.V704_2536_030_RE_P002S.ON980935,68,0,0,0,1
B.PE.2018.V704_2536_030_RE_P003S.ON980936,68,0,0,0,1
B.PE.2018.V704_1551_150_ESN.ON980890,84,0,0,0,1
B.PE.2018.V704_1551_150_RE_P002S.ON980891,84,0,0,0,1
B.PE.2018.V704_2643_210_RE_P001S.ON980945,78,0,0,0,1
B.PE.2018.V704_2684_181_RE_P001S.ON980946,72,0,0,0,0
B.PE.2018.V704_2684_181_RE_PBLIB006_S.ON980947,72,0,0,0,0
B.PE.2018.V704_3000_240_RE_PBSGA001_S.OQ912896,67,1,0,0,1
B.PE.2018.V704_3000_240_RE_PBSGA002_S.OQ912897,67,1,0,0,1
B.PE.2018.V704_0513_150_EN01T.ON980827,82,1,0,0,-1
B.PE.2018.V704_0513_150_EN02C.ON980828,82,1,0,0,-1
B.PE.2018.V704_0513_150_RE_PBLIB003_S.ON980829,84,0,0,0,0
B.PE.2018.V704_2065_060_RE_P001S.ON980920,65,0,0,0,-4
B.PE.2018.V704_2065_060_RE_P002S.ON980921,65,0,0,0,-4
B.PE.2018.V704_1991_230_RE_P001S_1194T.ON980917,73,0,0,0,2
B.PE.2018.V704_1991_230_RE_P002S_1194T.ON980918,73,1,0,0,0
B.PE.2018.V704_2524_240ESN_A.OR508938,71,0,0,0,1
B.PE.2018.V704_2524_240ESN_G.OR508939,71,0,0,0,1
B.PE.2018.V704_3039_140ESN.ON980966,78,0,0,0,-2
B.PE.2018.V704_0751_190_RE_P001S.ON980848,74,1,0,0,2
B.PE.2018.V704_0751_190_RE_P002S.ON980849,74,1,0,0,2
B.PE.2018.V704_0751_190_RE_P003S.ON980850,74,1,0,0,2
B.PE.2018.V704_2448_240_RE_CS.OQ912894,63,2,0,0,1
B.PE.2018.V704_2625_090ESN.ON980944,77,0,0,0,-1
B.PE.2019.V704_0026_231_RE_PBSGA001_S.OQ912888,73,0,0,0,3
B.PE.2019.V704_0029_170_RE_P001S.ON980814,74,1,0,0,0
B.PE.2019.V704_0029_170_RE_P002S.ON980815,75,0,0,0,0
B.PE.2019.V704_0029_170_RE_P003S.ON980816,73,0,0,0,-2
B.PE.2019.V704_0714_720_RE_P001S.ON980842,71,0,0,0,1
B.PE.2019.V704_0714_720_RE_P003S.ON980843,73,0,0,0,1
B.PE.2019.V704_1262_250_RE_CS_2448A.OR508945,72,0,0,0,0
B.PE.2019.V704_0011_240_RE_PB001_S.OR508950,68,0,0,0,4
B.PE.2019.V704_0011_240_RE_PB002_S.OR508948,68,0,0,0,5
B.PE.2019.V704_0011_240_RE_PB003_S.OR508949,68,0,0,0,2
B.PE.2019.V704_0601_170_RE_CS.ON980838,79,0,0,0,1
B.PE.2019.V704_1350_750_RE_PBSGA001_S.ON980883,89,2,0,0,0
B.PE.2019.V704_2080_250_RE_CS.OR508941,87,0,0,0,4
B.PE.2019.V704_0503_250_RE_CS.OR508940,66,1,0,0,3
B.PE.2019.V704_0886_250_RE_P001S.OQ912892,72,0,0,0,1
B.PE.2019.V704_1783_150_RE_CS.ON980907,79,0,0,0,-1
B.PE.2019.V704_2095_130_RE_CS.ON980922,79,0,0,0,-3
B.PE.2019.V704_2495_180_RE_CS.ON980932,78,0,0,0,2
B.PE.2019.V704_0298_180_RE_CS.ON980821,62,0,0,0,-2
B.PE.2019.V704_2061_140_RE_CS.ON980919,73,0,0,0,1
B.PE.2019.V704_0944_180_RE_CS.ON980866,65,0,0,0,2
B.PE.2019.V704_2839_140_RE_CS.ON980956,74,0,0,0,0
B.PE.2019.V704_1907_251_RE_CS.OR508946,72,0,0,0,2
B.PE.2019.V704_0445_180_RE_CON_S.ON980823,72,1,0,0,0
B.PE.2019.V704_0893_180_RE_P002S.ON980860,73,1,0,0,0
B.PE.2019.V704_0893_180_RE_PB001_S.ON980859,73,2,0,0,0
B.PE.2019.V704_0893_180_RE_PBLIB002_S.ON980861,73,2,0,0,0
B.PE.2019.V704_2624_200_RE_CON_S.ON980943,56,1,0,0,2
B.PE.2019.V704_0578_190_RE_PBSGA001_S.OR508962,71,0,0,0,0
B.PE.2019.V704_1747_170_RE_CON_S.ON980905,56,1,0,0,4
B.PE.2019.V704_2555_240_RE_CON_S_VPUG.OQ912895,72,1,0,0,0
B.PE.2019.V704_3023_260_RE_PBLIB001_S.OR508956,75,0,0,0,-1
B.PE.2019.V704_3023_260_RE_PBLIB002_S.OR508957,75,0,0,0,-1
B.PE.2019.V704_0651_200_RE_PBLIB001_S.OR508959,61,0,0,0,0
B.PE.2019.V704_0651_200_RE_PBLIB002_S.OR508960,61,0,0,0,-2
B.PE.2019.V704_0372_250_RE_PBLIB001_S.OQ912889,71,0,0,0,-1
B.PE.2019.V704_0372_250_RE_PBLIB002_S.OQ912890,71,0,0,0,-1
B.PE.2019.V704_1528_240_RE_PBLIB_001_S.OQ912893,64,0,0,0,-1
B.PE.2020.V704_0622_250_RE_PBLIB001_S.OR508958,69,0,0,0,1
B.PE.x.H022_7.EF210725,77,0,0,0,-1
B.PE.x.H029_12.EF210726,67,0,0,0,0
B.PE.x.H030_7.EF210727,70,0,0,0,1
B.PE.x.H031_7.EF210728,67,0,0,0,1
B.PE.x.H035_18.EF210729,82,0,0,0,-1
B.PE.x.H061_14.EF210730,74,0,0,0,2
B.PE.x.H077_31.EF210734,79,1,0,0,-3
B.PE.x.H078_14.EF210733,71,1,0,0,-1
B.PE.x.H079_2.EF210731,76,1,0,0,0
B.PE.x.H080_23.EF210735,71,0,0,0,-1
B.PE.x.H086_8.EF210732,62,0,0,0,1
B.PE.x.H086_8_N651K.,62,0,0,0,1
B.TH.1993.93TH305.AY669729,68,0,0,0,-1
B.TH.2000.C3198_C05.HM215396,65,0,0,0,2
B.TH.2007.402288_C01.JQ352781,81,1,0,0,0
B.TH.x.NKR_0512_8.HM215431,73,0,0,0,1
B.TH.x.RPW_0510_2.HM215435,70,1,0,0,4
B.TT.1993.SC05_8C11_2344.EU289200,67,0,0,0,-2
B.TT.1994.QH0515_1.AY835440,76,1,0,0,2
B.TT.1994.QH0692_42.AY835439,82,1,0,0,0
B.TT.1995.SC422_8.AY835441,72,0,0,0,2
B.TT.1995.SC45_4B5_2631.EU289201,80,3,0,0,-2
B.TT.1998.TT29P_3A1_2769.EU577190,74,2,0,0,4
B.TT.1998.TT31P_2F10_2792.EU577213,74,1,0,0,3
B.US.1985.BAL_01.DQ318210,72,0,0,0,3
B.US.1985.BAL_26.DQ318211,72,0,0,0,0
B.US.1986.AD8.,65,1,0,0,1
B.US.1986.ADA.AY426119,65,1,0,0,1
B.US.1986.ADA_COMB_MUT.,63,0,0,0,1
B.US.1986.JRCSF.AY669726,67,0,0,0,3
B.US.1986.JRCSF_G324A.,67,0,0,0,3
B.US.1986.JRCSF_I307A.,67,0,0,0,3
B.US.1986.JRCSF_I309A.,67,0,0,0,3
B.US.1986.JRCSF_I323A.,67,0,0,0,3
B.US.1986.JRCSF_I420A.,67,0,0,0,3
B.US.1986.JRCSF_I423A.,67,0,0,0,3
B.US.1986.JRCSF_I424A.,67,0,0,0,3
B.US.1986.JRCSF_K305A.,67,0,0,0,3
B.US.1986.JRCSF_K421A.,67,0,0,0,3
B.US.1986.JRCSF_L125A.,67,0,0,0,3
B.US.1986.JRCSF_N156A.,67,0,0,0,3
B.US.1986.JRCSF_N156Q.,67,0,0,0,3
B.US.1986.JRCSF_N186Q.,67,0,0,0,3
B.US.1986.JRCSF_N197D.,67,0,0,0,2
B.US.1986.JRCSF_N197K.,67,0,0,0,3
B.US.1986.JRCSF_N197Q.,67,0,0,0,3
B.US.1986.JRCSF_N276Q.,67,0,0,0,3
B.US.1986.JRCSF_N295Q.,67,0,0,0,3
B.US.1986.JRCSF_N301A.,67,0,0,0,3
B.US.1986.JRCSF_N301Q.,67,0,0,0,3
B.US.1986.JRCSF_N332Q.,67,0,0,0,3
B.US.1986.JRCSF_N386Q.,67,0,0,0,3
B.US.1986.JRCSF_N392Q.,67,0,0,0,3
B.US.1986.JRCSF_N397Q.,67,0,0,0,3
B.US.1986.JRCSF_N411Q.,67,0,0,0,3
B.US.1986.JRCSF_N448Q.,67,0,0,0,3
B.US.1986.JRCSF_N461Q.,67,0,0,0,3
B.US.1986.JRCSF_S199A.,67,0,0,0,3
B.US.1986.JRCSF_T202A.,67,0,0,0,3
B.US.1986.JRCSF_T303A.,67,0,0,0,3
B.US.1986.JRCSF_Y177A.,67,0,0,0,3
B.US.1986.JRCSF_Y318A.,67,0,0,0,3
B.US.1986.JRCSF_Y435A.,67,0,0,0,3
B.US.1986.JRFL.AY669728,66,1,0,0,-3
B.US.1986.JRFL_D197N.,66,1,0,0,-2
B.US.1986.JRFL_D197N_S199A.,66,1,0,0,-2
B.US.1986.JRFL_D197Q.,66,1,0,0,-2
B.US.1986.JRFL_E168K.,66,1,0,0,-1
B.US.1986.JRFL_JR2.,66,1,0,0,-3
B.US.1986.JRFL_N156Q.,66,1,0,0,-3
B.US.1986.JRFL_Y173A_Y177A.,66,1,0,0,-3
B.US.1986.YU2.M93258,65,0,0,0,-1
B.US.1987.SG3.L02317,72,0,0,0,4
B.US.1989.R2.AF128126,74,1,0,0,-3
B.US.1989.89_6.U39362,71,0,1,0,5
B.US.1990.100711I_3_26.MH012790,74,0,0,0,-3
B.US.1990.WEAU_D15_410.EU289202,73,0,0,0,0
B.US.1990.BORI_D9_4D7_1410.EU576296,76,0,0,0,0
B.US.1990.BORI_D9_4F8_1413.EU576299,67,0,0,0,3
B.US.1991.100307I_2_26.MH012599,65,0,0,0,1
B.US.1991.100307I_2_7.MH012608,67,0,0,0,0
B.US.1991.100383I_3_5.MH012655,70,0,0,0,1
B.US.1991.100890I_2_1.MH012806,68,0,0,0,2
B.US.1991.100890I_2_4.MH012819,68,0,0,0,0
B.US.1991.100997I_2_18.MH012866,75,0,0,0,-5
B.US.1991.100997I_2_2.MH012868,73,0,0,0,0
B.US.1991.101421I_2_11.MH012925,70,0,0,0,-1
B.US.1991.101421I_2_23.MH012937,68,1,0,0,-1
B.US.1991.101984I_10.MH012963,82,0,0,0,1
B.US.1991.101984I_21.MH012971,83,1,0,0,-1
B.US.1991.91US005_11.U27434,73,1,0,0,1
B.US.1991.SUMA_D5_8_2.EU577054,70,0,0,0,-1
B.US.1991.DH12.AF069140,69,0,0,0,9
B.US.1992.100155I_21.MH012529,68,0,0,0,2
B.US.1992.100155M_12.MH012544,72,0,0,0,-2
B.US.1992.100155M_15.MH012546,67,0,0,0,-1
B.US.1992.100155M_17.MH012548,67,1,0,0,-2
B.US.1992.100155M_18.MH012549,75,0,0,0,-2
B.US.1992.100155M_29.MH012558,69,0,0,0,1
B.US.1992.100155M_33.MH012561,75,0,0,0,0
B.US.1992.100155M_4.MH012568,73,0,0,0,0
B.US.1992.100155M_48.MH012572,75,0,0,0,0
B.US.1992.100155M_51.MH012575,75,0,0,0,0
B.US.1992.100155M_9.MH012579,76,0,0,0,-2
B.US.1992.102605I_33.MH013148,76,0,0,0,0
B.US.1992.92US715.U08451,73,0,0,0,-2
B.US.1993.100002I_2_1.MH012316,78,0,0,0,1
B.US.1993.100014I_2_20.MH012405,81,1,0,0,-2
B.US.1993.100046I_3_2.MH012266,72,0,0,0,2
B.US.1993.100052I_2_15.MH012468,73,0,0,0,0
B.US.1993.100504I_20.MH012682,67,0,0,0,0
B.US.1993.102149I_2_23.MH013041,66,0,0,0,1
B.US.1993.102407I_2_1.MH013075,69,1,0,0,-3
B.US.1994.PRB926_04_A9_4237.EU289197,72,0,0,0,1
B.US.1994.6101_1.AY835434,69,0,0,0,-1
B.US.1994.7165_18.AY835437,66,1,0,0,-2
B.US.1995.6240_08_TA5_4622.EU289190,78,0,0,0,-2
B.US.1995.PRB931_06_TC3_4930.EU289198,64,0,0,0,2
B.US.1995.5768_4.AY835435,75,1,0,0,0
B.US.1995.6535_3.AY835438,70,2,0,0,0
B.US.1995.3988_25.AY835436,64,0,0,0,0
B.US.1996.6244_13_B5_4567.EU289191,94,0,0,0,2
B.US.1996.JRCSF_Y173A_Y177A.,67,0,0,0,3
B.US.1996.BG1168_1.AY835443,85,1,0,0,-2
B.US.1997.1006_11_C3_1601.EU289183,69,2,0,0,1
B.US.1997.1012_11_TC21_3257.EU289184,71,1,0,0,0
B.US.1997.1054_07_TC4_1499.EU289185,74,0,0,0,-2
B.US.1997.62357_14_D3_4589.EU289189,62,0,0,0,1
B.US.1997.63358_04_P3_4013.EU289192,83,0,0,0,-2
B.US.1997.SS1196_1.AY835442,62,1,0,0,1
B.US.1997.1051_12_C22_3325.EU575148,80,0,0,0,-1
B.US.1997.1051_12_TD12_3291.EU575170,78,0,0,0,-1
B.US.1997.9014_01_TB1_4769.EU575786,88,0,1,0,0
B.US.1998.1056_10_TA11_1826.EU289186,75,0,0,0,0
B.US.1998.1058_11_B11_1550.EU289187,68,0,0,0,1
B.US.1998.9021_14_B2_4571.EU289196,83,1,0,0,2
B.US.1998.AC10_29.AY835446,74,1,0,0,0
B.US.1998.1059_09_A4_1460.EU575376,79,0,0,0,-2
B.US.1998.9020_20_A13_4607.EU575870,74,1,0,0,-1
B.US.1998.B41_9032_08_A1.EU576114,79,1,0,0,1
B.US.1998.B41_9032_08_A1_R315Q.,79,1,0,0,1
B.US.1999.AD17.GU331254,62,0,0,0,1
B.US.2000.PRB958_06_TB1_4305.EU289199,65,0,0,0,-2
B.US.2000.THRO4156.AY835448,76,0,0,0,0
B.US.2000.THRO_C.JN944946,76,0,0,0,-1
B.US.2000.WITO4160_33.AY835451,68,0,0,0,3
B.US.2000.WITO_C.JN944948,68,0,0,0,3
B.US.2000.RHPA4259_7.AY835447,70,0,0,0,0
B.US.2000.RHPA_C.JN944944,70,0,0,0,0
B.US.2001.APV_13.DQ869019,66,0,0,0,1
B.US.2001.45_01DG5.JQ609687,70,0,0,0,-2
B.US.2001.45_01DG5_DELGLY3_197.,70,0,0,0,-2
B.US.2001.45_01DG5_DELGLY3_362.,70,0,0,0,-2
B.US.2001.45_01DG5_DELGLY3_463.,70,0,0,0,-2
B.US.2001.45_01DG5_DELGLY4.,70,0,0,0,-2
B.US.2001.REJO4541_67.AY835449,70,0,0,0,2
B.US.2001.REJO_C.JN944943,70,0,0,0,2
B.US.2001.TRJO4551_58.AY835450,74,1,0,0,-2
B.US.2001.TRJO_C.JN944947,74,1,0,0,-2
B.US.2002.APV_17.DQ869023,66,1,0,0,-2
B.US.2003.APV_6.DQ869030,70,0,0,0,1
B.US.2004.CAAN5342.AY835452,65,0,0,0,-2
B.US.2004.VC10014_041504_F8.KJ698264,67,1,0,0,-1
B.US.2006.700010040_C9_4520.EU289193,65,0,0,0,1
B.US.2006.700010058_A4_4375.EU289194,69,3,0,0,0
B.US.2006.CH077_C.JN944941,68,0,0,0,1
B.US.2006.CH106_C.JN944942,73,1,0,0,2
B.US.2007.EN3C016.MN516423,76,0,0,0,0
B.US.2007.EN3C028.MN516424,76,0,0,0,0
B.US.2007.EN3C040.MN516425,76,0,0,0,0
B.US.2007.EN3C041.MN516426,76,0,0,0,0
B.US.2007.EN3C045.MN516427,76,0,0,0,0
B.US.2007.EN3C059.MN516428,76,0,0,0,-1
B.US.2007.EN3C061.MN516429,76,0,0,0,0
B.US.2007.EN3C068.MN516430,76,0,0,0,0
B.US.2007.EN3C073.MN516431,76,0,0,0,0
B.US.2007.EN3C075.MN516432,76,0,0,0,0
B.US.2007.EN3C084.MN516433,76,0,0,0,0
B.US.2007.EN3C088.MN516434,76,0,0,0,0
B.US.2007.EN3D006.MN516435,76,0,0,0,-1
B.US.2007.EN3D020.MN516436,76,0,0,0,0
B.US.2007.EN3D054.MN516437,76,0,0,0,0
B.US.2007.EN3D059.MN516438,76,0,0,0,0
B.US.2007.EN3D066.MN516439,76,0,0,0,0
B.US.2007.EN3D069.MN516440,76,0,0,0,0
B.US.2007.EN3D071.MN516441,78,0,0,0,2
B.US.2007.EN3D079.MN516442,76,0,0,0,0
B.US.2008.N90_08A13.JQ610128,82,2,0,0,-4
B.US.2008.N90_08A15.JQ610129,82,2,0,0,-4
B.US.2008.N90_08A19.JQ610132,75,0,0,0,1
B.US.2008.N90_08A25.JQ610135,78,0,0,0,1
B.US.2008.N90_08B16.JQ610150,82,2,0,0,-3
B.US.2008.N90_08B17.JQ610151,82,2,0,0,-4
B.US.2008.N90_08B4.JQ610140,73,0,0,0,-1
B.US.2008.N90_08B6.JQ610142,82,2,0,0,-3
B.US.2012.Z258_2012_SGA5.KX595122,81,0,0,0,-1
B.US.2015.106_1_C_1_2.KY114043,67,0,0,0,0
B.US.2015.106_1_C_2_8.KY114040,76,0,0,0,1
B.US.2015.106_1_C_2_9.KY114039,67,0,0,0,1
B.US.2015.106_1_C_5_10.KY114036,65,0,0,0,0
B.US.2015.106_1_C_E3.KY114034,77,1,0,0,0
B.US.2015.106_2_C_P12.KY113959,65,0,0,0,1
B.US.2015.106_2_C_P9.KY113960,65,0,0,0,0
B.US.2015.155_1_C_F12.KY113703,75,1,0,0,2
B.US.2015.155_1_C_K5.KY113694,80,0,0,0,0
B.US.2015.155_2_C_AD_8.KY113648,75,1,0,0,2
B.US.2015.155_2_C_AF_6.KY113647,75,0,0,0,-1
B.US.2015.155_2_C_AJ_9.KY113643,63,0,0,0,-4
B.US.2015.155_2_C_AK_10.KY113641,83,0,0,0,0
B.US.2015.155_2_C_AS_2.KY113633,80,0,0,0,0
B.US.2015.155_2_C_AS_6.KY113631,75,0,0,0,2
B.US.2015.199_1_C_AA_4.KY113548,70,0,0,0,2
B.US.2015.199_1_C_AE_5.KY113540,70,0,0,0,0
B.US.2015.199_1_C_AG_1.KY113538,70,0,0,0,1
B.US.2015.199_1_C_AG_7.KY113537,70,0,0,0,0
B.US.2015.199_2_C_BF_12.KY113416,69,0,0,0,1
B.US.2015.1HB1_D0_012016_B4_S3.KY323728,73,0,0,0,-5
B.US.2015.1HB1_D0_012016_C7_S6.KY323730,75,0,0,0,-3
B.US.2015.1HB1_D0_012016_F10_S11.KY323732,75,0,0,0,-3
B.US.2015.1HB1_D0_012216_B2_S21.KY323738,73,0,0,0,-4
B.US.2015.1HB1_D0_012216_G6_S32.KY323747,73,0,0,0,-5
B.US.2015.1HB1_W4_012016_D10_S47.KY323786,75,0,0,0,-3
B.US.2015.1HB1_W4_020416_A6_S52.KY323804,73,0,0,0,-5
B.US.2015.1HB1_W4_020416_B2_S54.KY323805,73,0,0,0,-3
B.US.2015.1HB1_W4_020416_D3_S58.KY323809,75,0,0,0,-3
B.US.2015.1HB1_W4_020416_H6_S65.KY323812,73,0,0,0,-4
B.US.2015.1HB2_D0_102315_C3_S1.KY323819,79,1,0,0,-1
B.US.2015.1HB2_D0_102315_C7_S2.KY323820,79,0,0,0,-2
B.US.2015.1HB2_D0_102615_B11_S13.KY323827,79,1,0,0,-2
B.US.2015.1HB2_D0_102615_C8_S18.KY323831,79,1,0,0,-2
B.US.2015.1HB2_D0_102615_E9_S22.KY323834,79,1,0,0,-1
B.US.2015.1HB2_W4_103015_A11_S74.KY323867,79,1,0,0,-2
B.US.2015.1HB2_W4_103015_C9_S80.KY323875,79,1,0,0,-1
B.US.2015.1HB2_W4_103015_D11_S85.KY323876,79,1,0,0,-1
B.US.2015.1HB2_W4_103015_D7_S84.KY323878,79,1,0,0,-1
B.US.2015.1HB2_W4_103015_F1_S87.KY323879,79,1,0,0,-1
B.US.2015.1HB2_W4_103015_F2_S88.KY323880,79,1,0,0,-2
B.US.2015.1HB3_D0_102315_G10_S34.KY323891,73,0,0,0,-2
B.US.2015.1HB3_D0_102915_B2_S49.KY323899,72,0,0,0,0
B.US.2015.1HB3_D0_102915_B6_S51.KY323901,73,0,0,0,-2
B.US.2015.1HB3_D0_102915_C7_S56.KY323904,73,0,0,0,-2
B.US.2015.1HB3_W4_102815_F7_S45.KY323981,73,0,0,0,-1
B.US.2015.1HB3_W4_110215_C10_S52E.KY323984,73,0,0,0,-2
B.US.2015.1HB3_W4_110215_C7_S50E.KY323986,73,0,0,0,-2
B.US.2015.1HB3_W4_110215_G3_S63.KY323992,73,0,0,0,-2
B.US.2015.1HB3_W4_110215_H3_S67.KY323995,73,0,0,0,-2
B.US.2015.1HC1_D0_061516_A1_S68.KY323997,78,0,0,0,-2
B.US.2015.1HC1_D0_061516_B5_S69.KY323998,66,1,0,0,1
B.US.2015.1HC1_D0_061516_C4_S70.KY323999,78,0,0,0,-2
B.US.2015.1HC1_D0_061616_G4_S15.KY324000,78,0,0,0,0
B.US.2015.1HC1_D0_070516_F10_S90.KY324006,78,0,0,0,-1
B.US.2015.1HC1_D0_070516_F11_S91.KY324007,64,1,0,0,2
B.US.2015.1HC1_W4_070116_B8_S30.KY324042,78,0,0,0,-1
B.US.2015.1HC1_W4_070516PL2_B4_S96.KY324049,78,0,0,0,0
B.US.2015.1HC1_W4_070516PL2_G5_S11.KY324056,78,0,0,0,-1
B.US.2015.1HC1_W4_070516PL3_A3_S14.KY324059,78,0,0,0,-1
B.US.2015.1HC1_W4_071216_D3_S66.KY324070,78,0,0,0,-1
B.US.2015.1HC1_W4_071216_F7_S69.KY324072,78,0,0,0,0
B.US.2015.1HC2_D0_012016_A5_S39.KY324082,80,0,0,0,2
B.US.2015.1HC2_D0_012016_F5_S52.KY324092,74,0,0,0,2
B.US.2015.1HC2_D0_012216_C11_S66.KY324098,74,0,0,0,1
B.US.2015.1HC2_D0_012216_D1_S67.KY324102,74,0,0,0,2
B.US.2015.1HC2_D0_012216_F9_S75.KY324109,74,0,0,0,2
B.US.2015.1HC2_D0_012216_H10_S82.KY324110,76,0,0,0,2
B.US.2015.1HC2_W4_012016_F6_S83.KY324140,80,0,0,0,3
B.US.2015.1HC2_W4_012016_H12_S93.KY324144,74,0,0,0,1
B.US.2015.1HC2_W4_012216_A10_S1.KY324146,74,0,0,0,2
B.US.2015.1HC2_W4_012216_A6_S95.KY324148,74,0,0,0,0
B.US.2015.1HC2_W4_012216_E4_S9.KY324157,74,0,0,0,2
B.US.2015.1HC2_W4_012216_G5_S14.KY324163,74,0,0,0,2
B.US.2015.1HC3_D0_012016_F7_S31.KY324177,77,1,0,0,4
B.US.2015.1HC3_D0_012016_G2_S34.KY324179,79,1,0,0,0
B.US.2015.1HC3_D0_012216_B1_S40.KY324182,79,1,0,0,1
B.US.2015.1HC3_D0_012216_E10_S49.KY324187,79,1,0,0,1
B.US.2015.1HC3_D0_012216_G3_S52.KY324191,80,1,0,0,2
B.US.2015.1HC3_W4_012016_G1_S19.KY324239,80,1,0,0,2
B.US.2015.1HC3_W4_012016_H5_S21.KY324241,77,0,0,0,2
B.US.2015.1HC3_W4_012616_C7_S77.KY324246,79,1,0,0,1
B.US.2015.1HC3_W4_012616_F1_S85.KY324252,81,1,0,0,2
B.US.2015.1HC3_W4_012616_G4_S89.KY324255,77,0,0,0,3
B.US.2015.1HD1_D0_012016_A4_S67.KY324398,74,1,0,0,-1
B.US.2015.1HD1_D0_012016_D6_S73.KY324402,69,1,0,0,0
B.US.2015.1HD1_D0_012016_H4_S83.KY324412,69,0,0,0,0
B.US.2015.1HD1_D0_012716_B1_S14.KY324415,74,1,0,0,-2
B.US.2015.1HD1_D0_012716_B7_S16.KY324417,74,1,0,0,0
B.US.2015.1HD1_W4_012016_C11_S93.KY324481,71,0,0,0,-2
B.US.2015.1HD1_W4_012016_C12_S94.KY324482,73,1,0,0,-1
B.US.2015.1HD1_W4_012616_A6_S94.KY324491,74,1,0,0,-1
B.US.2015.1HD1_W4_012616_D9_S6.KY324497,74,1,0,0,-1
B.US.2015.1HD1_W4_012616_F9_S11.KY324500,74,1,0,0,-1
B.US.2015.1HD2_PREINF_051916_A12_S61.KY324505,74,1,0,0,1
B.US.2015.1HD2_PREINF_051916_B4_S62.KY324507,72,0,0,0,-2
B.US.2015.1HD2_PREINF_051916_D8_S66.KY324511,74,1,0,0,1
B.US.2015.1HD2_PREINF_051916_H4_S73.KY324516,72,0,0,0,-2
B.US.2016.611_D14_MH8.MH263363,69,0,0,0,1
B.US.2016.611_D14_MI10.MH263367,69,0,0,0,-1
B.US.2016.9245_PRE_B21.MH576115,72,0,0,0,-4
B.US.2016.9245_PRE_E5.MH576111,72,0,0,0,-4
B.US.2016.9246_PRE_I10.MH576079,71,1,0,0,0
B.US.2016.9246_W12_12K21.MH576084,72,1,0,0,2
B.US.2016.9246_W12_12P1.MH576085,67,1,0,0,0
B.US.2016.9250_PRE_F17.MH575731,73,0,0,0,3
B.US.2016.9250_PRE_L5.MH575740,73,0,0,0,3
B.US.2016.9251_PRE_G5.MH575708,75,0,0,0,2
B.US.2016.9252_PRE_E14.MH575669,70,0,0,0,-1
B.US.2016.9252_PRE_H7.MH575662,70,0,0,0,-1
B.US.2016.9252_REBOUND_S70_D5.MH575687,70,0,0,0,2
B.US.2016.9252_REBOUND_S71_D3.MH575682,70,0,0,0,2
B.US.2016.9252_W12_12Q1.MH575588,70,0,0,0,-1
B.US.2016.VA40774.MK499378,96,0,0,0,6
B.US.2016.V704_1225_310EN14.ON980875,69,0,0,0,-1
B.US.2016.V704_1225_310EN28.ON980876,69,0,0,0,-1
B.US.2016.V704_1712_090SN.ON980898,84,0,0,0,0
B.US.2017.B004_ENV02.PP728312,85,1,0,0,0
B.US.2017.B005_ENV03.PP728313,72,1,0,0,3
B.US.2017.B006_ENV02.PP728314,61,0,0,0,1
B.US.2017.B006_ENV10.PP728315,61,0,0,0,1
B.US.2017.B012_ENV02.PP728323,67,0,0,0,-2
B.US.2017.B013_ENV02.PP728324,72,0,0,0,-2
B.US.2017.B016_ENV01.PP728327,64,0,0,0,-2
B.US.2017.B016_ENV02.PP728328,71,0,0,0,-1
B.US.2017.B023_ENV09.PP728333,69,0,0,0,-1
B.US.2017.B024_ENV01.PP728334,75,0,0,0,2
B.US.2017.B025_ENV04.PP728335,63,0,0,0,-2
B.US.2017.V704_0941_120SN.ON980865,83,0,0,0,5
B.US.2017.V704_0726_080SN.ON980844,66,0,0,0,2
B.US.2017.V704_1731_070EN_04.ON980900,73,1,0,0,-2
B.US.2017.V704_1731_070EN_12.ON980901,73,1,0,0,-2
B.US.2017.V704_1941_120SN.ON980914,81,0,0,0,0
B.US.2017.V704_0218_030CN.ON980820,63,0,0,0,3
B.US.2017.V704_0907_130SN.ON980862,68,0,0,0,-1
B.US.2017.V704_0911_150SN.ON980863,69,0,0,0,1
B.US.2017.V704_1535_030SN.ON980889,73,0,0,0,-1
B.US.2017.V704_2189_030SN.ON980926,62,0,0,0,0
B.US.2017.V704_2531_140SN.ON980933,62,0,0,0,1
B.US.2017.V704_2407_150_RE_P002S.ON980928,63,0,0,0,0
B.US.2017.V704_2407_150_RE_P003S.ON980929,64,0,0,0,1
B.US.2017.V704_2407_150SN.ON980930,64,0,0,0,1
B.US.2017.V704_2777_210_SN_01G.ON980950,65,0,0,0,2
B.US.2017.V704_2777_210_SN_02A.ON980951,65,0,0,0,2
B.US.2018.B001_ENV02.PP728307,68,0,0,0,-2
B.US.2018.B001_ENV06.PP728308,66,0,0,0,0
B.US.2018.B002_ENV03.PP728309,67,0,0,0,0
B.US.2018.B003_ENV04.PP728310,71,0,0,0,-1
B.US.2018.B003_ENV06.PP728311,74,0,0,0,0
B.US.2018.B007_ENV01.PP728316,68,1,0,0,-1
B.US.2018.B007_ENV06.PP728317,68,0,0,0,1
B.US.2018.B008_ENV05.PP728318,74,1,0,0,0
B.US.2018.B009_ENV07.PP728319,66,0,0,0,-2
B.US.2018.B009_ENV11.PP728320,63,0,0,0,-1
B.US.2018.B010_ENV09.PP728321,74,0,0,0,-2
B.US.2018.B011_ENV04.PP728322,77,1,0,0,-3
B.US.2018.B015_ENV04.PP728325,70,0,1,0,3
B.US.2018.B015_ENV07.PP728326,72,0,0,0,5
B.US.2018.B019_ENV02.PP728329,83,2,0,0,1
B.US.2018.B020_ENV06.PP728330,69,0,0,0,-1
B.US.2018.B021_ENV03.PP728331,71,0,0,0,2
B.US.2018.B021_ENV08.PP728332,72,0,0,0,2
B.US.2018.B026_ENV05.PP728336,73,0,0,0,0
B.US.2018.B027_ENV01.PP728337,76,1,0,0,2
B.US.2018.B027_ENV08.PP728338,76,0,0,0,2
B.US.2018.B028_ENV03.PP728339,71,0,0,0,2
B.US.2018.B028_ENV06.PP728340,71,0,0,0,1
B.US.2018.B030_ENV09.PP728341,72,0,0,0,-3
B.US.2018.B032_ENV07.PP728342,70,0,0,0,0
B.US.2018.B033_ENV02.PP728343,72,0,0,0,2
B.US.2018.B035_ENV05.PP728344,76,0,0,0,3
B.US.2018.B035_ENV09.PP728345,73,0,0,0,4
B.US.2018.B036_ENV03.PP728346,77,0,0,0,3
B.US.2018.B036_ENV13.PP728347,76,0,0,0,5
B.US.2018.B037_ENV02.PP728348,91,0,0,0,2
B.US.2018.B037_ENV16.PP728349,67,0,0,0,0
B.US.2018.B039_ENV02.PP728350,66,0,0,0,0
B.US.2018.V704_2544_140EN01.ON980940,77,0,0,0,1
B.US.2018.V704_2544_140EN02.ON980941,83,1,0,0,-1
B.US.2018.V704_2544_150_RE_P001S.ON980942,66,0,0,0,2
B.US.2018.V704_2901_170_RE_SGA01_S.ON980957,72,0,0,0,-2
B.US.2018.V704_2901_190ESN_01T.ON980958,72,0,0,0,-2
B.US.2018.V704_2901_190ESN_02C.ON980959,72,0,0,0,-2
B.US.2018.V704_2901_190_RE_PBLIB002_S.ON980960,72,0,0,0,-2
B.US.2018.V704_2165_231_ESN.OR508936,68,0,0,0,2
B.US.2018.V704_2981_150_RE_P001S_2559A.ON980961,73,0,0,0,-2
B.US.2018.V704_2981_150_RE_P002S_2559A.ON980962,70,0,0,0,-3
B.US.2018.V704_2981_150_RE_PBLIB003_S.ON980963,65,0,0,0,-2
B.US.2018.V704_2981_150_RE_PBLIB005_S.ON980964,72,0,0,0,-2
B.US.2018.V704_2148_260ESN.OR508937,83,1,0,0,-4
B.US.2018.V704_1969_210ESN.ON980916,66,0,0,0,-1
B.US.2018.V704_1969_210_RE_PBSGA002_S.ON980915,66,0,0,0,-1
B.US.2018.V704_1183_220ESN.ON980873,72,2,0,0,3
B.US.2018.V704_2560_250_RE_P001S_1602A.OR508942,84,0,0,0,-1
B.US.2018.V704_2560_250_RE_P002S_1602A.OR508943,84,1,0,0,-1
B.US.2019.1536_BL_E11_4.MZ397072,75,0,0,0,0
B.US.2019.1536_BL_E5_3.MZ397070,75,0,0,0,0
B.US.2019.1536_BL_E6_1.MZ397071,75,0,0,0,0
B.US.2019.1536_BL_G9_4.MZ397073,75,0,0,0,0
B.US.2019.1536_V15_A12_4.MZ397066,75,0,0,0,0
B.US.2019.1536_V15_C11_2.MZ397067,75,1,0,0,0
B.US.2019.1536_V15_C7_1.MZ397064,75,0,0,0,0
B.US.2019.1536_V15_D11_4.MZ397069,75,0,0,0,0
B.US.2019.1536_V15_D12_1.MZ397065,75,0,0,0,0
B.US.2019.1536_V15_D6_1.MZ397068,75,0,0,0,0
B.US.2019.1536_V16_A9_2.MZ397076,75,1,0,0,-1
B.US.2019.1536_V16_B1_3.MZ397075,75,0,0,0,0
B.US.2019.1536_V16_B6_1.MZ397077,75,0,0,0,0
B.US.2019.1536_V16_B7_3.MZ397074,75,1,0,0,-1
B.US.2019.2305_BL_G1_1.MZ397088,64,0,0,0,0
B.US.2019.2305_BL_G2_1.MZ397089,62,0,0,0,1
B.US.2019.2305_BL_H1_3.MZ397090,61,0,0,0,0
B.US.2019.2305_BL_H4_3.MZ397087,61,0,0,0,0
B.US.2019.2305_V7_E5_2.MZ397078,67,0,0,0,1
B.US.2019.2305_V7_F1_4.MZ397079,67,0,0,0,1
B.US.2019.2305_V7_G2_2.MZ397080,67,0,0,0,1
B.US.2019.2305_V7_G5_4.MZ397082,67,0,0,0,1
B.US.2019.2305_V7_G6_1.MZ397081,67,0,0,0,1
B.US.2019.2305_V7_G7_1.MZ397083,67,0,0,0,1
B.US.2019.2305_V7_G9_2.MZ397084,67,0,0,0,1
B.US.2019.2305_V7_H11_2.MZ397086,67,0,0,0,1
B.US.2019.2305_V7_H5_1.MZ397085,67,0,0,0,1
B.US.2019.2319_BL_A3_2.MZ397137,80,1,0,0,2
B.US.2019.2319_BL_B1_2.MZ397138,80,1,0,0,3
B.US.2019.2319_BL_B2_4.MZ397139,80,1,0,0,-2
B.US.2019.2319_BL_B3_2.MZ397140,80,1,0,0,1
B.US.2019.2319_BL_C1_4.MZ397141,80,1,0,0,3
B.US.2019.2319_BL_E10_2.MZ397135,80,1,0,0,-1
B.US.2019.2319_BL_E12_2.MZ397133,77,0,0,0,-1
B.US.2019.2319_BL_E3_1.MZ397136,78,1,0,0,2
B.US.2019.2319_BL_F1_1.MZ397131,80,1,0,0,3
B.US.2019.2319_BL_H1_1.MZ397132,80,1,0,0,2
B.US.2019.2319_BL_H4_4.MZ397134,75,0,0,0,1
B.US.2019.2319_BL_H7_1.MZ397130,80,1,0,0,1
B.US.2019.2319_V7_B1_3.MZ397142,75,0,0,0,2
B.US.2019.2319_V7_C1_4.MZ397143,80,1,0,0,1
B.US.2019.2319_V7_D2_4.MZ397145,75,0,0,0,2
B.US.2019.2319_V7_H3_2.MZ397144,78,0,0,0,3
B.US.2019.2936_BL_B10_3.MZ397048,68,0,0,0,0
B.US.2019.2936_BL_C1_3.MZ397049,68,0,0,0,0
B.US.2019.2936_BL_E10_2.MZ397047,68,0,0,0,0
B.US.2019.2936_V9_A3_3.MZ397042,68,0,0,0,0
B.US.2019.2936_V9_B3_2.MZ397039,68,0,0,0,0
B.US.2019.2936_V9_B4_3.MZ397041,68,0,0,0,0
B.US.2019.2936_V9_C3_2.MZ397040,68,0,0,0,0
B.US.2019.2936_V9_C5_2.MZ397043,68,0,0,0,0
B.US.2019.2936_V9_D3_3.MZ397044,68,0,0,0,0
B.US.2019.2936_V9_E3_3.MZ397045,68,0,0,0,0
B.US.2019.2936_V9_F2_3.MZ397046,68,0,0,0,0
B.US.2019.2990_BL_E2_8.MZ397051,58,0,0,0,0
B.US.2019.2990_BL_E5_2.MZ397063,58,0,0,0,0
B.US.2019.2990_BL_F1_1.MZ397061,58,0,0,0,0
B.US.2019.2990_BL_F4_2.MZ397060,62,0,0,0,1
B.US.2019.2990_BL_G1_2.MZ397062,58,0,0,0,0
B.US.2019.2990_V7_B5_2.MZ397054,62,0,0,0,0
B.US.2019.2990_V7_B6_2.MZ397052,62,0,0,0,0
B.US.2019.2990_V7_C10_3.MZ397057,62,0,0,0,0
B.US.2019.2990_V7_C1_4.MZ397055,62,0,0,0,1
B.US.2019.2990_V7_C2_3.MZ397050,62,0,0,0,0
B.US.2019.2990_V7_C9_1.MZ397056,62,0,0,0,1
B.US.2019.2990_V7_D4_4.MZ397058,62,0,0,0,1
B.US.2019.2990_V7_F2_3.MZ397059,62,0,0,0,1
B.US.2019.2990_V7_F7_2.MZ397053,62,0,0,0,2
B.US.2019.4236_BL_A9_1.MZ397094,65,0,0,0,0
B.US.2019.4236_BL_C1_1.MZ397095,78,0,0,0,-1
B.US.2019.4236_BL_C5_3.MZ397093,72,0,0,0,1
B.US.2019.4236_V11_D8_4.MZ397091,72,0,0,0,1
B.US.2019.4236_V9_G10_3.MZ397092,70,0,0,0,-1
B.US.2019.5257_BL_A3_2.MZ397098,70,0,0,0,-1
B.US.2019.5257_BL_B12_4.MZ397097,70,0,0,0,-1
B.US.2019.5257_BL_F4_4.MZ397096,70,0,0,0,-1
B.US.2019.5257_V7_B12_3.MZ397104,70,0,0,0,-1
B.US.2019.5257_V7_B9_2.MZ397102,70,0,0,0,-1
B.US.2019.5257_V7_C1_1.MZ397103,70,0,0,0,-1
B.US.2019.5257_V7_D2_1.MZ397105,70,0,0,0,-1
B.US.2019.5257_V7_D6_1.MZ397106,70,0,0,0,-1
B.US.2019.5257_V7_D7_1.MZ397107,70,0,0,0,-1
B.US.2019.5257_V7_E2_1.MZ397099,70,0,0,0,-1
B.US.2019.5257_V7_G10_1.MZ397101,70,0,0,0,-1
B.US.2019.5257_V7_H3_1.MZ397100,70,0,0,0,-1
B.US.2019.6113_BL_A3_4.MZ397036,68,0,0,0,1
B.US.2019.6113_BL_A5_4.MZ397034,68,0,0,0,1
B.US.2019.6113_BL_B4_3.MZ397038,68,0,0,0,1
B.US.2019.6113_BL_C10_4.MZ397035,68,0,0,0,1
B.US.2019.6113_BL_D6_4.MZ397037,68,0,0,0,1
B.US.2019.6113_V14_A10_1.MZ397027,68,0,0,0,0
B.US.2019.6113_V14_A11_1.MZ397028,68,0,0,0,0
B.US.2019.6113_V14_B5_2.MZ397030,68,0,0,0,0
B.US.2019.6113_V14_C7_3.MZ397029,68,0,0,0,0
B.US.2019.6113_V14_D8_2.MZ397031,68,0,0,0,-1
B.US.2019.6113_V14_E1_2.MZ397032,68,0,0,0,1
B.US.2019.6113_V14_G11_1.MZ397033,68,0,0,0,0
B.US.2019.6292_BL_A4_1.MZ396988,69,0,0,0,-2
B.US.2019.6292_BL_B2_1.MZ396981,69,0,0,0,-2
B.US.2019.6292_BL_C4_1.MZ396980,69,0,0,0,-1
B.US.2019.6292_BL_D2_3.MZ396982,69,0,0,0,-2
B.US.2019.6292_BL_D4_1.MZ396986,69,0,0,0,-3
B.US.2019.6292_BL_F2_2.MZ396984,69,0,0,0,-3
B.US.2019.6292_BL_G2_1.MZ396983,69,0,0,0,-2
B.US.2019.6292_BL_G4_3.MZ396987,69,0,0,0,-1
B.US.2019.6292_BL_H4_2.MZ396985,69,0,0,0,-3
B.US.2019.6292_V7_A11_1.MZ396996,69,0,0,0,-3
B.US.2019.6292_V7_A6_1.MZ396995,69,0,0,0,-3
B.US.2019.6292_V7_B9_2.MZ396993,69,0,0,0,-2
B.US.2019.6292_V7_C12_1.MZ396999,69,0,0,0,-3
B.US.2019.6292_V7_C8_1.MZ396994,69,0,0,0,-3
B.US.2019.6292_V7_F10_2.MZ396998,69,0,0,0,-3
B.US.2019.6292_V7_F12_4.MZ396997,69,0,0,0,-3
B.US.2019.6292_V7_F5_2.MZ396992,69,0,0,0,-4
B.US.2019.6292_V7_G10_4.MZ396990,69,0,0,0,-4
B.US.2019.6292_V7_G8_4.MZ396991,69,0,0,0,-4
B.US.2019.6292_V7_H7_4.MZ396989,69,0,0,0,-3
B.US.2019.65021_BASELINE_V2_E3_2.PP961151,71,0,0,0,-2
B.US.2019.65021_BASELINE_V2_E5_3.PP961153,60,0,0,0,0
B.US.2019.65021_BASELINE_V2_E6_1.PP961154,64,0,0,0,-2
B.US.2019.65021_BASELINE_V2_F10_1.PP961159,64,0,0,0,0
B.US.2019.65021_BASELINE_V2_F8_3.PP961158,67,0,0,0,-3
B.US.2019.6775_BL_B10_3.MZ397024,84,1,0,0,0
B.US.2019.6775_BL_E3_3.MZ397026,85,1,0,0,1
B.US.2019.6775_BL_E5_2.MZ397025,84,1,0,0,0
B.US.2019.6775_BL_F5_2.MZ397023,84,1,0,0,0
B.US.2019.6775_BL_G10_2.MZ397020,84,1,0,0,0
B.US.2019.6775_BL_G3_4.MZ397019,84,1,0,0,0
B.US.2019.6775_BL_H10_4.MZ397021,84,1,0,0,0
B.US.2019.6775_BL_H7_3.MZ397022,84,1,0,0,0
B.US.2019.6775_V7_D2_4.MZ397015,84,0,0,0,1
B.US.2019.6775_V7_D3_3.MZ397014,86,0,0,0,0
B.US.2019.6775_V7_D6_3.MZ397017,82,0,0,0,2
B.US.2019.6775_V7_D7_3.MZ397018,84,1,0,0,1
B.US.2019.6775_V7_E5_1.MZ397016,86,0,0,0,0
B.US.2019.7190_BL_A3_2.MZ397116,71,0,0,0,-1
B.US.2019.7190_BL_A9_3.MZ397115,71,0,0,0,-1
B.US.2019.7190_BL_B1_1.MZ397114,71,0,0,0,-1
B.US.2019.7190_BL_C12_2.MZ397113,71,0,0,0,-1
B.US.2019.7190_BL_D10_4.MZ397117,71,0,0,0,-1
B.US.2019.7190_V7_A3_5.MZ397111,71,0,0,0,-2
B.US.2019.7190_V7_A9_8.MZ397108,71,0,0,0,-1
B.US.2019.7190_V7_B11_4.MZ397112,71,0,0,0,-1
B.US.2019.7190_V7_F3_5.MZ397109,71,0,0,0,-2
B.US.2019.7190_V7_G1_8.MZ397110,71,0,0,0,-1
B.US.2019.8074_BL_D10_2.MZ397127,75,1,0,0,-2
B.US.2019.8074_BL_E12_4.MZ397124,75,1,0,0,0
B.US.2019.8074_BL_E8_1.MZ397125,75,1,0,0,0
B.US.2019.8074_BL_F11_2.MZ397128,75,0,0,0,0
B.US.2019.8074_BL_F2_4.MZ397126,75,1,0,0,-2
B.US.2019.8074_BL_F3_3.MZ397123,75,1,0,0,0
B.US.2019.8074_BL_F6_2.MZ397129,75,1,0,0,0
B.US.2019.8074_V7_E10_4.MZ397120,75,1,0,0,-2
B.US.2019.8074_V7_E11_1.MZ397122,75,0,0,0,0
B.US.2019.8074_V7_E2_2.MZ397118,75,0,0,0,0
B.US.2019.8074_V7_E4_4.MZ397119,75,0,0,0,0
B.US.2019.8074_V7_G10_1.MZ397121,75,0,0,0,0
B.US.2019.9372_BL_A10_1.MZ397004,86,0,0,0,5
B.US.2019.9372_BL_C3_3.MZ397001,87,0,0,0,3
B.US.2019.9372_BL_C5_2.MZ397005,81,0,0,0,1
B.US.2019.9372_BL_E11_1.MZ397003,84,0,0,0,2
B.US.2019.9372_BL_E2_1.MZ397000,84,0,0,0,2
B.US.2019.9372_BL_E6_1.MZ397008,89,0,0,0,3
B.US.2019.9372_BL_E7_1.MZ397009,81,0,0,0,2
B.US.2019.9372_BL_F5_4.MZ397006,81,0,0,0,1
B.US.2019.9372_BL_F7_1.MZ397007,81,0,0,0,1
B.US.2019.9372_BL_H4_1.MZ397002,87,0,0,0,3
B.US.2019.9372_V7_E10_3.MZ397011,84,0,0,0,3
B.US.2019.9372_V7_F1_2.MZ397012,81,0,0,0,2
B.US.2019.9372_V7_G2_2.MZ397010,83,0,0,0,1
B.US.2019.9372_V7_G4_2.MZ397013,81,0,0,0,2
B.US.2019.98059_BASELINE_V1_C4.PP961192,61,0,0,0,-2
B.US.2019.98059_BASELINE_V1_D6.PP961194,76,2,0,0,-1
B.US.2019.V704_0856_240_RE_PB001_S.OQ912891,64,0,0,0,-2
B.US.2019.V704_2171_250_RE_CON_S.OR508947,65,0,0,0,2
B.US.2019.V704_2838_260_RE_PBLIB001_S.OR508954,73,0,0,0,-1
B.US.2019.V704_2838_260_RE_PBLIB002_S.OR508955,73,0,0,0,-1
B.US.2020.65010_REBOUND_V21_A4A_2.PP960842,76,0,0,0,-3
B.US.2020.65010_REBOUND_V21_A4B_4.PP960843,76,0,0,0,-5
B.US.2020.65010_REBOUND_V21_A8A_2.PP960847,76,0,0,0,-3
B.US.2020.65010_REBOUND_V21_B2_11.PP960853,76,0,0,0,-3
B.US.2020.65010_REBOUND_V21_B8A_6.PP960855,76,0,0,0,-3
B.US.2020.65010_REBOUND_V21_E6A_1.PP960863,72,0,0,0,0
B.US.2020.65010_REBOUND_V21_E6B_1.PP960864,76,0,0,0,-4
B.US.2020.65015_REBOUND_V23_1_B3_2.PP960876,72,1,0,0,-2
B.US.2020.65015_REBOUND_V23_1_B4_10.PP960877,72,1,0,0,-2
B.US.2020.65015_REBOUND_V23_1_C1_4.PP960880,72,1,0,0,-2
B.US.2020.65015_REBOUND_V23_1_C6_5.PP960881,72,1,0,0,-2
B.US.2020.65015_REBOUND_V23_1_D12_12.PP960884,72,1,0,0,-2
B.US.2020.65015_REBOUND_V23_1_D9_6.PP960883,72,1,0,0,-2
B.US.2020.65015_REBOUND_V23_1_E3_1.PP961055,72,1,0,0,-2
B.US.2020.65021_REBOUND_V8_1_B11_2.PP960896,64,0,0,0,-3
B.US.2020.65021_REBOUND_V8_1_B3B_1.PP960893,64,0,0,0,-3
B.US.2020.65021_REBOUND_V8_1_B4B_11.PP960894,64,0,0,0,-3
B.US.2020.65021_REBOUND_V8_1_B5_2.PP960895,64,0,0,0,-3
B.US.2020.65021_REBOUND_V8_1_C1_6.PP960897,71,0,0,0,-2
B.US.2020.65021_REBOUND_V8_1_C4_6.PP960898,64,0,0,0,-2
B.US.2020.65021_REBOUND_V8_1_C8_11.PP960900,64,0,0,0,-3
B.US.2020.65021_REBOUND_V8_1_D10.PP960907,64,0,0,0,-3
B.US.2020.65021_REBOUND_V8_1_D3_9.PP960902,64,0,0,0,-3
B.US.2020.65021_REBOUND_V8_1_D6_1.PP960904,64,0,0,0,-3
B.US.2020.65021_REBOUND_V8_1_D7_5.PP960905,64,0,0,0,-3
B.US.2020.98050_REBOUND_VA0_C7_8.PP960917,82,0,0,0,-3
B.US.2020.98050_REBOUND_VA0_E1.PP960923,82,0,0,0,-3
B.US.2020.98050_REBOUND_VA0_E3B_6.PP960926,82,0,0,0,-3
B.US.2020.98050_REBOUND_VA0_E9A_1.PP960928,82,0,0,0,-3
B.US.2020.98050_REBOUND_VA0_F8_3.PP960933,82,0,0,0,-3
B.US.2020.98050_REBOUND_VA0_F9B_1.PP960935,82,0,0,0,-3
B.US.2020.98050_REBOUND_VA0_H12_7.PP960954,82,0,0,0,-4
B.US.2020.98050_REBOUND_VA0_H9_2.PP960950,82,0,0,0,-4
B.US.2020.98058_REBOUND_V28_C4_5.PP960975,74,1,0,0,-3
B.US.2020.98058_REBOUND_VA0_A10B_5.PP961064,74,1,0,0,-3
B.US.2020.98058_REBOUND_VA0_A1_4.PP960955,74,0,0,0,-3
B.US.2020.98058_REBOUND_VA0_C11_5.PP960965,74,1,0,0,-3
B.US.2020.98058_REBOUND_VA0_C12_5.PP960966,74,1,0,0,-3
B.US.2020.98058_REBOUND_VA0_C3A.PP960961,74,0,0,0,-3
B.US.2020.98058_REBOUND_VA0_C3B_1.PP960962,74,1,0,0,-3
B.US.2020.98058_REBOUND_VA0_D9A_7.PP960971,74,1,0,0,-3
B.US.2020.98059_REBOUND_V1_A0_C1_2.PP960978,73,1,0,0,-1
B.US.2020.98059_REBOUND_V1_A0_C6_7.PP960980,73,1,0,0,-1
B.US.2020.98059_REBOUND_V1_A0_D11_5.PP960985,73,1,0,0,-1
B.US.2020.98059_REBOUND_V1_A0_D1_6.PP960983,73,1,0,0,-1
B.US.2020.98059_REBOUND_V1_A0_D8_10.PP960984,73,1,0,0,-1
B.US.2020.98059_REBOUND_V1_A0_F7B_5.PP960993,73,1,0,0,-2
B.US.2020.98059_REBOUND_V1_A0_G11_2.PP961000,73,1,0,0,-1
B.US.2020.98059_REBOUND_V1_A0_G5_1.PP960998,73,1,0,0,-1
B.US.2020.98060_REBOUND_VA0_A1_1.PP961008,74,0,0,0,-3
B.US.2020.98060_REBOUND_VA0_B11.PP961010,74,0,0,0,-3
B.US.2020.98060_REBOUND_VA0_D2_2.PP961018,74,0,0,0,-3
B.US.2020.98060_REBOUND_VA0_E5_2.PP961022,74,0,0,0,-3
B.US.2020.98060_REBOUND_VA0_F10_1B.PP961031,74,0,0,0,-3
B.US.2020.98060_REBOUND_VA0_F7B_3.PP961027,74,0,0,0,-2
B.US.2020.98060_REBOUND_VA0_H3_2.PP961039,74,0,0,0,-3
B.US.x.653116_0_82YPI_SGA01.MT023029,74,0,0,0,-1
B.US.x.653116_0_89YPI_SGA03.MT457784,74,1,0,0,-1
B.US.x.653116_4_55YPI_SGA18.MT023032,76,1,0,0,-1
B.US.x.653116_4_55YPI_SGA24.MT023033,75,1,0,0,-1
B.US.x.653116_4_55YPI_SGA29.MT023030,75,1,0,0,-1
B.US.x.653116_4_55YPI_SGA30.MT023031,83,3,0,0,3
B.US.x.653116_6_49YPI_SGA38_E1.MT023027,78,3,0,0,3
B.US.x.653116_6_49YPI_SGA39_NE1.MT023028,78,3,0,0,3
B.US.x.653116_E1_R563Q.,78,3,0,0,3
B.US.x.653116_NE1_Q563R.,78,3,0,0,3
B.US.x.693_1969_V11_A11_4_REBOUND.ON014886,70,1,0,0,1
B.US.x.693_1969_V11_A4_2_REBOUND.ON014884,70,1,0,0,1
B.US.x.693_1969_V11_A7_1_REBOUND.ON014885,70,1,0,0,1
B.US.x.693_1969_V11_B11_2_REBOUND.ON014890,70,0,0,0,1
B.US.x.693_1969_V11_B12_1_REBOUND.ON014891,69,1,0,0,1
B.US.x.693_1969_V11_B1_7_REBOUND.ON014887,69,1,0,0,1
B.US.x.693_1969_V11_B3_1_REBOUND.ON014888,70,1,0,0,1
B.US.x.693_1969_V11_C11_4_REBOUND.ON014894,69,1,0,0,1
B.US.x.693_1969_V11_C4_1_REBOUND.ON014892,70,1,0,0,1
B.US.x.693_1969_V11_C8_1_REBOUND.ON014893,70,1,0,0,1
B.US.x.693_1969_V2_A11_1_BASELINE.ON014875,68,0,0,0,1
B.US.x.693_1969_V2_A2_3_BASELINE.ON014871,70,1,0,0,1
B.US.x.693_1969_V2_A7_1_BASELINE.ON014872,70,0,0,0,1
B.US.x.693_1969_V2_A9_1_BASELINE.ON014874,70,0,0,0,1
B.US.x.693_1969_V2_C11_8_BASELINE.ON014879,70,0,0,0,1
B.US.x.693_1969_V2_C3_11_BASELINE.ON014876,70,1,0,0,2
B.US.x.693_1969_V2_D2_3_BASELINE.ON014881,70,0,0,0,1
B.US.x.693_1969_V2_D7_8_BASELINE.ON014882,68,0,0,0,2
B.US.x.693_1969_V2_D8_3_BASELINE.ON014883,69,0,0,0,1
B.US.x.693_2215_V2_A6_3_BASELINE.ON014896,78,1,0,0,-3
B.US.x.693_2215_V2_C1_2_BASELINE.ON014895,78,1,0,0,-4
B.US.x.693_2215_V2_C2_4_BASELINE.ON014907,74,1,0,0,-2
B.US.x.693_2215_V2_D11_9_BASELINE.ON014900,75,0,0,0,-1
B.US.x.693_2215_V2_D7_1_BASELINE.ON014905,74,1,0,0,-1
B.US.x.693_2215_V2_D7_2_BASELINE.ON014913,74,1,0,0,-1
B.US.x.693_2215_V9_A6_1_REBOUND.ON014906,74,1,0,0,-2
B.US.x.693_2215_V9_A7_1_REBOUND.ON014911,74,1,0,0,-1
B.US.x.693_2215_V9_B9_1_REBOUND.ON014909,74,1,0,0,-3
B.US.x.693_2215_V9_C11_1_REBOUND.ON014899,75,0,0,0,-4
B.US.x.693_2215_V9_D2_4_REBOUND.ON014908,74,1,0,0,-2
B.US.x.693_2215_V9_D7_3_REBOUND.ON014912,74,1,0,0,-1
B.US.x.693_2215_V9_G10_2_REBOUND.ON014898,75,0,0,0,-4
B.US.x.693_2215_V9_G4_3_REBOUND.ON014910,74,1,0,0,-1
B.US.x.693_7312_V2_A2_2_BASELINE.ON014928,76,1,0,0,2
B.US.x.693_7312_V2_A3_3_BASELINE.ON014926,76,1,0,0,2
B.US.x.693_7312_V7_D8_8_REBOUND.ON014930,76,1,0,0,2
B.US.x.693_7312_V7_E4_2_REBOUND.ON014932,76,1,0,0,1
B.US.x.693_7312_V7_E8_4_REBOUND.ON014931,76,1,0,0,1
B.US.x.693_7312_V7_F9_1_REBOUND.ON014929,76,1,0,0,2
B.US.x.693_7989_V2_A2_3_BASELINE.ON014844,59,1,0,0,-2
B.US.x.693_7989_V2_B4_4_BASELINE.ON014845,59,1,0,0,-1
B.US.x.693_7989_V2_B4_5_BASELINE.ON014846,57,1,0,0,-1
B.US.x.693_7989_V2_B8_2_BASELINE.ON014848,57,1,0,0,-1
B.US.x.693_7989_V2_C4_2_BASELINE.ON014850,57,1,0,0,-1
B.US.x.693_7989_V2_C4_4_1_BASELINE.ON014851,57,1,0,0,-1
B.US.x.693_7989_V2_F1_2_BASELINE.ON014858,57,1,0,0,-1
B.US.x.693_7989_V2_F9_4_BASELINE.ON014860,59,1,0,0,-2
B.US.x.693_7989_V9_A11_1_REBOUND.ON014864,57,1,0,0,-1
B.US.x.693_7989_V9_A4_1_REBOUND.ON014861,59,1,0,0,-1
B.US.x.693_7989_V9_A7_1_REBOUND.ON014862,57,1,0,0,-1
B.US.x.693_7989_V9_A8_1_REBOUND.ON014863,62,1,0,0,0
B.US.x.693_7989_V9_B1_1_REBOUND.ON014865,62,1,0,0,0
B.US.x.693_7989_V9_B2_2_REBOUND.ON014866,59,1,0,0,-1
B.US.x.693_7989_V9_B8_14_REBOUND.ON014867,59,1,0,0,-1
B.US.x.693_7989_V9_D8_1_REBOUND.ON014870,63,1,0,0,2
B.US.x.693_7989_V9_D9_1_REBOUND.ON014869,62,1,0,0,0
B.US.x.701A_D0_06_26_G4_S16.KX984388,63,0,0,0,0
B.US.x.701B_D0_06_19_A10_S92.KX984390,67,0,0,0,1
B.US.x.701_W6_P_06_12_C11_S5.KX984411,67,0,0,0,0
B.US.x.701_W6_P_06_12_C7_S4.KX984412,67,0,0,0,0
B.US.x.701_W7_P_06_12_A2_S93.KX984434,67,0,0,0,0
B.US.x.701_W7_P_06_12_B3_S96.KX984436,67,0,0,0,0
B.US.x.702_D0_06_19_F7_S91.KX984455,74,0,0,0,-1
B.US.x.702_D0_06_29_A3_S36.KX984456,74,0,0,0,-1
B.US.x.702_W5_P_06_12_C7_S18.KX984480,77,0,0,0,-1
B.US.x.702_W5_P_06_12_E2_S21.KX984481,77,0,0,0,-1
B.US.x.702_W6_P_06_12_C3_S36.KX984500,77,0,0,0,-1
B.US.x.702_W6_P_06_12_H11_S63.KX984519,77,0,0,0,-1
B.US.x.703_W5_P_06_12_D5_S84.KX984540,74,1,0,0,-1
B.US.x.703_W5_P_06_12_H1_S90.KX984545,74,1,0,0,-1
B.US.x.703_W6_P_06_12_D10_S67.KX984573,72,1,0,0,0
B.US.x.703_W6_P_06_12_D7_S66.KX984575,74,1,0,0,-1
B.US.x.704_D0_06_26_D1_S27.KX984601,80,0,0,0,3
B.US.x.704_W5_P_06_19_A3_S59.KX984631,80,0,0,0,2
B.US.x.704_W6_P_06_19_E11_S80.KX984655,80,0,0,0,2
B.US.x.704_W6_P_06_19_G11_S87.KX984662,80,0,0,0,2
B.US.x.707_D0A_CX_E3_S14.KX984698,75,0,0,0,0
B.US.x.707_D0A_F10_S45.KX984693,75,0,0,0,0
B.US.x.707_W9_P_B6_S13.KX984700,77,0,0,0,1
B.US.x.707_W9_P_C5_S91.KX984708,77,0,0,0,1
B.US.x.708_D0_CX_B1_S26.KX984765,78,0,0,0,-1
B.US.x.708_D0_CX_F10_S74.KX984769,78,0,0,0,-1
B.US.x.708_W9_P_H10_S81.KX984771,72,1,0,0,1
B.US.x.709_W5_P_A8_S5.KX984843,72,1,0,0,0
B.US.x.709_W6_P_D5_S19.KX984869,72,1,0,0,0
B.US.x.91C22_D0_S50_A5.MH632773,69,0,0,0,-1
B.US.x.91C22_D0_S52_A6.MH632775,69,0,0,0,-1
B.US.x.91C22_D0_S68_A2.MH632768,69,0,0,0,-1
B.US.x.91C22_D0_S86_A10.MH632783,69,0,0,0,-1
B.US.x.91C22_W14_S28_B3.MH632790,69,1,0,0,0
B.US.x.91C22_W14_S31_B1.MH632792,69,0,0,0,-1
B.US.x.91C22_W14_S34_A11.MH632794,69,0,0,0,-1
B.US.x.91C22_W14_S48_B4.MH632788,69,0,0,0,-1
B.US.x.91C22_W16_S42_B7.MH632803,69,0,0,0,-1
B.US.x.91C33_D0_S17_A3.MH632954,67,0,0,0,0
B.US.x.91C33_D0_S49_A9.MH632949,80,1,0,0,2
B.US.x.91C33_D0_S63_A5.MH632945,67,0,0,0,0
B.US.x.91C33_D0_S75_A6.MH632950,80,1,0,0,2
B.US.x.91C33_D0_S82_A4.MH632935,66,0,0,0,0
B.US.x.91C34_D0_S15_0_4.MH632959,67,0,0,0,0
B.US.x.91C34_D0_S33_0_1.MH632969,66,0,0,0,0
B.US.x.91C34_D0_S35_0_2.MH632957,68,0,0,0,2
B.US.x.91C34_D0_S7_0_10.MH632968,68,0,0,0,1
B.US.x.91C34_W12_S11_12_5.MH633020,66,0,0,0,0
B.US.x.91C34_W12_S1_12_1.MH633014,66,0,0,0,0
B.US.x.91C34_W12_S18_12_4.MH633011,66,0,0,0,0
B.US.x.91C34_W12_S19_12_8.MH633012,68,0,0,0,2
B.US.x.91C34_W12_S4_12_2.MH633016,66,0,0,0,0
B.US.x.91C34_W12_S6_12_7.MH633017,68,0,0,0,2
B.US.x.91C34_W6_S43_6_4.MH632979,68,0,0,0,2
B.US.x.91C34_W6_S52_6_6.MH632986,68,0,0,0,2
B.US.x.91C35_D0_S13_A2.MH632829,63,0,0,0,1
B.US.x.91C35_D0_S14_A3.MH632830,63,0,0,0,1
B.US.x.91C35_D0_S19_A4.MH632833,63,0,0,0,-2
B.US.x.91C35_D0_S2_A1.MH632828,63,0,0,0,1
B.US.x.91C35_D0_S33_A5.MH632834,63,0,0,0,1
B.US.x.91C35_D0_S35_A7.MH632836,63,0,0,0,3
B.US.x.91C35_D0_S41_A10.MH632838,63,0,0,0,1
B.US.x.91C35_D0_S62_A12.MH632842,63,0,0,0,1
B.US.x.91C35_D0_S66_B1.MH632846,63,0,0,0,2
B.US.x.91C35_W3_S60_B3.MH632911,63,0,0,0,1
B.US.x.9341_D0_S66_B5.MH633042,82,0,0,0,-1
B.US.x.9341_D0_S76_A12.MH633033,77,0,0,0,-1
B.US.x.9341_D0_S85_A5.MH633038,77,0,0,0,-2
B.US.x.9341_D0_S87_B4.MH633039,84,1,0,0,-2
B.US.x.9341_D0_S90_B2A.MH633037,82,0,0,0,-2
B.US.x.9341_W4_S21_B2.MH633122,77,0,0,0,-1
B.US.x.9341_W5_S36_B7.MH633144,82,0,0,0,-1
B.US.x.9341_W5_S38_B5.MH633146,82,0,0,0,-1
B.US.x.9341_W5_S40_B6.MH633147,82,0,0,0,-1
B.US.x.9342_D0_S10_B6.MH633163,87,0,0,0,2
B.US.x.9342_D0_S15_B7.MH633168,87,0,0,0,2
B.US.x.9342_D0_S16_B3.MH633169,89,0,0,0,0
B.US.x.9342_D0_S18_B5.MH633170,87,0,0,0,1
B.US.x.9342_D0_S19_B8.MH633171,87,0,0,0,2
B.US.x.9342_D0_S21_B2.MH633173,76,0,0,0,-1
B.US.x.9342_D0_S29_B1.MH633176,76,0,0,0,0
B.US.x.9342_W20_S50_A1.MH633182,77,0,0,0,1
B.US.x.9342_W20_S52_A2.MH633180,97,0,0,0,0
B.US.x.9342_W20_S54_A6.MH633183,87,0,0,0,2
B.US.x.9342_W20_S58_A3.MH633187,87,0,0,0,-1
B.US.x.9342_W20_S69_A8.MH633194,87,1,0,0,0
B.US.x.9343_D0_S44_A3.MH633204,65,0,0,0,1
B.US.x.9343_D0_S45_A5.MH633205,59,0,0,0,1
B.US.x.9343_D0_S54_A8.MH633207,67,0,0,0,1
B.US.x.9343_D0_S60_A1.MH633201,67,0,0,0,1
B.US.x.9343_D0_S62_A6.MH633202,67,0,0,0,1
B.US.x.9343_W7_S11_B9.MH633225,67,0,0,0,1
B.US.x.9343_W8_S40_B4.MH633246,67,0,0,0,2
B.US.x.9343_W8_S42_B1.MH633248,67,0,0,0,1
B.US.x.9343_W8_S52_B2.MH633249,67,0,0,0,1
B.US.x.BL01.AY124970,72,0,0,0,4
B.US.x.BR07.AY124979,72,2,0,0,2
B.US.x.MN_3.HM215430,74,0,0,0,-1
B.US.x.SF162.EU123924,67,0,0,0,5
B..x.CON_B_2010S.,70,1,0,0,0
B..x.CON_B_2010S_RE.,57,0,0,0,0
B..x.CON_B_LANL2004.,66,0,0,0,1
B..x.VIRULENTB_1.MT458931,70,0,0,0,0
B..x.VIRULENTB_11.MW689460,73,0,0,0,-1
B..x.VIRULENTB_16.MW689465,70,1,0,0,-1
B..x.VIRULENTB_1_N295.,70,0,0,0,0
B..x.VIRULENTB_1_N295_N332.,70,0,0,0,0
B..x.VIRULENTB_1_N332.,70,0,0,0,0
B..x.VIRULENTB_1_V2DEL.,67,0,0,0,0
B..x.VIRULENTB_5.MT458935,68,0,0,0,1
BC.CN.2003.BC03.EU363833,60,0,0,0,4
BC.CN.2003.BC09.EU363839,80,0,0,0,0
BC.CN.2003.BC15.EU363845,71,1,0,0,-1
BC.CN.2006.BC08.EU363838,69,0,0,0,1
BC.CN.2006.CNE7.HM215426,72,0,0,0,0
BC.CN.2007.BC04.EU363834,68,0,0,0,2
BC.CN.2007.BC05.EU363835,71,0,0,0,2
BC.CN.2007.CNE15.HM215401,66,0,0,0,3
BC.CN.2007.CNE16.HM215402,72,1,0,0,5
BC.CN.2007.CNE18.HM215404,64,0,0,0,2
BC.CN.2007.CNE67.HM215425,75,0,0,0,1
BC.CN.2010.CNXJ0031_12.KC807962,86,0,0,0,-3
BC.CN.2010.CNXJ0031_3.KC807958,90,0,0,0,0
BC.CN.2010.CNXJ0031_9.KC807961,86,0,0,0,2
BC.CN.2010.CNXJ0651_1.KC807932,62,1,0,0,3
BC.CN.2010.CNXJ0651_10.KC807941,62,0,0,0,2
BC.CN.2010.CNXJ0651_5.KC807936,73,0,0,0,2
BC.CN.2010.CNXJ0651_6.KC807937,62,1,0,0,3
BC.CN.2010.CNXJ0651_8.KC807939,68,1,0,0,3
BC.CN.2010.CNXJ0651_9.KC807940,62,1,0,0,3
BC.CN.2010.CNXJ09277_1.KC807969,71,0,0,0,1
BC.CN.2010.CNXJ09277_2.KC807970,64,0,0,0,0
BC.CN.2010.CNXJ09277_7.KC807974,67,0,0,0,1
BC.CN.2010.CNXJ09277_8.KC807975,71,0,0,0,4
BC.CN.2010.CNXJ1081_1.KC807943,72,0,1,0,-1
BC.CN.2010.CNXJ1081_10.KC807949,72,0,1,0,-1
BC.CN.x.BC13.EU363843,74,0,0,0,3
BF1.PE.2017.V704_0592_060SN.ON980837,70,1,0,0,2
BF1.PE.2017.V704_2788_060EN_04.ON980952,71,1,0,0,1
BF1.PE.2017.V704_2788_060EN_12.ON980953,71,1,0,0,0
BF1.PE.2018.V704_0826_040SN.ON980851,73,0,0,0,0
BF1.PE.2018.V704_1651_150_ESN.ON980892,66,0,0,0,0
BF1.PE.2018.V704_1651_150_RE_P002S.ON980893,71,1,0,0,-2
BF1.PE.2018.V704_0279_080_RE_PBSGA001_S.OR508961,78,0,0,0,0
BF1.PE.2019.V704_0904_250_RE_PBLIB001_S.OR508952,73,0,0,0,-1
BF1.PE.2019.V704_1930_170_RE_C01S_1523A.ON980912,70,0,0,0,1
BF1.PE.2019.V704_1930_170_RE_C02S_1523G.ON980913,70,0,0,0,1
BF1.PE.2019.V704_0128_220_RE_PB001_S.ON980817,70,0,0,0,0
BF1.PE.2019.V704_0128_220_RE_PBLIB002_S.ON980818,70,0,0,0,0
BF1.PE.2019.V704_1109_140_RE_CS.ON980868,71,0,0,0,1
BF1.PE.2019.V704_0831_250_RE_CS.OR508944,69,0,0,0,2
BF1.PE.2019.V704_1911_240_RE_PBLIB001_S.OR508953,86,0,0,0,2
BG.ES.2002.X1100_C7.EU885760,73,1,0,0,0
C.BE.x.VI829.EU191613,72,1,0,0,4
C.BE.x.VI829_N276D.,72,1,0,0,4
C.BR.1992.92BR025_9.U15121,67,0,0,0,3
C.BR.2019.V704_1654_760_RE_P002S.ON980895,67,0,0,0,1
C.BR.2019.V704_1654_760_RE_PBLIB001_S.ON980894,68,0,0,0,-2
C.BR.2019.V704_1654_760_RE_PBLIB006_S.ON980896,68,0,0,0,-2
C.BW.2004.1811_B3_23.KC154012,66,0,0,0,-2
C.BW.2005.2865_A11_12.KC154013,70,1,0,0,1
C.BW.2005.3312_D6_2.KC154014,71,0,0,0,3
C.BW.2006.3603_C11_13.KC154015,86,1,0,0,1
C.BW.2006.B005018_8_F6_3.KF114881,71,0,0,0,4
C.BW.2007.B005582_7_G7_8.KF114882,72,1,0,0,-2
C.BW.2017.V703_0944_180S.ON891002,85,1,0,0,2
C.BW.2018.V703_0629_150_RE_E5A2S.ON890985,80,0,0,0,3
C.BW.2018.V703_0629_150_RE_PBLIB002_S.ON890982,80,0,0,0,3
C.BW.2018.V703_0629_150_RE_PBLIB003_S.ON890983,80,0,0,0,5
C.BW.2018.V703_0629_150_RE_PBLIB004_S.ON890984,80,0,0,0,3
C.BW.2018.V703_0860_150ES.ON890998,80,0,0,0,3
C.BW.2018.V703_1383_240_RE_E5D3S.ON891030,62,0,1,0,3
C.BW.2018.V703_1383_240_RE_PBLIB002_S.ON891028,62,0,1,0,3
C.BW.2018.V703_1383_240_RE_PBLIB003_S.ON891029,62,0,1,0,3
C.BW.2019.V703_2038_260_RE_E5C3S.ON891076,61,0,0,0,1
C.BW.2019.V703_2141_160_RE_SGA3D6_S.ON891078,73,0,0,0,-3
C.CH.2006.S52354_263WK_C60.PQ282688,85,2,0,0,2
C.CN.2006.CNE58.HM215421,80,0,0,0,-3
C.CN.2007.CNE17.HM215403,89,0,0,0,-2
C.CN.2007.CNE2.HQ699950,70,0,0,0,4
C.CN.2007.CNE65.HQ699980,64,0,0,0,2
C.CN.2007.CNE66.HQ699981,70,0,1,0,1
C.ET.1986.ETH2220_11B.U46016,66,0,0,0,4
C.ET.2002.288_38.JQ362421,75,0,0,0,3
C.ET.x.286_36.JQ362420,66,1,0,0,1
C.FR.x.MBA.AF321081,73,0,0,0,1
C.GB.2001.C27_B.FJ977091,82,0,0,0,3
C.GB.2001.C28_D.FJ977092,65,0,0,0,0
C.IN.1993.93IN905.AY669742,59,0,0,0,2
C.IN.1998.98IN022.AY669748,69,0,0,0,3
C.IN.1999.16055_2_3.EF117268,69,0,0,0,2
C.IN.1999.16055_2_3_DELGLY3_197.,69,0,0,0,2
C.IN.1999.16055_2_3_DELGLY3_276.,69,0,0,0,2
C.IN.1999.16055_2_3_DELGLY3_463.,69,0,0,0,2
C.IN.1999.16055_2_3_DELGLY4.,69,0,0,0,2
C.IN.1999.16845_2_22.EF117269,82,0,0,0,-2
C.IN.1999.16936_2_21.EF117270,66,0,0,0,1
C.IN.1999.25710_2_43.EF117271,62,0,0,0,4
C.IN.1999.25711_2_4.EF117272,68,0,0,0,0
C.IN.1999.25925_2_22.EF117273,65,0,0,0,-1
C.IN.2000.0013095_2_11.EF117267,75,0,0,0,3
C.IN.2000.001428_2_42.EF117266,75,0,0,0,0
C.IN.2000.00836_2_5.EF117265,63,0,0,0,0
C.IN.2000.26191_2_48.EF117274,60,0,0,0,1
C.IN.2000.VB105_J10.EU521729,71,0,0,0,-3
C.IN.2006.2_J9.EU908215,72,0,0,0,1
C.IN.2007.2_3_J17.GU945309,66,0,0,0,2
C.IN.2007.2_3_J4.GU945307,71,0,0,0,1
C.IN.2007.2_3_J7.GU945308,72,0,0,0,1
C.IN.2007.2_5_J11.GU945312,71,0,0,0,3
C.IN.2007.2_5_J3.GU945311,72,0,0,0,1
C.IN.2007.4_2_J41.GU945316,61,0,0,0,1
C.IN.2007.4_2_J42B.GU945318,66,0,0,0,3
C.IN.2007.4_2_J45.GU945317,61,0,0,0,2
C.IN.2007.4_2_J45B.OQ565582,61,0,0,0,2
C.IN.2007.4_2_J46B.GU945319,66,0,0,0,2
C.IN.2007.4_2_J47B.GU945320,61,0,0,0,1
C.IN.2007.4_5_J5.GU945321,61,0,0,0,2
C.IN.2007.LT1_07_J1.JN400529,64,0,0,0,-3
C.IN.2007.LT1_07_J26.JN400531,64,0,0,0,-3
C.IN.2007.LT1_07_J4.JN400530,64,0,0,0,-3
C.IN.2007.VB52_J29.EU760889,77,0,0,0,1
C.IN.2007.VB52_J30.EU760890,76,0,0,0,2
C.IN.2007.VB52_J9.EU760888,76,1,0,0,1
C.IN.2007.4_J2.EU908218,64,0,0,0,2
C.IN.2007.4_J22.EU908219,64,0,0,0,3
C.IN.2007.5_J41.EU908221,74,1,0,0,2
C.IN.2007.7_J16.EU908222,66,0,0,0,2
C.IN.2007.7_J20.EU908223,66,0,0,0,1
C.IN.2008.11_3_J9.GU945330,66,0,0,0,1
C.IN.2008.11_5_J12.GU945332,65,0,0,0,0
C.IN.2008.11_J25.EU908224,66,0,0,0,-2
C.IN.2008.11_J28.EU908225,66,0,0,0,-2
C.IN.2008.2_7_J1.OQ565558,68,0,0,0,0
C.IN.2009.5_4_J18.GU945327,74,1,0,0,1
C.IN.2009.LT1_09_J3.JN400534,65,0,0,0,4
C.IN.2009.LT1_09_J8.JN400536,65,0,0,0,3
C.IN.2011.2_11_J16.OQ565560,67,0,0,0,2
C.IN.2011.INDO_SA_NLR_29_J11.OQ565572,74,1,0,0,2
C.IN.2011.INDO_SA_NLR_29_J80.OQ565571,77,0,0,0,1
C.IN.2011.NISA_N101_J12.OQ565563,67,0,0,0,2
C.IN.2011.NISA_N110_J16.OQ565564,75,0,0,0,-1
C.IN.2011.NISA_N20_J10.OQ565561,63,0,0,0,1
C.IN.2011.NISA_N20_J14.OQ565562,63,0,0,0,1
C.IN.2014.PG37009V2_EJ38.MZ397988,68,0,0,0,-2
C.IN.2014.PG37009V2_EJ58.MZ397989,67,0,1,0,-2
C.IN.2014.PG37009V2_EJ9.MZ397987,55,0,0,0,2
C.IN.2014.PG37066_J1.OQ565569,82,0,0,0,1
C.IN.2014.PG37072_J12.OQ565567,72,0,0,0,-1
C.IN.2014.PG37072_J16.OQ565568,72,0,0,0,-1
C.IN.2014.PG37080_J158.OQ565579,66,1,0,0,3
C.IN.2014.PG37080_J6A.OQ565581,68,0,0,0,3
C.IN.2014.PG37080V1_J17.OQ565580,55,0,0,0,5
C.IN.2014.PG37081_J36.OQ565570,73,0,1,0,2
C.IN.2014.PG37087_J39.OQ565573,79,0,0,0,3
C.IN.2014.PG37087_J44.OQ565574,79,0,0,0,3
C.IN.2014.PG37089_J17.OQ565575,81,0,0,0,0
C.IN.2014.PG37089_J20.OQ565576,74,1,0,0,5
C.IN.2014.PG37089_J83.OQ565577,74,1,0,0,5
C.IN.2014.PG37091_J41.OQ565578,71,0,0,0,0
C.IN.2014.PG37112V2_J9.OQ565566,79,0,1,0,0
C.IN.2014.329_14_B1.MK076593,66,0,0,0,4
C.IN.2014.329_14_B4.MK076596,66,0,0,0,4
C.IN.2014.330_14_A12.MK076674,66,0,0,0,2
C.IN.2014.330_14_A20.MK076682,66,0,0,0,2
C.IN.2015.329_15_A1.MK076610,76,0,0,0,-2
C.IN.2015.329_15_B1.MK076614,76,0,0,0,-2
C.IN.2015.330_15_C36.MK076700,77,0,0,0,-1
C.IN.2015.330_15_D36.MK076705,76,0,0,0,0
C.IN.2015.330_15_E36.MK076706,76,0,0,0,0
C.IN.2016.329_16_C1.MK076647,85,0,1,0,2
C.IN.2016.329_16_D5.MK076655,85,0,1,0,2
C.IN.2016.330_16_A2.MK076707,92,0,0,0,0
C.IN.2016.330_16_D4.MK076712,91,1,0,0,0
C.IN.2016.330_16_E6.MK076720,68,0,0,0,3
C.IN.2016.330_16_H2.MK076724,93,1,0,0,-1
C.IN.2017.AIIMS704_70401.MN703344,70,0,0,0,0
C.IN.2017.AIIMS704_70402.MN703345,70,0,0,0,0
C.IN.2017.AIIMS704_70403.MN703343,70,0,0,0,0
C.IN.2017.AIIMS704_70405.MN703347,70,0,0,0,0
C.IN.2017.AIIMS704_70406.MN703348,70,0,0,0,0
C.IN.2017.AIIMS704_70408.MN703349,70,0,0,0,1
C.IN.2017.AIIMS704_70414.MN703346,70,0,0,0,0
C.IN.2017.AIIMS704_70421.MN703350,70,0,0,0,1
C.IN.2017.AIIMS706_70604B.MN703352,69,0,0,0,-3
C.IN.2017.AIIMS706_70606A.MN703358,69,0,0,0,-1
C.IN.2017.AIIMS706_70606B.MN703359,69,0,0,0,-1
C.IN.2017.AIIMS706_70606F.MN703355,69,0,0,0,-3
C.IN.2017.AIIMS706_70606Z.MN703353,69,0,0,0,-1
C.IN.2017.AIIMS706_70607A.MN703351,68,0,0,0,-2
C.IN.2017.AIIMS706_70607B.MN703356,69,0,0,0,-3
C.IN.2017.AIIMS706_70607C.MN703357,68,0,0,0,-2
C.IN.2017.AIIMS706_70607F.MN703354,68,0,0,0,-2
C.IN.2017.AIIMS731_73105B.MT366192,74,0,0,0,1
C.IN.2017.AIIMS731_73105C.MT366193,74,0,0,0,1
C.IN.2017.AIIMS731_73105D.MT366194,74,0,0,0,0
C.IN.2017.AIIMS731_73105E.MT366195,74,0,0,0,1
C.IN.2017.AIIMS731_73105H.MT366196,74,0,0,0,1
C.IN.2017.AIIMS731_73106F.MT366197,74,0,0,0,1
C.IN.2018.AIIMS709_70912B.MN703360,76,0,0,0,1
C.IN.2018.AIIMS709_70915B.MN703361,65,0,0,0,-1
C.IN.2018.AIIMS709_709312B.MN703364,76,0,0,0,0
C.IN.2018.AIIMS709_709316B.MN703365,62,0,0,0,3
C.IN.2018.AIIMS709_70931B.MN703362,63,0,0,0,2
C.IN.2018.AIIMS709_70936B.MN703363,76,0,0,0,0
C.IN.2018.AIIMS709_70942B.MN703366,76,0,0,0,1
C.IN.2018.AIIMS743_74311A.MN703391,77,0,0,0,0
C.IN.2018.AIIMS743_74311B.MN703392,77,0,0,0,0
C.IN.2018.AIIMS743_74311C.MN703393,77,0,0,0,2
C.IN.2018.AIIMS743_74311G.MN703394,77,0,0,0,0
C.IN.2018.AIIMS743_74311K.MN703395,77,0,0,0,1
C.IN.2018.AIIMS743_74311N.MN703396,77,0,0,0,0
C.IN.2019.TSG_EHI7.OZ241573,78,0,0,0,-2
C.IN.2019.TSG_EHI8.OZ241590,70,0,0,0,-1
C.IN.2019.TSG_EHI9.OZ241574,70,0,0,0,1
C.IN.2019.TSG_EHIPRE8.OZ241586,55,0,0,0,1
C.IN.2020.TSG_EHI11.OZ241557,59,0,0,0,0
C.IN.2020.TSG_EHI12.OZ241558,64,1,0,0,1
C.IN.2020.TSG_EHI13_D6.OZ241588,70,0,0,0,-1
C.IN.2020.TSG_EHI14.OZ241667,63,0,0,0,0
C.IN.2020.TSG_EHI16.OZ241559,61,0,0,0,1
C.IN.2020.TSG_EHI17_B14.OZ241587,70,0,0,0,0
C.IN.2020.TSG_EHI18.OZ241560,64,0,0,0,2
C.IN.2020.TSG_EHI20.OZ241561,79,0,0,0,2
C.IN.2020.TSG_EHI21.OZ241562,71,1,0,0,3
C.IN.2020.TSG_EHI22.OZ241563,72,0,0,0,5
C.IN.2020.TSG_EHI23.OZ241564,65,0,0,0,-1
C.IN.2020.TSG_EHI25.OZ241654,80,0,0,0,1
C.IN.2020.TSG_EHI27.OZ241566,62,0,0,0,0
C.IN.2020.TSG_EHI28.OZ241575,69,0,0,0,1
C.IN.2020.TSG_EHI29.OZ241567,71,0,0,0,-1
C.IN.2020.TSG_EHI30.OZ241568,68,0,0,0,0
C.IN.2020.TSG_EHI32.OZ241576,68,0,0,0,4
C.IN.2020.TSG_EHI33.OZ241569,69,1,0,0,0
C.IN.2020.TSG_EHI34.OZ241655,71,0,0,0,1
C.IN.2020.TSG_EHI35.OZ241570,84,0,0,0,3
C.IN.2020.TSG_EHI36.OZ241656,77,0,0,0,-1
C.IN.2021.TSG21N01F003.OZ241681,77,0,0,0,7
C.IN.2021.TSG21N01N001CM.OZ241693,71,0,0,0,3
C.IN.2021.TSG21N01N010.OZ241692,71,0,0,0,5
C.IN.2021.TSG21N01N011_C10.OZ241734,73,2,0,0,0
C.IN.2021.TSG21N01N013.OZ241682,64,1,0,0,2
C.IN.2021.TSG21N01N014.OZ241683,69,1,0,0,2
C.IN.2021.TSG21N01N015.OZ241684,56,0,0,0,4
C.IN.2021.TSG21N01N017_C18.OZ241685,96,1,0,0,-1
C.IN.2021.TSG21N01N018.OZ241686,72,0,0,0,1
C.IN.2021.TSG21N01N023.OZ241687,74,0,0,0,3
C.IN.2021.TSG21N01N026.OZ241689,88,0,0,0,4
C.IN.2021.TSG21N01N029.OZ241735,78,2,0,0,4
C.IN.2021.TSG21N01N031.OZ241691,64,0,0,0,-2
C.IN.2021.TSG21N01S007.OZ241678,70,1,0,0,0
C.IN.2021.TSG21N01S027.OZ241679,68,0,0,0,2
C.IN.2021.TSG21N01S028.OZ241690,65,0,0,0,0
C.IN.2021.TSG21N01S030.OZ241728,72,1,0,0,-1
C.IN.2021.TSG21N01S055.OZ241731,70,0,0,0,2
C.IN.2021.TSG21N01S062.OZ241732,74,0,0,0,-1
C.IN.2021.TSG21N01S100.OZ241730,72,0,0,0,2
C.IN.2021.TSG21S01A0002_STMART01.OZ241596,56,0,0,0,1
C.IN.2021.TSG21S01A0003_STMART02.OZ241597,63,0,0,0,3
C.IN.2021.TSG21S01A0004_C4.OZ241532,76,1,0,0,-2
C.IN.2021.TSG21S01A0005_C5.OZ241670,71,2,0,0,4
C.IN.2021.TSG21S01A0013_STMART12.OZ241591,83,0,0,0,-1
C.IN.2021.TSG21S01A0014_STM13ART.OZ241593,83,1,0,0,-1
C.IN.2021.TSG21S01E0001_STM01E.OZ241592,68,0,0,0,-1
C.IN.2021.TSG21S01E0017_STM16E.OZ241594,63,0,0,0,1
C.IN.2021.TSG21S01E0018_STM17E.OZ241595,63,0,0,0,-1
C.IN.2021.TSG21S01E0033_C33.OZ241528,61,0,0,0,3
C.IN.2021.TSG21Y02A0012.OZ241669,66,0,0,0,2
C.IN.2021.TSG21Y02E0011_D11.OZ241535,76,0,0,0,0
C.IN.2021.TSG21Y02E0014_D14.OZ241536,70,0,0,0,0
C.IN.2021.TSG21Y02E0018_D18.OZ241537,80,0,0,0,0
C.IN.2021.TSG21Y02E0024_D24.OZ241539,68,0,0,0,3
C.IN.2021.TSG_EHI37.OZ241571,59,0,0,0,-1
C.IN.2021.TSG_EHI38.OZ241577,64,2,0,0,3
C.IN.2021.TSG_EHI39.OZ241578,76,0,0,0,1
C.IN.2021.TSG_EHI40_C18.OZ241668,68,0,0,0,5
C.IN.2021.TSG_EHI41.OZ241579,72,0,0,0,0
C.IN.2021.TSG_EHI42.OZ241580,81,1,0,0,1
C.IN.2021.TSG_EHI44.OZ241581,60,0,0,0,1
C.IN.2021.TSG_EHI45.OZ241582,74,0,0,0,-1
C.IN.2021.TSG_EHI50.OZ241657,81,0,0,0,-2
C.IN.2021.TSG_EHI51.OZ241585,71,0,0,0,1
C.IN.2021.TSG_EHIPRE15.OZ241589,66,0,0,0,1
C.IN.2022.TSG22Y02E0035_DE35.OZ241543,63,0,0,0,3
C.IN.2022.TSG22Y02E0037_DE37.OZ241545,62,0,0,0,1
C.IN.2022.TSG22Y03A0022_B22.OZ241510,66,0,0,0,1
C.IN.2022.TSG22Y03A0031_B31.OZ241516,65,0,0,0,4
C.IN.2022.TSG22Y03A0032_B32.OZ241517,77,0,0,0,1
C.IN.2022.TSG22Y03E0010_B10.OZ241505,73,0,0,0,2
C.IN.2022.TSG22Y03E0019_B19.OZ241508,55,0,0,0,0
C.IN.2022.TSG22Y03E0023_B23.OZ241511,69,0,0,0,0
C.IN.2022.TSG22Y04A0002_H2.OZ241637,80,0,0,0,2
C.IN.2022.TSG22Y04A0003_H3.OZ241639,70,0,0,0,3
C.IN.2022.TSG22Y04A0004_H4.OZ241640,65,0,0,0,3
C.IN.2022.TSG22Y04A0005_H5.OZ241641,69,0,0,0,0
C.IN.2022.TSG22Y04A0011_H11.OZ241631,73,0,0,0,1
C.IN.2022.TSG22Y04A0015_H15.OZ241633,65,0,0,0,2
C.IN.2022.TSG22Y04A0016_H16.OZ241634,70,0,0,0,3
C.IN.2022.TSG22Y04A0020_H20.OZ241636,71,1,0,0,2
C.IN.2022.TSG22Y05A0002_BL2.OZ241614,69,0,0,0,2
C.IN.2022.TSG22Y05A0006_BL6.OZ241629,60,0,0,0,5
C.IN.2022.TSG22Y05A0018_BL18.OZ241606,67,0,0,0,0
C.IN.2022.TSG22Y05A0021_BL21.OZ241609,68,0,0,0,1
C.IN.2022.TSG22Y05E0033_BL33.OZ241616,63,0,0,0,1
C.IN.2022.TSG22Y05E0043_BL43.OZ241623,69,0,0,0,4
C.IN.2022.TSG_EHI53.OZ241658,74,1,0,0,-1
C.IN.2022.TSG_EHI55.OZ241659,63,0,0,0,-1
C.IN.2022.TSG_EHI57.OZ241660,63,1,0,0,1
C.IN.2022.TSG_EHI58.OZ241661,72,0,0,0,4
C.IN.2022.TSG_EHI59.OZ241662,72,2,0,0,2
C.IN.2022.TSG_EHI60.OZ241663,59,1,0,0,-1
C.IN.2022.TSG_EHI61.OZ241664,69,0,0,0,4
C.IN.2022.TSG_EHI62.OZ241665,72,1,0,0,1
C.IN.2022.TSG_EHI63.OZ241666,73,0,0,0,-3
C.IN.2023.TSG23Y06A003_V3.OZ241650,64,0,0,0,3
C.IN.2023.TSG23Y06A004_V4.OZ241651,71,0,0,0,4
C.IN.2023.TSG23Y06A012_V12.OZ241645,71,0,0,0,1
C.IN.2023.TSG23Y06A015_V15.OZ241648,70,0,0,0,0
C.IN.2023.TSG23Y06E001_V1.OZ241649,65,0,1,0,1
C.IN.2023.TSG23Y07A0012_A12.OZ241598,70,0,0,0,-3
C.IN.2023.TSG23Y07A0013_A13.OZ241599,76,2,0,0,3
C.IN.2023.TSG23Y07A0015_A15.OZ241600,71,0,0,0,1
C.IN.x.VB106_J38.EU622015,62,0,0,0,-1
C.IN.x.VB51_J22.EU622001,75,0,0,0,-1
C.IN.x.VB95_J22.EU622004,62,0,0,0,-1
C.IN.x.VB96_J21.EU521728,66,0,0,0,3
C.IN.x.VB96_J44.EU622005,66,0,0,0,2
C.IN.x.VB97_J10.EU622007,80,0,0,0,1
C.IN.x.VB97_J15.EU622008,80,1,0,0,1
C.IN.x.VB98_J1.EU622009,64,1,0,0,1
C.KE.1995.QB099_391M_B1.FJ866131,67,0,0,0,4
C.KE.1995.QB099_391M_C8.FJ866132,67,0,0,0,3
C.KE.1997.QC406_70M_F3.FJ866133,66,1,0,0,2
C.MW.1993.93MW959.AY669739,70,0,0,0,1
C.MW.1993.MW965_26.U08455,70,1,0,0,0
C.MW.2002.BF1266_431A.HM215360,68,0,0,0,2
C.MW.2002.BF329.JN983803,68,0,0,0,0
C.MW.2002.BF591.JN983804,59,1,0,0,0
C.MW.2002.BF703.JN983805,75,0,0,0,-1
C.MW.2003.CE0089_G2.KC894073,71,0,0,0,0
C.MW.2003.CE0393_C3.FJ444215,78,0,0,0,0
C.MW.2003.CE0626_E6.FJ444284,76,0,0,0,1
C.MW.2003.CE0665_F2.KC894076,59,1,0,0,0
C.MW.2003.CE0682_E4.FJ444325,72,0,0,0,-2
C.MW.2004.CE0985_H7.FJ444391,72,0,0,0,0
C.MW.2004.CE1086_B2.FJ444395,62,0,0,0,4
C.MW.2004.CE1172_H1.FJ444434,72,0,0,0,1
C.MW.2004.CE1176_A3.FJ444437,64,1,0,0,2
C.MW.2004.1394_C9G1.FJ444527,76,0,0,0,-1
C.MW.2005.CE2010_F5.FJ444561,83,0,0,0,-2
C.MW.2005.CE2010_F5_REV.FJ444561,83,0,0,0,-2
C.MW.2005.CE2060_G9.FJ444607,77,1,0,0,0
C.MW.2005.CE2103_E8.KC894086,75,0,0,0,-5
C.MW.2006.CE2052_G10.KC894084,73,0,0,0,1
C.MW.2006.703010010_C4.KC894105,69,0,0,0,4
C.MW.2007.703010054_2A2.FJ443808,63,0,0,0,2
C.MW.2007.703010054_2A2_REV.FJ443808,63,0,0,0,2
C.MW.2007.703010131_1E2.KC894107,71,0,0,0,1
C.MW.2007.703010200_1E5.FJ443999,67,0,0,0,-1
C.MW.2007.703010217_B6.KC894109,66,0,0,0,1
C.MW.2007.703010217_B6_REV.KC894109,66,0,0,0,1
C.MW.2007.703010228_1C4.FJ444031,76,0,0,0,-1
C.MW.2008.714903902_11.MT861628,84,0,0,0,5
C.MW.2008.714903902_12.MT861629,84,0,0,0,3
C.MW.2008.714903902_20.MT861635,79,2,1,0,2
C.MW.2008.714903902_23.PQ466163,71,1,0,0,3
C.MW.2008.714903902_25.MT861639,84,0,0,0,3
C.MW.2008.714903902_29.MT861641,84,0,0,0,5
C.MW.2008.714903902_31.MT861645,84,0,0,0,3
C.MW.2008.714903902_32.MT861646,84,0,0,0,2
C.MW.2008.714903902_35.MT861649,84,0,0,0,0
C.MW.2008.714903902_36.MT861650,84,0,0,0,3
C.MW.2008.714903902_38.MT861652,84,0,0,0,5
C.MW.2008.714903902_41.MT861656,84,0,0,0,3
C.MW.2008.714903902_42.MT861657,84,0,0,0,3
C.MW.2008.714903902_43.MT861658,84,0,0,0,5
C.MW.2008.714903902_44.MT861659,71,1,0,0,1
C.MW.2008.714903902_46.MT861661,84,0,0,0,1
C.MW.2008.714903902_5.MT861662,84,0,0,0,3
C.MW.2008.714903915_1.MT861575,71,1,0,0,1
C.MW.2008.714903915_22.MT861584,84,0,0,0,5
C.MW.2008.714903915_30.MT861592,71,1,0,0,3
C.MW.2008.CH0694.KJ700458,73,1,0,0,-1
C.MW.2008.CH505_TF.KC247556,59,0,0,0,2
C.MW.2008.CH505_TF_DELGLY3_197.,59,0,0,0,2
C.MW.2008.CH505_TF_DELGLY3_276.,59,0,0,0,2
C.MW.2008.CH505_TF_DELGLY3_461.,59,0,0,0,2
C.MW.2008.CH505_TF_DELGLY4.,59,0,0,0,2
C.MW.2008.CH505_TF_G458Y.,59,0,0,0,2
C.MW.2008.CH505_TF_N279K.,59,0,0,0,2
C.MW.2008.CH505_TF_N279K_G458Y.,59,0,0,0,2
C.MW.2008.CH505_TF_N279K_N280D_G458Y.,59,0,0,0,2
C.MW.2008.CH505_W4_3.KC247557,59,0,0,0,2
C.MW.2008.CH848_0000_TF.KX216883,77,0,0,0,-2
C.MW.2008.0301_BM_A12.HM070481,71,0,0,0,3
C.MW.2008.0301_BM_A2.HM070482,70,0,0,0,2
C.MW.2008.0301_BM_A6.HM070484,71,0,0,0,2
C.MW.2008.0702_BM_B4.HM070516,63,0,0,0,2
C.MW.2008.0702_BM_B9.HM070517,63,0,0,0,1
C.MW.2008.0702_BM_D1.HM070518,63,0,0,0,4
C.MW.2008.0702_BM_H12.HM070525,63,0,0,0,2
C.MW.2008.3305_BM_C1.HM070604,89,1,0,0,3
C.MW.2008.3305_BM_C11.HM070606,78,1,0,0,1
C.MW.2008.3305_BM_C9.HM070612,89,1,0,0,3
C.MW.2008.3305_BM_F4.HM070618,71,0,0,0,-3
C.MW.2008.3305_BM_F6.HM070620,84,0,0,0,3
C.MW.2008.4403_BM_B10.HM070717,65,0,0,0,0
C.MW.2008.4403_BM_B6.HM070721,65,0,0,0,0
C.MW.2008.4403_BM_C5.HM070724,65,0,0,0,0
C.MW.2008.4403_BM_G1.HM070737,65,0,0,0,0
C.MW.2008.4403_BM_H22.HM070749,68,0,0,0,1
C.MW.2008.5807_BM_D1.HQ596177,77,1,0,0,3
C.MW.2008.5807_BM_E7.HQ596182,57,0,0,0,1
C.MW.2008.4707_BM_F8.HM070818,80,1,0,0,3
C.MW.2008.4707_BM_H2.HM070822,59,0,0,0,0
C.MW.2008.1209_BM_A5.HM070562,61,0,0,0,1
C.MW.2008.1209_BM_B21.HM070564,76,0,2,0,-2
C.MW.2008.1209_BM_G5.HM070569,82,1,0,0,2
C.MW.2008.1209_BM_H5.HM070570,61,0,0,0,0
C.MW.2009.714909105_10.MT861465,72,0,0,0,-1
C.MW.2009.714909105_14.MT861462,79,0,0,0,-2
C.MW.2009.714909105_15.MT861459,72,0,0,0,-1
C.MW.2009.714909105_17.MT861460,72,0,0,0,-1
C.MW.2009.714909105_20.MT861464,79,0,0,0,-2
C.MW.2009.714909105_21.MT861450,79,0,0,0,-2
C.MW.2009.714909105_22.MT861448,79,0,0,0,-2
C.MW.2009.714909105_27.MT861452,79,0,0,0,-2
C.MW.2009.714909105_32.MT861457,72,0,0,0,-1
C.MW.2009.714909105_35.MT861463,79,0,0,0,-2
C.MW.2009.714909105_5.MT861473,79,0,0,0,-2
C.MW.2009.714909105_6.MT861449,72,0,0,0,-1
C.MW.2009.714909105_7.MT861456,79,0,0,0,-2
C.MW.2009.714909112_11.MT861427,77,0,0,0,-3
C.MW.2009.714910601_16.PQ466112,79,0,0,0,-1
C.MW.2009.714910601_19.PQ466115,81,1,0,0,1
C.MW.2009.714910601_21.PQ466113,79,1,0,0,1
C.MW.2009.714910601_23.PQ466116,84,1,0,0,2
C.MW.2009.714910601_24.PQ466117,86,0,0,0,1
C.MW.2009.714910601_36.PQ466130,79,1,0,0,0
C.MW.2009.714910601_39.PQ466123,79,1,0,0,-1
C.MW.2009.714910601_42.PQ466125,79,1,0,0,0
C.MW.2009.714910601_45.PQ466075,70,0,0,0,-1
C.MW.2009.714910601_49.PQ466127,79,0,0,0,-1
C.MW.2009.714910601_50.PQ466118,79,1,0,0,-1
C.MW.2009.714910616_1.PQ466099,70,0,0,0,0
C.MW.2009.CH848_D358_80_06.KX217366,67,0,0,0,0
C.MW.2009.CH848_D526_25_02.KX217434,77,0,0,0,0
C.MW.2009.CH848_D526_25_09.KX217440,70,0,0,0,-1
C.MW.2009.0404_BM_B9.HQ595836,64,1,0,0,3
C.MW.2009.0404_BM_D4.HQ595839,65,0,0,0,-1
C.MW.2009.0404_BM_F3.HQ595842,64,1,0,0,3
C.MW.2009.0404_BM_G3.HQ595847,64,1,0,0,3
C.MW.2009.0404_BM_H4.HQ595852,68,1,0,0,3
C.MW.2010.CH848_D836_10_31.KX217654,61,0,0,0,-1
C.MW.2011.CH848_D949_10_17.KX217749,60,1,0,0,-1
C.MW.2012.CH848_D1432_5_41.KX217874,74,0,0,0,-1
C.MW.2017.V703_0472_030S.ON890962,68,0,0,0,2
C.MW.2018.V703_0309_100_RE_PBLIB002_S.ON890953,73,0,0,0,3
C.MW.2018.V703_0309_100S.ON890952,73,0,0,0,3
C.MW.2018.V703_0967_040S.ON891004,64,0,0,0,5
C.MW.2018.V703_0322_130S_M1I.ON890954,66,0,0,0,0
C.MW.2018.V703_0157_090S.ON890945,73,0,0,0,2
C.MW.2018.V703_2788_030ES_B1.ON891087,72,0,0,0,2
C.MW.2018.V703_2149_060_RE_EB10S.ON891079,72,0,0,0,0
C.MW.2018.V703_1789_230_RE_E3A3S.ON891058,65,0,0,0,1
C.MW.2019.V703_0203_081_RE_E8A5S.ON890947,68,0,0,0,-1
C.MW.2019.V703_0203_081_RE_PBLIB002_S.ON890946,68,0,0,0,-1
C.MW.2019.V703_1848_190_RE_E6D1S.ON891063,73,0,0,0,1
C.MW.2019.V703_1848_190_RE_PBLIB002_S.ON891062,76,0,0,0,3
C.MW.2019.V703_1807_240_RE_CS.ON891060,78,0,0,0,2
C.MW.2019.V703_2631_150_RE_E2F8S.ON891084,65,0,0,0,2
C.MW.2019.V703_2372_170_RE_CON_S.ON891081,66,0,0,0,1
C.MW.x.BF1677F2_613A.HM215361,79,1,0,0,4
C.MW.x.BF942_218D.HM215362,66,0,0,0,2
C.MW.x.S018_18.,58,1,0,0,2
C.MZ.2018.V703_2805_080ES.ON891088,61,0,0,0,0
C.MZ.2018.V703_2805_080_RE_PBLIB002_S.ON891089,90,0,0,0,0
C.MZ.2019.V703_1034_190_RE_E5D5S.ON891009,63,0,0,0,0
C.MZ.2019.V703_1034_190_RE_PBLIB002_S.ON891007,63,0,0,0,0
C.MZ.2019.V703_1034_190_RE_PBLIB003_S.ON891008,63,0,0,0,0
C.TH.x.PWJ_0513_39.HM215433,76,0,0,0,2
C.TZ.1998.98TZ017.AF286235,65,0,1,0,2
C.TZ.2000.98_F4_H5_13.HQ659642,73,0,0,0,1
C.TZ.2000.541_F1_A7_2.HQ698049,70,0,0,0,1
C.TZ.2001.234_F1_16_57.HM215278,69,0,0,0,4
C.TZ.2001.304_F2_1_11.HM215286,66,0,0,0,-1
C.TZ.2001.346_F4_D2_12.HM215302,77,0,0,0,3
C.TZ.2001.556_F2_3_25.HM215317,77,0,0,0,-1
C.TZ.2001.569_F1_37_10.HM215318,71,0,0,0,-1
C.TZ.2001.TZA125_17.JQ362423,75,0,0,0,0
C.TZ.2001.TZBD_02.JQ362424,70,0,0,0,4
C.TZ.2003.0077_V1_C16.HM215254,76,0,0,0,0
C.TZ.2003.3301_V1_C24.HM215294,68,0,0,0,0
C.TZ.2003.3873_V1_C24.HM215311,70,1,0,0,1
C.TZ.2003.6471_V1_C16.HM215328,77,0,0,0,-3
C.TZ.2003.6838_V1_C35.HM215341,63,0,0,0,2
C.TZ.2003.6980_V0_C31.HM215344,70,0,0,0,1
C.TZ.2003.6980_V1_C17.HM215345,62,0,0,0,2
C.TZ.2004.0041_V3_C18.HM215253,77,0,0,0,3
C.TZ.2004.0921_V2_C14.HM215262,59,0,0,0,3
C.TZ.2004.0984_V2_C2.HM215263,77,0,0,0,-1
C.TZ.2004.3301_V2_C6.HM215295,68,0,0,0,0
C.TZ.2004.3728_V2_C6.HM215307,63,1,0,0,1
C.TZ.2004.377_V4_C09.HM215308,72,0,0,0,3
C.TZ.2004.6631_V3_C10.HM215335,87,0,0,0,-1
C.TZ.2004.6644_V2_C33.HM215336,78,0,0,0,2
C.TZ.2004.98_V3_C5.HM215355,64,0,0,0,1
C.TZ.2005.0933_V4_C4.HM215352,73,0,0,0,0
C.TZ.2005.3168_V4_C10.HM215289,72,1,0,0,0
C.TZ.2005.3168_V4_C10_K651N.,72,1,0,0,0
C.TZ.2005.3426_V5_C17.HM215300,67,0,0,0,2
C.TZ.2005.3637_V5_C3.HM215305,68,0,0,0,1
C.TZ.2005.6040_V4_C15.HM215320,70,0,0,0,1
C.TZ.2005.6322_V4_C1.HM215326,68,0,0,0,1
C.TZ.2005.6785_V5_C14.HM215338,68,0,0,0,4
C.TZ.2006.6022_V7_C24.HM215319,67,0,0,0,3
C.TZ.2006.6146_V7_C23.HM215324,63,0,0,0,1
C.TZ.x.410_F2_1_30.HM215314,67,0,0,0,0
C.ZA.1997.97ZA009.AY118166,63,0,0,0,7
C.ZA.1997.ZA012_29.EU855133,67,0,0,0,3
C.ZA.1998.TV1_21.HM215437,77,0,0,0,2
C.ZA.1998.TV1_29.EU855132,80,0,0,0,5
C.ZA.1998.DU123_06.DQ411850,71,0,0,0,0
C.ZA.1998.DU151_02.DQ411851,64,0,0,0,2
C.ZA.1998.DU172_17.DQ411853,77,0,0,0,1
C.ZA.1998.DU422_1.DQ411854,72,0,0,0,1
C.ZA.1999.DU156_12.DQ411852,68,0,0,0,1
C.ZA.1999.DU156_12_N332A.,68,0,0,0,1
C.ZA.1999.COT6_15.DQ447266,66,0,0,0,0
C.ZA.2005.18814602_H8_F3.HQ615948,73,1,0,0,4
C.ZA.2005.19157834_V1.HQ595743,65,0,0,0,1
C.ZA.2005.19252094_A5_G2.HQ615953,63,1,0,0,2
C.ZA.2005.19314479_A2_5.HQ615958,66,1,0,0,2
C.ZA.2005.CAP08_F6.EF203976,69,0,0,0,0
C.ZA.2005.CAP174_1_06_F3_1B.JN967791,67,0,0,0,3
C.ZA.2005.CAP206_08.EF203967,67,0,0,0,0
C.ZA.2005.CAP210_TA5.KC894136,65,0,0,0,-1
C.ZA.2005.CAP225_1_06_A2_18.JN681225,77,0,0,0,1
C.ZA.2005.CAP228_2_00_51J.EF203968,72,0,0,0,0
C.ZA.2005.CAP239_2_00_G3J.EF203983,61,0,0,0,1
C.ZA.2005.CAP255_2_00_16J.EF203982,69,1,0,0,-1
C.ZA.2005.CAP258_2_00_X_23.JN681227,72,0,0,0,-1
C.ZA.2005.CAP45_CS_MUT.,63,0,0,0,2
C.ZA.2005.CAP63_A9.EF203973,69,0,0,0,2
C.ZA.2005.CAP84_32.EF203963,63,0,0,0,1
C.ZA.2005.CAP85_09.EF203985,70,0,0,0,-1
C.ZA.2005.CAP88_B5.EF203972,70,0,0,0,2
C.ZA.2005.CAP210_E8.DQ435683,65,0,0,0,-1
C.ZA.2005.CAP244_D3.DQ435684,83,0,0,0,-1
C.ZA.2005.CAP45_G3.DQ435682,63,0,0,0,2
C.ZA.2005.CAP206_1_B5.FJ443358,67,0,0,0,0
C.ZA.2005.CAP206_1_B5_Y681D.KJ700457,67,0,0,0,0
C.ZA.2005.CAP255_2000_008WPI_4D.MK205926,69,1,0,0,-1
C.ZA.2005.CAP88_6M_C10.KU198436,70,0,0,0,1
C.ZA.2005.CAP256_PI.EF203981,78,0,0,0,1
C.ZA.2005.CAP200_B8A.KC894135,71,0,0,0,3
C.ZA.2005.CAP256_SU.KF241776,66,0,0,0,2
C.ZA.2006.19707346_E8_C6.HQ615951,66,0,0,0,-1
C.ZA.2006.2759058_F10_B6.HQ615959,64,0,0,0,1
C.ZA.2006.2768732_C5_16.HQ615952,70,0,0,0,0
C.ZA.2006.2833264.HQ595757,68,1,0,0,1
C.ZA.2006.CAP129_1_15_B2_13.JN681223,60,0,0,0,0
C.ZA.2006.CAP136_1_16_E6_1.JN967790,68,0,0,0,-5
C.ZA.2006.CAP224_1_18_C7_3.JN967793,77,0,0,0,-1
C.ZA.2006.CAP260_2_00_TA1_1B.JN681228,59,0,0,0,2
C.ZA.2006.CAP266_2_00_E9_H6.JN681229,69,0,0,0,0
C.ZA.2006.CAP269_2_00_F11_1.JN967794,78,0,0,0,1
C.ZA.2006.CAP37_1_18_D2_19.JN681230,62,0,0,0,0
C.ZA.2006.CAP40_2_01_A3_5.JN681231,67,0,0,0,2
C.ZA.2006.CAP69_1_12_TA7_1.JX131327,75,0,0,0,2
C.ZA.2006.CAP221_B14.KC894137,77,0,0,0,3
C.ZA.2006.CAP177_1A3.KC894133,59,0,0,0,0
C.ZA.2007.19715820_A10_H2.HQ615950,65,0,0,0,0
C.ZA.2007.20104663_E11_D2.HQ615945,67,0,0,0,1
C.ZA.2007.20198102_E9_G1.HQ615944,72,0,0,0,2
C.ZA.2007.20258279_V2.HQ595763,81,0,0,0,-1
C.ZA.2007.20417927_07.JQ352785,62,1,0,0,0
C.ZA.2007.2869751_A4_D3.HQ615954,71,0,0,0,2
C.ZA.2007.2891391_A2_E1.HQ615955,64,0,0,0,2
C.ZA.2007.2969249.HQ595766,72,0,0,0,0
C.ZA.2007.3514597.HQ595759,67,0,0,0,0
C.ZA.2007.3545883_G1_E1.HQ615942,75,0,0,0,1
C.ZA.2007.722_G4_16.JN967798,67,0,0,0,-2
C.ZA.2007.CAP188_1_D1_14_REV.KC894134,62,0,0,0,-1
C.ZA.2007.CAP220_2_00_A8_5B.JN967792,70,1,0,0,2
C.ZA.2007.CAP237_1_22_B2_2_39.JN681226,72,0,0,0,2
C.ZA.2007.CT184_D3_15.KF114889,63,0,0,0,1
C.ZA.2007.CT349_39_16.JQ061131,63,0,0,0,1
C.ZA.2007.CT810_G4_7.KF114891,70,1,0,0,1
C.ZA.2007.CT823_B6_1.JN681236,67,0,0,0,-1
C.ZA.2007.705010067_TF.KC156125,62,0,0,0,0
C.ZA.2007.704010042_2E5.KC894113,72,0,0,0,4
C.ZA.2007.704010069_C6.KC894114,63,0,0,0,1
C.ZA.2007.704010083_B8.FJ443671,78,0,0,0,1
C.ZA.2007.CAP61_F10A.KC863509,75,0,0,0,-2
C.ZA.2007.706010018_2E3.FJ444047,63,1,0,0,-2
C.ZA.2007.705010185_TF.KC156129,71,0,0,0,-1
C.ZA.2007.705010198_TF.KC156130,73,0,0,0,2
C.ZA.2007.706010164_1A7.FJ444076,66,0,0,0,3
C.ZA.2007.706010164_1A7_REV.FJ444076,66,0,0,0,3
C.ZA.2007.704809221_1B3.FJ444103,82,0,0,0,1
C.ZA.2007.704809221_1B3_REV.FJ444103,82,0,0,0,1
C.ZA.2007.CT072_56_7.JN681232,65,0,0,0,3
C.ZA.2007.CT140_140_B6.JN681233,72,0,0,0,2
C.ZA.2007.704810053_2B7.KC894119,75,0,0,0,1
C.ZA.2007.CA392_H2_6.JN681221,72,0,0,0,0
C.ZA.2007.SO431_C1_1.JN681246,72,0,0,0,1
C.ZA.2007.CT431_G6_6.JN681234,69,0,0,0,2
C.ZA.2007.SO225_H11_12.JN681252,59,0,0,0,-1
C.ZA.2008.1107356_07.JQ352794,69,0,0,0,0
C.ZA.2008.1143465_14.JQ352799,68,0,0,0,-2
C.ZA.2008.1170887_08.JQ352801,74,1,0,0,-2
C.ZA.2008.1245045.HQ595742,77,1,0,0,2
C.ZA.2008.20355851_20.JQ352789,87,0,0,0,-1
C.ZA.2008.20358510_01.JQ352790,80,0,0,0,3
C.ZA.2008.20721190.HQ595747,74,1,0,0,1
C.ZA.2008.20803520.HQ595748,74,0,0,0,-2
C.ZA.2008.20883229_C9_H6.HQ615943,71,0,0,0,0
C.ZA.2008.20915593.HQ595749,71,0,0,0,0
C.ZA.2008.20927783.HQ595750,86,0,0,0,1
C.ZA.2008.21203310_G7_C3.HQ615946,64,0,0,0,2
C.ZA.2008.CA240_A5_5.KC154016,64,0,0,0,-2
C.ZA.2008.CAP290_2_00_23_6.JN681253,69,0,0,0,-3
C.ZA.2008.CAP291_2_00_H2_15.KF114884,76,1,0,0,-1
C.ZA.2008.CAP292_2_00_12_4.JN681254,81,0,0,0,-2
C.ZA.2008.CAP301_2_00_C3_20.KC154017,67,0,0,0,2
C.ZA.2008.CAP304_2_00_F6_6.KC154018,56,1,0,0,3
C.ZA.2008.CAP306_2_00_F9_1.KC154019,77,1,0,0,0
C.ZA.2008.CAP307_2_00_24_1.JN681255,70,3,0,0,0
C.ZA.2008.CAP308_2_00_E11_35.KC154020,78,0,1,0,1
C.ZA.2008.CAP310_2_00_20_2.JN681256,64,0,0,0,0
C.ZA.2008.CAP317_2_00_D4_10.KC154022,68,0,0,0,-1
C.ZA.2008.CAP323_2_00_B6_45.KC154023,64,1,0,0,0
C.ZA.2008.CAP326_2_00_D9_2.KC154024,74,0,0,0,0
C.ZA.2008.CAP327_2_00_C6_37.KF114885,71,0,0,0,1
C.ZA.2008.CAP330_2_00_F2_41.KC154025,72,0,0,0,2
C.ZA.2008.CT885_H3_2.JN967797,69,0,0,0,-1
C.ZA.2008.KO426_N276D.,75,0,0,0,-1
C.ZA.2008.KO426_N276D_N460D_N463D.,75,0,0,0,-1
C.ZA.2008.KO426_N460D_N463D.,75,0,0,0,-1
C.ZA.2008.KO426_S278R_N460D_N463D_G471S.,75,0,0,0,-1
C.ZA.2008.ME178_G6_16.KF114893,80,0,0,0,2
C.ZA.2008.SO032_A2_8_1.KF114894,58,0,0,0,-3
C.ZA.2008.SO607_B6_9.KF114895,87,1,0,0,1
C.ZA.2008.CA457_H1_1.JN681222,65,0,0,0,1
C.ZA.2008.KO224_T87_2_4.JN681240,73,0,0,0,2
C.ZA.2008.KO426_T78_10_DELGLY3_197.,75,0,0,0,-1
C.ZA.2008.KO426_T78_10_DELGLY3_276.,75,0,0,0,-1
C.ZA.2008.KO426_T78_10_DELGLY3_463.,75,0,0,0,-1
C.ZA.2008.KO426_T78_10_DELGLY4.,75,0,0,0,-1
C.ZA.2008.KO426_T78_10.JN681241,75,0,0,0,-1
C.ZA.2008.KO459_T68_4.JN681242,81,0,0,0,-1
C.ZA.2008.KO756_38_TB12.JN681243,62,0,0,0,2
C.ZA.2008.CT966_E1_7.JN681238,64,0,0,0,1
C.ZA.2008.ME067_A10_15.JN681245,74,0,0,0,-1
C.ZA.2008.CT977_69_12.JN681239,75,0,0,0,-1
C.ZA.2008.SO186_H6_5.JN681247,67,0,0,0,1
C.ZA.2008.CA327_D2_2.JN681220,63,0,0,0,0
C.ZA.2008.SO706_T10B_3.JN681249,80,0,0,0,2
C.ZA.2008.SO405_T24_5.JN681248,69,0,0,0,1
C.ZA.2008.KO870_C2_10.JN681244,65,0,0,0,-1
C.ZA.2009.20286961_C1_H8.HQ615960,60,0,0,0,2
C.ZA.2009.20965238.HQ595751,73,0,0,0,-1
C.ZA.2009.21197826_V1.HQ595753,67,0,0,0,0
C.ZA.2009.21261106_C12_H2.HQ615956,68,1,0,0,2
C.ZA.2009.21283649.HQ595756,75,2,0,0,0
C.ZA.2009.21369737_G11_F2.HQ615941,72,1,0,0,1
C.ZA.2009.21399975_E2_B3.HQ615957,63,0,0,0,1
C.ZA.2009.21492713_B11_E3.HQ615947,72,0,0,0,4
C.ZA.2009.21502011_F12_E2.HQ615949,69,0,0,0,-1
C.ZA.2009.21561324_D3_B5.HQ615961,57,0,0,0,0
C.ZA.2009.CAP331_2_00_D7_39.KF114886,64,0,0,0,-1
C.ZA.2009.CAP332_2_00_C10_1.KF114887,73,0,0,0,-1
C.ZA.2009.CAP340_2_00_B3_16.KC154026,70,0,0,0,2
C.ZA.2009.CAP341_2_00_C10_18.KC154027,56,0,0,0,0
C.ZA.2009.CAP343_2_00_21_2.JN681257,72,1,0,0,0
C.ZA.2009.CAP347_2_00_B1_1.JN681258,73,0,0,0,3
C.ZA.2009.CAP363_2_00_10_3.KJ598853,71,0,0,0,-1
C.ZA.2009.CT565_C7_48.KF114890,69,0,0,0,1
C.ZA.2009.KO243_H6_3.KF114892,90,0,0,0,5
C.ZA.2009.CA146_H3_3.JN681219,70,1,0,0,4
C.ZA.2010.CAP378_2_00_D2_5.KF114888,70,0,0,0,-1
C.ZA.2010.CAP382_2_00_D7_19.KC154028,63,0,0,0,-2
C.ZA.2013.079_TF_SGA2.OP121306,65,0,0,0,4
C.ZA.2013.036_TF_SGA1.OP121252,67,0,0,0,1
C.ZA.2013.093_TF_SGA17.OP121367,64,1,0,0,0
C.ZA.2013.186_TF_SGA9.OP121440,66,0,0,0,1
C.ZA.2014.093_BT_SGA13.OP121333,64,1,0,0,-1
C.ZA.2014.093_BT_SGA3.OP121327,64,1,0,0,0
C.ZA.2014.318_TF_SGA2.OP121502,60,0,0,0,1
C.ZA.2014.186_BT_SGA1.OP121423,66,0,0,0,1
C.ZA.2015.451_TF_SGA2.OP121539,61,0,0,0,-3
C.ZA.2015.036_BT_SGA4.OP121250,67,0,0,0,-1
C.ZA.2015.093_AT_SGA1.OP121321,64,1,0,0,0
C.ZA.2015.102_BT_SGA3.OP121390,62,0,0,0,0
C.ZA.2015.102_BT_SGA6.OP121393,63,1,0,0,0
C.ZA.2015.186_AT_SGA1.OP121414,66,1,0,0,-2
C.ZA.2015.186_AT_SGA5.OP121417,66,1,0,0,-2
C.ZA.2015.451_AT_SGA5.OP121528,59,0,0,0,-3
C.ZA.2016.651_AT_SGA2.OP121541,71,0,0,0,1
C.ZA.2016.651_AT_SGA5.OP121544,71,0,0,0,1
C.ZA.2016.651_AT_SGA8.OP121547,71,0,0,0,1
C.ZA.2016.102_AT_SGA1.OP121385,57,0,0,0,0
C.ZA.2016.102_AT_SGA5.OP121387,57,0,0,0,0
C.ZA.2016.079_LN_SGA3.OP121285,74,0,0,0,0
C.ZA.2016.079_LN_SGA9.OP121290,71,0,0,0,-2
C.ZA.2016.079_PBMC_SGA12.OP121300,71,0,0,0,-1
C.ZA.2016.079_PBMC_SGA17.OP121304,71,0,0,0,-2
C.ZA.2016.079_PBMC_SGA7.OP121297,75,0,0,0,0
C.ZA.2016.079_PBMC_SGA9.OP121298,76,0,1,0,0
C.ZA.2016.318_BT_SGA1.OP121496,56,0,0,0,0
C.ZA.2016.318_BT_SGA4.OP121499,54,0,0,0,1
C.ZA.2016.318_BT_SGA5.OP121500,56,0,0,0,0
C.ZA.2016.651_LN_C40.OP121549,71,0,0,0,1
C.ZA.2016.651_LN_C43.OP121550,71,0,0,0,1
C.ZA.2016.V703_1945_090S_2A3.ON891071,77,0,0,0,1
C.ZA.2016.V703_1945_090S_2F1.ON891072,77,0,0,0,-1
C.ZA.2016.V703_1945_090S_3D5.ON891073,77,0,0,0,-1
C.ZA.2017.V703_0646_051SN.ON890987,81,1,0,0,2
C.ZA.2017.V703_1060_080S.ON891010,79,1,0,0,1
C.ZA.2017.093_LN_SGA6.OP121343,64,1,0,0,-2
C.ZA.2017.093_LN_SGA8.OP121344,64,1,0,0,0
C.ZA.2017.093_LN_SGA9.OP121345,64,1,0,0,-1
C.ZA.2017.093_PBMC_SGA14.OP121349,64,1,0,0,0
C.ZA.2017.093_PBMC_SGA4.OP121348,64,1,0,0,-2
C.ZA.2017.V703_0926_070S_2H2.ON891001,68,1,0,0,2
C.ZA.2017.V703_0537_011S_2B5.ON890974,80,0,0,0,5
C.ZA.2017.V703_0537_011S_4H1.ON890975,85,0,0,0,0
C.ZA.2017.V703_0537_110_RE_PBLIB003_S.ON890973,78,0,0,0,2
C.ZA.2017.079_BT_SGA3.OP121272,74,0,0,0,1
C.ZA.2017.079_BT_SGA4.OP121273,70,0,0,0,2
C.ZA.2017.V703_0514_150ES_A4_V02_028.ON890969,68,1,0,0,2
C.ZA.2017.V703_0514_150ES_F4_V03_024.ON890970,80,0,0,0,0
C.ZA.2017.V703_0514_150_RE_PBLIB004_S.ON890968,86,0,0,0,0
C.ZA.2017.V703_0514_150S_6C1.ON890971,86,0,0,0,0
C.ZA.2017.V703_0795_040S.ON890994,70,0,0,0,-1
C.ZA.2017.V703_1407_090_RE_PBLIB003_S.ON891032,100,1,0,0,0
C.ZA.2017.V703_1407_090S_4G4.ON891033,100,1,0,0,0
C.ZA.2017.V703_1471_190S.ON891037,63,0,0,0,0
C.ZA.2017.V703_1551_143S_2G8.ON891042,67,0,0,0,2
C.ZA.2017.V703_1675_080S.ON891047,71,1,0,0,2
C.ZA.2017.V703_1675_G613S.ON891046,71,1,0,0,2
C.ZA.2017.V703_1446_040S.ON891034,76,0,0,0,1
C.ZA.2017.V703_0566_160_RE_PBLIB002_S.ON890977,64,0,0,0,-1
C.ZA.2017.V703_0566_160S.ON890976,58,0,0,0,-1
C.ZA.2017.V703_0739_110S.ON890990,77,0,0,0,1
C.ZA.2017.V703_1313_040S.ON891026,66,0,0,0,1
C.ZA.2018.V703_0132_200_RE_PBLIB002_S.ON890943,69,0,0,0,1
C.ZA.2018.V703_0132_200S_10H3.ON890944,69,0,0,0,1
C.ZA.2018.V703_1855_162_RE_PBLIB003_S.ON891066,76,0,0,0,2
C.ZA.2018.V703_2769_050_RE_P01S_B23_V5.,81,0,0,0,-1
C.ZA.2018.318_AT_SGA1.OP121491,65,0,0,0,4
C.ZA.2018.318_AT_SGA8.OP121495,68,0,0,0,2
C.ZA.2018.V703_0279_110_RE_PBLIB002_S.ON890951,75,0,0,0,1
C.ZA.2018.V703_0279_110S.ON890950,75,0,0,0,1
C.ZA.2018.V703_1798_170_RE_P01S.ON891059,83,0,0,0,1
C.ZA.2018.V703_1828_220ES.ON891061,59,0,0,0,5
C.ZA.2018.V703_1889_100ES.ON891068,82,0,0,0,5
C.ZA.2018.V703_2769_050_RE_P01S.ON891085,81,0,0,0,-1
C.ZA.2018.V703_2769_050_RE_PBLIB002_S.ON891086,75,0,0,0,5
C.ZA.2018.V703_0482_250ES.ON890963,67,0,0,0,0
C.ZA.2018.V703_1515_120ES.ON891038,67,0,0,0,-2
C.ZA.2018.V703_1515_120_RE_PBLIB002_S.ON891039,67,0,0,0,-2
C.ZA.2018.V703_1026_120ES_A5.ON891006,72,1,0,0,1
C.ZA.2018.V703_1687_100ES.ON891048,76,0,0,0,0
C.ZA.2018.V703_3000_090_RE_PBLIB001_S.ON891091,67,1,0,0,1
C.ZA.2018.V703_3000_090_RE_PBLIB002_S.ON891092,67,1,0,0,1
C.ZA.2018.V703_1357_230ES_H1.ON891027,67,0,0,0,-2
C.ZA.2018.V703_1750_140ES.ON891053,85,0,0,0,2
C.ZA.2018.V703_0578_130_RE_CS.ON890978,64,0,1,0,1
C.ZA.2018.V703_1783_170ES.ON891057,78,0,0,0,0
C.ZA.2018.V703_0902_140_RE_P01S.ON891000,59,0,0,0,-1
C.ZA.2018.V703_1453_240_RE_E9B7S.ON891036,66,0,0,0,1
C.ZA.2018.V703_1453_240_RE_PBLIB002_S.ON891035,66,0,0,0,1
C.ZA.2018.V703_2539_070_RE_E6F6S.ON891083,73,0,0,0,1
C.ZA.2018.V703_0406_240_RE_E11E4S.ON890958,82,0,0,0,-2
C.ZA.2018.V703_0406_240_RE_E12B2S.ON890959,72,0,0,0,-1
C.ZA.2019.V703_0013_090ES.ON890939,75,0,1,0,-2
C.ZA.2019.V703_0993_110_RE_CS.ON891005,76,0,0,0,3
C.ZA.2019.V703_2934_110_RE_CS.ON891090,72,0,0,0,-1
C.ZA.2019.V703_0597_190_RE_E5A1S.ON890981,67,0,0,0,5
C.ZA.2019.V703_0597_190_RE_PBLIB002_S.ON890979,67,0,0,0,5
C.ZA.2019.V703_0597_190_RE_PBLIB003_S.ON890980,67,0,0,0,5
C.ZA.2019.V703_0805_770_RE_E10C9S.ON890995,74,0,0,0,-3
C.ZA.2019.V703_0805_770_RE_E10F8S.ON890996,74,0,0,0,-3
C.ZA.2019.V703_2304_150_RE_CS.ON891080,65,0,0,0,1
C.ZA.2019.V703_1194_150_RE_CS.ON891014,65,0,0,0,1
C.ZA.2019.V703_1194_150_RE_PBLIB002_S.ON891015,65,0,0,0,1
C.ZA.2019.V703_2117_110_RE_E2A10S.ON891077,76,0,0,0,0
C.ZA.2019.V703_1758_260_RE_CS.ON891054,75,0,0,0,2
C.ZA.2019.V703_0455_160_RE_CS.ON890960,91,1,0,0,-2
C.ZA.2019.V703_1764_250_RE_CS.ON891055,71,0,0,0,4
C.ZA.2019.V703_0712_250_RE_PBLIB001_S.ON890988,66,2,0,0,-1
C.ZA.2019.V703_0712_250_RE_PBLIB002_S.ON890989,67,1,0,0,-2
C.ZA.2019.V703_1915_250_RE_SGAA3_S.ON891069,74,0,0,0,1
C.ZA.2019.V703_2018_240_RE_E6A1S.ON891075,70,1,0,0,2
C.ZA.2019.V703_1240_201_RE_PBLIB003_S.ON891017,70,0,0,0,1
C.ZA.2019.V703_1240_201_RE_SGA3D1_S.ON891018,61,0,0,0,-2
C.ZA.2019.V703_1240_201_RE_SGA4F1_S.ON891019,70,0,0,0,0
C.ZA.x.CAP256_SU_K169I.,66,0,0,0,1
C.ZA.x.CAP256_SU_K169Q.,66,0,0,0,1
C.ZA.x.CAP256_SU_K169R.,66,0,0,0,2
C.ZA.x.CAP256_SU_K169T.,66,0,0,0,1
C.ZA.x.CAP256_SU_R166K.,66,0,0,0,2
C.ZM.1996.96ZM651_02.AF286224,81,1,0,0,0
C.ZM.1998.ZM106_9.AY424163,68,0,0,0,1
C.ZM.1998.ZM106_9_DELGLY3_197.,68,0,0,0,1
C.ZM.1998.ZM106_9_DELGLY3_276.,68,0,0,0,1
C.ZM.1998.ZM106_9_DELGLY3_464.,68,0,0,0,1
C.ZM.1998.ZM106_9_DELGLY4.,68,0,0,0,1
C.ZM.1998.ZM135_10A.AY424079,73,0,0,0,-2
C.ZM.1998.ZM55_28A.AY423971,59,1,0,0,0
C.ZM.2000.ZM53_12.AY423984,58,1,0,0,2
C.ZM.2000.ZM109_4.AY424138,63,0,0,0,2
C.ZM.2002.ZM197_7.DQ388515,89,0,0,0,1
C.ZM.2002.ZM215_8.DQ422948,56,0,0,0,1
C.ZM.2002.ZM233_6.DQ388517,60,0,0,0,5
C.ZM.2003.ZM246F.FJ496194,58,0,0,0,2
C.ZM.2003.ZM246F_REV.FJ496194,58,0,0,0,2
C.ZM.2003.ZM214_15.DQ388516,72,0,0,0,-1
C.ZM.2003.ZM249_1.DQ388514,66,0,0,0,1
C.ZM.2003.249M_B10.EU166862,66,0,0,0,1
C.ZM.2003.ZM247_V1.FJ496204,68,0,0,0,2
C.ZM.2007.235080_3G7_REV.JN977604,65,0,0,0,2
C.ZM.2017.V703_1714_080_RE_PBLIB002_S_D459G.,62,0,0,0,1
C.ZM.2017.V703_0217_050E_2A3.ON890949,74,0,0,0,0
C.ZM.2017.V703_0217_050_RE_PBLIB002_S.ON890948,74,0,0,0,0
C.ZM.2017.V703_1714_080C.ON891051,63,0,0,0,-1
C.ZM.2017.V703_1714_080_RE_PBLIB002_S.ON891052,62,0,0,0,1
C.ZM.2017.V703_0520_030ES.ON890972,70,0,0,0,1
C.ZM.2017.V703_1298_080_RE_PBLIB002_S.ON891024,79,0,0,0,0
C.ZM.2017.V703_1104_100_RE10A5S.ON891012,66,0,0,0,0
C.ZM.2017.V703_1104_100_RE10GS.ON891013,66,0,0,0,0
C.ZM.2017.V703_1104_100_RE_PBLIB001_S.ON891011,66,0,0,0,0
C.ZM.2018.V703_0015_110_RE_PBLIB002_S.ON890941,66,0,0,0,-1
C.ZM.2018.V703_0015_110S.ON890940,66,0,0,0,-1
C.ZM.2018.V703_0636_200ES.ON890986,67,0,0,0,1
C.ZM.2018.V703_0842_200ES.ON890997,85,0,0,0,2
C.ZM.2018.V703_0790_190_RE_E5G1S.ON890993,61,0,0,0,4
C.ZM.2018.V703_0790_190_RE_PBLIB002_S.ON890991,61,0,0,0,4
C.ZM.2018.V703_1670_220_RE_CS.ON891045,71,0,0,0,1
C.ZM.2018.V703_0948_170_RE_E4D2S.ON891003,73,0,0,0,3
C.ZM.2018.V703_0458_260_RE_SGA6H5_S.ON890961,70,0,0,0,0
C.ZM.2019.V703_0510_260_RE_PBLIB003_S_P369L.,66,1,0,0,2
C.ZM.2019.V703_1586_210_RE_SGA3E8_S_N279D.,75,0,0,0,0
C.ZM.2019.V703_1689_110_RE_E4E6S.ON891050,67,0,0,0,3
C.ZM.2019.V703_0510_260_RE_PBLIB001_S.ON890964,66,1,0,0,2
C.ZM.2019.V703_0510_260_RE_PBLIB002_S.ON890965,64,0,0,0,2
C.ZM.2019.V703_0510_260_RE_PBLIB003_S.ON890966,66,1,0,0,2
C.ZM.2019.V703_1586_210_RE_PBLIB002_S.ON891043,75,0,0,0,0
C.ZM.2019.V703_1586_210_RE_SGA3E8_S.ON891044,75,0,0,0,0
C.ZM.x.ZM176_66.,70,0,0,0,2
C..x.CON_C.DQ401075,60,0,0,0,2
C..x.CON_C_2010S.,69,1,0,0,2
C..x.CON_C_2010S_RE.,59,0,0,0,2
C..x.SHIV_CH1012_S375Y.,70,0,0,0,1
C..x.SHIV_CH505_S375H.,59,0,0,0,2
CD.KE.x.BK184_W6M_D2.DQ208491,78,0,0,0,-3
CD.KE.x.MK184_W0M_E4.DQ208485,78,0,0,0,-1
CD.KE.x.MK184_W0M_G3.DQ208487,67,1,0,0,-1
CD.TZ.2004.3337_V2_C6.HM215297,59,0,0,0,1
CD.TZ.2004.3817_V2_C59.HM215310,76,0,0,0,3
CD.TZ.2004.6480_V4_C25.HM215329,60,0,0,0,2
CD.TZ.2005.3326_V4_C3.HM215296,64,0,0,0,1
CD.TZ.2005.6811_V5_C20.HM215339,51,0,0,0,1
CD.TZ.2006.6811_V7_C18.HM215340,54,1,0,0,0
CD.TZ.x.401_F1_8_10.HM215313,63,1,0,0,1
CD.TZ.x.89_F1_2_25.HM215349,61,0,0,0,-1
CPZ.CD.2006.SIV_CPZ_BF1167.JQ866001,80,1,0,0,0
CPZ.CM.2001.SIV_CPZ_CAM13.AY169968,79,1,1,0,3
CPZ.CM.2005.SIV_CPZ_DP943_2.EF535993,65,0,0,0,3
CPZ.CM.2005.SIV_CPZ_EK505.DQ373065,68,1,0,0,3
CPZ.CM.2005.SIV_CPZ_LB7.DQ373064,62,0,0,0,2
CPZ.CM.2005.SIV_CPZ_MB66.DQ373063,89,0,0,0,0
CPZ.CM.2005.SIV_CPZ_MB897.EF535994,61,0,0,0,2
CPZ.CM.2005.SIV_CPZ_MT145.DQ373066,63,1,1,0,0
CPZ.CM.2005.SIV_CPZ_LB715.KP861923,97,0,0,0,2
CPZ.GA.1988.SIV_CPZ_GAB1.X52154,67,0,0,0,2
CPZ.GA.1988.SIV_CPZ_GAB2.AF382828,68,0,0,0,0
CPZ.TZ.2000.SIV_CPZ_TAN1.EF394356,76,0,0,0,1
CPZ.TZ.2001.SIV_CPZ_TAN2.DQ374657,85,0,0,0,3
CPZ.TZ.2002.SIV_CPZ_TAN3.DQ374658,96,0,0,0,4
CPZ.TZ.2006.SIV_CPZ_TAN13.JQ768416,87,0,0,0,-1
CPZ.TZ.2009.SIV_CPZ_UG38.JN091690,72,0,0,0,1
CPZ.TZ.x.SIV_CPZ_TAN10.ON959378,73,0,0,0,0
CPZ.US.x.SIV_CPZ_ANT_COT.ON933805,87,0,0,0,6
D.CD.1983.ELI.K03454,70,0,0,0,0
D.CG.2007.P940_2_C3.HM068555,74,0,0,0,-1
D.CH.2001.S32505_230WK_C18.PQ282674,83,1,0,0,-2
D.ES.2007.P1741_A2.HM068556,70,0,0,0,2
D.KE.1993.QA465_59M_A1.FJ866136,67,1,0,0,0
D.KE.1993.QA465_59M_D1.FJ866137,67,1,0,0,0
D.KE.1995.QA013_70I_H1.FJ866134,62,0,0,0,1
D.KE.1995.QA013_70I_M12.FJ866135,62,0,0,0,1
D.KE.1997.QB857_110I_B3.FJ866138,70,0,0,0,1
D.KE.1999.QD435_100M_A4.FJ866139,71,1,0,0,-1
D.KE.1999.QD435_100M_B5.FJ866140,69,1,0,0,-1
D.KE.1999.QD435_100M_E1.FJ866141,71,1,0,0,-1
D.KE.2001.NKU3006_EC1.JQ715411,82,0,0,0,5
D.TZ.2004.6405_V4_C34.HM215327,71,1,0,0,2
D.TZ.2005.3016_V5_C45.HM215283,65,0,0,0,2
D.TZ.2006.3016_V6_C22.HM215284,65,0,0,0,2
D.TZ.2006.3016_V6_C3.HM215285,65,0,0,0,2
D.UG.1992.92UG001.AY669754,72,0,0,0,1
D.UG.1992.92UG005.AY669758,67,0,0,0,-1
D.UG.1992.92UG038.AY669759,68,1,0,0,2
D.UG.1992.92UG046.AY623599,66,0,0,0,1
D.UG.1992.UG021_16.U27399,62,0,0,0,1
D.UG.1992.UG024_2.U43386,70,0,0,0,1
D.UG.1993.93UG065.HM215353,74,0,0,0,0
D.UG.1993.93UG070.AY669756,66,0,0,0,0
D.UG.1993.93UG082.AY669750,69,0,0,0,3
D.UG.1994.94UG114.AY494966,59,0,0,0,0
D.UG.1994.94UG118.AY669751,74,0,0,0,2
D.UG.1998.57128_VRC15.AY736829,79,0,0,0,1
D.UG.1999.A03349M1_VRC4A.HM215356,64,1,0,0,3
D.UG.1999.A07412M1_VRC12.HM215357,73,0,0,0,1
D.UG.1999.A08483M1_VRC9.HM215358,75,0,0,0,3
D.UG.2000.E08364M4_EC3.AY736832,60,0,0,0,1
D.UG.2001.231965_C1.JQ361079,77,0,0,0,1
D.UG.2001.231966_C2.JX512899,75,0,0,0,1
D.UG.2005.190049.JX236668,63,0,0,0,1
D.UG.2006.191821_E6_1.HM215270,61,1,0,0,3
D.UG.2007.191727_D1_12.HM215267,70,0,0,0,2
D.UG.2007.191727_F6.HM215269,74,0,0,0,0
D.UG.2007.9009SA_A4_2.HM215351,68,0,0,0,0
D.UG.2007.191647.JX236670,57,0,0,0,1
D.UG.2007.191882.JX236673,71,0,0,0,1
D.UG.2008.191859.JX236672,72,1,0,0,-1
DO.FR.2008.RBF208.GQ351296,73,0,0,0,1
DU.CM.x.247_23.EU683891,62,0,0,0,0
F1.BR.2017.V704_0496_040SN.ON980826,74,1,0,0,-2
F1.ES.2006.MFU14_2_F7_7.GU332505,78,1,0,0,0
F1.ES.2007.P1655_C8_B5.FJ817371,82,1,0,0,0
F1.ES.2009.X2687_F3.HM068551,68,1,0,0,3
F1.FR.x.GIL.AF321084,84,0,0,0,0
F1.PE.2017.V704_1168_080_RE_P002S.ON980870,57,0,0,0,3
F1.PE.2017.V704_1168_080SN.ON980869,57,0,0,0,3
F1.PE.2017.V704_2315_160SN.ON980927,77,0,0,0,-2
F1.PE.2018.V704_1739_210_RE_P002S_CTOTAT8.ON980902,77,0,0,0,3
F1.PE.2018.V704_1739_220_ESN_816T.ON980904,77,0,0,0,3
F1.PE.2018.V704_1775_030CN_SYNGTOA_567.ON980906,79,0,0,0,4
F1.PE.2018.V704_1328_040_ESN.ON980881,73,0,0,0,1
F1.PE.2018.V704_0892_090ESN_293A.ON980856,69,2,0,0,2
F1.PE.2018.V704_0892_090ESN_293G.ON980855,69,2,0,0,2
F1.PE.2018.V704_0892_090_RE_P002S.ON980857,69,2,0,0,2
F1.PE.2018.V704_0892_090_RE_P003S.ON980858,69,2,0,0,-1
F1.PE.2018.V704_1481_220_EN01G.ON980886,75,0,0,0,2
F1.PE.2018.V704_1481_220_EN02A.ON980887,75,0,0,0,2
F1.PE.2018.V704_1481_220_RE_P002S.ON980888,75,0,0,0,2
F1.PE.2019.V704_0925_110_RE_CS.ON980864,70,0,0,0,1
F1.RU.2004.RUSP816_B3_ST11.GU332506,74,0,0,0,-1
F2.CH.2017.V704_1429_090_EN1A.ON980884,77,0,0,0,-1
F2.CH.2017.V704_1429_090_EN2G.ON980885,77,0,0,0,-1
F2.ES.2008.P2059_B12.GU332509,83,1,0,0,1
G.CH.2010.S32212_164WK_C59.PQ282671,73,1,0,0,-2
G.CH.2011.S10906_109WK_C19.PQ282667,64,0,0,0,2
G.CH.x.NAB13PRE_CL_9.EU023937,71,0,0,0,1
G.ES.2002.P0402_C2_11.EU885759,71,1,0,0,1
G.ES.2002.X1193_C1.EU885761,73,1,0,0,0
G.ES.2003.X1254_C3.EU885762,71,0,0,0,1
G.ES.2004.X1632_S2_B10.FJ817370,71,0,0,0,2
G.ES.2005.X1854_C2_10.EU885763,78,0,0,0,1
G.ES.2005.X2131_C1_B5.FJ817368,74,1,0,0,3
G.ES.2006.X558_8_B12_6.GQ222684,73,0,0,0,0
G.ES.2006.X2088_C9.EU885764,65,0,0,0,1
G.ES.2007.X2160_C25.EU885765,90,1,0,0,-2
G.ES.2008.P1909_C5_6.GU332513,71,0,0,0,-1
G.ES.2008.X2470_F8_12.GQ222685,71,1,0,0,2
G.ES.2008.X2486_G12_3.GQ222687,77,2,0,0,0
G.ES.2008.P1981_C5_3.FJ817369,65,0,0,0,2
G.ES.2008.X2558_A3.GQ862781,75,1,0,0,-1
G.KE.2017.V703_0865_070S.ON890999,87,1,0,0,-1
G.NG.2007.SC13_EC03.PQ203500,67,1,0,0,-1
G.NG.2007.SC13_EC13.PQ203501,66,0,0,0,-1
G.NG.2007.SC13_EC21.PQ203502,67,1,0,0,-1
G.NG.2007.SC13_EC26.PQ203503,69,2,0,0,-1
G.NG.2007.SC21_EC05.PQ203508,78,1,0,0,-1
G.NG.2007.SC21_EC12.PQ203509,78,1,0,0,-1
G.NG.2007.SC21_EC13.PQ203510,78,1,0,0,-1
G.NG.2007.SC21_EC28.PQ203511,78,1,0,0,-1
G.NG.2007.SC21_EC42.PQ203512,78,1,0,0,-1
G.NG.2007.SC62_EC108.PQ203529,68,1,0,0,-1
G.NG.2007.SC62_EC64.PQ203527,68,1,0,0,-1
G.NG.2007.SC62_EC72.PQ203528,68,1,0,0,-1
G.NG.2008.SC20_EC01.PQ203504,63,0,0,0,-1
G.NG.2008.SC20_EC08.PQ203505,63,0,0,0,-1
G.NG.2008.SC20_EC13.PQ203506,63,0,0,0,-1
G.NG.2008.SC20_EC51.PQ203507,62,0,0,0,-1
G.NG.2008.SC26_EC05.PQ203513,69,0,0,0,2
G.NG.2008.SC26_EC08.PQ203514,68,0,0,0,2
G.NG.2008.SC26_EC33.PQ203515,68,0,0,0,2
G.NG.2008.SC26_EC34.PQ203516,68,0,0,0,2
G.NG.2008.SC26_EC40.PQ203517,66,0,0,0,1
G.NG.2008.SC26_EC45.PQ203518,68,0,0,0,2
G.NG.2013.MUW100708A_EC02.PQ203466,69,0,0,0,0
G.NG.2013.MUW100708A_EC03.PQ203467,69,0,0,0,0
G.NG.2013.MUW100708A_EC08.PQ203468,69,0,0,0,0
G.NG.2013.MUW100708A_EC09.PQ203469,74,1,0,0,0
G.NG.2013.MUW100708A_EC11.PQ203470,69,0,0,0,-2
G.NG.2014.MUW101091A_EC01.PQ203471,71,0,0,0,-1
G.NG.2014.MUW101091A_EC02.PQ203472,69,0,0,0,2
G.NG.2014.MUW101091A_EC07.PQ203473,69,0,0,0,2
G.NG.2014.MUW101091A_EC10.PQ203474,69,0,0,0,2
G.NG.2014.MUW101273A_EC02.PQ203475,70,1,0,0,-3
G.NG.2014.MUW101273A_EC03.PQ203476,70,1,0,0,-3
G.NG.2014.MUW101273A_EC04.PQ203477,66,1,0,0,2
G.NG.2014.MUW101273A_EC05.PQ203478,63,0,0,0,1
G.NG.2014.MUW101273A_EC06.PQ203479,70,1,0,0,-3
G.NG.2014.MUW101273A_EC07.PQ203480,70,1,0,0,-3
G.NG.2014.MUW101273A_ECRH.PQ203481,62,1,0,0,-1
G.NG.2014.MUW101769A_EC02.PQ203482,85,1,0,0,2
G.NG.2014.MUW101769A_EC03.PQ203483,85,1,0,0,2
G.NG.2014.MUW101769A_EC04.PQ203484,85,1,0,0,2
G.NG.2014.MUW101769A_EC05.PQ203485,85,1,0,0,2
G.NG.2014.MUW101769A_EC07.PQ203486,88,0,0,0,-2
G.NG.2014.MUW101769A_EC08.PQ203487,73,0,0,0,-1
G.NG.2014.MUW101769A_EC12.PQ203488,85,1,0,0,2
G.NG.2014.MUW104349A_EC02.PQ203489,64,0,0,0,3
G.NG.2014.MUW104349A_EC03.PQ203490,77,0,0,0,0
G.NG.2014.MUW104349A_EC04.PQ203491,62,0,0,0,1
G.NG.2014.MUW104349A_EC05.PQ203492,65,0,0,0,2
G.NG.2014.MUW104349A_ECRH.PQ203493,69,0,0,0,1
G.UG.1992.92UG975_10.U27426,73,0,0,0,1
GOR.CM.2007.SIV_GOR_CP2135.FJ424863,76,0,0,0,0
GOR.CM.2007.SIV_GOR_CP2139.FJ424866,82,0,0,0,2
GOR.CM.2012.SIV_GOR_BPID1.KP004989,77,0,0,0,-1
GOR.CM.2012.SIV_GOR_BQID2.KP004991,87,0,0,0,3
H.US.x.UNC6316_11.HM215438,74,0,0,0,0
MUS-1.CM.x.SIV_MUS1_1085_1_54.MG450752,89,0,0,0,-1
MUS-1.CM.x.SIV_MUS1_1085_4_12.MG450754,86,0,0,0,-1
MUS-3.GA.2011.SIV_MUS3_11GAB.KF304708,83,0,0,0,0
N.CM.1995.YBF30.AJ006022,70,0,0,0,0
N.CM.2002.DJ131.AY532635,72,1,0,0,1
N.FR.2011.N1_FR_2011.JN572926,73,1,0,0,1
O.CM.1994.YBF16.AJ133063,69,0,0,0,0
O.CM.1995.YBF26.AJ133068,69,0,0,0,0
O.CM.1995.YBF37.AJ133067,79,0,0,0,-2
O.CM.1995.YBF38.AJ133070,75,0,0,0,-1
O.CM.1996.YBF32.AJ236417,68,1,0,0,4
O.CM.1996.YBF35.AJ236418,67,0,0,0,-7
O.CM.1996.YBF39.AJ236421,59,0,0,0,0
O.FR.1990.BCF03.AJ133055,60,0,0,0,3
O.FR.1994.BCF02.AJ236391,75,0,0,0,2
O.FR.1998.BCF108.AJ238865,70,0,0,0,1
O.FR.1999.RBF125.GU935991,74,0,0,0,-3
O.FR.2006.RBF206.KY112585,66,1,0,0,1
O.FR.2008.RBF189.GU936016,85,0,0,0,0
P.FR.2009.RBF168.GU111555,74,1,0,0,1
..x.CON_M_SLIEPEN2019.,59,1,0,0,0
..x.CON_S_LIAO2006.,66,1,0,0,0
..x.SHIV_AD8EO.MN816822,65,0,0,0,-3
..x.SHIV_BAL.,73,0,0,0,3
..x.SHIV_DH12_V3AD8.,69,0,0,0,9
..x.SHIV_SF162_P3.,67,0,0,0,0