Name,Length,Glyco(Nx[ST]),NP[ST],NN[ST][ST],Charge
01_AE.CH.2008.S32615_178WK_C33.PQ282675,27,0,0,0,-1
01_AE.CH.x.ZENV32_0111_5.KU600816,28,0,0,0,2
01_AE.CH.x.ZENV92_1008_8.KU600817,31,1,0,0,-1
01_AE.CN.1999.AE01.EU363849,28,0,0,0,-1
01_AE.CN.2005.AE03.EU363851,28,0,0,0,-1
01_AE.CN.2005.CNE62.HM215424,26,0,0,0,-1
01_AE.CN.2006.AE02.EU363850,28,0,0,0,0
01_AE.CN.2006.CNE3.HM215410,29,0,0,0,-2
01_AE.CN.2006.CNE5.HM215415,29,0,0,0,-3
01_AE.CN.2006.CNE59.HM215422,33,0,0,0,-2
01_AE.CN.2006.CNE59_N651K.,33,0,0,0,-2
01_AE.CN.2006.CNE8.HM215427,28,0,0,0,-1
01_AE.CN.2006.YN192_31.GU475046,24,0,0,0,-1
01_AE.CN.2006.HUB199_1.GU475025,26,0,0,0,1
01_AE.CN.2007.BJOX005000_09_2.HM215367,21,0,0,0,0
01_AE.CN.2007.BJOX008000_04_3.HM215371,26,0,0,0,0
01_AE.CN.2007.BJOX009000_02_4.HM215372,26,0,0,0,0
01_AE.CN.2007.BJOX010000_06_2.HM215373,26,0,0,0,0
01_AE.CN.2007.BJOX015000_11_5.HM215377,26,0,0,0,0
01_AE.CN.2007.BJOX017000_07_1.HM215378,30,0,0,0,-4
01_AE.CN.2007.BJOX018000_02_3.HM215379,25,0,0,0,1
01_AE.CN.2007.BJOX021000_03_3.HM215383,28,0,0,0,-1
01_AE.CN.2007.BJOX023000_05_4.HM215385,26,0,0,0,-1
01_AE.CN.2007.BJOX025000_01_1.HM215386,30,0,0,0,-2
01_AE.CN.2007.BJOX025000_05_5.HM215387,30,0,0,0,0
01_AE.CN.2007.BJOX028000_10_3.HM215389,36,0,0,0,-2
01_AE.CN.2007.BJOX028000_34_2.HM215390,36,0,0,0,-4
01_AE.CN.2007.BJOX028000_43_5.HM215391,36,0,0,0,-1
01_AE.CN.2007.BJOX030000_02_5.HM215393,26,0,0,0,0
01_AE.CN.2007.CNE107.HQ699986,27,0,0,0,0
01_AE.CN.2007.CNE26.HQ699955,25,0,0,0,1
01_AE.CN.2007.CNE28.HM215409,25,0,0,0,1
01_AE.CN.2007.CNE55.HM215418,20,0,0,0,1
01_AE.CN.2007.CNE56.HM215419,27,0,0,0,0
01_AE.CN.2007.GX142_2.GU475031,28,0,0,0,-1
01_AE.CN.2007.GX24_8.GU475015,28,1,0,0,0
01_AE.CN.2007.GX25_29.GU475030,28,0,0,0,0
01_AE.CN.2007.GZ187_10.GU475036,20,0,0,0,2
01_AE.CN.2007.GX155_55.GU475043,31,0,0,0,0
01_AE.CN.2007.GX28_31.GU475017,27,0,0,0,-1
01_AE.CN.2007.GX54_6.GU475045,28,0,0,0,-2
01_AE.CN.2007.BJ17A_6.GU475028,24,0,0,0,1
01_AE.CN.2007.BJX4_6.GU475020,26,0,0,0,1
01_AE.CN.2007.GX11_13.GU475042,27,0,0,0,1
01_AE.CN.2007.GX13_7.GU475037,41,0,0,0,-2
01_AE.CN.2007.BJ3_4.GU475040,30,0,0,0,0
01_AE.CN.2007.BJ5_11.GU475024,26,0,0,0,-1
01_AE.CN.2007.GX34_21.GU475022,26,0,0,0,3
01_AE.CN.2007.GX2010_36.GU475026,26,0,0,0,-2
01_AE.CN.2008.BJOX031000_02_2.HM215394,26,0,0,0,-1
01_AE.CN.2008.GX35_33.GU475023,28,0,0,0,-1
01_AE.CN.2008.SH6_81.GU475032,27,0,0,0,0
01_AE.CN.2008.SHX335_24.GU475033,23,0,0,0,-1
01_AE.CN.2008.SHX346_60.GU475034,28,0,0,0,-1
01_AE.CN.2008.BJ6_17.GU475029,20,0,0,0,-1
01_AE.CN.2008.GX68_5.GU475044,26,0,0,0,1
01_AE.CN.2008.GX71_18.GU475016,24,0,0,0,1
01_AE.CN.2008.GX72_27.GU475035,28,1,0,0,1
01_AE.CN.2008.GX73_29.GU475038,28,0,1,0,1
01_AE.CN.2008.GX74_20.GU475021,30,0,0,0,-1
01_AE.CN.2008.GX81_43.GU475014,28,0,0,0,-3
01_AE.CN.2008.GX83_47.GU475027,28,0,0,0,0
01_AE.CN.2008.GX88_47.GU475018,26,0,0,0,0
01_AE.CN.2008.GX8C_31.GU475039,20,0,0,0,1
01_AE.CN.2008.GX90_1.GU475019,28,0,0,0,0
01_AE.CN.2008.GX91_2.GU475013,26,0,0,0,0
01_AE.CN.2009.09GX268_E332N_N334S.,29,0,0,0,-4
01_AE.CN.2009.09GX285_E332N_N334S.,28,0,0,0,-2
01_AE.CN.2009.09GX319_E332N_N334S.,28,0,0,0,-3
01_AE.CN.2009.09GX319_F330H_E332N_N334S.,28,0,0,0,-3
01_AE.CN.2009.09GX332_E332N_N334S.,28,0,0,0,0
01_AE.CN.2009.09GX268.MG655196,29,0,0,0,-4
01_AE.CN.2009.09GX285.MG655197,28,0,0,0,-2
01_AE.CN.2009.09GX286.MG655198,26,0,0,0,-2
01_AE.CN.2009.09GX300.MG655199,25,0,0,0,2
01_AE.CN.2009.09GX310.MG655200,32,0,0,0,-1
01_AE.CN.2009.09GX311.MG655201,28,0,0,0,1
01_AE.CN.2009.09GX319.MG655202,28,0,0,0,-3
01_AE.CN.2009.09GX330.MG655203,30,0,0,0,-2
01_AE.CN.2009.09GX332.MG655204,28,0,0,0,0
01_AE.CN.2015.15JS01_E332N_N334S.,20,0,0,0,1
01_AE.CN.2015.15JS07_E332N_N334S.,26,0,0,0,0
01_AE.CN.2015.15JS47_E169K.,26,0,0,0,-1
01_AE.CN.2015.15JS47_E169K_Q171K.,26,0,0,0,-1
01_AE.CN.2015.15JS47_E332N_N334S.,26,0,0,0,-1
01_AE.CN.2015.15JS47_Q171K.,26,0,0,0,-1
01_AE.CN.2015.15JS48_E332N_N334S.,28,0,0,0,2
01_AE.CN.2015.15JS48_Y330H_E332N_N334S.,28,0,0,0,2
01_AE.CN.2015.15JS65_E332N_N334S.,26,0,0,0,-1
01_AE.CN.2015.15JS65_Q171K.,26,0,0,0,-1
01_AE.CN.2015.15JS76_E332N_N334S.,21,1,0,0,0
01_AE.CN.2015.15JS79_E332N_N334S.,26,0,0,0,-1
01_AE.CN.2015.15JS01.MG655205,20,0,0,0,1
01_AE.CN.2015.15JS06.MG655206,33,0,0,0,1
01_AE.CN.2015.15JS07.MG655207,26,0,0,0,0
01_AE.CN.2015.15JS47.MG655210,26,0,0,0,-1
01_AE.CN.2015.15JS48.MG655211,28,0,0,0,2
01_AE.CN.2015.15JS62.MG655212,26,0,0,0,0
01_AE.CN.2015.15JS65.MG655213,26,0,0,0,-1
01_AE.CN.2015.15JS75.MG655214,27,0,0,0,0
01_AE.CN.2015.15JS76.MG655215,21,1,0,0,0
01_AE.CN.2015.15JS79.MG655216,26,0,0,0,-1
01_AE.CN.2015.15JS102.MG655208,26,0,0,0,-1
01_AE.CN.2015.15JS111.MG655209,26,0,0,0,-1
01_AE.CN.2015.15JS99.MG655218,30,0,0,0,0
01_AE.CN.x.BJMSM2249.,26,0,0,0,0
01_AE.CN.x.BJMSM2316.,36,0,0,0,-1
01_AE.CN.x.BJMSM2498.,22,0,0,0,2
01_AE.CN.x.BJYA10_1_3.MN617373,26,0,0,0,0
01_AE.CN.x.BJYA2_1_1.MN617372,26,0,0,0,-1
01_AE.TH.1990.CM235_2.JN944662,28,0,0,0,2
01_AE.TH.1990.CM244_90TH.AY713425,28,0,0,0,0
01_AE.TH.1990.CM244_EC1.JQ715397,28,0,0,0,0
01_AE.TH.1990.CM244_EC1_H173A_Y177A.,28,0,0,0,0
01_AE.TH.1990.CM246_C1.JN944663,24,0,0,0,0
01_AE.TH.1991.CM235_C11.JQ715395,28,0,0,0,0
01_AE.TH.1992.92TH021.AY669775,28,0,0,0,-2
01_AE.TH.1992.TH023_6.KU562843,28,0,0,0,-2
01_AE.TH.1993.93TH057.AF197338,28,0,0,0,0
01_AE.TH.1993.CMU02.AY669779,28,0,0,0,0
01_AE.TH.1993.TH966_8.U08456,28,0,0,0,-1
01_AE.TH.1993.TH976_17.U08458,26,0,0,0,-1
01_AE.TH.1995.NP03.KC822430,28,0,0,0,0
01_AE.TH.1996.M02138.AY713424,28,0,0,0,1
01_AE.TH.1996.NI1046_EC3.JQ715412,34,0,0,0,-2
01_AE.TH.1998.R1166_C1.JQ352783,32,0,0,0,0
01_AE.TH.1999.C1080_C3.JN944660,29,0,0,0,-1
01_AE.TH.1999.C2101_C1.JN944661,25,0,0,0,1
01_AE.TH.1999.C3347_C11.JX512902,28,0,0,0,-1
01_AE.TH.1999.R3265_C6.JX512903,34,0,0,0,-1
01_AE.TH.2000.C4118_9.JQ352782,22,0,0,0,1
01_AE.TH.2001.R2184_C4.JN944665,32,0,0,0,-2
01_AE.TH.2005.356272_C02.JN944654,27,0,0,0,-4
01_AE.TH.2005.620345_C1.JX512900,32,0,0,0,-2
01_AE.TH.2005.620345_C10.JN944656,32,0,0,0,-2
01_AE.TH.2005.703357_C2.JN944658,24,0,0,0,-2
01_AE.TH.2005.816769_AA107A_WG8.JX448026,28,0,0,0,-2
01_AE.TH.2006.427299_C12.JN944655,32,0,0,0,-3
01_AE.TH.2006.644039_C01B.JN944657,28,0,0,0,-1
01_AE.TH.2006.816763_C02.JN944659,31,0,0,0,-1
01_AE.TH.2006.434239_AA058_A04R.JX447346,28,0,0,0,-2
01_AE.TH.2006.731027_AA104A_RH5.JX447986,22,0,0,0,-1
01_AE.TH.2009.40061_V03_04B.KY580544,30,0,0,0,0
01_AE.TH.2009.40061_V03_08.KY580548,30,0,0,0,0
01_AE.TH.2009.254001_P00RA_1.JX512892,32,0,0,0,0
01_AE.TH.2009.254004_P00RC_2.KT185994,26,1,0,0,-1
01_AE.TH.2009.254006_P00RA_1.JX512894,23,0,0,0,-2
01_AE.TH.2010.40100_V01_09.KY580588,28,0,0,0,1
01_AE.TH.2010.40100_V01_MN01.MF622080,28,0,0,0,2
01_AE.TH.2011.40363_V03_02.MN792426,38,0,0,0,0
01_AE.TH.2011.40512V02_03_RV217.MK116905,33,0,0,0,-1
01_AE.TH.2011.40436V09_03.KY580696,26,0,0,0,2
01_AE.TH.2013.40700V03_06.OM826774,32,0,0,0,1
01_AE.TH.x.KSS_0514_13.HM215429,23,0,0,0,0
01_AE.TH.x.PSR_0508_2.HM215432,26,0,0,0,1
01_AE.TH.x.SPK_0525_13.HM215436,25,0,0,0,1
01_AE..x.CON_01_AE_2010S.,29,0,0,0,-1
01_AE..x.CON_01_AE_2010S_RE1.,30,0,0,0,1
01_AE..x.CON_01_AE_2010S_RE2.,30,0,0,0,1
01_AE..x.P08.,25,0,0,0,2
02A1.CM.2004.242_14.EU513188,33,0,0,0,-2
02A1.CM.2004.269_12.EU513194,26,1,0,0,0
02A1.CM.2004.T257_31.EU513185,36,0,0,0,-1
02A1.CM.2005.T280_5.EU513183,34,0,0,0,-1
02A1.SN.1999.2843_P5_1.HM215282,35,0,1,0,-1
02_AG.BE.1993.VI1090.HQ912710,30,0,0,0,-1
02_AG.BE.1993.VI1090_N276D.,30,0,0,0,-1
02_AG.CH.2011.S50725_295WK_C60.PQ282694,37,0,0,0,-3
02_AG.CI.1999.928_28.EU513199,35,0,0,0,0
02_AG.CI.1999.928_28_L669S.,35,0,0,0,0
02_AG.CI.1999.928_28_Y681H.,35,0,0,0,0
02_AG.CM.2004.211_9.EU513187,32,2,0,0,-3
02_AG.CM.2004.235_47.EU513195,29,0,0,0,0
02_AG.CM.2004.263_8.EU513182,37,1,0,0,-2
02_AG.CM.2004.T250_4.PV576767,36,0,0,0,-2
02_AG.CM.2004.T251_18.EU513196,32,0,0,0,-1
02_AG.CM.2004.T253_11.EU513191,36,0,0,0,-2
02_AG.CM.2004.T253_11_L669S.,36,0,0,0,-2
02_AG.CM.2004.T253_11_Y681H.,36,0,0,0,-2
02_AG.CM.2004.T255_34.EU513184,36,0,0,0,-2
02_AG.CM.2005.T278_50.EU513198,40,0,0,0,1
02_AG.FR.1991.DJ263_8.EU855130,35,0,0,0,-2
02_AG.FR.1997.FR_1997_51.MH742769,36,0,0,0,-1
02_AG.FR.1999.FR_1999_46.MH742764,36,1,0,0,-2
02_AG.FR.2000.FR_2000_45.MH742763,28,0,0,0,-2
02_AG.FR.2001.FR_2001_48.MH742766,26,0,0,0,-3
02_AG.FR.2001.FR_2001_49.MH742767,38,0,0,0,-3
02_AG.FR.2001.FR_2001_47.MH742765,36,2,0,0,-1
02_AG.FR.2001.FR_2001_56.MH742771,35,1,0,0,-2
02_AG.FR.2001.FR_2001_54.MH742770,33,0,0,0,-4
02_AG.FR.2001.FR_2001_50.MH742768,32,0,0,0,-1
02_AG.FR.2002.FR_2002_41.MH742762,21,0,0,0,-1
02_AG.FR.2008.FR_2008_66.MH742773,31,0,0,0,-3
02_AG.FR.2008.FR_2008_67.MH742774,33,0,0,0,-3
02_AG.FR.2009.FR_2009_71.MH742775,34,0,0,0,-2
02_AG.FR.2009.FR_2009_73.MH742776,33,0,0,0,-1
02_AG.FR.2009.FR_2009_64.MH742772,32,0,0,0,-1
02_AG.FR.2009.FR_2009_77.MH742779,32,0,0,0,-3
02_AG.FR.2009.FR_2009_76.MH742778,33,0,0,0,-1
02_AG.FR.2010.FR_2010_74.MH742777,28,0,0,0,0
02_AG.FR.2011.FR_2011_167.MH742751,28,0,0,0,1
02_AG.FR.2012.FR_2012_181.MH742761,29,1,0,0,0
02_AG.FR.2012.FR_2012_172.MH742754,31,1,0,0,-1
02_AG.FR.2012.FR_2012_178.MH742758,34,1,0,0,-3
02_AG.FR.2012.FR_2012_168.MH742752,35,0,0,0,-1
02_AG.FR.2012.FR_2012_173.MH742755,32,1,0,0,-1
02_AG.FR.2012.FR_2012_164.MH742749,29,0,0,0,1
02_AG.FR.2012.FR_2012_177.MH742757,29,0,0,0,-2
02_AG.FR.2012.FR_2012_180.MH742760,31,0,0,0,0
02_AG.FR.2012.FR_2012_161.MH742747,29,0,0,0,-2
02_AG.FR.2012.FR_2012_162.MH742748,34,0,0,0,-1
02_AG.FR.2012.FR_2012_179.MH742759,31,0,0,0,0
02_AG.FR.2012.FR_2012_171.MH742753,32,0,0,0,-2
02_AG.FR.2012.FR_2012_176.MH742756,29,0,0,0,-1
02_AG.FR.2012.FR_2012_166.MH742750,36,0,0,0,-5
02_AG.FR.x.KON.AF321079,30,0,0,0,0
02_AG.NG.2006.SC12_EC10.PQ203499,28,0,0,0,-2
02_AG.NG.2006.SC12_EC4.PQ203494,28,0,0,0,-2
02_AG.NG.2006.SC12_EC5.PQ203495,28,0,0,0,-2
02_AG.NG.2006.SC12_EC6.PQ203496,28,0,0,0,-2
02_AG.NG.2006.SC12_EC8.PQ203497,28,0,0,0,-2
02_AG.NG.2006.SC12_EC9.PQ203498,28,0,0,0,-2
02_AG.NG.2008.SC28_EC1.PQ203519,32,0,0,0,-3
02_AG.NG.2008.SC28_EC10.PQ203522,32,0,0,0,-3
02_AG.NG.2008.SC28_EC4.PQ203520,32,0,0,0,-3
02_AG.NG.2008.SC28_EC7.PQ203521,32,0,0,0,-3
02_AG.NG.2008.SC30_EC11.PQ203526,31,0,0,0,0
02_AG.NG.2008.SC30_EC9.PQ203525,31,0,0,0,0
02_AG.NG.2009.SC29_EC1.PQ203523,34,0,0,0,-3
02_AG.NG.2009.SC29_EC2.PQ203524,34,0,0,0,-3
02_AG.NG.2015.126652V01_EC3.PQ203462,31,0,0,0,-4
02_AG.NG.2015.126652V01_EC4.PQ203463,31,0,0,0,-4
02_AG.NG.2015.126652V01_EC5.PQ203464,31,0,0,0,-4
02_AG.NG.2015.126652V01_EC6.PQ203465,31,0,0,0,-5
02_AG.SN.1999.1105_P17_1.HM215264,31,0,0,0,0
02_AG.SN.1999.3169_P4.HM215290,30,0,0,0,0
02_AG.SN.1999.3226_P15.HM215291,30,1,0,0,-1
02_AG.SN.1999.3273_P21_1.HM215293,32,1,0,0,-1
02_AG.SN.2000.2705_P18_1.HM215281,33,0,0,0,-1
02_AG.SN.2001.3233_P12.HM215292,30,0,0,0,0
02_AG..x.MGRM_AG_002.MF510462,30,0,0,0,-3
02C.ZA.2019.V703_1255_260_RE_PBLIB003_S.ON891021,29,0,0,0,-2
06_cpx.CH.2001.S30743_346WK_C88.PQ282678,28,0,0,0,-4
06_cpx.SN.1999.1656_P21.HM215265,21,0,0,0,0
0708.CN.x.SC11_59.HQ326127,28,0,0,0,0
07_BC.CN.1998.98CN009.AY669747,28,0,0,0,2
07_BC.CN.2003.BC14.EU363844,32,0,0,0,-1
07_BC.CN.2004.CH038_12.EF042692,33,0,0,0,0
07_BC.CN.2004.CH064_20.EF117254,29,0,0,0,1
07_BC.CN.2004.CH070_1.EF117255,30,0,0,0,0
07_BC.CN.2004.CH091_9.EF117256,32,0,0,0,-1
07_BC.CN.2004.CH110_2.EF117257,34,0,0,0,1
07_BC.CN.2004.CH111_8.EF117258,30,0,0,0,0
07_BC.CN.2004.CH114_8.EF117264,28,0,0,0,1
07_BC.CN.2004.CH115_12.EF117263,30,0,0,0,-1
07_BC.CN.2004.CH117_4.EF117262,33,0,0,0,0
07_BC.CN.2004.CH119_10.EF117261,32,0,0,0,0
07_BC.CN.2004.CH120_6.EF117260,29,0,0,0,-1
07_BC.CN.2004.CH181_12.EF117259,31,0,0,0,1
07_BC.CN.2005.BC07.EU363837,28,0,0,0,0
07_BC.CN.2005.BC10.EU363840,30,0,0,0,2
07_BC.CN.2005.BC18.EU363848,30,0,0,0,-2
07_BC.CN.2007.BJOX002000_03_2.HM215364,30,0,0,0,0
07_BC.CN.2007.BJOX011000_01_3.HM215375,30,0,0,0,-1
07_BC.CN.2007.BJOX019000_02_1.HM215380,30,0,0,0,-1
07_BC.CN.2007.BJOX027000_02_1.HM215388,30,0,0,0,1
07_BC.CN.2007.BJOX029000_03_1.HM215392,30,0,0,0,-1
07_BC.CN.2007.CNE19.HM215405,28,0,0,0,0
07_BC.CN.2007.CNE20.HM215406,28,0,0,0,-1
07_BC.CN.2007.CNE21.HM215407,29,0,0,0,2
07_BC.CN.2007.CNE40.HM215414,32,0,0,0,-1
07_BC.CN.2007.CNE68.HQ699982,28,0,0,0,0
07_BC.CN.2018.SHIV_CNE40.MK558968,32,0,0,0,-1
07_BC.CN.2018.SHIV_CNE40_JB98_W29_1.MK558996,32,0,0,0,-2
07_BC.CN.2018.SHIV_CNE40_JB98_W29_10.MK558997,32,0,0,0,-2
07_BC.CN.2018.SHIV_CNE40_JB98_W29_16.MK558991,32,0,0,0,-2
07_BC.CN.2018.SHIV_CNE40_JB98_W29_17.MK558994,32,0,0,0,-2
07_BC.CN.2018.SHIV_CNE40_JB98_W29_2.MK559002,32,0,0,0,-2
07_BC.CN.2018.SHIV_CNE40_JB98_W29_21.MK558995,32,0,0,0,-2
07_BC.CN.2018.SHIV_CNE40_JB98_W29_25.MK559001,32,0,0,0,-2
07_BC.CN.2018.SHIV_CNE40_JB98_W29_27.MK558992,32,0,0,0,-2
07_BC.CN.2018.SHIV_CNE40_JB98_W29_28.MK558998,32,0,0,0,-2
07_BC.CN.2018.SHIV_CNE40_JB98_W29_3.MK559000,32,0,0,0,-2
07_BC.CN.2018.SHIV_CNE40_JB98_W29_6.MK558993,32,0,0,0,-2
07_BC.CN.2018.SHIV_CNE40_JD14_W29_1.MK559015,32,0,0,0,-2
07_BC.CN.2018.SHIV_CNE40_JD14_W29_11.MK559016,32,0,0,0,-2
07_BC.CN.2018.SHIV_CNE40_JD14_W29_12.MK559008,32,0,0,0,-2
07_BC.CN.2018.SHIV_CNE40_JD14_W29_14.MK559010,32,0,0,0,-2
07_BC.CN.2018.SHIV_CNE40_JD14_W29_16.MK559009,32,0,0,0,-2
07_BC.CN.2018.SHIV_CNE40_JD14_W29_17.MK559017,32,0,0,0,-2
07_BC.CN.2018.SHIV_CNE40_JD14_W29_19.MK559004,32,0,0,0,-2
07_BC.CN.2018.SHIV_CNE40_JD14_W29_2.MK559014,32,0,0,0,-2
07_BC.CN.2018.SHIV_CNE40_JD14_W29_20.MK559005,32,0,0,0,-2
07_BC.CN.2018.SHIV_CNE40_JD14_W29_3.MK559006,32,0,0,0,-2
07_BC.CN.2018.SHIV_CNE40_JD14_W29_4.MK559007,32,0,0,0,-2
07_BC.CN.2018.SHIV_CNE40_JD14_W29_5.MK559013,32,0,0,0,-2
07_BC.CN.2018.SHIV_CNE40_JD14_W29_7.MK559012,32,0,0,0,-2
07_BC.CN.2018.SHIV_CNE40_JD14_W29_8.MK559011,32,0,0,0,-2
07_BC.CN.x.BC02.EU363832,28,1,0,0,1
07_BC.CN.x.BC12.EU363842,26,0,0,0,-3
07_BC.CN.x.BC16.EU363846,31,0,0,0,1
07_BC.CN.x.BJ22_5.HQ326125,30,0,0,0,0
07_BC.CN.x.BJ24_3.HQ326126,30,0,0,0,-1
07_BC.CN.x.BJ28_13.MN617362,30,0,0,0,0
07_BC.CN.x.FE.,24,0,0,0,-2
07_BC.CN.x.FE_N133Q.,24,0,0,0,-2
07_BC.CN.x.FE_N142Q.,24,0,0,0,-2
07_BC.CN.x.FE_N197D.,24,0,0,0,-2
07_BC.CN.x.FE_N289D.,24,0,0,0,-2
07_BC.CN.x.FE_N301Q.,24,0,0,0,-2
07_BC.CN.x.FE_N339Q.,24,0,0,0,-2
07_BC.CN.x.FE_N355Q.,24,0,0,0,-2
07_BC.CN.x.FE_N392Q.,24,0,0,0,-2
07_BC.CN.x.FE_N408Q.,24,0,0,0,-2
07_BC.CN.x.FE_N411Q.,24,0,0,0,-2
07_BC.CN.x.FE_N442Q.,24,0,0,0,-2
07_BC.CN.x.FE_N448Q.,24,0,0,0,-2
07_BC.CN.x.FE_N463Q.,24,0,0,0,-2
07_BC.CN.x.FE_N466Q.,24,0,0,0,-2
07_BC.CN.x.FE_N611Q.,24,0,0,0,-2
07_BC.CN.x.FE_N625Q.,24,0,0,0,-2
07_BC.CN.x.FE_N637Q.,24,0,0,0,-2
07_BC.CN.x.FE_N88D.,24,0,0,0,-2
07_BC.CN.x.GX33M_25.HQ326141,30,0,0,0,-2
07_BC.CN.x.GX45_57.HQ326143,30,0,0,0,0
07_BC.CN.x.GX79_7.HQ326145,38,0,0,0,-2
07_BC.CN.x.GX84_59.HQ326146,28,0,0,0,1
07_BC.CN.x.GX93_8.MN617364,24,0,0,0,-1
07_BC.CN.x.GZ30_6.MN617392,30,0,0,0,-1
07_BC.CN.x.GZ36_5.MN617393,30,0,0,0,0
07_BC.CN.x.GZ38_2.MN617394,30,0,0,0,-3
07_BC.CN.x.HB5_3.HQ326124,34,0,0,0,1
07_BC.CN.x.SC14_49.MN617370,30,0,0,0,0
07_BC.CN.x.SC17_32.HQ326128,30,0,0,0,0
07_BC.CN.x.SC18_26.MN617371,26,1,0,0,2
07_BC.CN.x.SC19_15.HQ326129,28,0,0,0,1
07_BC.CN.x.SC20_15.HQ326130,28,0,0,0,-2
07_BC.CN.x.SC21_28.HQ326131,28,0,0,0,0
07_BC.CN.x.SC22_16.HQ326132,28,0,0,0,-1
07_BC.CN.x.SC24_40.HM991498,26,0,0,0,-2
07_BC.CN.x.XJ16_6.HQ326133,40,0,0,0,-2
07_BC.CN.x.XJ179_47.MN617368,34,1,0,0,-1
07_BC.CN.x.XJ180_16.MN617369,30,1,0,0,-1
07_BC.CN.x.XJ180_29.HQ326136,34,1,0,0,-1
07_BC.CN.x.XJ47_5.HQ326134,32,0,0,0,-2
07_BC.CN.x.XJ50_6.HQ326135,30,0,0,0,1
07_BC.CN.x.YN108R_4.HQ326138,28,0,0,0,1
07_BC.CN.x.YN112R_8.MN617365,32,0,0,0,1
07_BC.CN.x.YN148R_9.HQ326139,31,0,0,0,0
07_BC.CN.x.YN99R_5.HQ326137,32,1,0,0,1
08_BC.CN.1998.98CN006.AY669745,33,0,0,0,0
08_BC.CN.2005.BC06.EU363836,30,1,0,0,-1
08_BC.CN.2005.BC11.EU363841,25,0,0,0,-2
08_BC.CN.2006.BC01.EU363831,33,0,0,0,0
08_BC.CN.2006.BC17.EU363847,30,0,0,0,0
08_BC.CN.2007.CNE23.HM215408,38,0,0,0,0
08_BC.CN.2007.CNE30.HM215411,39,0,0,0,-1
08_BC.CN.2007.CNE31.HM215412,33,0,0,0,1
08_BC.CN.2007.CNE46.HQ699971,31,0,0,0,1
08_BC.CN.2007.CNE47.HQ699972,32,0,0,0,1
08_BC.CN.2007.CNE48.HQ699973,32,0,0,0,1
08_BC.CN.2007.CNE49.HQ699974,30,0,0,0,0
08_BC.CN.2007.CNE52.HM215416,30,0,0,0,0
08_BC.CN.2007.CNE53.HM215417,35,0,0,0,0
08_BC.CN.x.GX43_2.HQ326142,29,0,0,0,-1
08_BC.CN.x.GX75_20.HQ326144,31,0,0,0,0
08_BC.CN.x.SC12_10.MN617366,26,0,0,0,-2
08_BC.CN.x.YN177_1.HQ326140,28,0,0,0,2
08_BC.CN.x.YN189_52.MN617363,25,0,0,0,-2
08_BC.CN.x.YN6_23.MN617367,26,0,0,0,1
12_BF.ES.2009.P2355_E4_2.GU332507,25,0,0,0,0
13U.CM.2004.258.EU513192,30,0,0,0,-3
14_BG.ES.2007.X2252_C7.EU885766,33,0,0,0,-1
21_A2D.KE.2004.QG393_60M_A1.FJ866128,31,0,0,0,-3
21_A2D.KE.2004.QG393_60M_B7.FJ866129,31,0,0,0,-3
21_A2D.KE.2004.QG393_60M_B8.FJ866130,31,0,0,0,-3
41_CD.TZ.2003.6650_V1_C8.HM215337,34,1,0,0,-2
41_CD.TZ.2003.6952_V1_C20.HM215343,34,1,0,0,1
44_BF1.CL.2001.CH12_C2_6.HM068553,27,0,0,0,-2
A1.BE.x.VLGC_A1.AY669698,35,0,0,0,-1
A1.CH.1998.S51928_278WK_C26.PQ282682,31,0,0,0,-1
A1.CH.2010.S30440_173WK_C66.PQ282676,36,0,0,0,-1
A1.CH.2012.S11456_244WK_C77.PQ282666,33,0,0,0,0
A1.IN.2019.TSG_EHI6.OZ241572,32,0,0,0,-2
A1.IN.2020.TSG_EHI26.OZ241565,35,0,0,0,-2
A1.KE.1993.BG505_DELTA_CT_T332N.,33,0,0,0,-1
A1.KE.1993.BG505_W6M_A5.DQ208456,33,0,0,0,-1
A1.KE.1993.BG505_W6M_A5_T332N.,33,0,0,0,-1
A1.KE.1993.BG505_W6M_B1.DQ208457,33,0,0,0,-1
A1.KE.1993.BG505_W6M_C2.DQ208458,33,0,0,0,-1
A1.KE.1993.BG505_W6M_C2_A512W.,33,0,0,0,-1
A1.KE.1993.BG505_W6M_C2_DELGLY3_197.,33,0,0,0,-1
A1.KE.1993.BG505_W6M_C2_DELGLY3_276.,33,0,0,0,-1
A1.KE.1993.BG505_W6M_C2_DELGLY3_363.,33,0,0,0,-1
A1.KE.1993.BG505_W6M_C2_DELGLY3_462.,33,0,0,0,-1
A1.KE.1993.BG505_W6M_C2_DELGLY4.,33,0,0,0,-1
A1.KE.1993.BG505_W6M_C2_FP_V2.,33,0,0,0,-1
A1.KE.1993.BG505_W6M_C2_FP_V3.,33,0,0,0,-1
A1.KE.1993.BG505_W6M_C2_G521E.,33,0,0,0,-1
A1.KE.1993.BG505_W6M_C2_I515L.,33,0,0,0,-1
A1.KE.1993.BG505_W6M_C2_N301A.,33,0,0,0,-1
A1.KE.1993.BG505_W6M_C2_N611Q.,33,0,0,0,-1
A1.KE.1993.BG505_W6M_C2_N611Q_FP_V2.,33,0,0,0,-1
A1.KE.1993.BG505_W6M_C2_N611Q_FP_V3.,33,0,0,0,-1
A1.KE.1993.BG505_W6M_C2_S241N.,33,0,0,0,-1
A1.KE.1993.BG505_W6M_C2_T332N.,33,0,0,0,-1
A1.KE.1993.BG505_W6M_C2_Y173A_Y177A.,33,0,0,0,-1
A1.KE.1994.Q842_D12.AF407160,30,0,0,0,-1
A1.KE.1994.Q842_D14.AF407161,30,0,0,0,-1
A1.KE.1994.Q842_D16.AF407162,30,0,0,0,-1
A1.KE.1994.Q23_17.AF004885,34,0,0,0,-4
A1.KE.1994.Q23_17_N332A.,34,0,0,0,-4
A1.KE.1994.Q259_17.AF407152,29,0,0,0,-3
A1.KE.1994.Q259_D2_26.AF407153,34,0,0,0,-1
A1.KE.1994.Q259_W6.AF407151,29,0,0,0,1
A1.KE.1994.BF520_W14_E3.KX168096,30,0,0,0,-2
A1.KE.1995.Q461_C2.AF407154,35,0,0,0,1
A1.KE.1995.Q461_D1_PNS0D.AF407155,35,0,0,0,1
A1.KE.1995.Q461_E2.AF407156,35,0,0,0,1
A1.KE.1996.Q769_B9_PNS79D.AF407157,30,0,0,0,-2
A1.KE.1996.Q769_D22.AF407158,30,0,0,0,-2
A1.KE.1996.Q769_H5.AF407159,33,0,0,0,-1
A1.KE.1996.QB726_70M_B3.FJ866111,36,0,0,0,0
A1.KE.1996.QB726_70M_C4.FJ866112,36,0,0,0,0
A1.KE.1997.QA255_21P_A15.MW383929,35,0,0,0,-2
A1.KE.1997.QA255_21P_A17.MW383930,35,0,0,0,-2
A1.KE.2000.KER2008_12.AY736809,33,0,0,0,-3
A1.KE.2000.KER2018_11.AY736810,32,0,0,0,-4
A1.KE.2000.KNH1144.AF457066,31,0,0,0,-2
A1.KE.2000.KNH1209_18.AY736813,32,0,0,0,-2
A1.KE.2004.QG984_21M_A3.FJ866117,36,0,0,0,-2
A1.KE.2005.851891_4_15.KT022376,32,0,0,0,-4
A1.KE.2005.QF495_23M_A1.FJ866113,37,1,0,0,-1
A1.KE.2005.QF495_23M_A3.FJ866114,37,1,0,0,-1
A1.KE.2005.QF495_23M_B2.FJ866115,37,1,0,0,-1
A1.KE.2005.QF495_23M_D1.FJ866116,37,1,0,0,-1
A1.KE.2005.QH343_21M_A10.FJ866119,32,0,0,0,-4
A1.KE.2005.QH343_21M_B5.FJ866120,32,0,0,0,-4
A1.KE.2005.QH359_21M_C1.FJ866121,36,1,0,0,-1
A1.KE.2005.QH359_21M_D1.FJ866122,35,0,0,0,0
A1.KE.2005.QH209_14M_A2.FJ866118,29,0,0,0,-1
A1.KE.2007.21020_13.HM215275,28,0,0,0,-1
A1.KE.x.BB201_B42.DQ187171,34,0,0,0,-3
A1.KE.x.BB539_2B13.DQ187240,35,0,0,0,-3
A1.KE.x.BI206_W6P_A1.DQ208465,33,0,0,0,-2
A1.KE.x.BI369_9A.DQ187019,36,0,0,0,-4
A1.KE.x.BJ613_E1.DQ208448,34,0,0,0,-2
A1.KE.x.MB201_A1.DQ187026,34,0,0,0,-2
A1.KE.x.MB539_2B7.DQ187082,34,1,0,0,-1
A1.KE.x.MG505_W0_E1.DQ208453,33,0,0,0,-1
A1.KE.x.MG505_W0M_A2.DQ208449,33,0,0,0,-1
A1.KE.x.MG505_W0M_C2.DQ208451,33,0,0,0,-2
A1.KE.x.MG505_W0M_H3.DQ208455,33,0,0,0,-2
A1.KE.x.MI206_W0M_B1.DQ208460,33,0,0,0,-2
A1.KE.x.MI206_W0M_D1.DQ208462,33,0,0,0,-2
A1.KE.x.MI369_A5.DQ187018,36,0,0,0,-4
A1.KE.x.MJ613_W1M_A2.DQ208444,33,0,0,0,-2
A1.KE.x.MJ613_W1M_B1.DQ208445,32,0,0,0,-1
A1.KE.x.MJ613_W1M_C7.DQ208446,32,0,0,0,-1
A1.RW.1992.92RW008.AY669703,32,0,0,0,-3
A1.RW.1992.92RW020_2.EU855131,31,1,0,0,-3
A1.RW.1992.92RW020_2_T303A.,31,1,0,0,-3
A1.RW.1992.92RW020_5.U08794,31,1,0,0,-3
A1.RW.1993.93RW029.AY669697,24,1,0,0,-2
A1.RW.2007.R18553.HM215434,37,0,0,0,-2
A1.RW.2007.R880F.JX236678,30,0,0,0,-2
A1.TZ.2002.783_V0_C51.HM215347,32,0,0,0,-1
A1.TZ.2003.3415_V1_C1.HM215299,33,0,0,0,-1
A1.TZ.2003.783_V1_C21.HM215348,32,0,0,0,-1
A1.TZ.2004.3365_V2_C20.HM215298,32,0,0,0,1
A1.TZ.2004.3718_3_11.HM215306,33,0,0,0,-2
A1.TZ.2005.0260_V5_C1.HM215255,32,0,0,0,-1
A1.TZ.2005.0260_V5_C36.HM215256,32,0,0,0,-1
A1.TZ.2005.0330_V4_C3.HM215257,29,0,0,0,-1
A1.TZ.2005.0439_V5_C1.HM215258,32,0,0,0,-2
A1.TZ.2006.6592_V7_C25.HM215334,32,0,0,0,-3
A1.TZ.2008.CH0219_E4.HM204621,32,0,0,0,-2
A1.TZ.x.398_F1_F6_20.HM215312,31,0,0,0,-2
A1.UG.1992.92UG031.AY669701,33,0,0,0,-2
A1.UG.1992.UG037_8.U09127,29,0,0,0,0
A1.UG.1992.UG037_8_K651N.,29,0,0,0,0
A1.UG.1993.93UG077.AY669704,29,0,0,0,-1
A1.UG.1994.94UG103.AY669705,34,0,0,0,-2
A1.UG.2007.191084_B7_19.HM215266,31,0,0,0,0
A1.UG.2007.191845_B11.HM215271,35,0,0,0,2
A1.UG.2007.191955_A11.HM215272,37,0,0,0,-4
A1.UG.2007.9004SS_A3_4.HM215350,29,0,0,0,-1
A1.ZA.2004.CT533_T23B_36.JN681235,31,0,0,0,-3
A1..x.SHIV_BG505_T332N_S375Y.,33,0,0,0,-1
A1A3.CH.2009.S32224_174WK_C33.PQ282672,39,0,0,0,-1
A1C.IN.2006.3_J16.EU908217,33,0,0,0,-2
A1C.IN.2007.3_3_J9.GU945313,33,0,0,0,-2
A1C.IN.2007.3_5_J25.GU945314,33,0,0,0,-2
A1C.IN.2007.3_5_J38.GU945315,33,0,0,0,-2
A1C.IN.2021.TSG21N01N025.OZ241688,32,0,0,0,1
A1C.IN.2022.TSG22Y03A0015_B15.OZ241506,33,0,0,0,-2
A1C.KE.1994.94KE105.AY669768,35,0,0,0,-2
A1C.KE.2007.21023_B4.HM215276,31,0,0,0,0
A1C.RW.1992.92RW009.AY669700,31,0,0,0,1
A1C.RW.1992.92RW009_N276D.,31,0,0,0,1
A1C.RW.1992.92RW026.AY669702,37,0,0,0,-1
A1C.TZ.2000.246_F3_C10_2.HM215279,28,0,0,0,-2
A1C.TZ.2003.3589_V1_C4.HM215304,31,0,0,0,-3
A1C.TZ.2004.6041_V3_C23.HM215321,31,0,0,0,-1
A1C.TZ.2004.6540_V4_C1.HM215330,31,0,0,0,-2
A1C.TZ.2004.6545_V3_C13.HM215331,31,0,0,0,-2
A1C.TZ.2005.0735_V4_C1.HM215259,33,0,0,0,-1
A1C.TZ.2005.6545_V4_C1.HM215332,31,0,0,0,-2
A1C.TZ.2006.3812_V6_C05.HM215309,27,0,0,0,-4
A1C.TZ.x.216_F2_E3_5.HM215277,37,1,0,0,-5
A1C.TZ.x.477_F3_13_55.HM215315,30,1,0,0,-2
A1C.ZA.2018.V703_0109_210S.ON890942,33,0,0,0,-3
A1CD.KE.x.BJ412_W6M_S3.DQ208443,32,0,0,0,0
A1CD.KE.x.MJ412_W0M_C1.DQ208436,32,0,0,0,1
A1CD.KE.x.MJ412_W0M_F2.DQ208439,32,0,0,0,0
A1CD.RW.1992.92RW024.AY669699,32,0,0,0,-3
A1CD.TZ.2004.3103_V3_C10.HM215288,28,0,0,0,1
A1CD.UG.2006.270015_J5_1.HM215280,31,1,0,0,1
A1CD.US.2017.V704_0662_190SN.ON980841,35,0,0,0,-2
A1D.CH.2008.S5206G5_581WK_C51.PQ282686,36,2,0,0,-1
A1D.KE.1995.Q168_A2.AF407148,27,0,0,0,-3
A1D.KE.1995.Q168_B23.AF407149,27,0,0,0,-3
A1D.KE.1996.QA790_204I_A4.FJ866124,33,0,0,0,-4
A1D.KE.1996.QA790_204I_C1.FJ866125,33,0,0,0,-3
A1D.KE.1996.QA790_204I_C8.FJ866126,33,0,0,0,-3
A1D.KE.1996.QA790_204I_E2.FJ866127,33,0,0,0,-3
A1D.KE.x.BF535_A1.DQ208431,32,0,0,0,0
A1D.KE.x.BL035_W6M_A1.DQ208478,32,1,0,0,-4
A1D.KE.x.BL035_W6M_C1.DQ208480,32,1,0,0,-2
A1D.KE.x.BL274_W6M_A3.DQ208499,36,0,0,0,-1
A1D.KE.x.BS208_B1.KX364401,26,0,0,0,-2
A1D.KE.x.MF535_W0M_B1.DQ208425,32,0,0,0,-2
A1D.KE.x.MF535_W0M_E2.DQ208428,32,0,0,0,0
A1D.KE.x.ML035_W0M_I2.DQ208475,32,1,0,0,-2
A1D.KE.x.ML274_W0M_A1.DQ208492,36,0,0,0,-1
A1D.KE.x.ML274_W0M_B1.DQ208493,36,0,0,0,-2
A1D.KE.x.ML274_W0M_F1.DQ208497,36,0,0,0,-1
A1D.KE.x.MS208_A1.DQ187010,26,0,0,0,-2
A1D.KE.x.MS208_A3.,26,0,0,0,-2
A1D.TZ.2003.3468_V1_C12.HM215301,39,0,0,0,-1
A1D.TZ.2003.6095_V1_C10.HM215323,34,0,0,0,-1
A1D.TZ.2004.0815_V3_C3.HM215260,31,0,0,0,-1
A1D.TZ.2005.0907_V4_C12.HM215261,32,0,0,0,0
A1D.UG.1992.92UG035.AY669755,34,0,0,0,-1
A1D.UG.2007.192018_B1_9.HM215273,30,0,0,0,1
A1D.UG.2007.193003_B10.HM215274,34,0,0,0,1
A1G.CM.2004.T252_7.PV576768,30,0,0,0,0
A1G.ES.2009.EX15_B5.GQ862780,25,0,0,0,-1
ASC.UG.2010.SIV_ASC_RT11.KJ461714,36,0,0,0,0
B.BR.1990.BZ167_12.GQ855764,31,0,0,0,-1
B.BR.1992.92BR020.AY669718,36,0,0,0,0
B.BR.2019.V704_2834_210_RE_PB001_S.ON980954,28,0,0,0,-1
B.BR.2019.V704_2834_210_RE_PB002_S.ON980955,28,0,0,0,-1
B.BR.x.VLGC_B3.AY669720,33,0,0,0,-2
B.CH.1995.S31522_147WK_C20.PQ282670,32,0,0,0,-2
B.CH.1995.S51603_618WK_C58.PQ282681,30,0,0,0,-3
B.CH.1996.S52026_432WK_C83.PQ282687,28,0,0,0,-1
B.CH.1999.S50216_677WK_C68.PQ282684,25,0,0,0,-1
B.CH.2000.S50804_770WK_C17.PQ282696,29,0,0,0,-4
B.CH.2001.S30108_217WK_C42.PQ282669,32,0,0,0,-1
B.CH.2001.S50252_603WK_C11.PQ282685,32,0,0,0,-2
B.CH.2001.S50514_891WK_C4.PQ282692,31,0,0,0,2
B.CH.2001.S52624_272WK_C6.PQ282689,31,1,0,0,-1
B.CH.2001.NAB01.EU023918,30,0,0,0,-1
B.CH.2001.NAB9PRE_CL_106.EU023928,35,0,0,0,-1
B.CH.2002.S30755_540WK_C48.PQ282679,30,0,0,0,-1
B.CH.2002.S50901_909WK_C2.PQ282697,32,0,0,0,-3
B.CH.2003.S50408_1083WK_C40.PQ282691,35,0,0,0,0
B.CH.2003.S51434_865WK_C3.PQ282680,30,0,0,0,-2
B.CH.2003.S5213G5_230WK_C27.PQ282683,33,0,0,0,0
B.CH.2003.NAB5PRE_CL_1.EU023923,30,0,0,0,-1
B.CH.2006.S50741_847WK_C12.PQ282695,37,0,0,0,-2
B.CH.2007.S30725_597WK_C70.PQ282677,32,0,0,0,-2
B.CH.2007.S52725_275WK_C19.PQ282690,33,0,0,0,-3
B.CH.2011.R282_3_4_CL56.MH714324,31,0,0,0,-1
B.CH.2011.S30655_204WK_C26.PQ282668,29,0,0,0,0
B.CH.2011.S50616_1071WK_C57.PQ282693,35,0,0,0,-2
B.CH.2012.S32405_230WK_C34.PQ282673,31,0,0,0,-2
B.CH.2012.T282_3_8_CL82.MH714327,31,0,0,0,-2
B.CH.x.NAB01_C14.KX673207,30,0,0,0,-1
B.CH.x.NAB01_C14_REV.KX673208,30,0,0,0,-1
B.CH.x.NAB01_C21.KX673209,30,0,0,0,-1
B.CH.x.NAB01_C21_REV.KX673210,30,0,0,0,-1
B.CH.x.NAB01_C24.KX673211,30,0,0,0,-1
B.CH.x.NAB01_C24_REV.KX673212,30,0,0,0,-1
B.CH.x.NAB01_PA.KX673206,30,0,0,0,-1
B.CH.x.ZENV07_0504_15.KU600814,35,0,0,0,-2
B.CH.x.ZENV16_1202_7.KU600818,30,0,0,0,-2
B.CH.x.ZENV91_0505_12.KU600815,29,1,0,0,-3
B.CN.2003.B01.EU363825,24,0,0,0,-1
B.CN.2003.B02.EU363826,30,0,0,0,-2
B.CN.2003.B03.EU363827,30,0,0,0,-2
B.CN.2004.CNE10.HM215397,30,0,0,0,0
B.CN.2004.CNE12.HM215399,33,1,0,0,-3
B.CN.2004.CNE14.HM215400,28,0,0,0,-2
B.CN.2004.CNE64.HQ699979,28,0,0,0,-1
B.CN.2005.CNE11.HM215398,36,1,0,0,-3
B.CN.2005.CNE57.HM215420,31,1,0,0,-1
B.CN.2005.CNE9.HM215428,30,0,0,0,-1
B.CN.2005.DRVI01_0507_12.MK053944,31,0,0,0,-2
B.CN.2005.DRVI01_0507_13.MK053945,31,0,0,0,-3
B.CN.2005.DRVI01_0507_14.MK053946,31,0,0,0,-1
B.CN.2005.DRVI01_0507_15.MK053947,31,0,0,0,-4
B.CN.2005.DRVI01_0507_16.MK053948,31,0,0,0,-4
B.CN.2005.CBJC504_05_02.PP115997,29,0,0,0,0
B.CN.2005.CBJC504_05_03.PP115998,29,0,0,0,0
B.CN.2005.CBJC504_05_04.PP115999,29,0,0,0,0
B.CN.2005.CBJC504_05_05.PP116000,29,0,0,0,0
B.CN.2005.CBJC504_05_06.PP116001,29,0,0,0,0
B.CN.2005.CBJC504_05_07.PP116002,29,0,0,0,0
B.CN.2005.CBJC504_05_08.PP116003,29,0,0,0,-1
B.CN.2005.CBJC504_05_13.PP116008,25,0,0,0,-3
B.CN.2005.CBJC504_05_34.PP116029,29,0,0,0,0
B.CN.2005.CBJC515_05_16.MF591588,30,0,0,0,-1
B.CN.2005.CBJC515_05_17.MF591589,29,1,0,0,-1
B.CN.2005.CBJC515_05_18.MF591590,29,1,0,0,-1
B.CN.2005.CBJC515_05_19.MF591591,29,1,0,0,-1
B.CN.2005.CBJC515_05_20.MF591593,29,1,0,0,-1
B.CN.2005.CBJC515_05_21.MF591594,29,1,0,0,-1
B.CN.2005.CBJC515_05_22.MF591595,29,0,0,0,-1
B.CN.2005.CBJC515_05_23.MF591596,29,0,0,0,-1
B.CN.2005.CBJC515_05_24.MF591597,29,0,0,0,-1
B.CN.2005.CBJC515_05_25.MF591598,30,0,0,0,-2
B.CN.2005.CBJC515_05_26.MF591599,30,0,0,0,-1
B.CN.2006.B04.EU363828,30,0,0,0,-2
B.CN.2006.B05.EU363829,30,0,0,0,0
B.CN.2006.CNE1.HQ699949,32,0,0,0,-3
B.CN.2006.CNE4.HM215413,32,1,0,0,0
B.CN.2006.CNE6.HM215423,30,0,0,0,0
B.CN.2006.CNHLJBF06044.EU131805,32,0,0,0,-1
B.CN.2006.CNHLJBM06050.EU131798,30,0,0,0,1
B.CN.2006.CBJC504_06_01.OQ389758,34,0,0,0,-5
B.CN.2006.CBJC504_06_02.OQ389759,25,0,0,0,-3
B.CN.2006.CBJC504_06_07.OQ389764,35,0,0,0,4
B.CN.2006.CBJC504_06_12.OQ389769,36,0,0,0,5
B.CN.2006.CBJC504_06_13.OQ389770,35,0,0,0,-1
B.CN.2006.CBJC504_06_14.OQ389771,35,0,0,0,2
B.CN.2006.CBJC504_06_20.OQ389777,34,0,0,0,2
B.CN.2006.CBJC504_06_24.OQ389781,29,0,0,0,0
B.CN.2006.CBJC515_06_20.MF591619,30,0,0,0,-1
B.CN.2006.CBJC515_06_21.MF591620,30,0,0,0,-1
B.CN.2006.CBJC515_06_22.MF591621,30,0,0,0,-2
B.CN.2006.CBJC515_06_23.MF591622,30,0,0,0,-2
B.CN.2007.BJOX003000_19_1.HM215365,32,0,0,0,-1
B.CN.2007.BJOX006000_13_3.HM215369,30,0,0,0,1
B.CN.2007.BJOX007000_02_3.HM215370,29,0,0,0,-1
B.CN.2007.BJOX020000_03_3.HM215382,37,0,0,0,-1
B.CN.2007.BJOX022000_02_3.HM215384,36,0,0,0,-2
B.CN.2008.BJOX035000_04_8.HM215395,30,0,0,0,1
B.CN.2008.DRVI01_0803_11.MK054029,31,0,0,0,-1
B.CN.2008.DRVI01_0803_12.MK054030,31,0,0,0,-1
B.CN.2008.DRVI01_0803_13.MK054031,31,0,0,0,-3
B.CN.2008.DRVI01_0803_14.MK054032,31,0,0,0,-3
B.CN.2008.DRVI01_0803_15.MK054033,31,0,0,0,-3
B.CN.2008.DRVI01_0803_16.MK054034,31,0,0,0,-3
B.CN.2008.CBJC515_08_22.MF591660,30,0,0,0,-2
B.CN.2008.CBJC515_08_23.MF591661,30,0,0,0,-2
B.CN.2008.CBJC515_08_24.MF591662,30,0,0,0,-1
B.CN.2008.CBJC515_08_25.MF591663,30,0,0,0,-2
B.CN.2008.CBJC515_08_26.MF591664,30,0,0,0,-2
B.CN.2008.CBJC515_08_27.MF591665,30,0,0,0,-2
B.CN.2008.CBJC515_08_28.MF591666,29,0,0,0,-1
B.CN.2008.CBJC515_08_29.MF591667,24,0,0,0,-2
B.CN.2008.CBJC515_08_30.MF591669,30,0,0,0,-2
B.CN.2008.CBJC515_08_31.MF591670,30,0,0,0,0
B.CN.2008.CBJC515_08_32.MF591671,30,0,0,0,-2
B.CN.2008.CBJC515_08_33.MF591672,30,0,0,0,1
B.CN.2008.CBJC515_08_34.MF591673,30,0,0,0,-2
B.CN.2009.CBJC504_09_04.OQ389786,25,0,0,0,-2
B.CN.2009.CBJC504_09_05.OQ389787,36,0,0,0,0
B.CN.2009.CBJC504_09_07.OQ389789,32,0,0,0,-2
B.CN.2009.CBJC504_09_08.OQ389790,34,0,0,0,-3
B.CN.2009.CBJC504_09_21.OQ389802,31,0,0,0,-1
B.CN.2009.CBJC504_09_22.OQ389803,38,0,0,0,1
B.CN.2009.DRVI01_0912_2.MK054067,33,0,0,0,-3
B.CN.2009.DRVI01_0912_5.MK054068,31,0,0,0,-2
B.CN.2009.DRVI01_0912_6.MK054069,31,0,0,0,-2
B.CN.2009.DRVI01_0912_7.MK054070,31,0,0,0,-3
B.CN.x.B06.EU363830,31,0,0,0,-1
B.CN.x.BJ168_17.MN617378,30,1,0,0,-1
B.CN.x.BJ171_13.MN617379,30,0,0,0,-1
B.CN.x.BJ175_4.MN617380,33,0,0,0,-2
B.CN.x.BJ176_1.MN617381,33,0,0,0,-4
B.CN.x.BJ23_1.MN617361,30,2,0,0,-1
B.CN.x.BJ33_11.MN642094,38,0,0,0,-1
B.CN.x.BJ39_14.MN617376,21,0,0,0,1
B.CN.x.BJYA105_5.MN617383,33,0,0,0,2
B.CN.x.BJYA109_9.MN617384,31,0,0,0,-5
B.CN.x.BJYA119_6.MN617385,32,0,0,0,-2
B.CN.x.BJYA144_8.MN617386,31,0,0,0,0
B.CN.x.BJYA174_16.MN617387,33,0,0,0,0
B.CN.x.BJYA180_8.MN617388,29,0,0,0,-1
B.CN.x.BJYA187_8.MN617389,30,0,0,0,-3
B.CN.x.BJYA192_4.MN617390,31,0,0,0,0
B.CN.x.BJYA194_5.MN617391,33,0,0,0,-1
B.CN.x.HEB46_6.MN617382,23,0,0,0,0
B.CN.x.HEB5_10.MN617374,21,0,0,0,0
B.CN.x.HEB87_2.MN617377,33,0,0,0,-3
B.CN.x.HN15A_27.MN642096,25,0,0,0,0
B.CN.x.HN18A_41.MN642097,32,0,0,0,-2
B.CN.x.HN40_40.MN642098,32,0,0,0,-2
B.CN.x.HN6A_40.MN642095,32,0,0,0,-2
B.CN.x.HUB32_3.MN617375,30,0,0,0,-2
B.DE.2016.1HD4K_D0_061516_E3_S53.KY324517,31,0,0,0,-5
B.DE.2016.1HD4K_D0_061516_F7_S57.KY324521,31,0,0,0,-3
B.DE.2016.1HD4K_D0_061616PL1_D4_S83.KY324529,31,0,0,0,-3
B.DE.2016.1HD4K_D0_061616PL2_A4_S53.KY324536,31,0,0,0,-3
B.DE.2016.1HD4K_D0_061616PL2_C2_S57.KY324539,31,0,0,0,-3
B.DE.2016.1HD4K_W4_062316PL3_A3_S25.KY324569,31,0,0,0,-3
B.DE.2016.1HD4K_W4_062316PL3_B1_S27.KY324572,31,0,0,0,-3
B.DE.2016.1HD4K_W4_062316PL3_B9_S29.KY324574,31,0,0,0,-5
B.DE.2016.1HD4K_W4_062316PL4_A11_S47.KY324583,31,0,0,0,-3
B.DE.2016.1HD4K_W4_062316PL4_A3_S44.KY324584,31,0,0,0,-3
B.DE.2016.1HD5K_D0_061016_C5_S3.KY324594,32,0,0,0,-2
B.DE.2016.1HD5K_D0_061416PL1_F1_S17.KY324599,35,0,0,0,-2
B.DE.2016.1HD5K_D0_061416PL2_D11_S27.KY324603,32,0,0,0,-1
B.DE.2016.1HD5K_D0_061416PL2_D12_S28.KY324604,33,1,0,0,-1
B.DE.2016.1HD5K_D0_061616_F6_S42.KY324615,33,1,0,0,-3
B.DE.2016.1HD5K_W4_061416_A6_S32E.KY324621,33,1,0,0,-1
B.DE.2016.1HD5K_W4_061616_A12_S44.KY324625,32,0,0,0,-1
B.DE.2016.1HD5K_W4_061616_C11_S49.KY324628,33,0,0,0,-2
B.DE.2016.1HD5K_W4_061616_C12_S50.KY324629,35,0,0,0,-1
B.DE.2016.1HD5K_W4_062316_D10_S59.KY324633,37,1,0,0,-1
B.DE.2016.1HD5K_W4_062916_A6_S61.KY324635,33,1,0,0,-3
B.DE.2016.1HD6K_D0_061016_B3_S9.KY324642,31,0,0,0,-1
B.DE.2016.1HD6K_D0_061416_F12_S50.KY324655,32,0,0,0,-2
B.DE.2016.1HD6K_D0_061616_C10_S24.KY324663,32,0,0,0,-2
B.DE.2016.1HD6K_D0_061616_C6_S21.KY324664,30,0,0,0,-2
B.DE.2016.1HD6K_W4_070516_G5_S26.KY324724,32,0,0,0,-2
B.DE.2016.1HD6K_W8_072616_D6_S65.KY324727,31,0,0,0,-1
B.DE.2016.1HD6K_W8_072616_F2_S69.KY324730,32,0,0,0,-2
B.DE.2016.1HD6K_W8_072616_G10_S70.KY324731,31,0,0,0,-1
B.DE.2016.1HD8K_D0_061616_B4_S93.KY324738,29,0,0,0,1
B.DE.2016.1HD8K_D0_062916_A4_S69.KY324755,27,0,0,0,0
B.DE.2016.1HD8K_D0_062916_A9_S72.KY324756,36,0,0,0,0
B.DE.2016.1HD8K_D0_062916_F6_S90.KY324768,34,1,0,0,1
B.DE.2016.1HD8K_D0_062916_H6_S95.KY324769,31,1,0,0,0
B.DE.2016.1HD8K_W4_070116PL3_C6_S63.KY324786,31,0,0,0,-1
B.DE.2016.1HD8K_W4_070116PL3_G12_S77.KY324794,27,0,0,0,0
B.DE.2016.1HD8K_W4_070116PL3_H8_S80.KY324798,27,0,0,0,0
B.DE.2016.1HD8K_W4_070116PL4_E1_S86.KY324801,34,0,0,0,1
B.DE.2016.1HD8K_W4_070116PL4_E9_S87.KY324802,32,0,0,0,0
B.DE.2016.1HD8K_W4_070116PL4_F7_S89.KY324803,34,1,0,0,0
B.DE.2016.1HD9K_D0_070816_B3_S30.KY324807,29,0,0,0,0
B.DE.2016.1HD9K_D0_070816_C3_S35.KY324810,29,0,0,0,1
B.DE.2016.1HD9K_D0_071116PL6_A10_S86.KY324822,29,0,0,0,1
B.DE.2016.9253_PRE_F22.MH575570,29,0,0,0,-1
B.DE.2016.9253_PRE_J18.MH575578,31,0,0,0,-1
B.DE.2016.9254_W12_12A13.MH575532,32,0,0,0,-2
B.DE.2016.9254_W12_12A5.MH575531,32,0,0,0,-2
B.DE.2016.9255_PRE_A23.MH575409,29,0,0,0,0
B.DE.2016.9255_PRE_B1.MH575410,29,0,0,0,0
B.DE.2017.IDC561_C08.MN871329,31,0,0,0,-3
B.DE.2017.IDC561_F12.MN871332,33,0,0,0,-2
B.DE.2017.IDC561_G09.MN871330,29,1,0,0,1
B.DE.2017.IDC561_G10.MN871328,31,0,0,0,-3
B.DE.2017.IDC561_H05.MN871333,32,1,0,0,-1
B.DE.2017.IDC561_H08.MN871331,33,1,0,0,-1
B.DO.2008.X2348_C2_8.FJ817365,29,0,0,0,-1
B.ES.2007.X2278_C2_B6.FJ817366,31,0,0,0,0
B.FR.1983.HXB2.K03455,34,0,0,0,-3
B.FR.1983.LAI.K02013,34,0,0,0,-3
B.FR.1985.NL43.AY669735,34,0,0,0,-3
B.FR.x.BX08_16.GQ855765,29,0,0,0,-2
B.HT.1992.HT593_1.U08444,29,0,0,0,-4
B.IT.1995.TRO_11.AY835445,30,1,0,0,-2
B.IT.1996.PVO_4.AY835444,33,0,0,0,-3
B.JP.x.MOKW.AB262959,32,0,0,0,0
B.NL.1986.AMC009_1B5.PP544519,28,0,0,0,-2
B.NL.1989.AMC011.PP544654,27,0,0,0,-1
B.NL.x.W61D_TCLA_71.HM215359,29,0,0,0,-3
B.PE.2017.V704_1802_080SN_01.ON980908,33,0,0,0,-1
B.PE.2017.V704_1802_080SN_02.ON980909,33,0,0,0,-1
B.PE.2017.V704_1716_090SN.ON980899,30,0,0,0,-2
B.PE.2017.V704_2685_080SN.ON980948,36,0,0,0,-1
B.PE.2017.V704_2767_070SN.ON980949,25,0,0,0,1
B.PE.2017.V704_0562_160EN01.ON980831,32,0,0,0,-1
B.PE.2017.V704_0562_160EN02.ON980832,32,0,0,0,-1
B.PE.2017.V704_0562_160EN04.ON980833,32,0,0,0,-1
B.PE.2017.V704_0562_160_RE_PBLIB003_S.ON980830,32,0,0,0,-1
B.PE.2017.V704_1236_060_ESN1.ON980879,34,0,0,0,2
B.PE.2018.V704_0175_100SN.ON980819,30,0,0,0,-2
B.PE.2018.V704_0985_100SN.ON980867,34,0,0,0,-2
B.PE.2018.V704_1236_070ESN.ON980880,30,0,0,0,-1
B.PE.2018.V704_1706_050SN.ON980897,34,0,0,0,-2
B.PE.2018.V704_0644_060SN_PRELIMSEQ.ON980839,35,0,0,0,0
B.PE.2018.V704_0847_030_ESN_01T.ON980852,33,0,0,0,0
B.PE.2018.V704_0847_030_ESN_02C.ON980853,33,0,0,0,0
B.PE.2018.V704_0575_060_ESN1A.ON980834,31,0,0,0,-2
B.PE.2018.V704_0575_060_ESN2T.ON980835,31,0,0,0,-2
B.PE.2018.V704_0575_060_RE_P002S.ON980836,31,0,0,0,-2
B.PE.2018.V704_0855_080_ESN.ON980854,31,0,0,0,-3
B.PE.2018.V704_1332_120_RE_PB001_S.ON980882,28,0,0,0,0
B.PE.2018.V704_2408_040_ESN.ON980931,30,0,0,0,0
B.PE.2018.V704_3083_040_ESN.ON980967,31,0,0,0,-1
B.PE.2018.V704_2150_230_RE_E05S.ON980923,32,0,0,0,0
B.PE.2018.V704_2164_030_ESN.ON980924,33,0,0,0,-1
B.PE.2018.V704_2164_030_RE_P002S.ON980925,33,0,0,0,-1
B.PE.2018.V704_3008_040ESN.ON980965,36,0,0,0,-2
B.PE.2018.V704_0340_150ESN.ON980822,25,0,0,0,0
B.PE.2018.V704_0478_160ESN.ON980825,34,1,0,0,0
B.PE.2018.V704_0478_160_RE_PBLIB002_S.ON980824,34,1,0,0,0
B.PE.2018.V704_0652_110_ESN_2472A.ON980840,30,0,0,0,-2
B.PE.2018.V704_0746_760_RE_P001S.ON980846,32,0,0,0,-1
B.PE.2018.V704_0746_760_RE_P002S.ON980847,32,0,0,0,-1
B.PE.2018.V704_0746_760_RE_P003S.ON980845,32,0,0,0,-1
B.PE.2018.V704_1835_150_RE_P001S_2484A.ON980910,32,0,0,0,-1
B.PE.2018.V704_1835_150_RE_P002S_2484A.ON980911,32,0,0,0,-1
B.PE.2018.V704_2536_030_RE_P002S.ON980935,35,0,0,0,-3
B.PE.2018.V704_2536_030_RE_P003S.ON980936,35,0,0,0,-3
B.PE.2018.V704_1551_150_ESN.ON980890,29,0,0,0,0
B.PE.2018.V704_1551_150_RE_P002S.ON980891,29,0,0,0,0
B.PE.2018.V704_2643_210_RE_P001S.ON980945,28,1,0,0,-3
B.PE.2018.V704_2684_181_RE_P001S.ON980946,29,0,0,0,-2
B.PE.2018.V704_2684_181_RE_PBLIB006_S.ON980947,29,0,0,0,-3
B.PE.2018.V704_3000_240_RE_PBSGA001_S.OQ912896,33,0,0,0,-3
B.PE.2018.V704_3000_240_RE_PBSGA002_S.OQ912897,33,0,0,0,-4
B.PE.2018.V704_0513_150_EN01T.ON980827,29,0,0,0,0
B.PE.2018.V704_0513_150_EN02C.ON980828,29,0,0,0,0
B.PE.2018.V704_0513_150_RE_PBLIB003_S.ON980829,29,0,0,0,0
B.PE.2018.V704_2065_060_RE_P001S.ON980920,35,0,0,0,-1
B.PE.2018.V704_2065_060_RE_P002S.ON980921,35,0,0,0,-1
B.PE.2018.V704_1991_230_RE_P001S_1194T.ON980917,32,0,0,0,-3
B.PE.2018.V704_1991_230_RE_P002S_1194T.ON980918,34,0,0,0,-3
B.PE.2018.V704_2524_240ESN_A.OR508938,27,0,0,0,-1
B.PE.2018.V704_2524_240ESN_G.OR508939,27,0,0,0,-1
B.PE.2018.V704_3039_140ESN.ON980966,29,0,0,0,-2
B.PE.2018.V704_0751_190_RE_P001S.ON980848,32,1,0,0,-3
B.PE.2018.V704_0751_190_RE_P002S.ON980849,32,1,0,0,-3
B.PE.2018.V704_0751_190_RE_P003S.ON980850,32,1,0,0,-3
B.PE.2018.V704_2448_240_RE_CS.OQ912894,34,0,0,0,-3
B.PE.2018.V704_2625_090ESN.ON980944,32,0,0,0,-1
B.PE.2019.V704_0026_231_RE_PBSGA001_S.OQ912888,29,0,0,0,-1
B.PE.2019.V704_0029_170_RE_P001S.ON980814,30,0,0,0,-1
B.PE.2019.V704_0029_170_RE_P002S.ON980815,33,0,0,0,1
B.PE.2019.V704_0029_170_RE_P003S.ON980816,30,0,0,0,-2
B.PE.2019.V704_0714_720_RE_P001S.ON980842,29,0,0,0,1
B.PE.2019.V704_0714_720_RE_P003S.ON980843,29,0,0,0,1
B.PE.2019.V704_1262_250_RE_CS_2448A.OR508945,29,1,0,0,-1
B.PE.2019.V704_0011_240_RE_PB001_S.OR508950,34,0,0,0,-3
B.PE.2019.V704_0011_240_RE_PB002_S.OR508948,34,0,0,0,-3
B.PE.2019.V704_0011_240_RE_PB003_S.OR508949,34,0,0,0,-3
B.PE.2019.V704_0601_170_RE_CS.ON980838,30,0,0,0,-4
B.PE.2019.V704_1350_750_RE_PBSGA001_S.ON980883,33,0,0,0,-1
B.PE.2019.V704_2080_250_RE_CS.OR508941,32,0,0,0,0
B.PE.2019.V704_0503_250_RE_CS.OR508940,33,0,0,0,-2
B.PE.2019.V704_0886_250_RE_P001S.OQ912892,31,0,0,0,-2
B.PE.2019.V704_1783_150_RE_CS.ON980907,31,0,0,0,0
B.PE.2019.V704_2095_130_RE_CS.ON980922,29,0,0,0,-2
B.PE.2019.V704_2495_180_RE_CS.ON980932,29,0,0,0,-1
B.PE.2019.V704_0298_180_RE_CS.ON980821,33,0,0,0,0
B.PE.2019.V704_2061_140_RE_CS.ON980919,32,0,0,0,-1
B.PE.2019.V704_0944_180_RE_CS.ON980866,22,0,0,0,0
B.PE.2019.V704_2839_140_RE_CS.ON980956,29,0,0,0,-1
B.PE.2019.V704_1907_251_RE_CS.OR508946,27,0,0,0,-1
B.PE.2019.V704_0445_180_RE_CON_S.ON980823,34,0,0,0,-2
B.PE.2019.V704_0893_180_RE_P002S.ON980860,33,0,0,0,-2
B.PE.2019.V704_0893_180_RE_PB001_S.ON980859,33,0,0,0,-2
B.PE.2019.V704_0893_180_RE_PBLIB002_S.ON980861,33,0,0,0,-2
B.PE.2019.V704_2624_200_RE_CON_S.ON980943,34,0,0,0,-3
B.PE.2019.V704_0578_190_RE_PBSGA001_S.OR508962,35,0,0,0,1
B.PE.2019.V704_1747_170_RE_CON_S.ON980905,26,0,0,0,-1
B.PE.2019.V704_2555_240_RE_CON_S_VPUG.OQ912895,35,0,0,0,0
B.PE.2019.V704_3023_260_RE_PBLIB001_S.OR508956,37,0,0,0,-1
B.PE.2019.V704_3023_260_RE_PBLIB002_S.OR508957,34,0,0,0,-1
B.PE.2019.V704_0651_200_RE_PBLIB001_S.OR508959,31,0,0,0,0
B.PE.2019.V704_0651_200_RE_PBLIB002_S.OR508960,31,0,0,0,-1
B.PE.2019.V704_0372_250_RE_PBLIB001_S.OQ912889,34,0,0,0,-1
B.PE.2019.V704_0372_250_RE_PBLIB002_S.OQ912890,34,0,0,0,-1
B.PE.2019.V704_1528_240_RE_PBLIB_001_S.OQ912893,35,0,0,0,1
B.PE.2020.V704_0622_250_RE_PBLIB001_S.OR508958,31,0,0,0,-2
B.PE.x.H022_7.EF210725,32,0,0,0,0
B.PE.x.H029_12.EF210726,30,0,0,0,-2
B.PE.x.H030_7.EF210727,32,0,0,0,0
B.PE.x.H031_7.EF210728,34,0,0,0,-2
B.PE.x.H035_18.EF210729,32,0,0,0,1
B.PE.x.H061_14.EF210730,30,0,0,0,-1
B.PE.x.H077_31.EF210734,30,0,0,0,-1
B.PE.x.H078_14.EF210733,32,0,0,0,0
B.PE.x.H079_2.EF210731,31,0,0,0,-3
B.PE.x.H080_23.EF210735,29,0,0,0,-2
B.PE.x.H086_8.EF210732,30,0,0,0,0
B.PE.x.H086_8_N651K.,30,0,0,0,0
B.TH.1993.93TH305.AY669729,39,0,0,0,0
B.TH.2000.C3198_C05.HM215396,30,0,0,0,-2
B.TH.2007.402288_C01.JQ352781,33,0,0,0,-3
B.TH.x.NKR_0512_8.HM215431,35,0,0,0,-1
B.TH.x.RPW_0510_2.HM215435,25,1,0,0,0
B.TT.1993.SC05_8C11_2344.EU289200,34,0,0,0,-2
B.TT.1994.QH0515_1.AY835440,33,0,0,0,-3
B.TT.1994.QH0692_42.AY835439,34,0,0,0,0
B.TT.1995.SC422_8.AY835441,31,0,0,0,2
B.TT.1995.SC45_4B5_2631.EU289201,28,0,0,0,-1
B.TT.1998.TT29P_3A1_2769.EU577190,31,0,0,0,-1
B.TT.1998.TT31P_2F10_2792.EU577213,31,0,0,0,-1
B.US.1985.BAL_01.DQ318210,30,0,0,0,-3
B.US.1985.BAL_26.DQ318211,30,0,0,0,-3
B.US.1986.AD8.,35,0,0,0,-2
B.US.1986.ADA.AY426119,35,0,0,0,-2
B.US.1986.ADA_COMB_MUT.,35,0,0,0,-2
B.US.1986.JRCSF.AY669726,30,0,0,0,-3
B.US.1986.JRCSF_G324A.,30,0,0,0,-3
B.US.1986.JRCSF_I307A.,30,0,0,0,-3
B.US.1986.JRCSF_I309A.,30,0,0,0,-3
B.US.1986.JRCSF_I323A.,30,0,0,0,-3
B.US.1986.JRCSF_I420A.,30,0,0,0,-3
B.US.1986.JRCSF_I423A.,30,0,0,0,-3
B.US.1986.JRCSF_I424A.,30,0,0,0,-3
B.US.1986.JRCSF_K305A.,30,0,0,0,-3
B.US.1986.JRCSF_K421A.,30,0,0,0,-3
B.US.1986.JRCSF_L125A.,30,0,0,0,-3
B.US.1986.JRCSF_N156A.,30,0,0,0,-3
B.US.1986.JRCSF_N156Q.,30,0,0,0,-3
B.US.1986.JRCSF_N186Q.,30,0,0,0,-3
B.US.1986.JRCSF_N197D.,30,0,0,0,-3
B.US.1986.JRCSF_N197K.,30,0,0,0,-3
B.US.1986.JRCSF_N197Q.,30,0,0,0,-3
B.US.1986.JRCSF_N276Q.,30,0,0,0,-3
B.US.1986.JRCSF_N295Q.,30,0,0,0,-3
B.US.1986.JRCSF_N301A.,30,0,0,0,-3
B.US.1986.JRCSF_N301Q.,30,0,0,0,-3
B.US.1986.JRCSF_N332Q.,30,0,0,0,-3
B.US.1986.JRCSF_N386Q.,30,0,0,0,-3
B.US.1986.JRCSF_N392Q.,30,0,0,0,-3
B.US.1986.JRCSF_N397Q.,30,0,0,0,-3
B.US.1986.JRCSF_N411Q.,30,0,0,0,-3
B.US.1986.JRCSF_N448Q.,30,0,0,0,-3
B.US.1986.JRCSF_N461Q.,30,0,0,0,-3
B.US.1986.JRCSF_S199A.,30,0,0,0,-3
B.US.1986.JRCSF_T202A.,30,0,0,0,-3
B.US.1986.JRCSF_T303A.,30,0,0,0,-3
B.US.1986.JRCSF_Y177A.,30,0,0,0,-3
B.US.1986.JRCSF_Y318A.,30,0,0,0,-3
B.US.1986.JRCSF_Y435A.,30,0,0,0,-3
B.US.1986.JRFL.AY669728,30,0,0,0,-2
B.US.1986.JRFL_D197N.,30,0,0,0,-2
B.US.1986.JRFL_D197N_S199A.,30,0,0,0,-2
B.US.1986.JRFL_D197Q.,30,0,0,0,-2
B.US.1986.JRFL_E168K.,30,0,0,0,-2
B.US.1986.JRFL_JR2.,30,0,0,0,-2
B.US.1986.JRFL_N156Q.,30,0,0,0,-2
B.US.1986.JRFL_Y173A_Y177A.,30,0,0,0,-2
B.US.1986.YU2.M93258,26,0,0,0,2
B.US.1987.SG3.L02317,35,0,0,0,-1
B.US.1989.R2.AF128126,37,0,0,0,-1
B.US.1989.89_6.U39362,30,0,0,0,-2
B.US.1990.100711I_3_26.MH012790,29,0,0,0,-3
B.US.1990.WEAU_D15_410.EU289202,31,0,0,0,0
B.US.1990.BORI_D9_4D7_1410.EU576296,38,1,0,0,1
B.US.1990.BORI_D9_4F8_1413.EU576299,40,0,0,0,-1
B.US.1991.100307I_2_26.MH012599,29,0,0,0,-1
B.US.1991.100307I_2_7.MH012608,28,0,0,0,-1
B.US.1991.100383I_3_5.MH012655,29,0,0,0,-3
B.US.1991.100890I_2_1.MH012806,31,0,0,0,-2
B.US.1991.100890I_2_4.MH012819,31,0,0,0,-2
B.US.1991.100997I_2_18.MH012866,28,0,0,0,-1
B.US.1991.100997I_2_2.MH012868,28,0,0,0,-1
B.US.1991.101421I_2_11.MH012925,36,0,0,0,-2
B.US.1991.101421I_2_23.MH012937,36,0,0,0,-2
B.US.1991.101984I_10.MH012963,30,0,0,0,0
B.US.1991.101984I_21.MH012971,30,0,0,0,0
B.US.1991.91US005_11.U27434,32,1,0,0,1
B.US.1991.SUMA_D5_8_2.EU577054,33,0,0,0,0
B.US.1991.DH12.AF069140,30,0,0,0,-1
B.US.1992.100155I_21.MH012529,27,0,0,0,-2
B.US.1992.100155M_12.MH012544,30,0,0,0,-1
B.US.1992.100155M_15.MH012546,30,0,0,0,-2
B.US.1992.100155M_17.MH012548,30,0,0,0,-1
B.US.1992.100155M_18.MH012549,30,0,0,0,-1
B.US.1992.100155M_29.MH012558,30,0,0,0,-2
B.US.1992.100155M_33.MH012561,28,0,0,0,-1
B.US.1992.100155M_4.MH012568,32,0,0,0,-1
B.US.1992.100155M_48.MH012572,31,0,0,0,-1
B.US.1992.100155M_51.MH012575,28,0,0,0,-1
B.US.1992.100155M_9.MH012579,30,1,0,0,-1
B.US.1992.102605I_33.MH013148,29,0,0,0,-3
B.US.1992.92US715.U08451,28,0,0,0,-2
B.US.1993.100002I_2_1.MH012316,30,0,0,0,-2
B.US.1993.100014I_2_20.MH012405,34,0,0,0,-2
B.US.1993.100046I_3_2.MH012266,30,0,0,0,-3
B.US.1993.100052I_2_15.MH012468,32,0,0,0,1
B.US.1993.100504I_20.MH012682,30,0,0,0,-1
B.US.1993.102149I_2_23.MH013041,37,0,0,0,-2
B.US.1993.102407I_2_1.MH013075,33,0,0,0,-2
B.US.1994.PRB926_04_A9_4237.EU289197,31,0,0,0,-5
B.US.1994.6101_1.AY835434,34,0,0,0,-3
B.US.1994.7165_18.AY835437,39,0,0,0,0
B.US.1995.6240_08_TA5_4622.EU289190,31,0,0,0,-3
B.US.1995.PRB931_06_TC3_4930.EU289198,29,0,0,0,-3
B.US.1995.5768_4.AY835435,34,0,0,0,-2
B.US.1995.6535_3.AY835438,33,1,0,0,-2
B.US.1995.3988_25.AY835436,30,0,0,0,-3
B.US.1996.6244_13_B5_4567.EU289191,29,0,0,0,-2
B.US.1996.JRCSF_Y173A_Y177A.,30,0,0,0,-3
B.US.1996.BG1168_1.AY835443,33,0,0,0,1
B.US.1997.1006_11_C3_1601.EU289183,30,0,0,0,-2
B.US.1997.1012_11_TC21_3257.EU289184,39,0,0,0,-1
B.US.1997.1054_07_TC4_1499.EU289185,30,0,0,0,-1
B.US.1997.62357_14_D3_4589.EU289189,32,0,0,0,-3
B.US.1997.63358_04_P3_4013.EU289192,36,0,0,0,-2
B.US.1997.SS1196_1.AY835442,33,0,0,0,-2
B.US.1997.1051_12_C22_3325.EU575148,36,0,0,0,-1
B.US.1997.1051_12_TD12_3291.EU575170,31,0,0,0,-2
B.US.1997.9014_01_TB1_4769.EU575786,38,0,0,0,-1
B.US.1998.1056_10_TA11_1826.EU289186,35,0,0,0,-1
B.US.1998.1058_11_B11_1550.EU289187,33,0,0,0,0
B.US.1998.9021_14_B2_4571.EU289196,29,0,0,0,-2
B.US.1998.AC10_29.AY835446,31,0,0,0,0
B.US.1998.1059_09_A4_1460.EU575376,33,0,0,0,-1
B.US.1998.9020_20_A13_4607.EU575870,29,0,0,0,0
B.US.1998.B41_9032_08_A1.EU576114,31,0,0,0,-2
B.US.1998.B41_9032_08_A1_R315Q.,31,0,0,0,-2
B.US.1999.AD17.GU331254,30,0,0,0,-4
B.US.2000.PRB958_06_TB1_4305.EU289199,31,0,0,0,-2
B.US.2000.THRO4156.AY835448,35,0,0,0,-2
B.US.2000.THRO_C.JN944946,35,0,0,0,-2
B.US.2000.WITO4160_33.AY835451,30,0,0,0,-1
B.US.2000.WITO_C.JN944948,30,0,0,0,-1
B.US.2000.RHPA4259_7.AY835447,34,0,0,0,0
B.US.2000.RHPA_C.JN944944,34,0,0,0,0
B.US.2001.APV_13.DQ869019,28,0,0,0,-1
B.US.2001.45_01DG5.JQ609687,32,0,0,0,-2
B.US.2001.45_01DG5_DELGLY3_197.,32,0,0,0,-2
B.US.2001.45_01DG5_DELGLY3_362.,32,0,0,0,-2
B.US.2001.45_01DG5_DELGLY3_463.,32,0,0,0,-2
B.US.2001.45_01DG5_DELGLY4.,32,0,0,0,-2
B.US.2001.REJO4541_67.AY835449,33,0,0,0,-3
B.US.2001.REJO_C.JN944943,33,0,0,0,-3
B.US.2001.TRJO4551_58.AY835450,28,0,0,0,2
B.US.2001.TRJO_C.JN944947,28,0,0,0,2
B.US.2002.APV_17.DQ869023,39,0,0,0,3
B.US.2003.APV_6.DQ869030,32,0,0,0,-4
B.US.2004.CAAN5342.AY835452,33,0,0,0,-2
B.US.2004.VC10014_041504_F8.KJ698264,31,0,0,0,-1
B.US.2006.700010040_C9_4520.EU289193,30,0,0,0,1
B.US.2006.700010058_A4_4375.EU289194,29,0,0,0,0
B.US.2006.CH077_C.JN944941,28,0,0,0,1
B.US.2006.CH106_C.JN944942,36,1,0,0,1
B.US.2007.EN3C016.MN516423,38,0,0,0,-2
B.US.2007.EN3C028.MN516424,38,0,0,0,-2
B.US.2007.EN3C040.MN516425,38,0,0,0,-2
B.US.2007.EN3C041.MN516426,38,0,0,0,-2
B.US.2007.EN3C045.MN516427,38,1,0,0,-2
B.US.2007.EN3C059.MN516428,38,0,0,0,-2
B.US.2007.EN3C061.MN516429,38,0,0,0,-2
B.US.2007.EN3C068.MN516430,38,0,0,0,-2
B.US.2007.EN3C073.MN516431,38,0,0,0,-2
B.US.2007.EN3C075.MN516432,38,0,0,0,-2
B.US.2007.EN3C084.MN516433,38,0,0,0,-2
B.US.2007.EN3C088.MN516434,38,0,0,0,-2
B.US.2007.EN3D006.MN516435,38,0,0,0,-2
B.US.2007.EN3D020.MN516436,38,0,0,0,-2
B.US.2007.EN3D054.MN516437,38,0,0,0,-3
B.US.2007.EN3D059.MN516438,38,0,0,0,-2
B.US.2007.EN3D066.MN516439,38,0,0,0,-2
B.US.2007.EN3D069.MN516440,38,0,0,0,-2
B.US.2007.EN3D071.MN516441,38,0,0,0,-2
B.US.2007.EN3D079.MN516442,38,0,0,0,-2
B.US.2008.N90_08A13.JQ610128,33,0,0,0,-3
B.US.2008.N90_08A15.JQ610129,30,0,0,0,-2
B.US.2008.N90_08A19.JQ610132,30,0,0,0,0
B.US.2008.N90_08A25.JQ610135,35,0,0,0,-1
B.US.2008.N90_08B16.JQ610150,36,0,0,0,-1
B.US.2008.N90_08B17.JQ610151,30,0,0,0,-1
B.US.2008.N90_08B4.JQ610140,33,0,0,0,-3
B.US.2008.N90_08B6.JQ610142,36,0,0,0,-2
B.US.2012.Z258_2012_SGA5.KX595122,30,0,0,0,-2
B.US.2015.106_1_C_1_2.KY114043,30,0,0,0,-2
B.US.2015.106_1_C_2_8.KY114040,30,0,0,0,-1
B.US.2015.106_1_C_2_9.KY114039,30,0,0,0,-4
B.US.2015.106_1_C_5_10.KY114036,30,0,0,0,-2
B.US.2015.106_1_C_E3.KY114034,30,0,0,0,-3
B.US.2015.106_2_C_P12.KY113959,30,0,0,0,-3
B.US.2015.106_2_C_P9.KY113960,30,0,0,0,-2
B.US.2015.155_1_C_F12.KY113703,35,0,0,0,-2
B.US.2015.155_1_C_K5.KY113694,35,0,0,0,0
B.US.2015.155_2_C_AD_8.KY113648,35,0,0,0,-2
B.US.2015.155_2_C_AF_6.KY113647,42,0,0,0,0
B.US.2015.155_2_C_AJ_9.KY113643,31,0,0,0,-1
B.US.2015.155_2_C_AK_10.KY113641,35,1,0,0,-1
B.US.2015.155_2_C_AS_2.KY113633,35,0,0,0,0
B.US.2015.155_2_C_AS_6.KY113631,35,1,0,0,-1
B.US.2015.199_1_C_AA_4.KY113548,36,0,0,0,-2
B.US.2015.199_1_C_AE_5.KY113540,36,0,0,0,-2
B.US.2015.199_1_C_AG_1.KY113538,36,0,0,0,-2
B.US.2015.199_1_C_AG_7.KY113537,36,0,0,0,-2
B.US.2015.199_2_C_BF_12.KY113416,36,0,0,0,-2
B.US.2015.1HB1_D0_012016_B4_S3.KY323728,32,0,0,0,0
B.US.2015.1HB1_D0_012016_C7_S6.KY323730,32,0,0,0,-1
B.US.2015.1HB1_D0_012016_F10_S11.KY323732,32,0,0,0,-3
B.US.2015.1HB1_D0_012216_B2_S21.KY323738,32,0,0,0,-2
B.US.2015.1HB1_D0_012216_G6_S32.KY323747,32,0,0,0,-2
B.US.2015.1HB1_W4_012016_D10_S47.KY323786,32,0,0,0,-3
B.US.2015.1HB1_W4_020416_A6_S52.KY323804,32,0,0,0,-2
B.US.2015.1HB1_W4_020416_B2_S54.KY323805,30,0,0,0,-2
B.US.2015.1HB1_W4_020416_D3_S58.KY323809,32,0,0,0,-1
B.US.2015.1HB1_W4_020416_H6_S65.KY323812,32,0,0,0,-2
B.US.2015.1HB2_D0_102315_C3_S1.KY323819,31,0,0,0,-3
B.US.2015.1HB2_D0_102315_C7_S2.KY323820,31,0,0,0,-3
B.US.2015.1HB2_D0_102615_B11_S13.KY323827,31,0,0,0,-3
B.US.2015.1HB2_D0_102615_C8_S18.KY323831,31,0,0,0,-3
B.US.2015.1HB2_D0_102615_E9_S22.KY323834,31,0,0,0,-3
B.US.2015.1HB2_W4_103015_A11_S74.KY323867,31,0,0,0,-3
B.US.2015.1HB2_W4_103015_C9_S80.KY323875,31,0,0,0,-3
B.US.2015.1HB2_W4_103015_D11_S85.KY323876,31,0,0,0,-3
B.US.2015.1HB2_W4_103015_D7_S84.KY323878,31,0,0,0,-3
B.US.2015.1HB2_W4_103015_F1_S87.KY323879,31,0,0,0,-3
B.US.2015.1HB2_W4_103015_F2_S88.KY323880,31,0,0,0,-3
B.US.2015.1HB3_D0_102315_G10_S34.KY323891,30,0,0,0,0
B.US.2015.1HB3_D0_102915_B2_S49.KY323899,37,0,0,0,-1
B.US.2015.1HB3_D0_102915_B6_S51.KY323901,32,0,0,0,-2
B.US.2015.1HB3_D0_102915_C7_S56.KY323904,30,0,0,0,0
B.US.2015.1HB3_W4_102815_F7_S45.KY323981,30,0,0,0,-1
B.US.2015.1HB3_W4_110215_C10_S52E.KY323984,30,0,0,0,0
B.US.2015.1HB3_W4_110215_C7_S50E.KY323986,30,0,0,0,-1
B.US.2015.1HB3_W4_110215_G3_S63.KY323992,32,0,0,0,-3
B.US.2015.1HB3_W4_110215_H3_S67.KY323995,30,0,0,0,0
B.US.2015.1HC1_D0_061516_A1_S68.KY323997,37,0,0,0,-2
B.US.2015.1HC1_D0_061516_B5_S69.KY323998,39,0,0,0,-3
B.US.2015.1HC1_D0_061516_C4_S70.KY323999,37,0,0,0,-2
B.US.2015.1HC1_D0_061616_G4_S15.KY324000,37,0,0,0,-1
B.US.2015.1HC1_D0_070516_F10_S90.KY324006,37,0,0,0,-1
B.US.2015.1HC1_D0_070516_F11_S91.KY324007,39,0,0,0,-3
B.US.2015.1HC1_W4_070116_B8_S30.KY324042,37,0,0,0,-1
B.US.2015.1HC1_W4_070516PL2_B4_S96.KY324049,37,0,0,0,-1
B.US.2015.1HC1_W4_070516PL2_G5_S11.KY324056,37,0,0,0,-2
B.US.2015.1HC1_W4_070516PL3_A3_S14.KY324059,37,0,0,0,-2
B.US.2015.1HC1_W4_071216_D3_S66.KY324070,37,0,0,0,-2
B.US.2015.1HC1_W4_071216_F7_S69.KY324072,37,0,0,0,-2
B.US.2015.1HC2_D0_012016_A5_S39.KY324082,32,0,0,0,-3
B.US.2015.1HC2_D0_012016_F5_S52.KY324092,34,0,0,0,-4
B.US.2015.1HC2_D0_012216_C11_S66.KY324098,30,0,0,0,-4
B.US.2015.1HC2_D0_012216_D1_S67.KY324102,30,0,0,0,-3
B.US.2015.1HC2_D0_012216_F9_S75.KY324109,30,0,0,0,-3
B.US.2015.1HC2_D0_012216_H10_S82.KY324110,30,0,0,0,-4
B.US.2015.1HC2_W4_012016_F6_S83.KY324140,32,0,0,0,-3
B.US.2015.1HC2_W4_012016_H12_S93.KY324144,30,0,0,0,-3
B.US.2015.1HC2_W4_012216_A10_S1.KY324146,32,0,0,0,-3
B.US.2015.1HC2_W4_012216_A6_S95.KY324148,32,0,0,0,-3
B.US.2015.1HC2_W4_012216_E4_S9.KY324157,30,0,0,0,-5
B.US.2015.1HC2_W4_012216_G5_S14.KY324163,32,0,0,0,-3
B.US.2015.1HC3_D0_012016_F7_S31.KY324177,29,0,0,0,-1
B.US.2015.1HC3_D0_012016_G2_S34.KY324179,29,0,0,0,-2
B.US.2015.1HC3_D0_012216_B1_S40.KY324182,29,0,0,0,-1
B.US.2015.1HC3_D0_012216_E10_S49.KY324187,29,0,0,0,-1
B.US.2015.1HC3_D0_012216_G3_S52.KY324191,29,0,0,0,-2
B.US.2015.1HC3_W4_012016_G1_S19.KY324239,29,0,0,0,-2
B.US.2015.1HC3_W4_012016_H5_S21.KY324241,29,0,0,0,-2
B.US.2015.1HC3_W4_012616_C7_S77.KY324246,29,0,0,0,-1
B.US.2015.1HC3_W4_012616_F1_S85.KY324252,29,0,0,0,0
B.US.2015.1HC3_W4_012616_G4_S89.KY324255,29,0,0,0,-2
B.US.2015.1HD1_D0_012016_A4_S67.KY324398,30,0,0,0,2
B.US.2015.1HD1_D0_012016_D6_S73.KY324402,30,0,0,0,0
B.US.2015.1HD1_D0_012016_H4_S83.KY324412,30,0,0,0,1
B.US.2015.1HD1_D0_012716_B1_S14.KY324415,31,1,0,0,0
B.US.2015.1HD1_D0_012716_B7_S16.KY324417,30,0,0,0,2
B.US.2015.1HD1_W4_012016_C11_S93.KY324481,30,0,0,0,2
B.US.2015.1HD1_W4_012016_C12_S94.KY324482,30,0,0,0,0
B.US.2015.1HD1_W4_012616_A6_S94.KY324491,31,1,0,0,0
B.US.2015.1HD1_W4_012616_D9_S6.KY324497,31,1,0,0,0
B.US.2015.1HD1_W4_012616_F9_S11.KY324500,31,1,0,0,0
B.US.2015.1HD2_PREINF_051916_A12_S61.KY324505,34,0,0,0,-1
B.US.2015.1HD2_PREINF_051916_B4_S62.KY324507,34,0,0,0,-1
B.US.2015.1HD2_PREINF_051916_D8_S66.KY324511,34,0,0,0,-1
B.US.2015.1HD2_PREINF_051916_H4_S73.KY324516,34,0,0,0,-1
B.US.2016.611_D14_MH8.MH263363,37,2,0,0,0
B.US.2016.611_D14_MI10.MH263367,39,1,0,0,1
B.US.2016.9245_PRE_B21.MH576115,27,0,0,0,0
B.US.2016.9245_PRE_E5.MH576111,27,0,0,0,0
B.US.2016.9246_PRE_I10.MH576079,33,0,0,0,-1
B.US.2016.9246_W12_12K21.MH576084,33,0,0,0,-1
B.US.2016.9246_W12_12P1.MH576085,33,0,0,0,0
B.US.2016.9250_PRE_F17.MH575731,32,0,0,0,-1
B.US.2016.9250_PRE_L5.MH575740,32,0,0,0,-1
B.US.2016.9251_PRE_G5.MH575708,35,0,0,0,0
B.US.2016.9252_PRE_E14.MH575669,22,0,0,0,0
B.US.2016.9252_PRE_H7.MH575662,22,0,0,0,0
B.US.2016.9252_REBOUND_S70_D5.MH575687,31,0,0,0,2
B.US.2016.9252_REBOUND_S71_D3.MH575682,31,0,0,0,2
B.US.2016.9252_W12_12Q1.MH575588,22,0,0,0,0
B.US.2016.VA40774.MK499378,38,0,0,0,-4
B.US.2016.V704_1225_310EN14.ON980875,32,0,0,0,-1
B.US.2016.V704_1225_310EN28.ON980876,32,0,0,0,-1
B.US.2016.V704_1712_090SN.ON980898,34,0,0,0,-1
B.US.2017.B004_ENV02.PP728312,34,0,0,0,-4
B.US.2017.B005_ENV03.PP728313,33,0,0,0,-1
B.US.2017.B006_ENV02.PP728314,32,0,0,0,-4
B.US.2017.B006_ENV10.PP728315,27,0,0,0,-3
B.US.2017.B012_ENV02.PP728323,30,0,0,0,2
B.US.2017.B013_ENV02.PP728324,29,0,0,0,0
B.US.2017.B016_ENV01.PP728327,34,0,0,0,-2
B.US.2017.B016_ENV02.PP728328,31,0,0,0,-1
B.US.2017.B023_ENV09.PP728333,34,0,0,0,-1
B.US.2017.B024_ENV01.PP728334,41,0,0,0,3
B.US.2017.B025_ENV04.PP728335,35,0,0,0,-2
B.US.2017.V704_0941_120SN.ON980865,28,0,0,0,-2
B.US.2017.V704_0726_080SN.ON980844,38,0,0,0,0
B.US.2017.V704_1731_070EN_04.ON980900,31,0,0,0,1
B.US.2017.V704_1731_070EN_12.ON980901,31,0,0,0,1
B.US.2017.V704_1941_120SN.ON980914,30,0,0,0,-1
B.US.2017.V704_0218_030CN.ON980820,33,2,0,0,-1
B.US.2017.V704_0907_130SN.ON980862,27,0,0,0,-3
B.US.2017.V704_0911_150SN.ON980863,35,0,0,0,-1
B.US.2017.V704_1535_030SN.ON980889,30,0,0,0,-1
B.US.2017.V704_2189_030SN.ON980926,29,0,0,0,1
B.US.2017.V704_2531_140SN.ON980933,29,0,0,0,-1
B.US.2017.V704_2407_150_RE_P002S.ON980928,33,0,0,0,-2
B.US.2017.V704_2407_150_RE_P003S.ON980929,30,0,0,0,-1
B.US.2017.V704_2407_150SN.ON980930,36,0,0,0,-1
B.US.2017.V704_2777_210_SN_01G.ON980950,31,0,0,0,-3
B.US.2017.V704_2777_210_SN_02A.ON980951,31,0,0,0,-3
B.US.2018.B001_ENV02.PP728307,30,0,0,0,2
B.US.2018.B001_ENV06.PP728308,30,0,0,0,3
B.US.2018.B002_ENV03.PP728309,29,0,0,0,1
B.US.2018.B003_ENV04.PP728310,32,1,0,0,-1
B.US.2018.B003_ENV06.PP728311,32,0,0,0,-2
B.US.2018.B007_ENV01.PP728316,33,0,0,0,-1
B.US.2018.B007_ENV06.PP728317,33,0,0,0,0
B.US.2018.B008_ENV05.PP728318,29,0,0,0,0
B.US.2018.B009_ENV07.PP728319,34,0,0,0,-1
B.US.2018.B009_ENV11.PP728320,30,0,0,0,-2
B.US.2018.B010_ENV09.PP728321,46,0,0,0,1
B.US.2018.B011_ENV04.PP728322,34,0,0,0,-3
B.US.2018.B015_ENV04.PP728325,29,0,0,0,-4
B.US.2018.B015_ENV07.PP728326,34,0,0,0,-1
B.US.2018.B019_ENV02.PP728329,30,0,0,0,0
B.US.2018.B020_ENV06.PP728330,32,0,0,0,-4
B.US.2018.B021_ENV03.PP728331,26,0,0,0,-1
B.US.2018.B021_ENV08.PP728332,29,0,0,0,1
B.US.2018.B026_ENV05.PP728336,31,0,0,0,-2
B.US.2018.B027_ENV01.PP728337,26,1,0,0,0
B.US.2018.B027_ENV08.PP728338,26,0,0,0,-1
B.US.2018.B028_ENV03.PP728339,31,0,0,0,-1
B.US.2018.B028_ENV06.PP728340,31,0,0,0,0
B.US.2018.B030_ENV09.PP728341,32,0,0,0,-2
B.US.2018.B032_ENV07.PP728342,36,0,0,0,1
B.US.2018.B033_ENV02.PP728343,30,0,0,0,1
B.US.2018.B035_ENV05.PP728344,32,0,0,0,-2
B.US.2018.B035_ENV09.PP728345,39,0,0,0,-3
B.US.2018.B036_ENV03.PP728346,32,0,0,0,-1
B.US.2018.B036_ENV13.PP728347,32,0,0,0,-2
B.US.2018.B037_ENV02.PP728348,31,0,0,0,-5
B.US.2018.B037_ENV16.PP728349,31,0,0,0,-4
B.US.2018.B039_ENV02.PP728350,34,1,0,0,-3
B.US.2018.V704_2544_140EN01.ON980940,38,0,0,0,-1
B.US.2018.V704_2544_140EN02.ON980941,35,0,0,0,-1
B.US.2018.V704_2544_150_RE_P001S.ON980942,38,0,0,0,-1
B.US.2018.V704_2901_170_RE_SGA01_S.ON980957,31,0,0,0,-1
B.US.2018.V704_2901_190ESN_01T.ON980958,31,0,0,0,-1
B.US.2018.V704_2901_190ESN_02C.ON980959,31,0,0,0,-1
B.US.2018.V704_2901_190_RE_PBLIB002_S.ON980960,31,0,0,0,-1
B.US.2018.V704_2165_231_ESN.OR508936,31,0,0,0,0
B.US.2018.V704_2981_150_RE_P001S_2559A.ON980961,29,0,0,0,-1
B.US.2018.V704_2981_150_RE_P002S_2559A.ON980962,31,0,0,0,0
B.US.2018.V704_2981_150_RE_PBLIB003_S.ON980963,31,0,0,0,0
B.US.2018.V704_2981_150_RE_PBLIB005_S.ON980964,29,0,0,0,-1
B.US.2018.V704_2148_260ESN.OR508937,39,0,0,0,-3
B.US.2018.V704_1969_210ESN.ON980916,20,0,0,0,-2
B.US.2018.V704_1969_210_RE_PBSGA002_S.ON980915,20,0,0,0,-2
B.US.2018.V704_1183_220ESN.ON980873,32,0,0,0,2
B.US.2018.V704_2560_250_RE_P001S_1602A.OR508942,29,0,0,0,2
B.US.2018.V704_2560_250_RE_P002S_1602A.OR508943,29,0,0,0,1
B.US.2019.1536_BL_E11_4.MZ397072,31,1,0,0,0
B.US.2019.1536_BL_E5_3.MZ397070,29,1,0,0,1
B.US.2019.1536_BL_E6_1.MZ397071,29,1,0,0,1
B.US.2019.1536_BL_G9_4.MZ397073,31,1,0,0,0
B.US.2019.1536_V15_A12_4.MZ397066,29,1,0,0,0
B.US.2019.1536_V15_C11_2.MZ397067,29,0,0,0,1
B.US.2019.1536_V15_C7_1.MZ397064,29,1,0,0,0
B.US.2019.1536_V15_D11_4.MZ397069,31,1,0,0,0
B.US.2019.1536_V15_D12_1.MZ397065,29,1,0,0,0
B.US.2019.1536_V15_D6_1.MZ397068,31,1,0,0,0
B.US.2019.1536_V16_A9_2.MZ397076,29,1,0,0,1
B.US.2019.1536_V16_B1_3.MZ397075,29,1,0,0,0
B.US.2019.1536_V16_B6_1.MZ397077,31,1,0,0,0
B.US.2019.1536_V16_B7_3.MZ397074,29,1,0,0,1
B.US.2019.2305_BL_G1_1.MZ397088,36,0,0,0,0
B.US.2019.2305_BL_G2_1.MZ397089,36,0,0,0,2
B.US.2019.2305_BL_H1_3.MZ397090,36,0,0,0,-1
B.US.2019.2305_BL_H4_3.MZ397087,36,0,0,0,0
B.US.2019.2305_V7_E5_2.MZ397078,36,0,0,0,0
B.US.2019.2305_V7_F1_4.MZ397079,36,0,0,0,1
B.US.2019.2305_V7_G2_2.MZ397080,36,0,0,0,1
B.US.2019.2305_V7_G5_4.MZ397082,36,0,0,0,1
B.US.2019.2305_V7_G6_1.MZ397081,36,0,0,0,1
B.US.2019.2305_V7_G7_1.MZ397083,36,0,0,0,1
B.US.2019.2305_V7_G9_2.MZ397084,36,0,0,0,1
B.US.2019.2305_V7_H11_2.MZ397086,36,0,0,0,0
B.US.2019.2305_V7_H5_1.MZ397085,36,0,0,0,0
B.US.2019.2319_BL_A3_2.MZ397137,31,0,0,0,0
B.US.2019.2319_BL_B1_2.MZ397138,31,0,0,0,0
B.US.2019.2319_BL_B2_4.MZ397139,31,0,0,0,0
B.US.2019.2319_BL_B3_2.MZ397140,31,0,0,0,0
B.US.2019.2319_BL_C1_4.MZ397141,31,0,0,0,0
B.US.2019.2319_BL_E10_2.MZ397135,31,0,0,0,0
B.US.2019.2319_BL_E12_2.MZ397133,31,0,0,0,0
B.US.2019.2319_BL_E3_1.MZ397136,31,0,0,0,0
B.US.2019.2319_BL_F1_1.MZ397131,31,0,0,0,0
B.US.2019.2319_BL_H1_1.MZ397132,31,0,0,0,0
B.US.2019.2319_BL_H4_4.MZ397134,31,0,0,0,0
B.US.2019.2319_BL_H7_1.MZ397130,31,0,0,0,0
B.US.2019.2319_V7_B1_3.MZ397142,31,0,0,0,0
B.US.2019.2319_V7_C1_4.MZ397143,31,0,0,0,0
B.US.2019.2319_V7_D2_4.MZ397145,31,0,0,0,0
B.US.2019.2319_V7_H3_2.MZ397144,31,0,0,0,0
B.US.2019.2936_BL_B10_3.MZ397048,34,0,0,0,-3
B.US.2019.2936_BL_C1_3.MZ397049,34,0,0,0,-3
B.US.2019.2936_BL_E10_2.MZ397047,34,0,0,0,-3
B.US.2019.2936_V9_A3_3.MZ397042,34,0,0,0,-3
B.US.2019.2936_V9_B3_2.MZ397039,34,0,0,0,-3
B.US.2019.2936_V9_B4_3.MZ397041,34,0,0,0,-3
B.US.2019.2936_V9_C3_2.MZ397040,34,0,0,0,-3
B.US.2019.2936_V9_C5_2.MZ397043,34,0,0,0,-3
B.US.2019.2936_V9_D3_3.MZ397044,34,0,0,0,-3
B.US.2019.2936_V9_E3_3.MZ397045,34,0,0,0,-3
B.US.2019.2936_V9_F2_3.MZ397046,34,0,0,0,-3
B.US.2019.2990_BL_E2_8.MZ397051,32,0,0,0,-3
B.US.2019.2990_BL_E5_2.MZ397063,33,0,0,0,-2
B.US.2019.2990_BL_F1_1.MZ397061,33,0,0,0,-2
B.US.2019.2990_BL_F4_2.MZ397060,32,0,0,0,-3
B.US.2019.2990_BL_G1_2.MZ397062,33,0,0,0,-2
B.US.2019.2990_V7_B5_2.MZ397054,33,0,0,0,-1
B.US.2019.2990_V7_B6_2.MZ397052,33,0,0,0,-3
B.US.2019.2990_V7_C10_3.MZ397057,33,0,0,0,-3
B.US.2019.2990_V7_C1_4.MZ397055,30,0,0,0,-3
B.US.2019.2990_V7_C2_3.MZ397050,30,0,0,0,-3
B.US.2019.2990_V7_C9_1.MZ397056,30,0,0,0,-3
B.US.2019.2990_V7_D4_4.MZ397058,30,0,0,0,-3
B.US.2019.2990_V7_F2_3.MZ397059,30,0,0,0,-3
B.US.2019.2990_V7_F7_2.MZ397053,33,0,0,0,-3
B.US.2019.4236_BL_A9_1.MZ397094,30,0,0,0,-3
B.US.2019.4236_BL_C1_1.MZ397095,29,0,0,0,-2
B.US.2019.4236_BL_C5_3.MZ397093,30,0,0,0,-1
B.US.2019.4236_V11_D8_4.MZ397091,30,0,0,0,-3
B.US.2019.4236_V9_G10_3.MZ397092,31,0,0,0,-1
B.US.2019.5257_BL_A3_2.MZ397098,29,0,0,0,-1
B.US.2019.5257_BL_B12_4.MZ397097,29,0,0,0,1
B.US.2019.5257_BL_F4_4.MZ397096,29,0,0,0,1
B.US.2019.5257_V7_B12_3.MZ397104,28,0,0,0,-1
B.US.2019.5257_V7_B9_2.MZ397102,29,0,0,0,0
B.US.2019.5257_V7_C1_1.MZ397103,29,0,0,0,1
B.US.2019.5257_V7_D2_1.MZ397105,28,0,0,0,-1
B.US.2019.5257_V7_D6_1.MZ397106,28,0,0,0,-1
B.US.2019.5257_V7_D7_1.MZ397107,29,0,0,0,0
B.US.2019.5257_V7_E2_1.MZ397099,29,0,0,0,0
B.US.2019.5257_V7_G10_1.MZ397101,29,0,0,0,-1
B.US.2019.5257_V7_H3_1.MZ397100,29,0,0,0,0
B.US.2019.6113_BL_A3_4.MZ397036,34,0,0,0,-3
B.US.2019.6113_BL_A5_4.MZ397034,34,0,0,0,-3
B.US.2019.6113_BL_B4_3.MZ397038,34,0,0,0,-2
B.US.2019.6113_BL_C10_4.MZ397035,34,0,0,0,-2
B.US.2019.6113_BL_D6_4.MZ397037,34,0,0,0,-2
B.US.2019.6113_V14_A10_1.MZ397027,34,0,0,0,-3
B.US.2019.6113_V14_A11_1.MZ397028,34,0,0,0,-3
B.US.2019.6113_V14_B5_2.MZ397030,34,0,0,0,-3
B.US.2019.6113_V14_C7_3.MZ397029,34,0,0,0,-3
B.US.2019.6113_V14_D8_2.MZ397031,34,0,0,0,-1
B.US.2019.6113_V14_E1_2.MZ397032,34,0,0,0,-3
B.US.2019.6113_V14_G11_1.MZ397033,34,0,0,0,-3
B.US.2019.6292_BL_A4_1.MZ396988,22,0,0,0,-3
B.US.2019.6292_BL_B2_1.MZ396981,23,0,0,0,-1
B.US.2019.6292_BL_C4_1.MZ396980,23,0,0,0,-1
B.US.2019.6292_BL_D2_3.MZ396982,23,0,0,0,-1
B.US.2019.6292_BL_D4_1.MZ396986,22,0,0,0,0
B.US.2019.6292_BL_F2_2.MZ396984,22,0,0,0,-2
B.US.2019.6292_BL_G2_1.MZ396983,22,0,0,0,-2
B.US.2019.6292_BL_G4_3.MZ396987,22,0,0,0,-1
B.US.2019.6292_BL_H4_2.MZ396985,22,0,0,0,-2
B.US.2019.6292_V7_A11_1.MZ396996,22,0,0,0,0
B.US.2019.6292_V7_A6_1.MZ396995,22,0,0,0,0
B.US.2019.6292_V7_B9_2.MZ396993,22,0,0,0,-2
B.US.2019.6292_V7_C12_1.MZ396999,22,0,0,0,0
B.US.2019.6292_V7_C8_1.MZ396994,22,0,0,0,-2
B.US.2019.6292_V7_F10_2.MZ396998,22,0,0,0,-1
B.US.2019.6292_V7_F12_4.MZ396997,22,0,0,0,0
B.US.2019.6292_V7_F5_2.MZ396992,22,0,0,0,-2
B.US.2019.6292_V7_G10_4.MZ396990,22,0,0,0,-2
B.US.2019.6292_V7_G8_4.MZ396991,22,0,0,0,-2
B.US.2019.6292_V7_H7_4.MZ396989,22,0,0,0,-2
B.US.2019.65021_BASELINE_V2_E3_2.PP961151,31,0,0,0,-1
B.US.2019.65021_BASELINE_V2_E5_3.PP961153,31,0,0,0,0
B.US.2019.65021_BASELINE_V2_E6_1.PP961154,31,0,0,0,0
B.US.2019.65021_BASELINE_V2_F10_1.PP961159,31,0,0,0,0
B.US.2019.65021_BASELINE_V2_F8_3.PP961158,31,0,0,0,0
B.US.2019.6775_BL_B10_3.MZ397024,30,0,0,0,-2
B.US.2019.6775_BL_E3_3.MZ397026,33,0,0,0,0
B.US.2019.6775_BL_E5_2.MZ397025,33,1,0,0,-1
B.US.2019.6775_BL_F5_2.MZ397023,30,0,0,0,-2
B.US.2019.6775_BL_G10_2.MZ397020,30,0,0,0,0
B.US.2019.6775_BL_G3_4.MZ397019,30,0,0,0,0
B.US.2019.6775_BL_H10_4.MZ397021,30,0,0,0,-2
B.US.2019.6775_BL_H7_3.MZ397022,30,0,0,0,-3
B.US.2019.6775_V7_D2_4.MZ397015,30,0,0,0,-1
B.US.2019.6775_V7_D3_3.MZ397014,30,0,0,0,-1
B.US.2019.6775_V7_D6_3.MZ397017,30,0,0,0,-1
B.US.2019.6775_V7_D7_3.MZ397018,30,0,0,0,-3
B.US.2019.6775_V7_E5_1.MZ397016,30,0,0,0,-1
B.US.2019.7190_BL_A3_2.MZ397116,20,0,0,0,-1
B.US.2019.7190_BL_A9_3.MZ397115,18,0,0,0,-1
B.US.2019.7190_BL_B1_1.MZ397114,22,0,0,0,-1
B.US.2019.7190_BL_C12_2.MZ397113,18,0,0,0,-1
B.US.2019.7190_BL_D10_4.MZ397117,20,0,0,0,-2
B.US.2019.7190_V7_A3_5.MZ397111,25,0,0,0,0
B.US.2019.7190_V7_A9_8.MZ397108,22,0,0,0,-1
B.US.2019.7190_V7_B11_4.MZ397112,22,0,0,0,-2
B.US.2019.7190_V7_F3_5.MZ397109,25,0,0,0,-1
B.US.2019.7190_V7_G1_8.MZ397110,22,0,0,0,-1
B.US.2019.8074_BL_D10_2.MZ397127,44,0,0,0,0
B.US.2019.8074_BL_E12_4.MZ397124,34,0,0,0,0
B.US.2019.8074_BL_E8_1.MZ397125,34,0,0,0,0
B.US.2019.8074_BL_F11_2.MZ397128,35,0,0,0,0
B.US.2019.8074_BL_F2_4.MZ397126,44,0,0,0,0
B.US.2019.8074_BL_F3_3.MZ397123,34,0,0,0,0
B.US.2019.8074_BL_F6_2.MZ397129,37,0,0,0,0
B.US.2019.8074_V7_E10_4.MZ397120,37,0,0,0,0
B.US.2019.8074_V7_E11_1.MZ397122,34,0,0,0,-1
B.US.2019.8074_V7_E2_2.MZ397118,37,0,0,0,0
B.US.2019.8074_V7_E4_4.MZ397119,37,0,0,0,0
B.US.2019.8074_V7_G10_1.MZ397121,37,0,0,0,0
B.US.2019.9372_BL_A10_1.MZ397004,30,0,0,0,0
B.US.2019.9372_BL_C3_3.MZ397001,30,0,0,0,-2
B.US.2019.9372_BL_C5_2.MZ397005,30,0,0,0,-1
B.US.2019.9372_BL_E11_1.MZ397003,30,0,0,0,-2
B.US.2019.9372_BL_E2_1.MZ397000,30,0,0,0,-1
B.US.2019.9372_BL_E6_1.MZ397008,30,0,0,0,-2
B.US.2019.9372_BL_E7_1.MZ397009,30,0,0,0,-2
B.US.2019.9372_BL_F5_4.MZ397006,30,0,0,0,-2
B.US.2019.9372_BL_F7_1.MZ397007,30,0,0,0,-1
B.US.2019.9372_BL_H4_1.MZ397002,30,0,0,0,-2
B.US.2019.9372_V7_E10_3.MZ397011,30,0,0,0,-1
B.US.2019.9372_V7_F1_2.MZ397012,30,0,0,0,-2
B.US.2019.9372_V7_G2_2.MZ397010,30,0,0,0,-2
B.US.2019.9372_V7_G4_2.MZ397013,30,0,0,0,-1
B.US.2019.98059_BASELINE_V1_C4.PP961192,32,0,0,0,-2
B.US.2019.98059_BASELINE_V1_D6.PP961194,32,0,0,0,-3
B.US.2019.V704_0856_240_RE_PB001_S.OQ912891,30,0,0,0,0
B.US.2019.V704_2171_250_RE_CON_S.OR508947,38,0,0,0,0
B.US.2019.V704_2838_260_RE_PBLIB001_S.OR508954,29,0,0,0,-1
B.US.2019.V704_2838_260_RE_PBLIB002_S.OR508955,29,0,0,0,-1
B.US.2020.65010_REBOUND_V21_A4A_2.PP960842,32,0,0,0,-2
B.US.2020.65010_REBOUND_V21_A4B_4.PP960843,32,0,0,0,-2
B.US.2020.65010_REBOUND_V21_A8A_2.PP960847,32,0,0,0,-2
B.US.2020.65010_REBOUND_V21_B2_11.PP960853,32,0,0,0,-2
B.US.2020.65010_REBOUND_V21_B8A_6.PP960855,32,0,0,0,-2
B.US.2020.65010_REBOUND_V21_E6A_1.PP960863,32,0,0,0,0
B.US.2020.65010_REBOUND_V21_E6B_1.PP960864,32,0,0,0,-2
B.US.2020.65015_REBOUND_V23_1_B3_2.PP960876,32,0,0,0,-3
B.US.2020.65015_REBOUND_V23_1_B4_10.PP960877,32,0,0,0,-2
B.US.2020.65015_REBOUND_V23_1_C1_4.PP960880,32,0,0,0,-2
B.US.2020.65015_REBOUND_V23_1_C6_5.PP960881,32,0,0,0,-2
B.US.2020.65015_REBOUND_V23_1_D12_12.PP960884,32,0,0,0,-2
B.US.2020.65015_REBOUND_V23_1_D9_6.PP960883,32,0,0,0,-2
B.US.2020.65015_REBOUND_V23_1_E3_1.PP961055,32,0,0,0,-2
B.US.2020.65021_REBOUND_V8_1_B11_2.PP960896,31,0,0,0,-1
B.US.2020.65021_REBOUND_V8_1_B3B_1.PP960893,31,0,0,0,-1
B.US.2020.65021_REBOUND_V8_1_B4B_11.PP960894,31,0,0,0,-1
B.US.2020.65021_REBOUND_V8_1_B5_2.PP960895,31,0,0,0,-1
B.US.2020.65021_REBOUND_V8_1_C1_6.PP960897,31,0,0,0,-2
B.US.2020.65021_REBOUND_V8_1_C4_6.PP960898,31,0,0,0,-1
B.US.2020.65021_REBOUND_V8_1_C8_11.PP960900,31,0,0,0,-1
B.US.2020.65021_REBOUND_V8_1_D10.PP960907,31,0,0,0,-1
B.US.2020.65021_REBOUND_V8_1_D3_9.PP960902,31,0,0,0,-1
B.US.2020.65021_REBOUND_V8_1_D6_1.PP960904,31,0,0,0,-1
B.US.2020.65021_REBOUND_V8_1_D7_5.PP960905,31,0,0,0,-1
B.US.2020.98050_REBOUND_VA0_C7_8.PP960917,31,0,0,0,0
B.US.2020.98050_REBOUND_VA0_E1.PP960923,31,0,0,0,0
B.US.2020.98050_REBOUND_VA0_E3B_6.PP960926,31,0,0,0,0
B.US.2020.98050_REBOUND_VA0_E9A_1.PP960928,31,0,0,0,0
B.US.2020.98050_REBOUND_VA0_F8_3.PP960933,31,0,0,0,0
B.US.2020.98050_REBOUND_VA0_F9B_1.PP960935,31,0,0,0,0
B.US.2020.98050_REBOUND_VA0_H12_7.PP960954,31,0,0,0,0
B.US.2020.98050_REBOUND_VA0_H9_2.PP960950,31,0,0,0,0
B.US.2020.98058_REBOUND_V28_C4_5.PP960975,36,1,0,0,-2
B.US.2020.98058_REBOUND_VA0_A10B_5.PP961064,36,1,0,0,-2
B.US.2020.98058_REBOUND_VA0_A1_4.PP960955,36,1,0,0,-2
B.US.2020.98058_REBOUND_VA0_C11_5.PP960965,36,1,0,0,-2
B.US.2020.98058_REBOUND_VA0_C12_5.PP960966,33,1,0,0,-2
B.US.2020.98058_REBOUND_VA0_C3A.PP960961,36,1,0,0,-2
B.US.2020.98058_REBOUND_VA0_C3B_1.PP960962,36,1,0,0,-2
B.US.2020.98058_REBOUND_VA0_D9A_7.PP960971,36,1,0,0,-2
B.US.2020.98059_REBOUND_V1_A0_C1_2.PP960978,32,0,0,0,-3
B.US.2020.98059_REBOUND_V1_A0_C6_7.PP960980,32,0,0,0,-3
B.US.2020.98059_REBOUND_V1_A0_D11_5.PP960985,32,0,0,0,-3
B.US.2020.98059_REBOUND_V1_A0_D1_6.PP960983,32,0,0,0,-3
B.US.2020.98059_REBOUND_V1_A0_D8_10.PP960984,32,0,0,0,-2
B.US.2020.98059_REBOUND_V1_A0_F7B_5.PP960993,32,0,0,0,-3
B.US.2020.98059_REBOUND_V1_A0_G11_2.PP961000,32,0,0,0,-3
B.US.2020.98059_REBOUND_V1_A0_G5_1.PP960998,32,0,0,0,-3
B.US.2020.98060_REBOUND_VA0_A1_1.PP961008,36,1,0,0,-1
B.US.2020.98060_REBOUND_VA0_B11.PP961010,36,1,0,0,-1
B.US.2020.98060_REBOUND_VA0_D2_2.PP961018,36,1,0,0,-1
B.US.2020.98060_REBOUND_VA0_E5_2.PP961022,36,1,0,0,-1
B.US.2020.98060_REBOUND_VA0_F10_1B.PP961031,36,1,0,0,-1
B.US.2020.98060_REBOUND_VA0_F7B_3.PP961027,36,1,0,0,-2
B.US.2020.98060_REBOUND_VA0_H3_2.PP961039,36,1,0,0,-1
B.US.x.653116_0_82YPI_SGA01.MT023029,31,0,0,0,-1
B.US.x.653116_0_89YPI_SGA03.MT457784,31,0,0,0,-1
B.US.x.653116_4_55YPI_SGA18.MT023032,31,0,0,0,0
B.US.x.653116_4_55YPI_SGA24.MT023033,31,0,0,0,1
B.US.x.653116_4_55YPI_SGA29.MT023030,31,0,0,0,2
B.US.x.653116_4_55YPI_SGA30.MT023031,30,0,0,0,0
B.US.x.653116_6_49YPI_SGA38_E1.MT023027,31,0,0,0,0
B.US.x.653116_6_49YPI_SGA39_NE1.MT023028,31,0,0,0,1
B.US.x.653116_E1_R563Q.,31,0,0,0,0
B.US.x.653116_NE1_Q563R.,31,0,0,0,1
B.US.x.693_1969_V11_A11_4_REBOUND.ON014886,35,0,0,0,0
B.US.x.693_1969_V11_A4_2_REBOUND.ON014884,35,0,0,0,1
B.US.x.693_1969_V11_A7_1_REBOUND.ON014885,35,0,0,0,0
B.US.x.693_1969_V11_B11_2_REBOUND.ON014890,35,0,0,0,0
B.US.x.693_1969_V11_B12_1_REBOUND.ON014891,35,0,0,0,0
B.US.x.693_1969_V11_B1_7_REBOUND.ON014887,35,0,0,0,1
B.US.x.693_1969_V11_B3_1_REBOUND.ON014888,35,0,0,0,0
B.US.x.693_1969_V11_C11_4_REBOUND.ON014894,35,0,0,0,0
B.US.x.693_1969_V11_C4_1_REBOUND.ON014892,35,0,0,0,0
B.US.x.693_1969_V11_C8_1_REBOUND.ON014893,35,0,0,0,0
B.US.x.693_1969_V2_A11_1_BASELINE.ON014875,35,0,0,0,1
B.US.x.693_1969_V2_A2_3_BASELINE.ON014871,35,0,0,0,1
B.US.x.693_1969_V2_A7_1_BASELINE.ON014872,35,0,0,0,0
B.US.x.693_1969_V2_A9_1_BASELINE.ON014874,35,0,0,0,1
B.US.x.693_1969_V2_C11_8_BASELINE.ON014879,35,0,0,0,1
B.US.x.693_1969_V2_C3_11_BASELINE.ON014876,35,0,0,0,0
B.US.x.693_1969_V2_D2_3_BASELINE.ON014881,35,0,0,0,1
B.US.x.693_1969_V2_D7_8_BASELINE.ON014882,35,0,0,0,1
B.US.x.693_1969_V2_D8_3_BASELINE.ON014883,35,0,0,0,1
B.US.x.693_2215_V2_A6_3_BASELINE.ON014896,34,0,0,0,0
B.US.x.693_2215_V2_C1_2_BASELINE.ON014895,34,0,0,0,0
B.US.x.693_2215_V2_C2_4_BASELINE.ON014907,34,0,0,0,0
B.US.x.693_2215_V2_D11_9_BASELINE.ON014900,34,0,0,0,0
B.US.x.693_2215_V2_D7_1_BASELINE.ON014905,34,0,0,0,-1
B.US.x.693_2215_V2_D7_2_BASELINE.ON014913,34,0,0,0,-1
B.US.x.693_2215_V9_A6_1_REBOUND.ON014906,34,0,0,0,0
B.US.x.693_2215_V9_A7_1_REBOUND.ON014911,34,0,0,0,0
B.US.x.693_2215_V9_B9_1_REBOUND.ON014909,34,0,0,0,0
B.US.x.693_2215_V9_C11_1_REBOUND.ON014899,34,0,0,0,0
B.US.x.693_2215_V9_D2_4_REBOUND.ON014908,34,0,0,0,0
B.US.x.693_2215_V9_D7_3_REBOUND.ON014912,34,0,0,0,0
B.US.x.693_2215_V9_G10_2_REBOUND.ON014898,34,0,0,0,0
B.US.x.693_2215_V9_G4_3_REBOUND.ON014910,34,0,0,0,0
B.US.x.693_7312_V2_A2_2_BASELINE.ON014928,31,0,0,0,-1
B.US.x.693_7312_V2_A3_3_BASELINE.ON014926,31,0,0,0,-1
B.US.x.693_7312_V7_D8_8_REBOUND.ON014930,31,0,0,0,-1
B.US.x.693_7312_V7_E4_2_REBOUND.ON014932,31,0,0,0,-1
B.US.x.693_7312_V7_E8_4_REBOUND.ON014931,31,0,0,0,-1
B.US.x.693_7312_V7_F9_1_REBOUND.ON014929,31,0,0,0,-1
B.US.x.693_7989_V2_A2_3_BASELINE.ON014844,31,0,0,0,-1
B.US.x.693_7989_V2_B4_4_BASELINE.ON014845,31,0,0,0,-1
B.US.x.693_7989_V2_B4_5_BASELINE.ON014846,31,0,0,0,-1
B.US.x.693_7989_V2_B8_2_BASELINE.ON014848,31,0,0,0,-1
B.US.x.693_7989_V2_C4_2_BASELINE.ON014850,31,0,0,0,-1
B.US.x.693_7989_V2_C4_4_1_BASELINE.ON014851,31,0,0,0,-1
B.US.x.693_7989_V2_F1_2_BASELINE.ON014858,31,0,0,0,-1
B.US.x.693_7989_V2_F9_4_BASELINE.ON014860,31,0,0,0,-1
B.US.x.693_7989_V9_A11_1_REBOUND.ON014864,31,0,0,0,-1
B.US.x.693_7989_V9_A4_1_REBOUND.ON014861,31,0,0,0,-1
B.US.x.693_7989_V9_A7_1_REBOUND.ON014862,31,0,0,0,-1
B.US.x.693_7989_V9_A8_1_REBOUND.ON014863,31,0,0,0,-1
B.US.x.693_7989_V9_B1_1_REBOUND.ON014865,31,0,0,0,-1
B.US.x.693_7989_V9_B2_2_REBOUND.ON014866,31,0,0,0,-1
B.US.x.693_7989_V9_B8_14_REBOUND.ON014867,31,0,0,0,-1
B.US.x.693_7989_V9_D8_1_REBOUND.ON014870,31,0,0,0,-1
B.US.x.693_7989_V9_D9_1_REBOUND.ON014869,31,0,0,0,-1
B.US.x.701A_D0_06_26_G4_S16.KX984388,31,0,0,0,-4
B.US.x.701B_D0_06_19_A10_S92.KX984390,31,0,0,0,-1
B.US.x.701_W6_P_06_12_C11_S5.KX984411,31,0,0,0,-1
B.US.x.701_W6_P_06_12_C7_S4.KX984412,31,0,0,0,-1
B.US.x.701_W7_P_06_12_A2_S93.KX984434,31,0,0,0,-1
B.US.x.701_W7_P_06_12_B3_S96.KX984436,31,0,0,0,-1
B.US.x.702_D0_06_19_F7_S91.KX984455,34,0,0,0,0
B.US.x.702_D0_06_29_A3_S36.KX984456,34,0,0,0,0
B.US.x.702_W5_P_06_12_C7_S18.KX984480,34,0,0,0,0
B.US.x.702_W5_P_06_12_E2_S21.KX984481,34,0,0,0,0
B.US.x.702_W6_P_06_12_C3_S36.KX984500,34,0,0,0,0
B.US.x.702_W6_P_06_12_H11_S63.KX984519,34,0,0,0,0
B.US.x.703_W5_P_06_12_D5_S84.KX984540,35,0,0,0,-3
B.US.x.703_W5_P_06_12_H1_S90.KX984545,30,0,0,0,1
B.US.x.703_W6_P_06_12_D10_S67.KX984573,35,0,0,0,-3
B.US.x.703_W6_P_06_12_D7_S66.KX984575,35,0,0,0,-3
B.US.x.704_D0_06_26_D1_S27.KX984601,31,0,0,0,-1
B.US.x.704_W5_P_06_19_A3_S59.KX984631,31,0,0,0,-1
B.US.x.704_W6_P_06_19_E11_S80.KX984655,31,0,0,0,-2
B.US.x.704_W6_P_06_19_G11_S87.KX984662,31,0,0,0,-1
B.US.x.707_D0A_CX_E3_S14.KX984698,31,0,0,0,1
B.US.x.707_D0A_F10_S45.KX984693,31,0,0,0,1
B.US.x.707_W9_P_B6_S13.KX984700,31,0,0,0,0
B.US.x.707_W9_P_C5_S91.KX984708,31,0,0,0,0
B.US.x.708_D0_CX_B1_S26.KX984765,31,0,0,0,-4
B.US.x.708_D0_CX_F10_S74.KX984769,31,0,0,0,-3
B.US.x.708_W9_P_H10_S81.KX984771,33,0,0,0,0
B.US.x.709_W5_P_A8_S5.KX984843,31,0,0,0,1
B.US.x.709_W6_P_D5_S19.KX984869,28,0,0,0,-1
B.US.x.91C22_D0_S50_A5.MH632773,36,0,0,0,0
B.US.x.91C22_D0_S52_A6.MH632775,29,0,0,0,-1
B.US.x.91C22_D0_S68_A2.MH632768,29,0,0,0,0
B.US.x.91C22_D0_S86_A10.MH632783,29,0,0,0,-1
B.US.x.91C22_W14_S28_B3.MH632790,29,0,0,0,-1
B.US.x.91C22_W14_S31_B1.MH632792,29,0,0,0,-1
B.US.x.91C22_W14_S34_A11.MH632794,36,0,0,0,0
B.US.x.91C22_W14_S48_B4.MH632788,29,0,0,0,-1
B.US.x.91C22_W16_S42_B7.MH632803,36,0,0,0,0
B.US.x.91C33_D0_S17_A3.MH632954,34,1,0,0,-2
B.US.x.91C33_D0_S49_A9.MH632949,27,0,0,0,0
B.US.x.91C33_D0_S63_A5.MH632945,34,1,0,0,-2
B.US.x.91C33_D0_S75_A6.MH632950,27,0,0,0,0
B.US.x.91C33_D0_S82_A4.MH632935,34,0,0,0,-3
B.US.x.91C34_D0_S15_0_4.MH632959,35,0,0,0,-3
B.US.x.91C34_D0_S33_0_1.MH632969,35,0,0,0,-3
B.US.x.91C34_D0_S35_0_2.MH632957,28,0,0,0,-2
B.US.x.91C34_D0_S7_0_10.MH632968,28,0,0,0,-2
B.US.x.91C34_W12_S11_12_5.MH633020,35,0,0,0,-2
B.US.x.91C34_W12_S1_12_1.MH633014,35,0,0,0,-4
B.US.x.91C34_W12_S18_12_4.MH633011,35,0,0,0,-2
B.US.x.91C34_W12_S19_12_8.MH633012,28,0,0,0,-2
B.US.x.91C34_W12_S4_12_2.MH633016,35,0,0,0,-4
B.US.x.91C34_W12_S6_12_7.MH633017,28,0,0,0,-2
B.US.x.91C34_W6_S43_6_4.MH632979,35,0,0,0,-5
B.US.x.91C34_W6_S52_6_6.MH632986,35,0,0,0,-5
B.US.x.91C35_D0_S13_A2.MH632829,30,0,0,0,2
B.US.x.91C35_D0_S14_A3.MH632830,30,0,0,0,1
B.US.x.91C35_D0_S19_A4.MH632833,30,0,0,0,1
B.US.x.91C35_D0_S2_A1.MH632828,30,0,0,0,1
B.US.x.91C35_D0_S33_A5.MH632834,30,0,0,0,1
B.US.x.91C35_D0_S35_A7.MH632836,30,0,0,0,2
B.US.x.91C35_D0_S41_A10.MH632838,30,0,0,0,1
B.US.x.91C35_D0_S62_A12.MH632842,30,0,0,0,2
B.US.x.91C35_D0_S66_B1.MH632846,30,0,0,0,1
B.US.x.91C35_W3_S60_B3.MH632911,30,0,0,0,1
B.US.x.9341_D0_S66_B5.MH633042,32,0,0,0,-3
B.US.x.9341_D0_S76_A12.MH633033,32,0,0,0,-3
B.US.x.9341_D0_S85_A5.MH633038,30,0,0,0,0
B.US.x.9341_D0_S87_B4.MH633039,27,0,0,0,0
B.US.x.9341_D0_S90_B2A.MH633037,32,0,0,0,-3
B.US.x.9341_W4_S21_B2.MH633122,32,0,0,0,-3
B.US.x.9341_W5_S36_B7.MH633144,32,0,0,0,-3
B.US.x.9341_W5_S38_B5.MH633146,32,0,0,0,-3
B.US.x.9341_W5_S40_B6.MH633147,32,0,0,0,-3
B.US.x.9342_D0_S10_B6.MH633163,34,1,0,0,-2
B.US.x.9342_D0_S15_B7.MH633168,30,0,0,0,-2
B.US.x.9342_D0_S16_B3.MH633169,34,1,0,0,-4
B.US.x.9342_D0_S18_B5.MH633170,34,1,0,0,-2
B.US.x.9342_D0_S19_B8.MH633171,31,0,0,0,-1
B.US.x.9342_D0_S21_B2.MH633173,29,1,0,0,0
B.US.x.9342_D0_S29_B1.MH633176,31,0,0,0,1
B.US.x.9342_W20_S50_A1.MH633182,34,1,0,0,-2
B.US.x.9342_W20_S52_A2.MH633180,30,0,0,0,-2
B.US.x.9342_W20_S54_A6.MH633183,34,1,0,0,-1
B.US.x.9342_W20_S58_A3.MH633187,30,0,0,0,-2
B.US.x.9342_W20_S69_A8.MH633194,34,1,0,0,-1
B.US.x.9343_D0_S44_A3.MH633204,33,0,0,0,-1
B.US.x.9343_D0_S45_A5.MH633205,33,0,0,0,-1
B.US.x.9343_D0_S54_A8.MH633207,33,0,0,0,-1
B.US.x.9343_D0_S60_A1.MH633201,33,0,0,0,-1
B.US.x.9343_D0_S62_A6.MH633202,33,0,0,0,-1
B.US.x.9343_W7_S11_B9.MH633225,29,0,0,0,-1
B.US.x.9343_W8_S40_B4.MH633246,29,0,0,0,-1
B.US.x.9343_W8_S42_B1.MH633248,33,0,0,0,-1
B.US.x.9343_W8_S52_B2.MH633249,33,0,0,0,-1
B.US.x.BL01.AY124970,36,0,0,0,-2
B.US.x.BR07.AY124979,36,0,0,0,-1
B.US.x.MN_3.HM215430,31,1,0,0,0
B.US.x.SF162.EU123924,28,0,0,0,0
B..x.CON_B_2010S.,31,1,0,0,-1
B..x.CON_B_2010S_RE.,30,0,0,0,-1
B..x.CON_B_LANL2004.,26,0,0,0,-1
B..x.VIRULENTB_1.MT458931,33,0,0,0,-1
B..x.VIRULENTB_11.MW689460,29,0,0,0,1
B..x.VIRULENTB_16.MW689465,33,0,0,0,-1
B..x.VIRULENTB_1_N295.,33,0,0,0,-1
B..x.VIRULENTB_1_N295_N332.,33,0,0,0,-1
B..x.VIRULENTB_1_N332.,33,0,0,0,-1
B..x.VIRULENTB_1_V2DEL.,33,0,0,0,-1
B..x.VIRULENTB_5.MT458935,29,0,0,0,-1
BC.CN.2003.BC03.EU363833,35,0,0,0,-1
BC.CN.2003.BC09.EU363839,32,0,0,0,1
BC.CN.2003.BC15.EU363845,30,0,0,0,0
BC.CN.2006.BC08.EU363838,34,0,0,0,0
BC.CN.2006.CNE7.HM215426,32,0,0,0,-1
BC.CN.2007.BC04.EU363834,25,0,0,0,-2
BC.CN.2007.BC05.EU363835,29,0,0,0,0
BC.CN.2007.CNE15.HM215401,27,0,0,0,-1
BC.CN.2007.CNE16.HM215402,29,0,0,0,1
BC.CN.2007.CNE18.HM215404,27,0,0,0,-2
BC.CN.2007.CNE67.HM215425,36,0,0,0,-1
BC.CN.2010.CNXJ0031_12.KC807962,33,0,0,0,-3
BC.CN.2010.CNXJ0031_3.KC807958,33,0,0,0,-3
BC.CN.2010.CNXJ0031_9.KC807961,33,0,0,0,-1
BC.CN.2010.CNXJ0651_1.KC807932,33,0,0,0,0
BC.CN.2010.CNXJ0651_10.KC807941,32,0,0,0,-2
BC.CN.2010.CNXJ0651_5.KC807936,39,0,0,0,-1
BC.CN.2010.CNXJ0651_6.KC807937,30,0,0,0,-1
BC.CN.2010.CNXJ0651_8.KC807939,33,0,0,0,-1
BC.CN.2010.CNXJ0651_9.KC807940,31,1,0,0,-1
BC.CN.2010.CNXJ09277_1.KC807969,31,0,0,0,-1
BC.CN.2010.CNXJ09277_2.KC807970,31,0,0,0,-2
BC.CN.2010.CNXJ09277_7.KC807974,33,0,0,0,0
BC.CN.2010.CNXJ09277_8.KC807975,31,0,0,0,0
BC.CN.2010.CNXJ1081_1.KC807943,46,0,0,0,2
BC.CN.2010.CNXJ1081_10.KC807949,41,0,0,0,-1
BC.CN.x.BC13.EU363843,40,0,0,0,-3
BF1.PE.2017.V704_0592_060SN.ON980837,20,0,0,0,-1
BF1.PE.2017.V704_2788_060EN_04.ON980952,25,0,0,0,0
BF1.PE.2017.V704_2788_060EN_12.ON980953,25,0,0,0,-2
BF1.PE.2018.V704_0826_040SN.ON980851,28,1,0,0,-1
BF1.PE.2018.V704_1651_150_ESN.ON980892,33,0,0,0,-1
BF1.PE.2018.V704_1651_150_RE_P002S.ON980893,34,0,0,0,-2
BF1.PE.2018.V704_0279_080_RE_PBSGA001_S.OR508961,31,2,0,0,0
BF1.PE.2019.V704_0904_250_RE_PBLIB001_S.OR508952,23,0,0,0,1
BF1.PE.2019.V704_1930_170_RE_C01S_1523A.ON980912,21,0,0,0,-1
BF1.PE.2019.V704_1930_170_RE_C02S_1523G.ON980913,21,0,0,0,-1
BF1.PE.2019.V704_0128_220_RE_PB001_S.ON980817,26,1,0,0,-2
BF1.PE.2019.V704_0128_220_RE_PBLIB002_S.ON980818,20,0,0,0,-2
BF1.PE.2019.V704_1109_140_RE_CS.ON980868,28,0,0,0,-1
BF1.PE.2019.V704_0831_250_RE_CS.OR508944,28,0,0,0,-1
BF1.PE.2019.V704_1911_240_RE_PBLIB001_S.OR508953,20,0,0,0,0
BG.ES.2002.X1100_C7.EU885760,29,0,0,0,-3
C.BE.x.VI829.EU191613,28,0,0,0,1
C.BE.x.VI829_N276D.,28,0,0,0,1
C.BR.1992.92BR025_9.U15121,31,0,0,0,-2
C.BR.2019.V704_1654_760_RE_P002S.ON980895,43,0,0,0,-1
C.BR.2019.V704_1654_760_RE_PBLIB001_S.ON980894,43,0,0,0,0
C.BR.2019.V704_1654_760_RE_PBLIB006_S.ON980896,43,0,0,0,0
C.BW.2004.1811_B3_23.KC154012,26,0,0,0,-1
C.BW.2005.2865_A11_12.KC154013,24,0,0,0,-1
C.BW.2005.3312_D6_2.KC154014,29,0,0,0,0
C.BW.2006.3603_C11_13.KC154015,30,0,0,0,0
C.BW.2006.B005018_8_F6_3.KF114881,29,0,0,0,0
C.BW.2007.B005582_7_G7_8.KF114882,26,0,0,0,-2
C.BW.2017.V703_0944_180S.ON891002,19,0,0,0,0
C.BW.2018.V703_0629_150_RE_E5A2S.ON890985,24,0,0,0,-2
C.BW.2018.V703_0629_150_RE_PBLIB002_S.ON890982,24,0,0,0,-2
C.BW.2018.V703_0629_150_RE_PBLIB003_S.ON890983,24,0,0,0,-2
C.BW.2018.V703_0629_150_RE_PBLIB004_S.ON890984,24,0,0,0,-2
C.BW.2018.V703_0860_150ES.ON890998,32,0,0,0,-2
C.BW.2018.V703_1383_240_RE_E5D3S.ON891030,27,0,0,0,0
C.BW.2018.V703_1383_240_RE_PBLIB002_S.ON891028,27,0,0,0,0
C.BW.2018.V703_1383_240_RE_PBLIB003_S.ON891029,27,0,0,0,0
C.BW.2019.V703_2038_260_RE_E5C3S.ON891076,29,0,0,0,1
C.BW.2019.V703_2141_160_RE_SGA3D6_S.ON891078,28,0,0,0,-1
C.CH.2006.S52354_263WK_C60.PQ282688,30,0,0,0,-1
C.CN.2006.CNE58.HM215421,38,0,0,0,-1
C.CN.2007.CNE17.HM215403,30,0,0,0,-2
C.CN.2007.CNE2.HQ699950,32,0,0,0,0
C.CN.2007.CNE65.HQ699980,30,0,0,0,0
C.CN.2007.CNE66.HQ699981,33,0,0,0,-2
C.ET.1986.ETH2220_11B.U46016,27,0,0,0,0
C.ET.2002.288_38.JQ362421,22,0,0,0,0
C.ET.x.286_36.JQ362420,22,0,0,0,-1
C.FR.x.MBA.AF321081,31,1,0,0,0
C.GB.2001.C27_B.FJ977091,29,0,0,0,-2
C.GB.2001.C28_D.FJ977092,27,0,0,0,0
C.IN.1993.93IN905.AY669742,26,0,0,0,-1
C.IN.1998.98IN022.AY669748,31,0,0,0,-1
C.IN.1999.16055_2_3.EF117268,33,0,0,0,-2
C.IN.1999.16055_2_3_DELGLY3_197.,33,0,0,0,-2
C.IN.1999.16055_2_3_DELGLY3_276.,33,0,0,0,-2
C.IN.1999.16055_2_3_DELGLY3_463.,33,0,0,0,-2
C.IN.1999.16055_2_3_DELGLY4.,33,0,0,0,-2
C.IN.1999.16845_2_22.EF117269,32,0,0,0,-2
C.IN.1999.16936_2_21.EF117270,29,0,0,0,1
C.IN.1999.25710_2_43.EF117271,33,0,0,0,-1
C.IN.1999.25711_2_4.EF117272,33,0,0,0,0
C.IN.1999.25925_2_22.EF117273,32,0,0,0,2
C.IN.2000.0013095_2_11.EF117267,32,0,0,0,0
C.IN.2000.001428_2_42.EF117266,33,0,0,0,0
C.IN.2000.00836_2_5.EF117265,29,0,0,0,2
C.IN.2000.26191_2_48.EF117274,29,0,0,0,0
C.IN.2000.VB105_J10.EU521729,36,0,0,0,1
C.IN.2006.2_J9.EU908215,28,0,0,0,1
C.IN.2007.2_3_J17.GU945309,28,0,0,0,1
C.IN.2007.2_3_J4.GU945307,28,0,0,0,1
C.IN.2007.2_3_J7.GU945308,28,0,0,0,1
C.IN.2007.2_5_J11.GU945312,28,0,0,0,1
C.IN.2007.2_5_J3.GU945311,28,0,0,0,2
C.IN.2007.4_2_J41.GU945316,30,0,0,0,0
C.IN.2007.4_2_J42B.GU945318,30,0,0,0,0
C.IN.2007.4_2_J45.GU945317,30,0,0,0,0
C.IN.2007.4_2_J45B.OQ565582,30,0,0,0,1
C.IN.2007.4_2_J46B.GU945319,30,0,0,0,1
C.IN.2007.4_2_J47B.GU945320,30,0,0,0,1
C.IN.2007.4_5_J5.GU945321,26,0,0,0,0
C.IN.2007.LT1_07_J1.JN400529,29,0,0,0,1
C.IN.2007.LT1_07_J26.JN400531,29,0,0,0,1
C.IN.2007.LT1_07_J4.JN400530,29,0,0,0,1
C.IN.2007.VB52_J29.EU760889,28,0,0,0,1
C.IN.2007.VB52_J30.EU760890,28,0,0,0,1
C.IN.2007.VB52_J9.EU760888,28,0,0,0,1
C.IN.2007.4_J2.EU908218,30,0,0,0,1
C.IN.2007.4_J22.EU908219,30,0,0,0,1
C.IN.2007.5_J41.EU908221,31,0,0,0,2
C.IN.2007.7_J16.EU908222,30,0,0,0,-2
C.IN.2007.7_J20.EU908223,30,0,0,0,-2
C.IN.2008.11_3_J9.GU945330,27,0,0,0,2
C.IN.2008.11_5_J12.GU945332,27,0,0,0,2
C.IN.2008.11_J25.EU908224,27,0,0,0,2
C.IN.2008.11_J28.EU908225,27,0,0,0,2
C.IN.2008.2_7_J1.OQ565558,28,0,0,0,1
C.IN.2009.5_4_J18.GU945327,34,0,0,0,-1
C.IN.2009.LT1_09_J3.JN400534,22,0,0,0,0
C.IN.2009.LT1_09_J8.JN400536,22,0,0,0,0
C.IN.2011.2_11_J16.OQ565560,20,0,0,0,-1
C.IN.2011.INDO_SA_NLR_29_J11.OQ565572,32,0,0,0,1
C.IN.2011.INDO_SA_NLR_29_J80.OQ565571,33,0,0,0,5
C.IN.2011.NISA_N101_J12.OQ565563,32,0,0,0,0
C.IN.2011.NISA_N110_J16.OQ565564,34,0,0,0,0
C.IN.2011.NISA_N20_J10.OQ565561,39,0,0,0,-2
C.IN.2011.NISA_N20_J14.OQ565562,39,0,0,0,-2
C.IN.2014.PG37009V2_EJ38.MZ397988,23,0,0,0,2
C.IN.2014.PG37009V2_EJ58.MZ397989,23,0,0,0,2
C.IN.2014.PG37009V2_EJ9.MZ397987,24,0,0,0,-1
C.IN.2014.PG37066_J1.OQ565569,33,0,0,0,1
C.IN.2014.PG37072_J12.OQ565567,27,0,0,0,-1
C.IN.2014.PG37072_J16.OQ565568,27,0,0,0,-1
C.IN.2014.PG37080_J158.OQ565579,28,0,0,0,-2
C.IN.2014.PG37080_J6A.OQ565581,28,0,0,0,-2
C.IN.2014.PG37080V1_J17.OQ565580,28,0,0,0,-2
C.IN.2014.PG37081_J36.OQ565570,30,0,0,0,-1
C.IN.2014.PG37087_J39.OQ565573,35,0,0,0,0
C.IN.2014.PG37087_J44.OQ565574,35,0,0,0,0
C.IN.2014.PG37089_J17.OQ565575,39,0,0,0,0
C.IN.2014.PG37089_J20.OQ565576,29,1,0,0,0
C.IN.2014.PG37089_J83.OQ565577,29,1,0,0,0
C.IN.2014.PG37091_J41.OQ565578,33,0,0,0,1
C.IN.2014.PG37112V2_J9.OQ565566,45,0,0,0,-3
C.IN.2014.329_14_B1.MK076593,30,0,0,0,-1
C.IN.2014.329_14_B4.MK076596,30,0,0,0,-1
C.IN.2014.330_14_A12.MK076674,37,0,0,0,-1
C.IN.2014.330_14_A20.MK076682,37,0,0,0,-1
C.IN.2015.329_15_A1.MK076610,38,0,0,0,0
C.IN.2015.329_15_B1.MK076614,37,0,0,0,-1
C.IN.2015.330_15_C36.MK076700,38,0,0,0,0
C.IN.2015.330_15_D36.MK076705,36,0,0,0,0
C.IN.2015.330_15_E36.MK076706,36,0,0,0,0
C.IN.2016.329_16_C1.MK076647,40,0,1,0,0
C.IN.2016.329_16_D5.MK076655,40,0,1,0,0
C.IN.2016.330_16_A2.MK076707,36,0,0,0,0
C.IN.2016.330_16_D4.MK076712,36,0,0,0,-3
C.IN.2016.330_16_E6.MK076720,39,0,0,0,0
C.IN.2016.330_16_H2.MK076724,41,0,0,0,-1
C.IN.2017.AIIMS704_70401.MN703344,25,0,0,0,-1
C.IN.2017.AIIMS704_70402.MN703345,25,0,0,0,-1
C.IN.2017.AIIMS704_70403.MN703343,25,0,0,0,-1
C.IN.2017.AIIMS704_70405.MN703347,25,0,0,0,-1
C.IN.2017.AIIMS704_70406.MN703348,25,0,0,0,0
C.IN.2017.AIIMS704_70408.MN703349,25,0,0,0,-2
C.IN.2017.AIIMS704_70414.MN703346,25,0,0,0,0
C.IN.2017.AIIMS704_70421.MN703350,25,0,0,0,-2
C.IN.2017.AIIMS706_70604B.MN703352,27,0,0,0,1
C.IN.2017.AIIMS706_70606A.MN703358,30,0,0,0,1
C.IN.2017.AIIMS706_70606B.MN703359,30,0,0,0,1
C.IN.2017.AIIMS706_70606F.MN703355,27,0,0,0,1
C.IN.2017.AIIMS706_70606Z.MN703353,30,0,0,0,1
C.IN.2017.AIIMS706_70607A.MN703351,27,0,0,0,1
C.IN.2017.AIIMS706_70607B.MN703356,27,0,0,0,1
C.IN.2017.AIIMS706_70607C.MN703357,27,0,0,0,1
C.IN.2017.AIIMS706_70607F.MN703354,27,0,0,0,1
C.IN.2017.AIIMS731_73105B.MT366192,25,0,0,0,-1
C.IN.2017.AIIMS731_73105C.MT366193,25,0,0,0,-1
C.IN.2017.AIIMS731_73105D.MT366194,25,0,0,0,-1
C.IN.2017.AIIMS731_73105E.MT366195,25,0,0,0,-1
C.IN.2017.AIIMS731_73105H.MT366196,25,0,0,0,-1
C.IN.2017.AIIMS731_73106F.MT366197,25,0,0,0,-1
C.IN.2018.AIIMS709_70912B.MN703360,28,0,0,0,0
C.IN.2018.AIIMS709_70915B.MN703361,27,0,0,0,-2
C.IN.2018.AIIMS709_709312B.MN703364,28,0,0,0,0
C.IN.2018.AIIMS709_709316B.MN703365,24,0,0,0,-1
C.IN.2018.AIIMS709_70931B.MN703362,24,0,0,0,-1
C.IN.2018.AIIMS709_70936B.MN703363,28,0,0,0,0
C.IN.2018.AIIMS709_70942B.MN703366,28,0,0,0,0
C.IN.2018.AIIMS743_74311A.MN703391,29,0,0,0,-3
C.IN.2018.AIIMS743_74311B.MN703392,39,0,0,0,-1
C.IN.2018.AIIMS743_74311C.MN703393,31,0,0,0,-1
C.IN.2018.AIIMS743_74311G.MN703394,29,0,0,0,-3
C.IN.2018.AIIMS743_74311K.MN703395,29,0,0,0,-3
C.IN.2018.AIIMS743_74311N.MN703396,29,0,0,0,-3
C.IN.2019.TSG_EHI7.OZ241573,20,0,0,0,-2
C.IN.2019.TSG_EHI8.OZ241590,39,0,0,0,-1
C.IN.2019.TSG_EHI9.OZ241574,32,0,0,0,0
C.IN.2019.TSG_EHIPRE8.OZ241586,31,0,0,0,0
C.IN.2020.TSG_EHI11.OZ241557,34,1,0,0,2
C.IN.2020.TSG_EHI12.OZ241558,31,0,0,0,-1
C.IN.2020.TSG_EHI13_D6.OZ241588,37,0,0,0,1
C.IN.2020.TSG_EHI14.OZ241667,32,0,0,0,-1
C.IN.2020.TSG_EHI16.OZ241559,33,0,0,0,-1
C.IN.2020.TSG_EHI17_B14.OZ241587,32,0,0,0,-2
C.IN.2020.TSG_EHI18.OZ241560,30,0,0,0,1
C.IN.2020.TSG_EHI20.OZ241561,26,0,0,0,0
C.IN.2020.TSG_EHI21.OZ241562,29,0,0,0,0
C.IN.2020.TSG_EHI22.OZ241563,29,0,0,0,-1
C.IN.2020.TSG_EHI23.OZ241564,37,0,0,0,-1
C.IN.2020.TSG_EHI25.OZ241654,28,1,0,0,-3
C.IN.2020.TSG_EHI27.OZ241566,30,0,0,0,3
C.IN.2020.TSG_EHI28.OZ241575,34,0,0,0,-1
C.IN.2020.TSG_EHI29.OZ241567,28,0,0,0,0
C.IN.2020.TSG_EHI30.OZ241568,33,0,0,0,2
C.IN.2020.TSG_EHI32.OZ241576,32,0,0,0,-2
C.IN.2020.TSG_EHI33.OZ241569,39,0,0,0,1
C.IN.2020.TSG_EHI34.OZ241655,33,0,0,0,-2
C.IN.2020.TSG_EHI35.OZ241570,32,0,0,0,-1
C.IN.2020.TSG_EHI36.OZ241656,28,0,0,0,1
C.IN.2021.TSG21N01F003.OZ241681,29,0,0,0,0
C.IN.2021.TSG21N01N001CM.OZ241693,35,0,0,0,-1
C.IN.2021.TSG21N01N010.OZ241692,35,0,0,0,0
C.IN.2021.TSG21N01N011_C10.OZ241734,30,0,0,0,-1
C.IN.2021.TSG21N01N013.OZ241682,27,0,0,0,0
C.IN.2021.TSG21N01N014.OZ241683,27,0,0,0,-2
C.IN.2021.TSG21N01N015.OZ241684,36,0,0,0,-2
C.IN.2021.TSG21N01N017_C18.OZ241685,38,0,0,0,1
C.IN.2021.TSG21N01N018.OZ241686,31,0,0,0,-2
C.IN.2021.TSG21N01N023.OZ241687,30,0,0,0,2
C.IN.2021.TSG21N01N026.OZ241689,25,0,0,0,2
C.IN.2021.TSG21N01N029.OZ241735,28,0,0,0,3
C.IN.2021.TSG21N01N031.OZ241691,35,0,0,0,-1
C.IN.2021.TSG21N01S007.OZ241678,28,1,0,0,1
C.IN.2021.TSG21N01S027.OZ241679,33,0,0,0,2
C.IN.2021.TSG21N01S028.OZ241690,30,0,0,0,1
C.IN.2021.TSG21N01S030.OZ241728,30,0,0,0,-2
C.IN.2021.TSG21N01S055.OZ241731,37,0,0,0,0
C.IN.2021.TSG21N01S062.OZ241732,31,0,0,0,-1
C.IN.2021.TSG21N01S100.OZ241730,28,0,0,0,3
C.IN.2021.TSG21S01A0002_STMART01.OZ241596,32,0,0,0,0
C.IN.2021.TSG21S01A0003_STMART02.OZ241597,36,0,0,0,-2
C.IN.2021.TSG21S01A0004_C4.OZ241532,29,0,0,0,1
C.IN.2021.TSG21S01A0005_C5.OZ241670,35,0,0,0,0
C.IN.2021.TSG21S01A0013_STMART12.OZ241591,32,0,0,0,0
C.IN.2021.TSG21S01A0014_STM13ART.OZ241593,32,0,0,0,0
C.IN.2021.TSG21S01E0001_STM01E.OZ241592,26,0,0,0,2
C.IN.2021.TSG21S01E0017_STM16E.OZ241594,34,0,0,0,1
C.IN.2021.TSG21S01E0018_STM17E.OZ241595,30,0,0,0,0
C.IN.2021.TSG21S01E0033_C33.OZ241528,35,0,0,0,-4
C.IN.2021.TSG21Y02A0012.OZ241669,36,0,0,0,-1
C.IN.2021.TSG21Y02E0011_D11.OZ241535,29,0,0,0,-1
C.IN.2021.TSG21Y02E0014_D14.OZ241536,32,0,0,0,2
C.IN.2021.TSG21Y02E0018_D18.OZ241537,33,0,0,0,-2
C.IN.2021.TSG21Y02E0024_D24.OZ241539,19,0,0,0,-3
C.IN.2021.TSG_EHI37.OZ241571,28,0,0,0,1
C.IN.2021.TSG_EHI38.OZ241577,28,0,0,0,-1
C.IN.2021.TSG_EHI39.OZ241578,38,0,0,0,-2
C.IN.2021.TSG_EHI40_C18.OZ241668,25,0,0,0,-1
C.IN.2021.TSG_EHI41.OZ241579,32,0,0,0,-1
C.IN.2021.TSG_EHI42.OZ241580,32,0,0,0,-1
C.IN.2021.TSG_EHI44.OZ241581,29,1,0,0,2
C.IN.2021.TSG_EHI45.OZ241582,37,0,0,0,-1
C.IN.2021.TSG_EHI50.OZ241657,25,0,0,0,-3
C.IN.2021.TSG_EHI51.OZ241585,35,0,0,0,0
C.IN.2021.TSG_EHIPRE15.OZ241589,30,0,0,0,-2
C.IN.2022.TSG22Y02E0035_DE35.OZ241543,36,0,0,0,-3
C.IN.2022.TSG22Y02E0037_DE37.OZ241545,33,0,0,0,-2
C.IN.2022.TSG22Y03A0022_B22.OZ241510,28,0,0,0,0
C.IN.2022.TSG22Y03A0031_B31.OZ241516,34,0,0,0,1
C.IN.2022.TSG22Y03A0032_B32.OZ241517,33,0,0,0,-1
C.IN.2022.TSG22Y03E0010_B10.OZ241505,27,0,0,0,-2
C.IN.2022.TSG22Y03E0019_B19.OZ241508,29,0,0,0,-1
C.IN.2022.TSG22Y03E0023_B23.OZ241511,29,0,0,0,-1
C.IN.2022.TSG22Y04A0002_H2.OZ241637,25,0,0,0,-1
C.IN.2022.TSG22Y04A0003_H3.OZ241639,20,0,0,0,-1
C.IN.2022.TSG22Y04A0004_H4.OZ241640,32,0,0,0,-3
C.IN.2022.TSG22Y04A0005_H5.OZ241641,37,0,0,0,1
C.IN.2022.TSG22Y04A0011_H11.OZ241631,31,0,0,0,0
C.IN.2022.TSG22Y04A0015_H15.OZ241633,20,0,0,0,0
C.IN.2022.TSG22Y04A0016_H16.OZ241634,29,0,0,0,-1
C.IN.2022.TSG22Y04A0020_H20.OZ241636,27,0,0,0,0
C.IN.2022.TSG22Y05A0002_BL2.OZ241614,29,0,0,0,3
C.IN.2022.TSG22Y05A0006_BL6.OZ241629,29,0,0,0,-3
C.IN.2022.TSG22Y05A0018_BL18.OZ241606,40,0,0,0,-2
C.IN.2022.TSG22Y05A0021_BL21.OZ241609,30,0,0,0,-2
C.IN.2022.TSG22Y05E0033_BL33.OZ241616,37,0,0,0,0
C.IN.2022.TSG22Y05E0043_BL43.OZ241623,28,0,0,0,-2
C.IN.2022.TSG_EHI53.OZ241658,27,0,0,0,-1
C.IN.2022.TSG_EHI55.OZ241659,39,0,0,0,1
C.IN.2022.TSG_EHI57.OZ241660,34,0,0,0,-1
C.IN.2022.TSG_EHI58.OZ241661,34,0,0,0,1
C.IN.2022.TSG_EHI59.OZ241662,30,0,0,0,1
C.IN.2022.TSG_EHI60.OZ241663,29,0,0,0,0
C.IN.2022.TSG_EHI61.OZ241664,21,0,0,0,-1
C.IN.2022.TSG_EHI62.OZ241665,29,0,0,0,-1
C.IN.2022.TSG_EHI63.OZ241666,26,0,0,0,-2
C.IN.2023.TSG23Y06A003_V3.OZ241650,30,0,0,0,1
C.IN.2023.TSG23Y06A004_V4.OZ241651,32,0,0,0,1
C.IN.2023.TSG23Y06A012_V12.OZ241645,32,0,0,0,-4
C.IN.2023.TSG23Y06A015_V15.OZ241648,32,0,0,0,-1
C.IN.2023.TSG23Y06E001_V1.OZ241649,32,1,0,0,-2
C.IN.2023.TSG23Y07A0012_A12.OZ241598,30,0,0,0,-1
C.IN.2023.TSG23Y07A0013_A13.OZ241599,28,0,0,0,1
C.IN.2023.TSG23Y07A0015_A15.OZ241600,24,0,0,0,-1
C.IN.x.VB106_J38.EU622015,29,0,0,0,-1
C.IN.x.VB51_J22.EU622001,32,0,0,0,0
C.IN.x.VB95_J22.EU622004,27,0,0,0,-2
C.IN.x.VB96_J21.EU521728,40,0,0,0,-2
C.IN.x.VB96_J44.EU622005,43,0,0,0,0
C.IN.x.VB97_J10.EU622007,32,0,0,0,0
C.IN.x.VB97_J15.EU622008,30,0,0,0,1
C.IN.x.VB98_J1.EU622009,27,0,0,0,-2
C.KE.1995.QB099_391M_B1.FJ866131,29,0,0,0,0
C.KE.1995.QB099_391M_C8.FJ866132,29,0,0,0,0
C.KE.1997.QC406_70M_F3.FJ866133,20,0,0,0,0
C.MW.1993.93MW959.AY669739,26,0,0,0,-2
C.MW.1993.MW965_26.U08455,26,0,0,0,-1
C.MW.2002.BF1266_431A.HM215360,20,0,0,0,-1
C.MW.2002.BF329.JN983803,28,0,0,0,0
C.MW.2002.BF591.JN983804,26,1,0,0,0
C.MW.2002.BF703.JN983805,21,0,0,0,-2
C.MW.2003.CE0089_G2.KC894073,28,0,0,0,0
C.MW.2003.CE0393_C3.FJ444215,24,0,0,0,1
C.MW.2003.CE0626_E6.FJ444284,30,0,0,0,0
C.MW.2003.CE0665_F2.KC894076,40,0,0,0,0
C.MW.2003.CE0682_E4.FJ444325,22,0,0,0,0
C.MW.2004.CE0985_H7.FJ444391,29,0,0,0,-1
C.MW.2004.CE1086_B2.FJ444395,31,0,0,0,2
C.MW.2004.CE1172_H1.FJ444434,26,0,0,0,-1
C.MW.2004.CE1176_A3.FJ444437,32,0,0,0,-1
C.MW.2004.1394_C9G1.FJ444527,27,0,0,0,-3
C.MW.2005.CE2010_F5.FJ444561,27,1,0,0,-1
C.MW.2005.CE2010_F5_REV.FJ444561,27,1,0,0,-1
C.MW.2005.CE2060_G9.FJ444607,26,1,0,0,-1
C.MW.2005.CE2103_E8.KC894086,31,0,0,0,0
C.MW.2006.CE2052_G10.KC894084,30,0,0,0,-1
C.MW.2006.703010010_C4.KC894105,23,0,0,0,-4
C.MW.2007.703010054_2A2.FJ443808,30,0,0,0,1
C.MW.2007.703010054_2A2_REV.FJ443808,30,0,0,0,1
C.MW.2007.703010131_1E2.KC894107,23,0,0,0,-2
C.MW.2007.703010200_1E5.FJ443999,28,0,0,0,1
C.MW.2007.703010217_B6.KC894109,26,1,0,0,-2
C.MW.2007.703010217_B6_REV.KC894109,26,1,0,0,-2
C.MW.2007.703010228_1C4.FJ444031,21,0,0,0,-2
C.MW.2008.714903902_11.MT861628,34,0,0,0,-3
C.MW.2008.714903902_12.MT861629,32,0,0,0,1
C.MW.2008.714903902_20.MT861635,34,0,0,0,-3
C.MW.2008.714903902_23.PQ466163,34,0,0,0,-3
C.MW.2008.714903902_25.MT861639,32,0,0,0,1
C.MW.2008.714903902_29.MT861641,34,0,0,0,-3
C.MW.2008.714903902_31.MT861645,32,0,0,0,1
C.MW.2008.714903902_32.MT861646,32,0,0,0,1
C.MW.2008.714903902_35.MT861649,32,0,0,0,1
C.MW.2008.714903902_36.MT861650,32,0,0,0,1
C.MW.2008.714903902_38.MT861652,32,0,0,0,1
C.MW.2008.714903902_41.MT861656,32,0,0,0,1
C.MW.2008.714903902_42.MT861657,32,0,0,0,1
C.MW.2008.714903902_43.MT861658,32,0,0,0,1
C.MW.2008.714903902_44.MT861659,30,0,0,0,-2
C.MW.2008.714903902_46.MT861661,32,0,0,0,1
C.MW.2008.714903902_5.MT861662,32,0,0,0,1
C.MW.2008.714903915_1.MT861575,30,0,0,0,-2
C.MW.2008.714903915_22.MT861584,34,0,0,0,-3
C.MW.2008.714903915_30.MT861592,34,0,0,0,-3
C.MW.2008.CH0694.KJ700458,31,0,0,0,1
C.MW.2008.CH505_TF.KC247556,34,0,0,0,1
C.MW.2008.CH505_TF_DELGLY3_197.,34,0,0,0,1
C.MW.2008.CH505_TF_DELGLY3_276.,34,0,0,0,1
C.MW.2008.CH505_TF_DELGLY3_461.,34,0,0,0,1
C.MW.2008.CH505_TF_DELGLY4.,34,0,0,0,1
C.MW.2008.CH505_TF_G458Y.,34,0,0,0,1
C.MW.2008.CH505_TF_N279K.,34,0,0,0,1
C.MW.2008.CH505_TF_N279K_G458Y.,34,0,0,0,1
C.MW.2008.CH505_TF_N279K_N280D_G458Y.,34,0,0,0,1
C.MW.2008.CH505_W4_3.KC247557,34,0,0,0,1
C.MW.2008.CH848_0000_TF.KX216883,28,0,0,0,0
C.MW.2008.0301_BM_A12.HM070481,29,0,0,0,1
C.MW.2008.0301_BM_A2.HM070482,29,0,0,0,-3
C.MW.2008.0301_BM_A6.HM070484,29,0,0,0,-1
C.MW.2008.0702_BM_B4.HM070516,22,0,0,0,-4
C.MW.2008.0702_BM_B9.HM070517,22,0,0,0,-4
C.MW.2008.0702_BM_D1.HM070518,22,0,0,0,-2
C.MW.2008.0702_BM_H12.HM070525,23,0,0,0,0
C.MW.2008.3305_BM_C1.HM070604,28,0,0,0,-2
C.MW.2008.3305_BM_C11.HM070606,28,0,0,0,0
C.MW.2008.3305_BM_C9.HM070612,28,0,0,0,-2
C.MW.2008.3305_BM_F4.HM070618,30,0,0,0,1
C.MW.2008.3305_BM_F6.HM070620,28,0,0,0,-2
C.MW.2008.4403_BM_B10.HM070717,32,0,0,0,-2
C.MW.2008.4403_BM_B6.HM070721,32,0,0,0,-2
C.MW.2008.4403_BM_C5.HM070724,32,0,0,0,-2
C.MW.2008.4403_BM_G1.HM070737,32,0,0,0,-2
C.MW.2008.4403_BM_H22.HM070749,37,0,0,0,1
C.MW.2008.5807_BM_D1.HQ596177,31,0,0,0,1
C.MW.2008.5807_BM_E7.HQ596182,27,0,0,0,1
C.MW.2008.4707_BM_F8.HM070818,29,0,0,0,0
C.MW.2008.4707_BM_H2.HM070822,26,0,0,0,-3
C.MW.2008.1209_BM_A5.HM070562,35,0,0,0,-1
C.MW.2008.1209_BM_B21.HM070564,35,1,0,0,-2
C.MW.2008.1209_BM_G5.HM070569,35,0,0,0,1
C.MW.2008.1209_BM_H5.HM070570,35,0,0,0,0
C.MW.2009.714909105_10.MT861465,30,0,0,0,-2
C.MW.2009.714909105_14.MT861462,30,0,0,0,-2
C.MW.2009.714909105_15.MT861459,30,0,0,0,-2
C.MW.2009.714909105_17.MT861460,30,0,0,0,-2
C.MW.2009.714909105_20.MT861464,30,0,0,0,-2
C.MW.2009.714909105_21.MT861450,30,0,0,0,-2
C.MW.2009.714909105_22.MT861448,30,0,0,0,-2
C.MW.2009.714909105_27.MT861452,30,0,0,0,-2
C.MW.2009.714909105_32.MT861457,30,0,0,0,-2
C.MW.2009.714909105_35.MT861463,30,0,0,0,-2
C.MW.2009.714909105_5.MT861473,30,0,0,0,-1
C.MW.2009.714909105_6.MT861449,30,0,0,0,0
C.MW.2009.714909105_7.MT861456,30,0,0,0,-2
C.MW.2009.714909112_11.MT861427,28,0,0,0,-1
C.MW.2009.714910601_16.PQ466112,24,0,0,0,-1
C.MW.2009.714910601_19.PQ466115,25,0,0,0,-2
C.MW.2009.714910601_21.PQ466113,28,0,0,0,1
C.MW.2009.714910601_23.PQ466116,25,0,0,0,-2
C.MW.2009.714910601_24.PQ466117,25,0,0,0,-2
C.MW.2009.714910601_36.PQ466130,24,0,0,0,-1
C.MW.2009.714910601_39.PQ466123,24,0,0,0,-1
C.MW.2009.714910601_42.PQ466125,24,0,0,0,1
C.MW.2009.714910601_45.PQ466075,28,0,0,0,1
C.MW.2009.714910601_49.PQ466127,24,0,0,0,-1
C.MW.2009.714910601_50.PQ466118,25,0,0,0,-2
C.MW.2009.714910616_1.PQ466099,28,0,0,0,1
C.MW.2009.CH848_D358_80_06.KX217366,28,0,0,0,0
C.MW.2009.CH848_D526_25_02.KX217434,30,0,0,0,0
C.MW.2009.CH848_D526_25_09.KX217440,28,0,0,0,0
C.MW.2009.0404_BM_B9.HQ595836,30,0,1,0,-2
C.MW.2009.0404_BM_D4.HQ595839,31,0,0,0,1
C.MW.2009.0404_BM_F3.HQ595842,30,0,0,0,-1
C.MW.2009.0404_BM_G3.HQ595847,30,0,0,0,-1
C.MW.2009.0404_BM_H4.HQ595852,25,0,0,0,-3
C.MW.2010.CH848_D836_10_31.KX217654,32,0,1,0,0
C.MW.2011.CH848_D949_10_17.KX217749,32,0,0,0,0
C.MW.2012.CH848_D1432_5_41.KX217874,32,1,0,0,0
C.MW.2017.V703_0472_030S.ON890962,23,1,0,0,-2
C.MW.2018.V703_0309_100_RE_PBLIB002_S.ON890953,21,0,0,0,0
C.MW.2018.V703_0309_100S.ON890952,21,0,0,0,0
C.MW.2018.V703_0967_040S.ON891004,28,0,0,0,0
C.MW.2018.V703_0322_130S_M1I.ON890954,30,0,0,0,-2
C.MW.2018.V703_0157_090S.ON890945,25,0,0,0,-2
C.MW.2018.V703_2788_030ES_B1.ON891087,28,0,0,0,-2
C.MW.2018.V703_2149_060_RE_EB10S.ON891079,31,0,0,0,0
C.MW.2018.V703_1789_230_RE_E3A3S.ON891058,32,0,0,0,-1
C.MW.2019.V703_0203_081_RE_E8A5S.ON890947,37,0,0,0,1
C.MW.2019.V703_0203_081_RE_PBLIB002_S.ON890946,37,0,0,0,1
C.MW.2019.V703_1848_190_RE_E6D1S.ON891063,24,0,0,0,0
C.MW.2019.V703_1848_190_RE_PBLIB002_S.ON891062,29,0,0,0,2
C.MW.2019.V703_1807_240_RE_CS.ON891060,33,0,0,0,1
C.MW.2019.V703_2631_150_RE_E2F8S.ON891084,30,0,0,0,0
C.MW.2019.V703_2372_170_RE_CON_S.ON891081,32,0,0,0,-2
C.MW.x.BF1677F2_613A.HM215361,24,0,0,0,-1
C.MW.x.BF942_218D.HM215362,32,0,0,0,0
C.MW.x.S018_18.,27,0,0,0,0
C.MZ.2018.V703_2805_080ES.ON891088,27,0,0,0,0
C.MZ.2018.V703_2805_080_RE_PBLIB002_S.ON891089,30,0,0,0,1
C.MZ.2019.V703_1034_190_RE_E5D5S.ON891009,33,0,0,0,-1
C.MZ.2019.V703_1034_190_RE_PBLIB002_S.ON891007,33,0,0,0,-1
C.MZ.2019.V703_1034_190_RE_PBLIB003_S.ON891008,33,0,0,0,-1
C.TH.x.PWJ_0513_39.HM215433,30,0,0,0,1
C.TZ.1998.98TZ017.AF286235,25,0,0,0,-1
C.TZ.2000.98_F4_H5_13.HQ659642,35,0,0,0,2
C.TZ.2000.541_F1_A7_2.HQ698049,29,0,0,0,0
C.TZ.2001.234_F1_16_57.HM215278,28,0,0,0,1
C.TZ.2001.304_F2_1_11.HM215286,29,0,0,0,-2
C.TZ.2001.346_F4_D2_12.HM215302,28,0,0,0,-2
C.TZ.2001.556_F2_3_25.HM215317,29,0,0,0,1
C.TZ.2001.569_F1_37_10.HM215318,24,0,0,0,0
C.TZ.2001.TZA125_17.JQ362423,30,0,0,0,-2
C.TZ.2001.TZBD_02.JQ362424,29,0,0,0,0
C.TZ.2003.0077_V1_C16.HM215254,28,0,0,0,2
C.TZ.2003.3301_V1_C24.HM215294,21,0,0,0,-3
C.TZ.2003.3873_V1_C24.HM215311,24,0,0,0,0
C.TZ.2003.6471_V1_C16.HM215328,32,0,0,0,2
C.TZ.2003.6838_V1_C35.HM215341,22,0,0,0,-1
C.TZ.2003.6980_V0_C31.HM215344,30,0,0,0,1
C.TZ.2003.6980_V1_C17.HM215345,30,0,0,0,1
C.TZ.2004.0041_V3_C18.HM215253,28,0,0,0,0
C.TZ.2004.0921_V2_C14.HM215262,29,0,0,0,-1
C.TZ.2004.0984_V2_C2.HM215263,34,0,0,0,0
C.TZ.2004.3301_V2_C6.HM215295,21,0,0,0,-3
C.TZ.2004.3728_V2_C6.HM215307,28,0,0,0,0
C.TZ.2004.377_V4_C09.HM215308,27,0,0,0,-2
C.TZ.2004.6631_V3_C10.HM215335,31,0,1,0,0
C.TZ.2004.6644_V2_C33.HM215336,29,0,0,0,-2
C.TZ.2004.98_V3_C5.HM215355,22,0,0,0,0
C.TZ.2005.0933_V4_C4.HM215352,32,0,0,0,-1
C.TZ.2005.3168_V4_C10.HM215289,31,0,0,0,2
C.TZ.2005.3168_V4_C10_K651N.,31,0,0,0,2
C.TZ.2005.3426_V5_C17.HM215300,30,0,0,0,-2
C.TZ.2005.3637_V5_C3.HM215305,28,0,0,0,-3
C.TZ.2005.6040_V4_C15.HM215320,28,0,0,0,2
C.TZ.2005.6322_V4_C1.HM215326,23,0,0,0,0
C.TZ.2005.6785_V5_C14.HM215338,29,0,0,0,-2
C.TZ.2006.6022_V7_C24.HM215319,33,0,0,0,-2
C.TZ.2006.6146_V7_C23.HM215324,21,0,0,0,-2
C.TZ.x.410_F2_1_30.HM215314,25,0,0,0,3
C.ZA.1997.97ZA009.AY118166,28,1,0,0,0
C.ZA.1997.ZA012_29.EU855133,21,0,0,0,0
C.ZA.1998.TV1_21.HM215437,32,0,0,0,2
C.ZA.1998.TV1_29.EU855132,32,0,0,0,2
C.ZA.1998.DU123_06.DQ411850,24,0,0,0,-1
C.ZA.1998.DU151_02.DQ411851,22,0,0,0,-1
C.ZA.1998.DU172_17.DQ411853,25,0,0,0,-1
C.ZA.1998.DU422_1.DQ411854,28,0,0,0,-2
C.ZA.1999.DU156_12.DQ411852,27,0,0,0,-1
C.ZA.1999.DU156_12_N332A.,27,0,0,0,-1
C.ZA.1999.COT6_15.DQ447266,26,0,0,0,0
C.ZA.2005.18814602_H8_F3.HQ615948,30,0,0,0,0
C.ZA.2005.19157834_V1.HQ595743,35,0,0,0,0
C.ZA.2005.19252094_A5_G2.HQ615953,25,0,0,0,-3
C.ZA.2005.19314479_A2_5.HQ615958,26,0,0,0,0
C.ZA.2005.CAP08_F6.EF203976,29,0,0,0,-2
C.ZA.2005.CAP174_1_06_F3_1B.JN967791,24,0,0,0,0
C.ZA.2005.CAP206_08.EF203967,25,0,0,0,-1
C.ZA.2005.CAP210_TA5.KC894136,39,0,0,0,-1
C.ZA.2005.CAP225_1_06_A2_18.JN681225,23,0,0,0,0
C.ZA.2005.CAP228_2_00_51J.EF203968,35,0,0,0,-2
C.ZA.2005.CAP239_2_00_G3J.EF203983,31,0,0,0,0
C.ZA.2005.CAP255_2_00_16J.EF203982,27,0,0,0,-1
C.ZA.2005.CAP258_2_00_X_23.JN681227,18,0,0,0,-1
C.ZA.2005.CAP45_CS_MUT.,22,0,0,0,1
C.ZA.2005.CAP63_A9.EF203973,30,0,0,0,0
C.ZA.2005.CAP84_32.EF203963,24,0,0,0,-1
C.ZA.2005.CAP85_09.EF203985,31,0,0,0,-1
C.ZA.2005.CAP88_B5.EF203972,22,0,0,0,-2
C.ZA.2005.CAP210_E8.DQ435683,39,0,0,0,-1
C.ZA.2005.CAP244_D3.DQ435684,29,0,0,0,1
C.ZA.2005.CAP45_G3.DQ435682,22,0,0,0,1
C.ZA.2005.CAP206_1_B5.FJ443358,25,0,0,0,-1
C.ZA.2005.CAP206_1_B5_Y681D.KJ700457,25,0,0,0,-1
C.ZA.2005.CAP255_2000_008WPI_4D.MK205926,27,0,0,0,-1
C.ZA.2005.CAP88_6M_C10.KU198436,22,0,0,0,-2
C.ZA.2005.CAP256_PI.EF203981,31,0,0,0,-1
C.ZA.2005.CAP200_B8A.KC894135,28,0,0,0,-5
C.ZA.2005.CAP256_SU.KF241776,31,0,0,0,-2
C.ZA.2006.19707346_E8_C6.HQ615951,27,0,0,0,2
C.ZA.2006.2759058_F10_B6.HQ615959,25,0,0,0,0
C.ZA.2006.2768732_C5_16.HQ615952,21,1,0,0,0
C.ZA.2006.2833264.HQ595757,31,0,0,0,0
C.ZA.2006.CAP129_1_15_B2_13.JN681223,30,0,0,0,-1
C.ZA.2006.CAP136_1_16_E6_1.JN967790,26,0,0,0,-2
C.ZA.2006.CAP224_1_18_C7_3.JN967793,26,0,0,0,0
C.ZA.2006.CAP260_2_00_TA1_1B.JN681228,26,0,0,0,0
C.ZA.2006.CAP266_2_00_E9_H6.JN681229,23,0,0,0,-1
C.ZA.2006.CAP269_2_00_F11_1.JN967794,24,0,0,0,0
C.ZA.2006.CAP37_1_18_D2_19.JN681230,30,1,0,0,0
C.ZA.2006.CAP40_2_01_A3_5.JN681231,21,0,0,0,0
C.ZA.2006.CAP69_1_12_TA7_1.JX131327,29,0,0,0,-1
C.ZA.2006.CAP221_B14.KC894137,25,0,0,0,0
C.ZA.2006.CAP177_1A3.KC894133,20,0,0,0,0
C.ZA.2007.19715820_A10_H2.HQ615950,29,0,0,0,-1
C.ZA.2007.20104663_E11_D2.HQ615945,33,0,0,0,-2
C.ZA.2007.20198102_E9_G1.HQ615944,31,0,0,0,-1
C.ZA.2007.20258279_V2.HQ595763,31,0,0,0,-2
C.ZA.2007.20417927_07.JQ352785,23,0,0,0,-2
C.ZA.2007.2869751_A4_D3.HQ615954,31,0,0,0,0
C.ZA.2007.2891391_A2_E1.HQ615955,25,0,0,0,-2
C.ZA.2007.2969249.HQ595766,26,0,0,0,-1
C.ZA.2007.3514597.HQ595759,22,0,0,0,0
C.ZA.2007.3545883_G1_E1.HQ615942,26,0,0,0,-1
C.ZA.2007.722_G4_16.JN967798,22,0,0,0,-2
C.ZA.2007.CAP188_1_D1_14_REV.KC894134,27,0,0,0,-5
C.ZA.2007.CAP220_2_00_A8_5B.JN967792,29,0,0,0,1
C.ZA.2007.CAP237_1_22_B2_2_39.JN681226,26,0,0,0,3
C.ZA.2007.CT184_D3_15.KF114889,26,0,0,0,0
C.ZA.2007.CT349_39_16.JQ061131,31,0,0,0,-3
C.ZA.2007.CT810_G4_7.KF114891,24,0,0,0,-1
C.ZA.2007.CT823_B6_1.JN681236,28,0,0,0,0
C.ZA.2007.705010067_TF.KC156125,22,0,0,0,0
C.ZA.2007.704010042_2E5.KC894113,33,0,0,0,1
C.ZA.2007.704010069_C6.KC894114,36,0,0,0,-3
C.ZA.2007.704010083_B8.FJ443671,27,0,0,0,-1
C.ZA.2007.CAP61_F10A.KC863509,28,0,0,0,-2
C.ZA.2007.706010018_2E3.FJ444047,25,0,0,0,-3
C.ZA.2007.705010185_TF.KC156129,22,0,0,0,0
C.ZA.2007.705010198_TF.KC156130,21,0,0,0,-1
C.ZA.2007.706010164_1A7.FJ444076,32,0,0,0,2
C.ZA.2007.706010164_1A7_REV.FJ444076,32,0,0,0,2
C.ZA.2007.704809221_1B3.FJ444103,31,0,0,0,1
C.ZA.2007.704809221_1B3_REV.FJ444103,31,0,0,0,1
C.ZA.2007.CT072_56_7.JN681232,30,0,0,0,2
C.ZA.2007.CT140_140_B6.JN681233,31,0,0,0,-1
C.ZA.2007.704810053_2B7.KC894119,28,0,0,0,3
C.ZA.2007.CA392_H2_6.JN681221,26,0,0,0,-2
C.ZA.2007.SO431_C1_1.JN681246,27,0,0,0,0
C.ZA.2007.CT431_G6_6.JN681234,28,0,0,0,-1
C.ZA.2007.SO225_H11_12.JN681252,30,1,0,0,-1
C.ZA.2008.1107356_07.JQ352794,27,0,0,0,0
C.ZA.2008.1143465_14.JQ352799,27,0,0,0,0
C.ZA.2008.1170887_08.JQ352801,24,0,0,0,-1
C.ZA.2008.1245045.HQ595742,32,0,0,0,-3
C.ZA.2008.20355851_20.JQ352789,22,0,0,0,0
C.ZA.2008.20358510_01.JQ352790,37,0,0,0,-1
C.ZA.2008.20721190.HQ595747,32,0,0,0,0
C.ZA.2008.20803520.HQ595748,25,0,0,0,0
C.ZA.2008.20883229_C9_H6.HQ615943,29,0,0,0,-1
C.ZA.2008.20915593.HQ595749,23,0,0,0,1
C.ZA.2008.20927783.HQ595750,35,0,0,0,0
C.ZA.2008.21203310_G7_C3.HQ615946,27,0,0,0,1
C.ZA.2008.CA240_A5_5.KC154016,31,0,0,0,-3
C.ZA.2008.CAP290_2_00_23_6.JN681253,31,0,0,0,0
C.ZA.2008.CAP291_2_00_H2_15.KF114884,32,0,0,0,-2
C.ZA.2008.CAP292_2_00_12_4.JN681254,21,0,0,0,-1
C.ZA.2008.CAP301_2_00_C3_20.KC154017,25,0,0,0,0
C.ZA.2008.CAP304_2_00_F6_6.KC154018,26,0,0,0,-2
C.ZA.2008.CAP306_2_00_F9_1.KC154019,29,0,0,0,1
C.ZA.2008.CAP307_2_00_24_1.JN681255,26,0,0,0,0
C.ZA.2008.CAP308_2_00_E11_35.KC154020,28,0,0,0,1
C.ZA.2008.CAP310_2_00_20_2.JN681256,24,0,0,0,0
C.ZA.2008.CAP317_2_00_D4_10.KC154022,25,0,0,0,-2
C.ZA.2008.CAP323_2_00_B6_45.KC154023,25,0,0,0,-1
C.ZA.2008.CAP326_2_00_D9_2.KC154024,21,0,0,0,-1
C.ZA.2008.CAP327_2_00_C6_37.KF114885,27,0,0,0,-2
C.ZA.2008.CAP330_2_00_F2_41.KC154025,31,0,0,0,2
C.ZA.2008.CT885_H3_2.JN967797,21,0,0,0,-2
C.ZA.2008.KO426_N276D.,20,0,0,0,-1
C.ZA.2008.KO426_N276D_N460D_N463D.,20,0,0,0,-1
C.ZA.2008.KO426_N460D_N463D.,20,0,0,0,-1
C.ZA.2008.KO426_S278R_N460D_N463D_G471S.,20,0,0,0,-1
C.ZA.2008.ME178_G6_16.KF114893,34,0,0,0,-2
C.ZA.2008.SO032_A2_8_1.KF114894,29,0,0,0,3
C.ZA.2008.SO607_B6_9.KF114895,25,0,0,0,-1
C.ZA.2008.CA457_H1_1.JN681222,44,1,0,0,-1
C.ZA.2008.KO224_T87_2_4.JN681240,31,0,0,0,0
C.ZA.2008.KO426_T78_10_DELGLY3_197.,20,0,0,0,-1
C.ZA.2008.KO426_T78_10_DELGLY3_276.,20,0,0,0,-1
C.ZA.2008.KO426_T78_10_DELGLY3_463.,20,0,0,0,-1
C.ZA.2008.KO426_T78_10_DELGLY4.,20,0,0,0,-1
C.ZA.2008.KO426_T78_10.JN681241,20,0,0,0,-1
C.ZA.2008.KO459_T68_4.JN681242,32,0,0,0,2
C.ZA.2008.KO756_38_TB12.JN681243,31,0,0,0,-1
C.ZA.2008.CT966_E1_7.JN681238,29,0,0,0,-1
C.ZA.2008.ME067_A10_15.JN681245,32,0,0,0,-2
C.ZA.2008.CT977_69_12.JN681239,31,0,0,0,2
C.ZA.2008.SO186_H6_5.JN681247,20,0,0,0,-1
C.ZA.2008.CA327_D2_2.JN681220,22,0,0,0,0
C.ZA.2008.SO706_T10B_3.JN681249,26,1,0,0,0
C.ZA.2008.SO405_T24_5.JN681248,20,0,0,0,1
C.ZA.2008.KO870_C2_10.JN681244,22,0,0,0,-2
C.ZA.2009.20286961_C1_H8.HQ615960,18,0,0,0,-3
C.ZA.2009.20965238.HQ595751,30,0,0,0,-2
C.ZA.2009.21197826_V1.HQ595753,28,0,0,0,-3
C.ZA.2009.21261106_C12_H2.HQ615956,21,0,0,0,0
C.ZA.2009.21283649.HQ595756,32,0,0,0,1
C.ZA.2009.21369737_G11_F2.HQ615941,40,0,0,0,-2
C.ZA.2009.21399975_E2_B3.HQ615957,25,0,0,0,-1
C.ZA.2009.21492713_B11_E3.HQ615947,26,0,0,0,2
C.ZA.2009.21502011_F12_E2.HQ615949,23,0,0,0,-1
C.ZA.2009.21561324_D3_B5.HQ615961,20,0,0,0,0
C.ZA.2009.CAP331_2_00_D7_39.KF114886,25,0,0,0,-1
C.ZA.2009.CAP332_2_00_C10_1.KF114887,20,0,0,0,-1
C.ZA.2009.CAP340_2_00_B3_16.KC154026,21,0,0,0,2
C.ZA.2009.CAP341_2_00_C10_18.KC154027,30,0,0,0,1
C.ZA.2009.CAP343_2_00_21_2.JN681257,23,0,0,0,0
C.ZA.2009.CAP347_2_00_B1_1.JN681258,34,0,0,0,-1
C.ZA.2009.CAP363_2_00_10_3.KJ598853,23,0,0,0,-1
C.ZA.2009.CT565_C7_48.KF114890,24,0,0,0,0
C.ZA.2009.KO243_H6_3.KF114892,32,0,0,0,0
C.ZA.2009.CA146_H3_3.JN681219,34,0,0,0,0
C.ZA.2010.CAP378_2_00_D2_5.KF114888,32,0,0,0,-1
C.ZA.2010.CAP382_2_00_D7_19.KC154028,24,0,0,0,-1
C.ZA.2013.079_TF_SGA2.OP121306,27,0,0,0,-3
C.ZA.2013.036_TF_SGA1.OP121252,30,1,0,0,1
C.ZA.2013.093_TF_SGA17.OP121367,24,0,0,0,-2
C.ZA.2013.186_TF_SGA9.OP121440,22,0,0,0,-3
C.ZA.2014.093_BT_SGA13.OP121333,33,0,0,0,-1
C.ZA.2014.093_BT_SGA3.OP121327,31,0,0,0,-3
C.ZA.2014.318_TF_SGA2.OP121502,33,0,0,0,-1
C.ZA.2014.186_BT_SGA1.OP121423,22,0,0,0,-1
C.ZA.2015.451_TF_SGA2.OP121539,26,0,0,0,1
C.ZA.2015.036_BT_SGA4.OP121250,26,0,0,0,-1
C.ZA.2015.093_AT_SGA1.OP121321,24,0,0,0,-2
C.ZA.2015.102_BT_SGA3.OP121390,30,0,0,0,-1
C.ZA.2015.102_BT_SGA6.OP121393,30,0,0,0,-1
C.ZA.2015.186_AT_SGA1.OP121414,22,0,0,0,-2
C.ZA.2015.186_AT_SGA5.OP121417,22,0,0,0,-2
C.ZA.2015.451_AT_SGA5.OP121528,26,0,0,0,1
C.ZA.2016.651_AT_SGA2.OP121541,27,0,0,0,-1
C.ZA.2016.651_AT_SGA5.OP121544,27,0,0,0,-1
C.ZA.2016.651_AT_SGA8.OP121547,27,0,0,0,1
C.ZA.2016.102_AT_SGA1.OP121385,24,0,0,0,0
C.ZA.2016.102_AT_SGA5.OP121387,28,0,0,0,-1
C.ZA.2016.079_LN_SGA3.OP121285,37,0,0,0,-1
C.ZA.2016.079_LN_SGA9.OP121290,37,0,0,0,-3
C.ZA.2016.079_PBMC_SGA12.OP121300,37,0,0,0,-1
C.ZA.2016.079_PBMC_SGA17.OP121304,37,0,0,0,-3
C.ZA.2016.079_PBMC_SGA7.OP121297,37,0,0,0,-1
C.ZA.2016.079_PBMC_SGA9.OP121298,37,0,0,0,-2
C.ZA.2016.318_BT_SGA1.OP121496,29,0,0,0,-1
C.ZA.2016.318_BT_SGA4.OP121499,29,0,0,0,-1
C.ZA.2016.318_BT_SGA5.OP121500,29,0,0,0,-1
C.ZA.2016.651_LN_C40.OP121549,27,0,0,0,-1
C.ZA.2016.651_LN_C43.OP121550,27,0,0,0,-1
C.ZA.2016.V703_1945_090S_2A3.ON891071,32,0,0,0,-2
C.ZA.2016.V703_1945_090S_2F1.ON891072,32,0,0,0,-1
C.ZA.2016.V703_1945_090S_3D5.ON891073,32,0,0,0,-1
C.ZA.2017.V703_0646_051SN.ON890987,30,0,0,0,0
C.ZA.2017.V703_1060_080S.ON891010,28,0,0,0,0
C.ZA.2017.093_LN_SGA6.OP121343,23,0,0,0,-4
C.ZA.2017.093_LN_SGA8.OP121344,21,0,0,0,-1
C.ZA.2017.093_LN_SGA9.OP121345,22,0,0,0,0
C.ZA.2017.093_PBMC_SGA14.OP121349,24,0,0,0,-2
C.ZA.2017.093_PBMC_SGA4.OP121348,30,0,0,0,-3
C.ZA.2017.V703_0926_070S_2H2.ON891001,27,0,0,0,-2
C.ZA.2017.V703_0537_011S_2B5.ON890974,23,0,0,0,-1
C.ZA.2017.V703_0537_011S_4H1.ON890975,24,0,0,0,-3
C.ZA.2017.V703_0537_110_RE_PBLIB003_S.ON890973,24,0,0,0,-3
C.ZA.2017.079_BT_SGA3.OP121272,37,0,0,0,0
C.ZA.2017.079_BT_SGA4.OP121273,32,0,0,0,0
C.ZA.2017.V703_0514_150ES_A4_V02_028.ON890969,26,0,0,0,-1
C.ZA.2017.V703_0514_150ES_F4_V03_024.ON890970,31,0,0,0,-3
C.ZA.2017.V703_0514_150_RE_PBLIB004_S.ON890968,31,0,0,0,-4
C.ZA.2017.V703_0514_150S_6C1.ON890971,31,0,0,0,-4
C.ZA.2017.V703_0795_040S.ON890994,33,0,0,0,1
C.ZA.2017.V703_1407_090_RE_PBLIB003_S.ON891032,28,0,0,0,2
C.ZA.2017.V703_1407_090S_4G4.ON891033,28,0,0,0,2
C.ZA.2017.V703_1471_190S.ON891037,26,0,0,0,-1
C.ZA.2017.V703_1551_143S_2G8.ON891042,30,0,0,0,1
C.ZA.2017.V703_1675_080S.ON891047,26,0,0,0,-3
C.ZA.2017.V703_1675_G613S.ON891046,26,0,0,0,-3
C.ZA.2017.V703_1446_040S.ON891034,30,0,0,0,-2
C.ZA.2017.V703_0566_160_RE_PBLIB002_S.ON890977,35,0,0,0,2
C.ZA.2017.V703_0566_160S.ON890976,35,0,0,0,2
C.ZA.2017.V703_0739_110S.ON890990,22,0,0,0,-4
C.ZA.2017.V703_1313_040S.ON891026,27,0,0,0,-4
C.ZA.2018.V703_0132_200_RE_PBLIB002_S.ON890943,22,0,0,0,-2
C.ZA.2018.V703_0132_200S_10H3.ON890944,22,0,0,0,-2
C.ZA.2018.V703_1855_162_RE_PBLIB003_S.ON891066,34,0,0,0,2
C.ZA.2018.V703_2769_050_RE_P01S_B23_V5.,25,0,0,0,-1
C.ZA.2018.318_AT_SGA1.OP121491,29,0,0,0,-1
C.ZA.2018.318_AT_SGA8.OP121495,29,0,0,0,-1
C.ZA.2018.V703_0279_110_RE_PBLIB002_S.ON890951,22,0,0,0,0
C.ZA.2018.V703_0279_110S.ON890950,22,0,0,0,0
C.ZA.2018.V703_1798_170_RE_P01S.ON891059,30,0,0,0,0
C.ZA.2018.V703_1828_220ES.ON891061,32,0,0,0,1
C.ZA.2018.V703_1889_100ES.ON891068,28,1,0,0,1
C.ZA.2018.V703_2769_050_RE_P01S.ON891085,25,0,0,0,-1
C.ZA.2018.V703_2769_050_RE_PBLIB002_S.ON891086,22,0,0,0,2
C.ZA.2018.V703_0482_250ES.ON890963,29,0,0,0,-2
C.ZA.2018.V703_1515_120ES.ON891038,28,0,0,0,1
C.ZA.2018.V703_1515_120_RE_PBLIB002_S.ON891039,28,0,0,0,1
C.ZA.2018.V703_1026_120ES_A5.ON891006,33,0,0,0,0
C.ZA.2018.V703_1687_100ES.ON891048,24,0,0,0,-2
C.ZA.2018.V703_3000_090_RE_PBLIB001_S.ON891091,28,0,0,0,-3
C.ZA.2018.V703_3000_090_RE_PBLIB002_S.ON891092,28,0,0,0,-3
C.ZA.2018.V703_1357_230ES_H1.ON891027,32,0,0,0,-1
C.ZA.2018.V703_1750_140ES.ON891053,31,0,0,0,-6
C.ZA.2018.V703_0578_130_RE_CS.ON890978,27,0,0,0,0
C.ZA.2018.V703_1783_170ES.ON891057,28,0,0,0,0
C.ZA.2018.V703_0902_140_RE_P01S.ON891000,22,0,0,0,-2
C.ZA.2018.V703_1453_240_RE_E9B7S.ON891036,30,0,0,0,-2
C.ZA.2018.V703_1453_240_RE_PBLIB002_S.ON891035,30,0,0,0,-2
C.ZA.2018.V703_2539_070_RE_E6F6S.ON891083,23,0,0,0,-2
C.ZA.2018.V703_0406_240_RE_E11E4S.ON890958,30,0,0,0,1
C.ZA.2018.V703_0406_240_RE_E12B2S.ON890959,30,0,0,0,1
C.ZA.2019.V703_0013_090ES.ON890939,35,0,0,0,-1
C.ZA.2019.V703_0993_110_RE_CS.ON891005,30,0,0,0,0
C.ZA.2019.V703_2934_110_RE_CS.ON891090,30,0,0,0,0
C.ZA.2019.V703_0597_190_RE_E5A1S.ON890981,32,0,0,0,0
C.ZA.2019.V703_0597_190_RE_PBLIB002_S.ON890979,32,0,0,0,0
C.ZA.2019.V703_0597_190_RE_PBLIB003_S.ON890980,32,0,0,0,0
C.ZA.2019.V703_0805_770_RE_E10C9S.ON890995,25,0,0,0,0
C.ZA.2019.V703_0805_770_RE_E10F8S.ON890996,25,0,0,0,0
C.ZA.2019.V703_2304_150_RE_CS.ON891080,23,0,0,0,-1
C.ZA.2019.V703_1194_150_RE_CS.ON891014,33,0,0,0,-2
C.ZA.2019.V703_1194_150_RE_PBLIB002_S.ON891015,33,0,0,0,-2
C.ZA.2019.V703_2117_110_RE_E2A10S.ON891077,31,0,0,0,2
C.ZA.2019.V703_1758_260_RE_CS.ON891054,26,0,0,0,-1
C.ZA.2019.V703_0455_160_RE_CS.ON890960,29,0,0,0,-1
C.ZA.2019.V703_1764_250_RE_CS.ON891055,27,0,0,0,-1
C.ZA.2019.V703_0712_250_RE_PBLIB001_S.ON890988,25,0,0,0,-1
C.ZA.2019.V703_0712_250_RE_PBLIB002_S.ON890989,24,0,0,0,-2
C.ZA.2019.V703_1915_250_RE_SGAA3_S.ON891069,32,0,0,0,1
C.ZA.2019.V703_2018_240_RE_E6A1S.ON891075,36,0,0,0,0
C.ZA.2019.V703_1240_201_RE_PBLIB003_S.ON891017,32,1,0,0,1
C.ZA.2019.V703_1240_201_RE_SGA3D1_S.ON891018,29,0,0,0,-2
C.ZA.2019.V703_1240_201_RE_SGA4F1_S.ON891019,32,1,0,0,1
C.ZA.x.CAP256_SU_K169I.,31,0,0,0,-2
C.ZA.x.CAP256_SU_K169Q.,31,0,0,0,-2
C.ZA.x.CAP256_SU_K169R.,31,0,0,0,-2
C.ZA.x.CAP256_SU_K169T.,31,0,0,0,-2
C.ZA.x.CAP256_SU_R166K.,31,0,0,0,-2
C.ZM.1996.96ZM651_02.AF286224,25,0,0,0,-2
C.ZM.1998.ZM106_9.AY424163,29,0,0,0,3
C.ZM.1998.ZM106_9_DELGLY3_197.,29,0,0,0,3
C.ZM.1998.ZM106_9_DELGLY3_276.,29,0,0,0,3
C.ZM.1998.ZM106_9_DELGLY3_464.,29,0,0,0,3
C.ZM.1998.ZM106_9_DELGLY4.,29,0,0,0,3
C.ZM.1998.ZM135_10A.AY424079,21,0,0,0,-3
C.ZM.1998.ZM55_28A.AY423971,28,0,0,0,-2
C.ZM.2000.ZM53_12.AY423984,26,0,0,0,-3
C.ZM.2000.ZM109_4.AY424138,20,0,0,0,-2
C.ZM.2002.ZM197_7.DQ388515,31,0,0,0,-2
C.ZM.2002.ZM215_8.DQ422948,23,0,0,0,1
C.ZM.2002.ZM233_6.DQ388517,23,0,0,0,0
C.ZM.2003.ZM246F.FJ496194,29,0,0,0,0
C.ZM.2003.ZM246F_REV.FJ496194,29,0,0,0,0
C.ZM.2003.ZM214_15.DQ388516,30,0,0,0,1
C.ZM.2003.ZM249_1.DQ388514,31,0,0,0,-2
C.ZM.2003.249M_B10.EU166862,31,0,0,0,-2
C.ZM.2003.ZM247_V1.FJ496204,37,0,0,0,-1
C.ZM.2007.235080_3G7_REV.JN977604,30,0,0,0,-3
C.ZM.2017.V703_1714_080_RE_PBLIB002_S_D459G.,33,0,0,0,-1
C.ZM.2017.V703_0217_050E_2A3.ON890949,30,0,0,0,-2
C.ZM.2017.V703_0217_050_RE_PBLIB002_S.ON890948,30,0,0,0,-2
C.ZM.2017.V703_1714_080C.ON891051,21,0,0,0,-1
C.ZM.2017.V703_1714_080_RE_PBLIB002_S.ON891052,33,0,0,0,-1
C.ZM.2017.V703_0520_030ES.ON890972,28,0,0,0,1
C.ZM.2017.V703_1298_080_RE_PBLIB002_S.ON891024,31,0,0,0,1
C.ZM.2017.V703_1104_100_RE10A5S.ON891012,26,0,0,0,0
C.ZM.2017.V703_1104_100_RE10GS.ON891013,26,0,0,0,0
C.ZM.2017.V703_1104_100_RE_PBLIB001_S.ON891011,26,0,0,0,0
C.ZM.2018.V703_0015_110_RE_PBLIB002_S.ON890941,20,0,0,0,-1
C.ZM.2018.V703_0015_110S.ON890940,20,0,0,0,-1
C.ZM.2018.V703_0636_200ES.ON890986,29,0,0,0,0
C.ZM.2018.V703_0842_200ES.ON890997,33,0,0,0,1
C.ZM.2018.V703_0790_190_RE_E5G1S.ON890993,29,0,0,0,0
C.ZM.2018.V703_0790_190_RE_PBLIB002_S.ON890991,29,0,0,0,0
C.ZM.2018.V703_1670_220_RE_CS.ON891045,36,0,0,0,-2
C.ZM.2018.V703_0948_170_RE_E4D2S.ON891003,33,0,0,0,-1
C.ZM.2018.V703_0458_260_RE_SGA6H5_S.ON890961,29,0,0,0,1
C.ZM.2019.V703_0510_260_RE_PBLIB003_S_P369L.,30,0,0,0,0
C.ZM.2019.V703_1586_210_RE_SGA3E8_S_N279D.,32,0,0,0,-2
C.ZM.2019.V703_1689_110_RE_E4E6S.ON891050,32,0,0,0,-1
C.ZM.2019.V703_0510_260_RE_PBLIB001_S.ON890964,32,1,0,0,-2
C.ZM.2019.V703_0510_260_RE_PBLIB002_S.ON890965,32,1,0,0,-2
C.ZM.2019.V703_0510_260_RE_PBLIB003_S.ON890966,30,0,0,0,0
C.ZM.2019.V703_1586_210_RE_PBLIB002_S.ON891043,36,0,0,0,-3
C.ZM.2019.V703_1586_210_RE_SGA3E8_S.ON891044,32,0,0,0,-2
C.ZM.x.ZM176_66.,30,0,0,0,1
C..x.CON_C.DQ401075,25,0,0,0,1
C..x.CON_C_2010S.,30,0,0,0,1
C..x.CON_C_2010S_RE.,30,0,0,0,1
C..x.SHIV_CH1012_S375Y.,28,0,1,0,3
C..x.SHIV_CH505_S375H.,34,0,0,0,1
CD.KE.x.BK184_W6M_D2.DQ208491,32,0,0,0,-1
CD.KE.x.MK184_W0M_E4.DQ208485,29,0,0,0,-2
CD.KE.x.MK184_W0M_G3.DQ208487,30,0,0,0,-3
CD.TZ.2004.3337_V2_C6.HM215297,29,0,0,0,-1
CD.TZ.2004.3817_V2_C59.HM215310,37,0,0,0,-1
CD.TZ.2004.6480_V4_C25.HM215329,31,0,0,0,-2
CD.TZ.2005.3326_V4_C3.HM215296,36,0,0,0,-2
CD.TZ.2005.6811_V5_C20.HM215339,28,0,0,0,-1
CD.TZ.2006.6811_V7_C18.HM215340,33,0,0,0,0
CD.TZ.x.401_F1_8_10.HM215313,32,0,0,0,-3
CD.TZ.x.89_F1_2_25.HM215349,30,0,0,0,-2
CPZ.CD.2006.SIV_CPZ_BF1167.JQ866001,21,0,0,0,-2
CPZ.CM.2001.SIV_CPZ_CAM13.AY169968,21,0,0,0,-1
CPZ.CM.2005.SIV_CPZ_DP943_2.EF535993,28,0,0,0,-1
CPZ.CM.2005.SIV_CPZ_EK505.DQ373065,22,0,0,0,0
CPZ.CM.2005.SIV_CPZ_LB7.DQ373064,30,0,0,0,1
CPZ.CM.2005.SIV_CPZ_MB66.DQ373063,25,0,0,0,-2
CPZ.CM.2005.SIV_CPZ_MB897.EF535994,20,0,0,0,1
CPZ.CM.2005.SIV_CPZ_MT145.DQ373066,23,0,0,0,0
CPZ.CM.2005.SIV_CPZ_LB715.KP861923,40,0,0,0,-5
CPZ.GA.1988.SIV_CPZ_GAB1.X52154,20,0,0,0,-1
CPZ.GA.1988.SIV_CPZ_GAB2.AF382828,21,0,0,0,-1
CPZ.TZ.2000.SIV_CPZ_TAN1.EF394356,26,0,0,0,2
CPZ.TZ.2001.SIV_CPZ_TAN2.DQ374657,24,0,0,0,2
CPZ.TZ.2002.SIV_CPZ_TAN3.DQ374658,30,0,0,0,5
CPZ.TZ.2006.SIV_CPZ_TAN13.JQ768416,24,0,0,0,-2
CPZ.TZ.2009.SIV_CPZ_UG38.JN091690,29,1,0,0,1
CPZ.TZ.x.SIV_CPZ_TAN10.ON959378,23,0,0,0,1
CPZ.US.x.SIV_CPZ_ANT_COT.ON933805,28,2,0,0,1
D.CD.1983.ELI.K03454,34,1,0,0,-1
D.CG.2007.P940_2_C3.HM068555,36,0,0,0,-2
D.CH.2001.S32505_230WK_C18.PQ282674,30,0,0,0,-3
D.ES.2007.P1741_A2.HM068556,30,0,0,0,0
D.KE.1993.QA465_59M_A1.FJ866136,30,0,0,0,-2
D.KE.1993.QA465_59M_D1.FJ866137,30,0,0,0,-2
D.KE.1995.QA013_70I_H1.FJ866134,29,0,0,0,0
D.KE.1995.QA013_70I_M12.FJ866135,29,0,0,0,0
D.KE.1997.QB857_110I_B3.FJ866138,32,0,0,0,1
D.KE.1999.QD435_100M_A4.FJ866139,29,1,0,0,-2
D.KE.1999.QD435_100M_B5.FJ866140,29,1,0,0,-2
D.KE.1999.QD435_100M_E1.FJ866141,29,1,0,0,-3
D.KE.2001.NKU3006_EC1.JQ715411,34,0,0,0,-1
D.TZ.2004.6405_V4_C34.HM215327,30,0,0,0,-2
D.TZ.2005.3016_V5_C45.HM215283,28,1,0,0,1
D.TZ.2006.3016_V6_C22.HM215284,28,1,0,0,0
D.TZ.2006.3016_V6_C3.HM215285,28,1,0,0,0
D.UG.1992.92UG001.AY669754,34,0,0,0,-1
D.UG.1992.92UG005.AY669758,30,1,0,0,-1
D.UG.1992.92UG038.AY669759,29,0,0,0,0
D.UG.1992.92UG046.AY623599,28,1,0,0,2
D.UG.1992.UG021_16.U27399,28,0,0,0,0
D.UG.1992.UG024_2.U43386,31,0,0,0,1
D.UG.1993.93UG065.HM215353,31,0,0,0,-1
D.UG.1993.93UG070.AY669756,29,0,0,0,1
D.UG.1993.93UG082.AY669750,31,0,0,0,-1
D.UG.1994.94UG114.AY494966,32,0,0,0,0
D.UG.1994.94UG118.AY669751,22,0,0,0,0
D.UG.1998.57128_VRC15.AY736829,36,0,0,0,0
D.UG.1999.A03349M1_VRC4A.HM215356,26,1,0,0,-1
D.UG.1999.A07412M1_VRC12.HM215357,28,0,0,0,-3
D.UG.1999.A08483M1_VRC9.HM215358,31,1,0,0,-2
D.UG.2000.E08364M4_EC3.AY736832,24,0,0,0,-1
D.UG.2001.231965_C1.JQ361079,31,0,0,0,-2
D.UG.2001.231966_C2.JX512899,30,0,0,0,0
D.UG.2005.190049.JX236668,25,0,0,0,-1
D.UG.2006.191821_E6_1.HM215270,26,0,0,0,0
D.UG.2007.191727_D1_12.HM215267,31,1,0,0,-1
D.UG.2007.191727_F6.HM215269,31,1,0,0,-1
D.UG.2007.9009SA_A4_2.HM215351,32,0,0,0,0
D.UG.2007.191647.JX236670,31,0,0,0,-1
D.UG.2007.191882.JX236673,41,0,0,0,-1
D.UG.2008.191859.JX236672,33,1,0,0,0
DO.FR.2008.RBF208.GQ351296,32,0,0,0,-2
DU.CM.x.247_23.EU683891,28,0,0,0,0
F1.BR.2017.V704_0496_040SN.ON980826,23,0,0,0,0
F1.ES.2006.MFU14_2_F7_7.GU332505,21,0,0,0,-3
F1.ES.2007.P1655_C8_B5.FJ817371,20,0,0,0,0
F1.ES.2009.X2687_F3.HM068551,24,0,0,0,-2
F1.FR.x.GIL.AF321084,31,1,0,0,-2
F1.PE.2017.V704_1168_080_RE_P002S.ON980870,21,0,0,0,-1
F1.PE.2017.V704_1168_080SN.ON980869,21,0,0,0,-1
F1.PE.2017.V704_2315_160SN.ON980927,21,0,0,0,-1
F1.PE.2018.V704_1739_210_RE_P002S_CTOTAT8.ON980902,22,0,0,0,-1
F1.PE.2018.V704_1739_220_ESN_816T.ON980904,22,0,0,0,-1
F1.PE.2018.V704_1775_030CN_SYNGTOA_567.ON980906,22,0,0,0,-2
F1.PE.2018.V704_1328_040_ESN.ON980881,27,0,0,0,-1
F1.PE.2018.V704_0892_090ESN_293A.ON980856,26,0,0,0,-1
F1.PE.2018.V704_0892_090ESN_293G.ON980855,26,0,0,0,-1
F1.PE.2018.V704_0892_090_RE_P002S.ON980857,26,0,0,0,-1
F1.PE.2018.V704_0892_090_RE_P003S.ON980858,26,0,0,0,0
F1.PE.2018.V704_1481_220_EN01G.ON980886,20,0,1,0,2
F1.PE.2018.V704_1481_220_EN02A.ON980887,20,0,1,0,2
F1.PE.2018.V704_1481_220_RE_P002S.ON980888,20,0,1,0,2
F1.PE.2019.V704_0925_110_RE_CS.ON980864,29,0,0,0,0
F1.RU.2004.RUSP816_B3_ST11.GU332506,29,0,0,0,1
F2.CH.2017.V704_1429_090_EN1A.ON980884,20,0,0,0,-1
F2.CH.2017.V704_1429_090_EN2G.ON980885,20,0,0,0,-1
F2.ES.2008.P2059_B12.GU332509,28,0,0,0,-1
G.CH.2010.S32212_164WK_C59.PQ282671,27,0,0,0,-1
G.CH.2011.S10906_109WK_C19.PQ282667,30,1,0,0,-2
G.CH.x.NAB13PRE_CL_9.EU023937,23,0,0,0,-1
G.ES.2002.P0402_C2_11.EU885759,27,1,0,0,-3
G.ES.2002.X1193_C1.EU885761,28,0,0,0,-1
G.ES.2003.X1254_C3.EU885762,27,0,0,0,0
G.ES.2004.X1632_S2_B10.FJ817370,28,0,0,0,0
G.ES.2005.X1854_C2_10.EU885763,24,0,0,0,0
G.ES.2005.X2131_C1_B5.FJ817368,29,1,0,0,-1
G.ES.2006.X558_8_B12_6.GQ222684,34,0,0,0,-2
G.ES.2006.X2088_C9.EU885764,27,0,0,0,-3
G.ES.2007.X2160_C25.EU885765,32,0,0,0,-1
G.ES.2008.P1909_C5_6.GU332513,27,0,0,0,-1
G.ES.2008.X2470_F8_12.GQ222685,26,0,0,0,0
G.ES.2008.X2486_G12_3.GQ222687,31,0,0,0,0
G.ES.2008.P1981_C5_3.FJ817369,23,0,0,0,-2
G.ES.2008.X2558_A3.GQ862781,31,0,0,0,-1
G.KE.2017.V703_0865_070S.ON890999,24,0,0,0,-2
G.NG.2007.SC13_EC03.PQ203500,26,1,0,0,-2
G.NG.2007.SC13_EC13.PQ203501,26,1,0,0,-3
G.NG.2007.SC13_EC21.PQ203502,26,1,0,0,-2
G.NG.2007.SC13_EC26.PQ203503,26,1,0,0,-2
G.NG.2007.SC21_EC05.PQ203508,23,0,0,0,0
G.NG.2007.SC21_EC12.PQ203509,23,0,0,0,0
G.NG.2007.SC21_EC13.PQ203510,23,0,0,0,0
G.NG.2007.SC21_EC28.PQ203511,23,0,0,0,0
G.NG.2007.SC21_EC42.PQ203512,23,0,0,0,0
G.NG.2007.SC62_EC108.PQ203529,25,0,0,0,-1
G.NG.2007.SC62_EC64.PQ203527,25,0,0,0,-1
G.NG.2007.SC62_EC72.PQ203528,25,0,0,0,-1
G.NG.2008.SC20_EC01.PQ203504,25,0,0,0,1
G.NG.2008.SC20_EC08.PQ203505,25,0,0,0,1
G.NG.2008.SC20_EC13.PQ203506,25,0,0,0,1
G.NG.2008.SC20_EC51.PQ203507,25,0,0,0,0
G.NG.2008.SC26_EC05.PQ203513,24,0,0,0,-3
G.NG.2008.SC26_EC08.PQ203514,21,0,0,0,-2
G.NG.2008.SC26_EC33.PQ203515,24,0,0,0,-3
G.NG.2008.SC26_EC34.PQ203516,21,0,0,0,-2
G.NG.2008.SC26_EC40.PQ203517,24,0,0,0,-3
G.NG.2008.SC26_EC45.PQ203518,21,0,0,0,-2
G.NG.2013.MUW100708A_EC02.PQ203466,24,0,0,0,2
G.NG.2013.MUW100708A_EC03.PQ203467,30,0,0,0,1
G.NG.2013.MUW100708A_EC08.PQ203468,30,0,0,0,1
G.NG.2013.MUW100708A_EC09.PQ203469,31,0,0,0,0
G.NG.2013.MUW100708A_EC11.PQ203470,30,0,0,0,1
G.NG.2014.MUW101091A_EC01.PQ203471,20,0,0,0,0
G.NG.2014.MUW101091A_EC02.PQ203472,20,0,0,0,0
G.NG.2014.MUW101091A_EC07.PQ203473,20,0,0,0,0
G.NG.2014.MUW101091A_EC10.PQ203474,20,0,0,0,0
G.NG.2014.MUW101273A_EC02.PQ203475,33,1,0,0,-3
G.NG.2014.MUW101273A_EC03.PQ203476,35,1,0,0,-3
G.NG.2014.MUW101273A_EC04.PQ203477,35,0,0,0,-1
G.NG.2014.MUW101273A_EC05.PQ203478,29,1,0,0,0
G.NG.2014.MUW101273A_EC06.PQ203479,32,1,0,0,-2
G.NG.2014.MUW101273A_EC07.PQ203480,32,1,0,0,-2
G.NG.2014.MUW101273A_ECRH.PQ203481,35,0,0,0,-3
G.NG.2014.MUW101769A_EC02.PQ203482,23,0,0,0,0
G.NG.2014.MUW101769A_EC03.PQ203483,23,0,0,0,1
G.NG.2014.MUW101769A_EC04.PQ203484,23,0,0,0,0
G.NG.2014.MUW101769A_EC05.PQ203485,23,0,0,0,0
G.NG.2014.MUW101769A_EC07.PQ203486,23,0,0,0,0
G.NG.2014.MUW101769A_EC08.PQ203487,22,0,0,0,0
G.NG.2014.MUW101769A_EC12.PQ203488,23,0,0,0,0
G.NG.2014.MUW104349A_EC02.PQ203489,28,0,0,0,-4
G.NG.2014.MUW104349A_EC03.PQ203490,28,0,0,0,-3
G.NG.2014.MUW104349A_EC04.PQ203491,28,0,0,0,-3
G.NG.2014.MUW104349A_EC05.PQ203492,28,0,0,0,-4
G.NG.2014.MUW104349A_ECRH.PQ203493,28,0,0,0,-4
G.UG.1992.92UG975_10.U27426,20,0,0,0,0
GOR.CM.2007.SIV_GOR_CP2135.FJ424863,29,0,0,0,-1
GOR.CM.2007.SIV_GOR_CP2139.FJ424866,33,0,0,0,-1
GOR.CM.2012.SIV_GOR_BPID1.KP004989,35,0,0,0,3
GOR.CM.2012.SIV_GOR_BQID2.KP004991,36,0,0,0,2
H.US.x.UNC6316_11.HM215438,29,0,0,0,-2
MUS-1.CM.x.SIV_MUS1_1085_1_54.MG450752,36,0,0,0,0
MUS-1.CM.x.SIV_MUS1_1085_4_12.MG450754,35,0,0,0,2
MUS-3.GA.2011.SIV_MUS3_11GAB.KF304708,35,0,0,0,1
N.CM.1995.YBF30.AJ006022,23,0,0,0,-3
N.CM.2002.DJ131.AY532635,24,0,0,0,0
N.FR.2011.N1_FR_2011.JN572926,23,0,0,0,-3
O.CM.1994.YBF16.AJ133063,31,0,0,0,1
O.CM.1995.YBF26.AJ133068,35,0,0,0,0
O.CM.1995.YBF37.AJ133067,34,1,0,0,-1
O.CM.1995.YBF38.AJ133070,35,0,0,0,0
O.CM.1996.YBF32.AJ236417,34,0,0,0,3
O.CM.1996.YBF35.AJ236418,32,0,0,0,0
O.CM.1996.YBF39.AJ236421,33,0,0,0,2
O.FR.1990.BCF03.AJ133055,32,0,0,0,3
O.FR.1994.BCF02.AJ236391,33,0,0,0,-1
O.FR.1998.BCF108.AJ238865,31,0,0,0,0
O.FR.1999.RBF125.GU935991,32,0,0,0,1
O.FR.2006.RBF206.KY112585,33,1,0,0,0
O.FR.2008.RBF189.GU936016,39,0,0,0,0
P.FR.2009.RBF168.GU111555,34,0,0,0,1
..x.CON_M_SLIEPEN2019.,22,0,0,0,-1
..x.CON_S_LIAO2006.,30,0,0,0,0
..x.SHIV_AD8EO.MN816822,32,0,0,0,-1
..x.SHIV_BAL.,30,0,0,0,-3
..x.SHIV_DH12_V3AD8.,30,0,0,0,-1
..x.SHIV_SF162_P3.,28,0,0,0,0